industry_code,industry
10,"Total, all industries"
101,Goods-producing
1011,Natural resources and mining
1012,Construction
1013,Manufacturing
102,Service-providing
1021,"Trade, transportation, and utilities"
1022,Information
1023,Financial activities
1024,Professional and business services
1025,Education and health services
1026,Leisure and hospitality
1027,Other services
1028,Public administration
1029,Unclassified
11,"11 Agriculture, forestry, fishing and hunting"
111,111 Crop production
1111,1111 Oilseed and grain farming
11111,11111 Soybean farming
111110,111110 Soybean farming
11112,11112 Oilseed (except soybean) farming
111120,111120 Oilseed (except soybean) farming
11113,11113 Dry pea and bean farming
111130,111130 Dry pea and bean farming
11114,11114 Wheat farming
111140,111140 Wheat farming
11115,11115 Corn farming
111150,111150 Corn farming
11116,11116 Rice farming
111160,111160 Rice farming
11119,11119 Other grain farming
111191,111191 Oilseed and grain combination farming
111199,111199 All other grain farming
1112,1112 Vegetable and melon farming
11121,11121 Vegetable and melon farming
111211,111211 Potato farming
111219,111219 Other vegetable (except potato) and melon farming
1113,1113 Fruit and tree nut farming
11131,11131 Orange groves
111310,111310 Orange groves
11132,11132 Citrus (except orange) groves
111320,111320 Citrus (except orange) groves
11133,11133 Noncitrus fruit and tree nut farming
111331,111331 Apple orchards
111332,111332 Grape vineyards
111333,111333 Strawberry farming
111334,111334 Berry (except strawberry) farming
111335,111335 Tree nut farming
111336,111336 Fruit and tree nut combination farming
111339,111339 Other noncitrus fruit farming
1114,"1114 Greenhouse, nursery, and floriculture production"
11141,11141 Food crops grown under cover
111411,111411 Mushroom production
111419,111419 Other food crops grown under cover
11142,11142 Nursery and floriculture production
111421,111421 Nursery and tree production
111422,111422 Floriculture production
1119,1119 Other crop farming
11191,11191 Tobacco farming
111910,111910 Tobacco farming
11192,11192 Cotton farming
111920,111920 Cotton farming
11193,11193 Sugarcane farming
111930,111930 Sugarcane farming
11194,11194 Hay farming
111940,111940 Hay farming
11199,11199 All other crop farming
111991,111991 Sugar beet farming
111992,111992 Peanut farming
111998,111998 All other miscellaneous crop farming
112,112 Animal production and aquaculture
1121,1121 Cattle ranching and farming
11211,"11211 Beef cattle ranching and farming, including feedlots"
112111,112111 Beef cattle ranching and farming
112112,112112 Cattle feedlots
11212,11212 Dairy cattle and milk production
112120,112120 Dairy cattle and milk production
1122,1122 Hog and pig farming
11221,11221 Hog and pig farming
112210,112210 Hog and pig farming
1123,1123 Poultry and egg production
11231,11231 Chicken egg production
112310,112310 Chicken egg production
11232,11232 Broilers and other meat type chicken production
112320,112320 Broilers and other meat type chicken production
11233,11233 Turkey production
112330,112330 Turkey production
11234,11234 Poultry hatcheries
112340,112340 Poultry hatcheries
11239,11239 Other poultry production
112390,112390 Other poultry production
1124,1124 Sheep and goat farming
11241,11241 Sheep farming
112410,112410 Sheep farming
11242,11242 Goat farming
112420,112420 Goat farming
1125,1125 Aquaculture
11251,11251 Aquaculture
112511,112511 Finfish farming and fish hatcheries
112512,112512 Shellfish farming
112519,112519 Other aquaculture
1129,1129 Other animal production
11291,11291 Apiculture
112910,112910 Apiculture
11292,11292 Horses and other equine production
112920,112920 Horses and other equine production
11293,11293 Fur-bearing animal and rabbit production
112930,112930 Fur-bearing animal and rabbit production
11299,11299 All other animal production
112990,112990 All other animal production
113,113 Forestry and logging
1131,1131 Timber tract operations
11311,11311 Timber tract operations
113110,113110 Timber tract operations
1132,1132 Forest nurseries and gathering of forest products
11321,11321 Forest nurseries and gathering of forest products
113210,113210 Forest nurseries and gathering of forest products
1133,1133 Logging
11331,11331 Logging
113310,113310 Logging
114,"114 Fishing, hunting and trapping"
1141,1141 Fishing
11411,11411 Fishing
114111,114111 Finfish fishing
114112,114112 Shellfish fishing
114119,114119 Other marine fishing
1142,1142 Hunting and trapping
11421,11421 Hunting and trapping
114210,114210 Hunting and trapping
115,115 Support activities for agriculture and forestry
1151,1151 Support activities for crop production
11511,11511 Support activities for crop production
115111,115111 Cotton ginning
115112,"115112 Soil preparation, planting, and cultivating"
115113,"115113 Crop harvesting, primarily by machine"
115114,115114 Postharvest crop activities (except cotton ginning)
115115,115115 Farm labor contractors and crew leaders
115116,115116 Farm management services
1152,1152 Support activities for animal production
11521,11521 Support activities for animal production
115210,115210 Support activities for animal production
1153,1153 Support activities for forestry
11531,11531 Support activities for forestry
115310,115310 Support activities for forestry
21,"21 Mining, quarrying, and oil and gas extraction"
211,211 Oil and gas extraction
2111,2111 Oil and gas extraction
21111,21111 Oil and gas extraction
211111,211111 Crude petroleum and natural gas extraction
211112,211112 Natural gas liquid extraction
21112,21112 Crude petroleum extraction
211120,211120 Crude petroleum extraction
21113,21113 Natural gas extraction
211130,211130 Natural gas extraction
212,212 Mining (except oil and gas)
2121,2121 Coal mining
21211,21211 Coal mining
212111,212111 Bituminous coal and lignite surface mining
212112,212112 Bituminous coal underground mining
212113,212113 Anthracite mining
212114,212114 Surface coal mining
212115,212115 Underground coal mining
2122,2122 Metal ore mining
21221,21221 Iron ore mining
212210,212210 Iron ore mining
21222,21222 Gold ore and silver ore mining
212220,212220 Gold ore and silver ore mining
212221,212221 Gold ore mining
212222,212222 Silver ore mining
21223,"21223 Copper, nickel, lead, and zinc mining"
212230,"212230 Copper, nickel, lead, and zinc mining"
212231,212231 Lead ore and zinc ore mining
212234,212234 Copper ore and nickel ore mining
21229,21229 Other metal ore mining
212290,212290 Other metal ore mining
212291,212291 Uranium-radium-vanadium ore mining
212299,212299 All other metal ore mining
2123,2123 Nonmetallic mineral mining and quarrying
21231,21231 Stone mining and quarrying
212311,212311 Dimension stone mining and quarrying
212312,212312 Crushed and broken limestone mining and quarrying
212313,212313 Crushed and broken granite mining and quarrying
212319,212319 Other crushed and broken stone mining and quarrying
21232,"21232 Sand, gravel, clay, and ceramic and refractory minerals mining and quarrying"
212321,212321 Construction sand and gravel mining
212322,212322 Industrial sand mining
212323,"212323 Kaolin, clay, and ceramic and refractory minerals mining"
212324,212324 Kaolin and ball clay mining
212325,"212325 Clay, ceramic, and refractory minerals mining"
21239,21239 Other nonmetallic mineral mining and quarrying
212390,212390 Other nonmetallic mineral mining and quarrying
212391,"212391 Potash, soda, and borate mineral mining"
212392,212392 Phosphate rock mining
212393,212393 Other chemical and fertilizer mineral mining
212399,212399 All other nonmetallic mineral mining
213,213 Support activities for mining
2131,2131 Support activities for mining
21311,21311 Support activities for mining
213111,213111 Drilling oil and gas wells
213112,213112 Support activities for oil and gas operations
213113,213113 Support activities for coal mining
213114,213114 Support activities for metal mining
213115,213115 Support activities for nonmetallic minerals (except fuels) mining
22,22 Utilities
221,221 Utilities
2211,"2211 Electric power generation, transmission and distribution"
22111,22111 Electric power generation
221111,221111 Hydroelectric power generation
221112,221112 Fossil fuel electric power generation
221113,221113 Nuclear electric power generation
221114,221114 Solar electric power generation
221115,221115 Wind electric power generation
221116,221116 Geothermal electric power generation
221117,221117 Biomass electric power generation
221118,221118 Other electric power generation
221119,221119 Other electric power generation
22112,"22112 Electric power transmission, control, and distribution"
221121,221121 Electric bulk power transmission and control
221122,221122 Electric power distribution
2212,2212 Natural gas distribution
22121,22121 Natural gas distribution
221210,221210 Natural gas distribution
2213,"2213 Water, sewage and other systems"
22131,22131 Water supply and irrigation systems
221310,221310 Water supply and irrigation systems
22132,22132 Sewage treatment facilities
221320,221320 Sewage treatment facilities
22133,22133 Steam and air-conditioning supply
221330,221330 Steam and air-conditioning supply
23,23 Construction
236,236 Construction of buildings
2361,2361 Residential building construction
23611,23611 Residential building construction
236115,236115 New single-family housing construction (except for-sale builders)
236116,236116 New multifamily housing construction (except for-sale builders)
236117,236117 New housing for-sale builders
236118,236118 Residential remodelers
2362,2362 Nonresidential building construction
23621,23621 Industrial building construction
236210,236210 Industrial building construction
23622,23622 Commercial and institutional building construction
236220,236220 Commercial and institutional building construction
237,237 Heavy and civil engineering construction
2371,2371 Utility system construction
23711,23711 Water and sewer line and related structures construction
237110,237110 Water and sewer line and related structures construction
23712,23712 Oil and gas pipeline and related structures construction
237120,237120 Oil and gas pipeline and related structures construction
23713,23713 Power and communication line and related structures construction
237130,237130 Power and communication line and related structures construction
2372,2372 Land subdivision
23721,23721 Land subdivision
237210,237210 Land subdivision
2373,"2373 Highway, street, and bridge construction"
23731,"23731 Highway, street, and bridge construction"
237310,"237310 Highway, street, and bridge construction"
2379,2379 Other heavy and civil engineering construction
23799,23799 Other heavy and civil engineering construction
237990,237990 Other heavy and civil engineering construction
238,238 Specialty trade contractors
2381,2381 Building foundation and exterior contractors
23811,23811 Poured concrete structure contractors
238111,238111 Residential poured foundation contractors
238112,238112 Nonresidential poured foundation contractors
23812,23812 Steel and precast concrete contractors
238121,238121 Residential structural steel contractors
238122,238122 Nonresidential structural steel contractors
23813,23813 Framing contractors
238131,238131 Residential framing contractors
238132,238132 Nonresidential framing contractors
23814,23814 Masonry contractors
238141,238141 Residential masonry contractors
238142,238142 Nonresidential masonry contractors
23815,23815 Glass and glazing contractors
238151,238151 Residential glass and glazing contractors
238152,238152 Nonresidential glass and glazing contractors
23816,23816 Roofing contractors
238161,238161 Residential roofing contractors
238162,238162 Nonresidential roofing contractors
23817,23817 Siding contractors
238171,238171 Residential siding contractors
238172,238172 Nonresidential siding contractors
23819,23819 Other building exterior contractors
238191,238191 Other residential exterior contractors
238192,238192 Other nonresidential exterior contractors
2382,2382 Building equipment contractors
23821,23821 Electrical and wiring contractors
238211,238211 Residential electrical contractors
238212,238212 Nonresidential electrical contractors
23822,23822 Plumbing and hvac contractors
238221,238221 Residential plumbing and hvac contractors
238222,238222 Nonresidential plumbing and hvac contractors
23829,23829 Other building equipment contractors
238291,238291 Other residential equipment contractors
238292,238292 Other nonresidential equipment contractors
2383,2383 Building finishing contractors
23831,23831 Drywall and insulation contractors
238311,238311 Residential drywall contractors
238312,238312 Nonresidential drywall contractors
23832,23832 Painting and wall covering contractors
238321,238321 Residential painting contractors
238322,238322 Nonresidential painting contractors
23833,23833 Flooring contractors
238331,238331 Residential flooring contractors
238332,238332 Nonresidential flooring contractors
23834,23834 Tile and terrazzo contractors
238341,238341 Residential tile and terrazzo contractors
238342,238342 Nonresidential tile and terrazzo contractors
23835,23835 Finish carpentry contractors
238351,238351 Residential finish carpentry contractors
238352,238352 Nonresidential finish carpentry contractors
23839,23839 Other building finishing contractors
238391,238391 Other residential finishing contractors
238392,238392 Other nonresidential finishing contractors
2389,2389 Other specialty trade contractors
23891,23891 Site preparation contractors
238911,238911 Residential site preparation contractors
238912,238912 Nonresidential site preparation contractors
23899,23899 All other specialty trade contractors
238991,238991 All other residential trade contractors
238992,238992 All other nonresidential trade contractors
311,311 Food manufacturing
3111,3111 Animal food manufacturing
31111,31111 Animal food manufacturing
311111,311111 Dog and cat food manufacturing
311119,311119 Other animal food manufacturing
3112,3112 Grain and oilseed milling
31121,31121 Flour milling and malt manufacturing
311211,311211 Flour milling
311212,311212 Rice milling
311213,311213 Malt manufacturing
31122,31122 Starch and vegetable fats and oils manufacturing
311221,311221 Wet corn milling and starch manufacturing
311222,311222 Soybean processing
311223,311223 Other oilseed processing
311224,311224 Soybean and other oilseed processing
311225,311225 Fats and oils refining and blending
31123,31123 Breakfast cereal manufacturing
311230,311230 Breakfast cereal manufacturing
3113,3113 Sugar and confectionery product manufacturing
31131,31131 Sugar manufacturing
311311,311311 Sugarcane mills
311312,311312 Cane sugar refining
311313,311313 Beet sugar manufacturing
311314,311314 Cane sugar manufacturing
31132,31132 Confectionery manufacturing from cacao beans
311320,311320 Confectionery manufacturing from cacao beans
31133,31133 Confectionery mfg. from purchased chocolate
311330,311330 Confectionery mfg. from purchased chocolate
31134,31134 Nonchocolate confectionery manufacturing
311340,311340 Nonchocolate confectionery manufacturing
31135,31135 Chocolate and confectionery manufacturing
311351,311351 Chocolate and confectionery manufacturing from cacao beans
311352,311352 Confectionery manufacturing from purchased chocolate
3114,3114 Fruit and vegetable preserving and specialty food manufacturing
31141,31141 Frozen food manufacturing
311411,"311411 Frozen fruit, juice, and vegetable manufacturing"
311412,311412 Frozen specialty food manufacturing
31142,"31142 Fruit and vegetable canning, pickling, and drying"
311421,311421 Fruit and vegetable canning
311422,311422 Specialty canning
311423,311423 Dried and dehydrated food manufacturing
3115,3115 Dairy product manufacturing
31151,31151 Dairy product (except frozen) manufacturing
311511,311511 Fluid milk manufacturing
311512,311512 Creamery butter manufacturing
311513,311513 Cheese manufacturing
311514,"311514 Dry, condensed, and evaporated dairy product manufacturing"
31152,31152 Ice cream and frozen dessert manufacturing
311520,311520 Ice cream and frozen dessert manufacturing
3116,3116 Animal slaughtering and processing
31161,31161 Animal slaughtering and processing
311611,311611 Animal (except poultry) slaughtering
311612,311612 Meat processed from carcasses
311613,311613 Rendering and meat byproduct processing
311615,311615 Poultry processing
3117,3117 Seafood product preparation and packaging
31171,31171 Seafood product preparation and packaging
311710,311710 Seafood product preparation and packaging
311711,311711 Seafood canning
311712,311712 Fresh and frozen seafood processing
3118,3118 Bakeries and tortilla manufacturing
31181,31181 Bread and bakery product manufacturing
311811,311811 Retail bakeries
311812,311812 Commercial bakeries
311813,"311813 Frozen cakes, pies, and other pastries manufacturing"
31182,"31182 Cookie, cracker, and pasta manufacturing"
311821,311821 Cookie and cracker manufacturing
311822,311822 Mixes and dough made from purchased flour
311823,311823 Dry pasta manufacturing
311824,"311824 Dry pasta, dough, and flour mixes manufacturing from purchased flour"
31183,31183 Tortilla manufacturing
311830,311830 Tortilla manufacturing
3119,3119 Other food manufacturing
31191,31191 Snack food manufacturing
311911,311911 Roasted nuts and peanut butter manufacturing
311919,311919 Other snack food manufacturing
31192,31192 Coffee and tea manufacturing
311920,311920 Coffee and tea manufacturing
31193,31193 Flavoring syrup and concentrate manufacturing
311930,311930 Flavoring syrup and concentrate manufacturing
31194,31194 Seasoning and dressing manufacturing
311941,"311941 Mayonnaise, dressing, and other prepared sauce manufacturing"
311942,311942 Spice and extract manufacturing
31199,31199 All other food manufacturing
311991,311991 Perishable prepared food manufacturing
311999,311999 All other miscellaneous food manufacturing
312,312 Beverage and tobacco product manufacturing
3121,3121 Beverage manufacturing
31211,31211 Soft drink and ice manufacturing
312111,312111 Soft drink manufacturing
312112,312112 Bottled water manufacturing
312113,312113 Ice manufacturing
31212,31212 Breweries
312120,312120 Breweries
31213,31213 Wineries
312130,312130 Wineries
31214,31214 Distilleries
312140,312140 Distilleries
3122,3122 Tobacco manufacturing
31221,31221 Tobacco stemming and redrying
312210,312210 Tobacco stemming and redrying
31222,31222 Tobacco product manufacturing
312221,312221 Cigarette manufacturing
312229,312229 Other tobacco product manufacturing
31223,31223 Tobacco manufacturing
312230,312230 Tobacco manufacturing
313,313 Textile mills
3131,"3131 Fiber, yarn, and thread mills"
31311,"31311 Fiber, yarn, and thread mills"
313110,"313110 Fiber, yarn, and thread mills"
313111,313111 Yarn spinning mills
313112,313112 Yarn texturizing and twisting mills
313113,313113 Thread mills
3132,3132 Fabric mills
31321,31321 Broadwoven fabric mills
313210,313210 Broadwoven fabric mills
31322,31322 Narrow fabric mills and schiffli machine embroidery
313220,313220 Narrow fabric mills and schiffli machine embroidery
313221,313221 Narrow fabric mills
313222,313222 Schiffli machine embroidery
31323,31323 Nonwoven fabric mills
313230,313230 Nonwoven fabric mills
31324,31324 Knit fabric mills
313240,313240 Knit fabric mills
313241,313241 Weft knit fabric mills
313249,313249 Other knit fabric and lace mills
3133,3133 Textile and fabric finishing and fabric coating mills
31-33,31-33 Manufacturing
31331,31331 Textile and fabric finishing mills
313310,313310 Textile and fabric finishing mills
313311,313311 Broadwoven fabric finishing mills
313312,313312 Other textile and fabric finishing mills
31332,31332 Fabric coating mills
313320,313320 Fabric coating mills
314,314 Textile product mills
3141,3141 Textile furnishings mills
31411,31411 Carpet and rug mills
314110,314110 Carpet and rug mills
31412,31412 Curtain and linen mills
314120,314120 Curtain and linen mills
314121,314121 Curtain and drapery mills
314129,314129 Other household textile product mills
3149,3149 Other textile product mills
31491,31491 Textile bag and canvas mills
314910,314910 Textile bag and canvas mills
314911,314911 Textile bag mills
314912,314912 Canvas and related product mills
31499,31499 All other textile product mills
314991,"314991 Rope, cordage, and twine mills"
314992,314992 Tire cord and tire fabric mills
314994,"314994 Rope, cordage, twine, tire cord, and tire fabric mills"
314999,314999 All other miscellaneous textile product mills
315,315 Apparel manufacturing
3151,3151 Apparel knitting mills
31511,31511 Hosiery and sock mills
315110,315110 Hosiery and sock mills
315111,315111 Sheer hosiery mills
315119,315119 Other hosiery and sock mills
31512,31512 Apparel knitting mills
315120,315120 Apparel knitting mills
31519,31519 Other apparel knitting mills
315190,315190 Other apparel knitting mills
315191,315191 Outerwear knitting mills
315192,315192 Underwear and nightwear knitting mills
3152,3152 Cut and sew apparel manufacturing
31521,31521 Cut and sew apparel contractors
315210,315210 Cut and sew apparel contractors
315211,315211 Men's and boys' apparel contractors
315212,"315212 Women's, girls', infants' apparel contractors"
31522,31522 Men's and boys' cut and sew apparel mfg.
315220,315220 Men's and boys' cut and sew apparel mfg.
315221,315221 Men's and boys' underwear and nightwear mfg.
315222,"315222 Men's and boys' suit, coat, and overcoat mfg."
315223,"315223 Men's and boys' shirt, except work shirt, mfg."
315224,"315224 Men's and boys' pants, except work pants, mfg."
315225,315225 Men's and boys' work clothing manufacturing
315228,315228 Other men's and boys' outerwear manufacturing
31523,31523 Women's and girls' cut and sew apparel mfg.
315231,315231 Women's and girls' lingerie and nightwear mfg.
315232,315232 Women's and girls' blouse and shirt mfg.
315233,315233 Women's and girls' dress manufacturing
315234,"315234 Women's and girls' suit, coat, and skirt mfg."
315239,315239 Other women's and girls' outerwear mfg.
31524,"31524 Women's, girls', infants' cut-sew apparel mfg."
315240,"315240 Women's, girls', infants' cut-sew apparel mfg."
31525,31525 Cut and sew apparel manufacturing (except contractors)
315250,315250 Cut and sew apparel manufacturing (except contractors)
31528,31528 Other cut and sew apparel manufacturing
315280,315280 Other cut and sew apparel manufacturing
31529,31529 Other cut and sew apparel manufacturing
315291,315291 Infants' cut and sew apparel manufacturing
315292,315292 Fur and leather apparel manufacturing
315299,315299 All other cut and sew apparel manufacturing
3159,3159 Apparel accessories and other apparel manufacturing
31599,31599 Apparel accessories and other apparel manufacturing
315990,315990 Apparel accessories and other apparel manufacturing
315991,"315991 Hat, cap, and millinery manufacturing"
315992,315992 Glove and mitten manufacturing
315993,315993 Men's and boys' neckwear manufacturing
315999,315999 All other accessory and apparel manufacturing
316,316 Leather and allied product manufacturing
3161,3161 Leather and hide tanning and finishing
31611,31611 Leather and hide tanning and finishing
316110,316110 Leather and hide tanning and finishing
3162,3162 Footwear manufacturing
31621,31621 Footwear manufacturing
316210,316210 Footwear manufacturing
316211,316211 Rubber and plastics footwear manufacturing
316212,316212 House slipper manufacturing
316213,316213 Men's nonathletic footwear manufacturing
316214,316214 Women's nonathletic footwear manufacturing
316219,316219 Other footwear manufacturing
3169,3169 Other leather and allied product manufacturing
31699,31699 Other leather and allied product manufacturing
316990,316990 Other leather and allied product manufacturing
316991,316991 Luggage manufacturing
316992,316992 Women's handbag and purse manufacturing
316993,316993 Other personal leather good manufacturing
316998,316998 All other leather and allied good mfg.
316999,316999 All other leather and allied good mfg.
321,321 Wood product manufacturing
3211,3211 Sawmills and wood preservation
32111,32111 Sawmills and wood preservation
321113,321113 Sawmills
321114,321114 Wood preservation
3212,"3212 Veneer, plywood, and engineered wood product manufacturing"
32121,"32121 Veneer, plywood, and engineered wood product manufacturing"
321211,321211 Hardwood veneer and plywood manufacturing
321212,321212 Softwood veneer and plywood manufacturing
321213,321213 Engineered wood member manufacturing
321214,321214 Truss manufacturing
321215,321215 Engineered wood member manufacturing
321219,321219 Reconstituted wood product manufacturing
3219,3219 Other wood product manufacturing
32191,32191 Millwork
321911,321911 Wood window and door manufacturing
321912,"321912 Cut stock, resawing lumber, and planing"
321918,321918 Other millwork (including flooring)
32192,32192 Wood container and pallet manufacturing
321920,321920 Wood container and pallet manufacturing
32199,32199 All other wood product manufacturing
321991,321991 Manufactured home (mobile home) manufacturing
321992,321992 Prefabricated wood building manufacturing
321999,321999 All other miscellaneous wood product manufacturing
322,322 Paper manufacturing
3221,"3221 Pulp, paper, and paperboard mills"
32211,32211 Pulp mills
322110,322110 Pulp mills
32212,32212 Paper mills
322120,322120 Paper mills
322121,"322121 Paper, except newsprint, mills"
322122,322122 Newsprint mills
32213,32213 Paperboard mills
322130,322130 Paperboard mills
3222,3222 Converted paper product manufacturing
32221,32221 Paperboard container manufacturing
322211,322211 Corrugated and solid fiber box manufacturing
322212,322212 Folding paperboard box manufacturing
322213,322213 Setup paperboard box manufacturing
322214,"322214 Fiber can, tube, and drum manufacturing"
322215,322215 Nonfolding sanitary food container mfg.
322219,322219 Other paperboard container manufacturing
32222,32222 Paper bag and coated and treated paper manufacturing
322220,322220 Paper bag and coated and treated paper manufacturing
322221,322221 Coated and laminated packaging paper mfg.
322222,322222 Coated and laminated paper manufacturing
322223,322223 Coated paper bag and pouch manufacturing
322224,322224 Uncoated paper and multiwall bag mfg.
322225,322225 Flexible packaging foil manufacturing
322226,322226 Surface-coated paperboard manufacturing
32223,32223 Stationery product manufacturing
322230,322230 Stationery product manufacturing
322231,322231 Die-cut paper office supplies manufacturing
322232,322232 Envelope manufacturing
322233,322233 Stationery and related product manufacturing
32229,32229 Other converted paper product manufacturing
322291,322291 Sanitary paper product manufacturing
322299,322299 All other converted paper product manufacturing
323,323 Printing and related support activities
3231,3231 Printing and related support activities
32311,32311 Printing
323110,323110 Commercial lithographic printing
323111,323111 Commercial printing (except screen and books)
323112,323112 Commercial flexographic printing
323113,323113 Commercial screen printing
323114,323114 Quick printing
323115,323115 Digital printing
323116,323116 Manifold business forms printing
323117,323117 Books printing
323118,323118 Blankbook and looseleaf binder manufacturing
323119,323119 Other commercial printing
32312,32312 Support activities for printing
323120,323120 Support activities for printing
323121,323121 Tradebinding and related work
323122,323122 Prepress services
324,324 Petroleum and coal products manufacturing
3241,3241 Petroleum and coal products manufacturing
32411,32411 Petroleum refineries
324110,324110 Petroleum refineries
32412,"32412 Asphalt paving, roofing, and saturated materials manufacturing"
324121,324121 Asphalt paving mixture and block manufacturing
324122,324122 Asphalt shingle and coating materials manufacturing
32419,32419 Other petroleum and coal products manufacturing
324191,324191 Petroleum lubricating oil and grease manufacturing
324199,324199 All other petroleum and coal products manufacturing
325,325 Chemical manufacturing
3251,3251 Basic chemical manufacturing
32511,32511 Petrochemical manufacturing
325110,325110 Petrochemical manufacturing
32512,32512 Industrial gas manufacturing
325120,325120 Industrial gas manufacturing
32513,32513 Synthetic dye and pigment manufacturing
325130,325130 Synthetic dye and pigment manufacturing
325131,325131 Inorganic dye and pigment manufacturing
325132,325132 Synthetic organic dye and pigment mfg.
32518,32518 Other basic inorganic chemical manufacturing
325180,325180 Other basic inorganic chemical manufacturing
325181,325181 Alkalies and chlorine manufacturing
325182,325182 Carbon black manufacturing
325188,325188 All other basic inorganic chemical mfg.
32519,32519 Other basic organic chemical manufacturing
325191,325191 Gum and wood chemical manufacturing
325192,325192 Cyclic crude and intermediate manufacturing
325193,325193 Ethyl alcohol manufacturing
325194,"325194 Cyclic crude, intermediate, and gum and wood chemical manufacturing"
325199,325199 All other basic organic chemical manufacturing
3252,"3252 Resin, synthetic rubber, and artificial and synthetic fibers and filaments manufacturing"
32521,32521 Resin and synthetic rubber manufacturing
325211,325211 Plastics material and resin manufacturing
325212,325212 Synthetic rubber manufacturing
32522,32522 Artificial and synthetic fibers and filaments manufacturing
325220,325220 Artificial and synthetic fibers and filaments manufacturing
325221,325221 Cellulosic organic fiber manufacturing
325222,325222 Noncellulosic organic fiber manufacturing
3253,"3253 Pesticide, fertilizer, and other agricultural chemical manufacturing"
32531,32531 Fertilizer and compost manufacturing
325311,325311 Nitrogenous fertilizer manufacturing
325312,325312 Phosphatic fertilizer manufacturing
325314,325314 Fertilizer (mixing only) manufacturing
325315,325315 Compost manufacturing
32532,32532 Pesticide and other agricultural chemical manufacturing
325320,325320 Pesticide and other agricultural chemical manufacturing
3254,3254 Pharmaceutical and medicine manufacturing
32541,32541 Pharmaceutical and medicine manufacturing
325411,325411 Medicinal and botanical manufacturing
325412,325412 Pharmaceutical preparation manufacturing
325413,325413 In-vitro diagnostic substance manufacturing
325414,325414 Biological product (except diagnostic) manufacturing
3255,"3255 Paint, coating, and adhesive manufacturing"
32551,32551 Paint and coating manufacturing
325510,325510 Paint and coating manufacturing
32552,32552 Adhesive manufacturing
325520,325520 Adhesive manufacturing
3256,"3256 Soap, cleaning compound, and toilet preparation manufacturing"
32561,32561 Soap and cleaning compound manufacturing
325611,325611 Soap and other detergent manufacturing
325612,325612 Polish and other sanitation good manufacturing
325613,325613 Surface active agent manufacturing
32562,32562 Toilet preparation manufacturing
325620,325620 Toilet preparation manufacturing
3259,3259 Other chemical product and preparation manufacturing
32591,32591 Printing ink manufacturing
325910,325910 Printing ink manufacturing
32592,32592 Explosives manufacturing
325920,325920 Explosives manufacturing
32599,32599 All other chemical product and preparation manufacturing
325991,325991 Custom compounding of purchased resins
325992,"325992 Photographic film, paper, plate, chemical, and copy toner manufacturing"
325998,325998 All other miscellaneous chemical product and preparation manufacturing
326,326 Plastics and rubber products manufacturing
3261,3261 Plastics product manufacturing
32611,32611 Plastics packaging materials and unlaminated film and sheet manufacturing
326111,326111 Plastics bag and pouch manufacturing
326112,326112 Plastics packaging film and sheet (including laminated) manufacturing
326113,326113 Unlaminated plastics film and sheet (except packaging) manufacturing
32612,"32612 Plastics pipe, pipe fitting, and unlaminated profile shape manufacturing"
326121,326121 Unlaminated plastics profile shape manufacturing
326122,326122 Plastics pipe and pipe fitting manufacturing
32613,"32613 Laminated plastics plate, sheet (except packaging), and shape manufacturing"
326130,"326130 Laminated plastics plate, sheet (except packaging), and shape manufacturing"
32614,32614 Polystyrene foam product manufacturing
326140,326140 Polystyrene foam product manufacturing
32615,32615 Urethane and other foam product (except polystyrene) manufacturing
326150,326150 Urethane and other foam product (except polystyrene) manufacturing
32616,32616 Plastics bottle manufacturing
326160,326160 Plastics bottle manufacturing
32619,32619 Other plastics product manufacturing
326191,326191 Plastics plumbing fixture manufacturing
326192,326192 Resilient floor covering manufacturing
326199,326199 All other plastics product manufacturing
3262,3262 Rubber product manufacturing
32621,32621 Tire manufacturing
326211,326211 Tire manufacturing (except retreading)
326212,326212 Tire retreading
32622,32622 Rubber and plastics hoses and belting manufacturing
326220,326220 Rubber and plastics hoses and belting manufacturing
32629,32629 Other rubber product manufacturing
326291,326291 Rubber product manufacturing for mechanical use
326299,326299 All other rubber product manufacturing
327,327 Nonmetallic mineral product manufacturing
3271,3271 Clay product and refractory manufacturing
32711,"32711 Pottery, ceramics, and plumbing fixture manufacturing"
327110,"327110 Pottery, ceramics, and plumbing fixture manufacturing"
327111,327111 Vitreous china plumbing fixture manufacturing
327112,327112 Vitreous china and earthenware articles mfg.
327113,327113 Porcelain electrical supply manufacturing
32712,32712 Clay building material and refractories manufacturing
327120,327120 Clay building material and refractories manufacturing
327121,327121 Brick and structural clay tile manufacturing
327122,327122 Ceramic wall and floor tile manufacturing
327123,327123 Other structural clay product manufacturing
327124,327124 Clay refractory manufacturing
327125,327125 Nonclay refractory manufacturing
3272,3272 Glass and glass product manufacturing
32721,32721 Glass and glass product manufacturing
327211,327211 Flat glass manufacturing
327212,327212 Other pressed and blown glass and glassware manufacturing
327213,327213 Glass container manufacturing
327215,327215 Glass product manufacturing made of purchased glass
3273,3273 Cement and concrete product manufacturing
32731,32731 Cement manufacturing
327310,327310 Cement manufacturing
32732,32732 Ready-mix concrete manufacturing
327320,327320 Ready-mix concrete manufacturing
32733,"32733 Concrete pipe, brick, and block manufacturing"
327331,327331 Concrete block and brick manufacturing
327332,327332 Concrete pipe manufacturing
32739,32739 Other concrete product manufacturing
327390,327390 Other concrete product manufacturing
3274,3274 Lime and gypsum product manufacturing
32741,32741 Lime manufacturing
327410,327410 Lime manufacturing
32742,32742 Gypsum product manufacturing
327420,327420 Gypsum product manufacturing
3279,3279 Other nonmetallic mineral product manufacturing
32791,32791 Abrasive product manufacturing
327910,327910 Abrasive product manufacturing
32799,32799 All other nonmetallic mineral product manufacturing
327991,327991 Cut stone and stone product manufacturing
327992,327992 Ground or treated mineral and earth manufacturing
327993,327993 Mineral wool manufacturing
327999,327999 All other miscellaneous nonmetallic mineral product manufacturing
331,331 Primary metal manufacturing
3311,3311 Iron and steel mills and ferroalloy manufacturing
33111,33111 Iron and steel mills and ferroalloy manufacturing
331110,331110 Iron and steel mills and ferroalloy manufacturing
331111,331111 Iron and steel mills
331112,331112 Ferroalloy and related product manufacturing
3312,3312 Steel product manufacturing from purchased steel
33121,33121 Iron and steel pipe and tube manufacturing from purchased steel
331210,331210 Iron and steel pipe and tube manufacturing from purchased steel
33122,33122 Rolling and drawing of purchased steel
331221,331221 Rolled steel shape manufacturing
331222,331222 Steel wire drawing
3313,3313 Alumina and aluminum production and processing
33131,33131 Alumina and aluminum production and processing
331311,331311 Alumina refining
331312,331312 Primary aluminum production
331313,331313 Alumina refining and primary aluminum production
331314,331314 Secondary smelting and alloying of aluminum
331315,"331315 Aluminum sheet, plate, and foil manufacturing"
331316,331316 Aluminum extruded product manufacturing
331318,"331318 Other aluminum rolling, drawing, and extruding"
331319,331319 Other aluminum rolling and drawing
3314,3314 Nonferrous metal (except aluminum) production and processing
33141,33141 Nonferrous metal (except aluminum) smelting and refining
331410,331410 Nonferrous metal (except aluminum) smelting and refining
331411,331411 Primary smelting and refining of copper
331419,"331419 Primary nonferrous metal, except cu and al"
33142,"33142 Copper rolling, drawing, extruding, and alloying"
331420,"331420 Copper rolling, drawing, extruding, and alloying"
331421,"331421 Copper rolling, drawing, and extruding"
331422,"331422 Copper wire, except mechanical, drawing"
331423,331423 Secondary processing of copper
33149,"33149 Nonferrous metal (except copper and aluminum) rolling, drawing, extruding, and alloying"
331491,"331491 Nonferrous metal (except copper and aluminum) rolling, drawing, and extruding"
331492,"331492 Secondary smelting, refining, and alloying of nonferrous metal (except copper and aluminum)"
3315,3315 Foundries
33151,33151 Ferrous metal foundries
331511,331511 Iron foundries
331512,331512 Steel investment foundries
331513,331513 Steel foundries (except investment)
33152,33152 Nonferrous metal foundries
331521,331521 Aluminum die-casting foundries
331522,"331522 Nonferrous, except al, die-casting foundries"
331523,331523 Nonferrous metal die-casting foundries
331524,331524 Aluminum foundries (except die-casting)
331525,"331525 Copper foundries, except die-casting"
331528,"331528 Other nonferrous foundries, exc. die-casting"
331529,331529 Other nonferrous metal foundries (except die-casting)
332,332 Fabricated metal product manufacturing
3321,3321 Forging and stamping
33211,33211 Forging and stamping
332111,332111 Iron and steel forging
332112,332112 Nonferrous forging
332114,332114 Custom roll forming
332115,332115 Crown and closure manufacturing
332116,332116 Metal stamping
332117,332117 Powder metallurgy part manufacturing
332119,"332119 Metal crown, closure, and other metal stamping (except automotive)"
3322,3322 Cutlery and handtool manufacturing
33221,33221 Cutlery and handtool manufacturing
332211,"332211 Cutlery and flatware, except precious, mfg."
332212,332212 Hand and edge tool manufacturing
332213,332213 Saw blade and handsaw manufacturing
332214,"332214 Kitchen utensil, pot, and pan manufacturing"
332215,"332215 Metal kitchen cookware, utensil, cutlery, and flatware (except precious) manufacturing"
332216,332216 Saw blade and handtool manufacturing
3323,3323 Architectural and structural metals manufacturing
33231,33231 Plate work and fabricated structural product manufacturing
332311,332311 Prefabricated metal building and component manufacturing
332312,332312 Fabricated structural metal manufacturing
332313,332313 Plate work manufacturing
33232,33232 Ornamental and architectural metal products manufacturing
332321,332321 Metal window and door manufacturing
332322,332322 Sheet metal work manufacturing
332323,332323 Ornamental and architectural metal work manufacturing
3324,"3324 Boiler, tank, and shipping container manufacturing"
33241,33241 Power boiler and heat exchanger manufacturing
332410,332410 Power boiler and heat exchanger manufacturing
33242,33242 Metal tank (heavy gauge) manufacturing
332420,332420 Metal tank (heavy gauge) manufacturing
33243,"33243 Metal can, box, and other metal container (light gauge) manufacturing"
332431,332431 Metal can manufacturing
332439,332439 Other metal container manufacturing
3325,3325 Hardware manufacturing
33251,33251 Hardware manufacturing
332510,332510 Hardware manufacturing
3326,3326 Spring and wire product manufacturing
33261,33261 Spring and wire product manufacturing
332611,"332611 Spring, heavy gauge, manufacturing"
332612,"332612 Spring, light gauge, manufacturing"
332613,332613 Spring manufacturing
332618,332618 Other fabricated wire product manufacturing
3327,"3327 Machine shops; turned product; and screw, nut, and bolt manufacturing"
33271,33271 Machine shops
332710,332710 Machine shops
33272,"33272 Turned product and screw, nut, and bolt manufacturing"
332721,332721 Precision turned product manufacturing
332722,"332722 Bolt, nut, screw, rivet, and washer manufacturing"
3328,"3328 Coating, engraving, heat treating, and allied activities"
33281,"33281 Coating, engraving, heat treating, and allied activities"
332811,332811 Metal heat treating
332812,"332812 Metal coating, engraving (except jewelry and silverware), and allied services to manufacturers"
332813,"332813 Electroplating, plating, polishing, anodizing, and coloring"
3329,3329 Other fabricated metal product manufacturing
33291,33291 Metal valve manufacturing
332911,332911 Industrial valve manufacturing
332912,332912 Fluid power valve and hose fitting manufacturing
332913,332913 Plumbing fixture fitting and trim manufacturing
332919,332919 Other metal valve and pipe fitting manufacturing
33299,33299 All other fabricated metal product manufacturing
332991,332991 Ball and roller bearing manufacturing
332992,332992 Small arms ammunition manufacturing
332993,332993 Ammunition (except small arms) manufacturing
332994,"332994 Small arms, ordnance, and ordnance accessories manufacturing"
332995,332995 Other ordnance and accessories manufacturing
332996,332996 Fabricated pipe and pipe fitting manufacturing
332997,332997 Industrial pattern manufacturing
332998,332998 Enameled iron and metal sanitary ware mfg.
332999,332999 All other miscellaneous fabricated metal product manufacturing
333,333 Machinery manufacturing
3331,"3331 Agriculture, construction, and mining machinery manufacturing"
33311,33311 Agricultural implement manufacturing
333111,333111 Farm machinery and equipment manufacturing
333112,333112 Lawn and garden tractor and home lawn and garden equipment manufacturing
33312,33312 Construction machinery manufacturing
333120,333120 Construction machinery manufacturing
33313,33313 Mining and oil and gas field machinery manufacturing
333131,333131 Mining machinery and equipment manufacturing
333132,333132 Oil and gas field machinery and equipment manufacturing
3332,3332 Industrial machinery manufacturing
33321,33321 Sawmill and woodworking machinery
333210,333210 Sawmill and woodworking machinery
33322,33322 Plastics and rubber industry machinery
333220,333220 Plastics and rubber industry machinery
33324,33324 Industrial machinery manufacturing
333241,333241 Food product machinery manufacturing
333242,333242 Semiconductor machinery manufacturing
333243,"333243 Sawmill, woodworking, and paper machinery manufacturing"
333244,333244 Printing machinery and equipment mfg.
333248,333248 All other industrial machinery manufacturing
333249,333249 Other industrial machinery manufacturing
33329,33329 Other industrial machinery manufacturing
333291,333291 Paper industry machinery manufacturing
333292,333292 Textile machinery manufacturing
333293,333293 Printing machinery and equipment mfg.
333294,333294 Food product machinery manufacturing
333295,333295 Semiconductor machinery manufacturing
333298,333298 All other industrial machinery manufacturing
3333,3333 Commercial and service industry machinery manufacturing
33331,33331 Commercial and service industry machinery manufacturing
333310,333310 Commercial and service industry machinery manufacturing
333311,333311 Automatic vending machine manufacturing
333312,333312 Commercial laundry and drycleaning machinery
333313,333313 Office machinery manufacturing
333314,333314 Optical instrument and lens manufacturing
333315,333315 Photographic and photocopying equipment mfg.
333316,333316 Photographic and photocopying equipment mfg.
333318,333318 Other commercial and service machinery mfg.
333319,333319 Other commercial and service machinery mfg.
3334,"3334 Ventilation, heating, air-conditioning, and commercial refrigeration equipment manufacturing"
33341,"33341 Ventilation, heating, air-conditioning, and commercial refrigeration equipment manufacturing"
333411,333411 Air purification equipment manufacturing
333412,333412 Industrial and commercial fan and blower mfg.
333413,333413 Industrial and commercial fan and blower and air purification equipment manufacturing
333414,333414 Heating equipment (except warm air furnaces) manufacturing
333415,333415 Air-conditioning and warm air heating equipment and commercial and industrial refrigeration equipment manufacturing
3335,3335 Metalworking machinery manufacturing
33351,33351 Metalworking machinery manufacturing
333511,333511 Industrial mold manufacturing
333512,333512 Metal cutting machine tool manufacturing
333513,333513 Metal forming machine tool manufacturing
333514,"333514 Special die and tool, die set, jig, and fixture manufacturing"
333515,333515 Cutting tool and machine tool accessory manufacturing
333516,333516 Rolling mill machinery and equipment mfg.
333517,333517 Machine tool manufacturing
333518,333518 Other metalworking machinery manufacturing
333519,333519 Rolling mill and other metalworking machinery manufacturing
3336,"3336 Engine, turbine, and power transmission equipment manufacturing"
33361,"33361 Engine, turbine, and power transmission equipment manufacturing"
333611,333611 Turbine and turbine generator set units manufacturing
333612,"333612 Speed changer, industrial high-speed drive, and gear manufacturing"
333613,333613 Mechanical power transmission equipment manufacturing
333618,333618 Other engine equipment manufacturing
3339,3339 Other general purpose machinery manufacturing
33391,33391 Pump and compressor manufacturing
333911,333911 Pump and pumping equipment manufacturing
333912,333912 Air and gas compressor manufacturing
333913,333913 Measuring and dispensing pump manufacturing
333914,"333914 Measuring, dispensing, and other pumping equipment manufacturing"
33392,33392 Material handling equipment manufacturing
333921,333921 Elevator and moving stairway manufacturing
333922,333922 Conveyor and conveying equipment manufacturing
333923,"333923 Overhead traveling crane, hoist, and monorail system manufacturing"
333924,"333924 Industrial truck, tractor, trailer, and stacker machinery manufacturing"
33399,33399 All other general purpose machinery manufacturing
333991,333991 Power-driven handtool manufacturing
333992,333992 Welding and soldering equipment manufacturing
333993,333993 Packaging machinery manufacturing
333994,333994 Industrial process furnace and oven manufacturing
333995,333995 Fluid power cylinder and actuator manufacturing
333996,333996 Fluid power pump and motor manufacturing
333997,333997 Scale and balance manufacturing
333998,333998 All other miscellaneous general purpose machinery manufacturing
333999,333999 Miscellaneous general purpose machinery mfg.
334,334 Computer and electronic product manufacturing
3341,3341 Computer and peripheral equipment manufacturing
33411,33411 Computer and peripheral equipment manufacturing
334111,334111 Electronic computer manufacturing
334112,334112 Computer storage device manufacturing
334113,334113 Computer terminal manufacturing
334118,334118 Computer terminal and other computer peripheral equipment manufacturing
334119,334119 Other computer peripheral equipment mfg.
3342,3342 Communications equipment manufacturing
33421,33421 Telephone apparatus manufacturing
334210,334210 Telephone apparatus manufacturing
33422,33422 Radio and television broadcasting and wireless communications equipment manufacturing
334220,334220 Radio and television broadcasting and wireless communications equipment manufacturing
33429,33429 Other communications equipment manufacturing
334290,334290 Other communications equipment manufacturing
3343,3343 Audio and video equipment manufacturing
33431,33431 Audio and video equipment manufacturing
334310,334310 Audio and video equipment manufacturing
3344,3344 Semiconductor and other electronic component manufacturing
33441,33441 Semiconductor and other electronic component manufacturing
334411,334411 Electron tube manufacturing
334412,334412 Bare printed circuit board manufacturing
334413,334413 Semiconductor and related device manufacturing
334414,334414 Electronic capacitor manufacturing
334415,334415 Electronic resistor manufacturing
334416,"334416 Capacitor, resistor, coil, transformer, and other inductor manufacturing"
334417,334417 Electronic connector manufacturing
334418,334418 Printed circuit assembly (electronic assembly) manufacturing
334419,334419 Other electronic component manufacturing
3345,"3345 Navigational, measuring, electromedical, and control instruments manufacturing"
33451,"33451 Navigational, measuring, electromedical, and control instruments manufacturing"
334510,334510 Electromedical and electrotherapeutic apparatus manufacturing
334511,"334511 Search, detection, navigation, guidance, aeronautical, and nautical system and instrument manufacturing"
334512,"334512 Automatic environmental control manufacturing for residential, commercial, and appliance use"
334513,"334513 Instruments and related products manufacturing for measuring, displaying, and controlling industrial process variables"
334514,334514 Totalizing fluid meter and counting device manufacturing
334515,334515 Instrument manufacturing for measuring and testing electricity and electrical signals
334516,334516 Analytical laboratory instrument manufacturing
334517,334517 Irradiation apparatus manufacturing
334518,"334518 Watch, clock, and part manufacturing"
334519,334519 Other measuring and controlling device manufacturing
3346,3346 Manufacturing and reproducing magnetic and optical media
33461,33461 Manufacturing and reproducing magnetic and optical media
334610,334610 Manufacturing and reproducing magnetic and optical media
334611,334611 Software reproducing
334612,334612 Audio and video media reproduction
334613,334613 Blank magnetic and optical media mfg.
334614,334614 Software and prerecorded media reproducing
335,"335 Electrical equipment, appliance, and component manufacturing"
3351,3351 Electric lighting equipment manufacturing
33511,33511 Electric lamp bulb and part manufacturing
335110,335110 Electric lamp bulb and part manufacturing
33512,33512 Lighting fixture manufacturing
335121,335121 Residential electric lighting fixture mfg.
335122,335122 Nonresidential electric lighting fixture mfg.
335129,335129 Other lighting equipment manufacturing
33513,33513 Electric lighting equipment manufacturing
335131,335131 Residential electric lighting fixture manufacturing
335132,"335132 Commercial, industrial, and institutional electric lighting fixture manufacturing"
335139,335139 Electric lamp bulb and other lighting equipment manufacturing
3352,3352 Household appliance manufacturing
33521,33521 Small electrical appliance manufacturing
335210,335210 Small electrical appliance manufacturing
335211,335211 Electric housewares and household fan mfg.
335212,335212 Household vacuum cleaner manufacturing
33522,33522 Major household appliance manufacturing
335220,335220 Major household appliance manufacturing
335221,335221 Household cooking appliance manufacturing
335222,335222 Household refrigerator and home freezer mfg.
335224,335224 Household laundry equipment manufacturing
335228,335228 Other major household appliance manufacturing
3353,3353 Electrical equipment manufacturing
33531,33531 Electrical equipment manufacturing
335311,"335311 Power, distribution, and specialty transformer manufacturing"
335312,335312 Motor and generator manufacturing
335313,335313 Switchgear and switchboard apparatus manufacturing
335314,335314 Relay and industrial control manufacturing
3359,3359 Other electrical equipment and component manufacturing
33591,33591 Battery manufacturing
335910,335910 Battery manufacturing
335911,335911 Storage battery manufacturing
335912,335912 Primary battery manufacturing
33592,33592 Communication and energy wire and cable manufacturing
335921,335921 Fiber optic cable manufacturing
335929,335929 Other communication and energy wire manufacturing
33593,33593 Wiring device manufacturing
335931,335931 Current-carrying wiring device manufacturing
335932,335932 Noncurrent-carrying wiring device manufacturing
33599,33599 All other electrical equipment and component manufacturing
335991,335991 Carbon and graphite product manufacturing
335999,335999 All other miscellaneous electrical equipment and component manufacturing
336,336 Transportation equipment manufacturing
3361,3361 Motor vehicle manufacturing
33611,33611 Automobile and light duty motor vehicle manufacturing
336110,336110 Automobile and light duty motor vehicle manufacturing
336111,336111 Automobile manufacturing
336112,336112 Light truck and utility vehicle manufacturing
33612,33612 Heavy duty truck manufacturing
336120,336120 Heavy duty truck manufacturing
3362,3362 Motor vehicle body and trailer manufacturing
33621,33621 Motor vehicle body and trailer manufacturing
336211,336211 Motor vehicle body manufacturing
336212,336212 Truck trailer manufacturing
336213,336213 Motor home manufacturing
336214,336214 Travel trailer and camper manufacturing
3363,3363 Motor vehicle parts manufacturing
33631,33631 Motor vehicle gasoline engine and engine parts manufacturing
336310,336310 Motor vehicle gasoline engine and engine parts manufacturing
336311,"336311 Carburetor, piston, ring, and valve mfg."
336312,336312 Gasoline engine and engine parts mfg.
33632,33632 Motor vehicle electrical and electronic equipment manufacturing
336320,336320 Motor vehicle electrical and electronic equipment manufacturing
336321,336321 Vehicular lighting equipment manufacturing
336322,336322 Other motor vehicle electric equipment mfg.
33633,33633 Motor vehicle steering and suspension components (except spring) manufacturing
336330,336330 Motor vehicle steering and suspension components (except spring) manufacturing
33634,33634 Motor vehicle brake system manufacturing
336340,336340 Motor vehicle brake system manufacturing
33635,33635 Motor vehicle transmission and power train parts manufacturing
336350,336350 Motor vehicle transmission and power train parts manufacturing
33636,33636 Motor vehicle seating and interior trim manufacturing
336360,336360 Motor vehicle seating and interior trim manufacturing
33637,33637 Motor vehicle metal stamping
336370,336370 Motor vehicle metal stamping
33639,33639 Other motor vehicle parts manufacturing
336390,336390 Other motor vehicle parts manufacturing
336391,336391 Motor vehicle air-conditioning manufacturing
336399,336399 All other motor vehicle parts manufacturing
3364,3364 Aerospace product and parts manufacturing
33641,33641 Aerospace product and parts manufacturing
336411,336411 Aircraft manufacturing
336412,336412 Aircraft engine and engine parts manufacturing
336413,336413 Other aircraft parts and auxiliary equipment manufacturing
336414,336414 Guided missile and space vehicle manufacturing
336415,336415 Guided missile and space vehicle propulsion unit and propulsion unit parts manufacturing
336419,336419 Other guided missile and space vehicle parts and auxiliary equipment manufacturing
3365,3365 Railroad rolling stock manufacturing
33651,33651 Railroad rolling stock manufacturing
336510,336510 Railroad rolling stock manufacturing
3366,3366 Ship and boat building
33661,33661 Ship and boat building
336611,336611 Ship building and repairing
336612,336612 Boat building
3369,3369 Other transportation equipment manufacturing
33699,33699 Other transportation equipment manufacturing
336991,"336991 Motorcycle, bicycle, and parts manufacturing"
336992,"336992 Military armored vehicle, tank, and tank component manufacturing"
336999,336999 All other transportation equipment manufacturing
337,337 Furniture and related product manufacturing
3371,3371 Household and institutional furniture and kitchen cabinet manufacturing
33711,33711 Wood kitchen cabinet and countertop manufacturing
337110,337110 Wood kitchen cabinet and countertop manufacturing
33712,33712 Household and institutional furniture manufacturing
337121,337121 Upholstered household furniture manufacturing
337122,337122 Nonupholstered wood household furniture manufacturing
337124,337124 Metal household furniture manufacturing
337125,"337125 Household furniture, exc. wood or metal, mfg."
337126,337126 Household furniture (except wood and upholstered) manufacturing
337127,337127 Institutional furniture manufacturing
337129,"337129 Wood tv, radio, and sewing machine housings"
3372,3372 Office furniture (including fixtures) manufacturing
33721,33721 Office furniture (including fixtures) manufacturing
337211,337211 Wood office furniture manufacturing
337212,337212 Custom architectural woodwork and millwork manufacturing
337214,337214 Office furniture (except wood) manufacturing
337215,"337215 Showcase, partition, shelving, and locker manufacturing"
3379,3379 Other furniture related product manufacturing
33791,33791 Mattress manufacturing
337910,337910 Mattress manufacturing
33792,33792 Blind and shade manufacturing
337920,337920 Blind and shade manufacturing
339,339 Miscellaneous manufacturing
3391,3391 Medical equipment and supplies manufacturing
33911,33911 Medical equipment and supplies manufacturing
339111,339111 Laboratory apparatus and furniture mfg.
339112,339112 Surgical and medical instrument manufacturing
339113,339113 Surgical appliance and supplies manufacturing
339114,339114 Dental equipment and supplies manufacturing
339115,339115 Ophthalmic goods manufacturing
339116,339116 Dental laboratories
3399,3399 Other miscellaneous manufacturing
33991,33991 Jewelry and silverware manufacturing
339910,339910 Jewelry and silverware manufacturing
339911,"339911 Jewelry, except costume, manufacturing"
339912,339912 Silverware and hollowware manufacturing
339913,339913 Jewelers' material and lapidary work mfg.
339914,339914 Costume jewelry and novelty manufacturing
33992,33992 Sporting and athletic goods manufacturing
339920,339920 Sporting and athletic goods manufacturing
33993,"33993 Doll, toy, and game manufacturing"
339930,"339930 Doll, toy, and game manufacturing"
339931,339931 Doll and stuffed toy manufacturing
339932,"339932 Game, toy, and children's vehicle mfg."
33994,33994 Office supplies (except paper) manufacturing
339940,339940 Office supplies (except paper) manufacturing
339941,339941 Pen and mechanical pencil manufacturing
339942,339942 Lead pencil and art good manufacturing
339943,339943 Marking device manufacturing
339944,339944 Carbon paper and inked ribbon manufacturing
33995,33995 Sign manufacturing
339950,339950 Sign manufacturing
33999,33999 All other miscellaneous manufacturing
339991,"339991 Gasket, packing, and sealing device manufacturing"
339992,339992 Musical instrument manufacturing
339993,"339993 Fastener, button, needle, and pin manufacturing"
339994,"339994 Broom, brush, and mop manufacturing"
339995,339995 Burial casket manufacturing
339999,339999 All other miscellaneous manufacturing
42,42 Wholesale trade
423,"423 Merchant wholesalers, durable goods"
4231,4231 Motor vehicle and motor vehicle parts and supplies merchant wholesalers
42311,42311 Automobile and other motor vehicle merchant wholesalers
423110,423110 Automobile and other motor vehicle merchant wholesalers
42312,42312 Motor vehicle supplies and new parts merchant wholesalers
423120,423120 Motor vehicle supplies and new parts merchant wholesalers
42313,42313 Tire and tube merchant wholesalers
423130,423130 Tire and tube merchant wholesalers
42314,42314 Motor vehicle parts (used) merchant wholesalers
423140,423140 Motor vehicle parts (used) merchant wholesalers
4232,4232 Furniture and home furnishing merchant wholesalers
42321,42321 Furniture merchant wholesalers
423210,423210 Furniture merchant wholesalers
42322,42322 Home furnishing merchant wholesalers
423220,423220 Home furnishing merchant wholesalers
4233,4233 Lumber and other construction materials merchant wholesalers
42331,"42331 Lumber, plywood, millwork, and wood panel merchant wholesalers"
423310,"423310 Lumber, plywood, millwork, and wood panel merchant wholesalers"
42332,"42332 Brick, stone, and related construction material merchant wholesalers"
423320,"423320 Brick, stone, and related construction material merchant wholesalers"
42333,"42333 Roofing, siding, and insulation material merchant wholesalers"
423330,"423330 Roofing, siding, and insulation material merchant wholesalers"
42339,42339 Other construction material merchant wholesalers
423390,423390 Other construction material merchant wholesalers
4234,4234 Professional and commercial equipment and supplies merchant wholesalers
42341,42341 Photographic equipment and supplies merchant wholesalers
423410,423410 Photographic equipment and supplies merchant wholesalers
42342,42342 Office equipment merchant wholesalers
423420,423420 Office equipment merchant wholesalers
42343,42343 Computer and computer peripheral equipment and software merchant wholesalers
423430,423430 Computer and computer peripheral equipment and software merchant wholesalers
42344,42344 Other commercial equipment merchant wholesalers
423440,423440 Other commercial equipment merchant wholesalers
42345,"42345 Medical, dental, and hospital equipment and supplies merchant wholesalers"
423450,"423450 Medical, dental, and hospital equipment and supplies merchant wholesalers"
42346,42346 Ophthalmic goods merchant wholesalers
423460,423460 Ophthalmic goods merchant wholesalers
42349,42349 Other professional equipment and supplies merchant wholesalers
423490,423490 Other professional equipment and supplies merchant wholesalers
4235,4235 Metal and mineral (except petroleum) merchant wholesalers
42351,42351 Metal service centers and other metal merchant wholesalers
423510,423510 Metal service centers and other metal merchant wholesalers
42352,42352 Coal and other mineral and ore merchant wholesalers
423520,423520 Coal and other mineral and ore merchant wholesalers
4236,4236 Household appliances and electrical and electronic goods merchant wholesalers
42361,"42361 Electrical apparatus and equipment, wiring supplies, and related equipment merchant wholesalers"
423610,"423610 Electrical apparatus and equipment, wiring supplies, and related equipment merchant wholesalers"
42362,"42362 Household appliances, electric housewares, and consumer electronics merchant wholesalers"
423620,"423620 Household appliances, electric housewares, and consumer electronics merchant wholesalers"
42369,42369 Other electronic parts and equipment merchant wholesalers
423690,423690 Other electronic parts and equipment merchant wholesalers
4237,"4237 Hardware, and plumbing and heating equipment and supplies merchant wholesalers"
42371,42371 Hardware merchant wholesalers
423710,423710 Hardware merchant wholesalers
42372,42372 Plumbing and heating equipment and supplies (hydronics) merchant wholesalers
423720,423720 Plumbing and heating equipment and supplies (hydronics) merchant wholesalers
42373,42373 Warm air heating and air-conditioning equipment and supplies merchant wholesalers
423730,423730 Warm air heating and air-conditioning equipment and supplies merchant wholesalers
42374,42374 Refrigeration equipment and supplies merchant wholesalers
423740,423740 Refrigeration equipment and supplies merchant wholesalers
4238,"4238 Machinery, equipment, and supplies merchant wholesalers"
42381,42381 Construction and mining (except oil well) machinery and equipment merchant wholesalers
423810,423810 Construction and mining (except oil well) machinery and equipment merchant wholesalers
42382,42382 Farm and garden machinery and equipment merchant wholesalers
423820,423820 Farm and garden machinery and equipment merchant wholesalers
42383,42383 Industrial machinery and equipment merchant wholesalers
423830,423830 Industrial machinery and equipment merchant wholesalers
42384,42384 Industrial supplies merchant wholesalers
423840,423840 Industrial supplies merchant wholesalers
42385,42385 Service establishment equipment and supplies merchant wholesalers
423850,423850 Service establishment equipment and supplies merchant wholesalers
42386,42386 Transportation equipment and supplies (except motor vehicle) merchant wholesalers
423860,423860 Transportation equipment and supplies (except motor vehicle) merchant wholesalers
4239,4239 Miscellaneous durable goods merchant wholesalers
42391,42391 Sporting and recreational goods and supplies merchant wholesalers
423910,423910 Sporting and recreational goods and supplies merchant wholesalers
42392,42392 Toy and hobby goods and supplies merchant wholesalers
423920,423920 Toy and hobby goods and supplies merchant wholesalers
42393,42393 Recyclable material merchant wholesalers
423930,423930 Recyclable material merchant wholesalers
42394,"42394 Jewelry, watch, precious stone, and precious metal merchant wholesalers"
423940,"423940 Jewelry, watch, precious stone, and precious metal merchant wholesalers"
42399,42399 Other miscellaneous durable goods merchant wholesalers
423990,423990 Other miscellaneous durable goods merchant wholesalers
424,"424 Merchant wholesalers, nondurable goods"
4241,4241 Paper and paper product merchant wholesalers
42411,42411 Printing and writing paper merchant wholesalers
424110,424110 Printing and writing paper merchant wholesalers
42412,42412 Stationery and office supplies merchant wholesalers
424120,424120 Stationery and office supplies merchant wholesalers
42413,42413 Industrial and personal service paper merchant wholesalers
424130,424130 Industrial and personal service paper merchant wholesalers
4242,4242 Drugs and druggists' sundries merchant wholesalers
42421,42421 Drugs and druggists' sundries merchant wholesalers
424210,424210 Drugs and druggists' sundries merchant wholesalers
4243,"4243 Apparel, piece goods, and notions merchant wholesalers"
42431,"42431 Piece goods, notions, and other dry goods merchant wholesalers"
424310,"424310 Piece goods, notions, and other dry goods merchant wholesalers"
42432,42432 Men's and boys' clothing merchant wholesalers
424320,424320 Men's and boys' clothing merchant wholesalers
42433,42433 Women's and children's clothing merch. whls.
424330,424330 Women's and children's clothing merch. whls.
42434,42434 Footwear merchant wholesalers
424340,424340 Footwear merchant wholesalers
42435,42435 Clothing and clothing accessories merchant wholesalers
424350,424350 Clothing and clothing accessories merchant wholesalers
4244,4244 Grocery and related product merchant wholesalers
42441,42441 General line grocery merchant wholesalers
424410,424410 General line grocery merchant wholesalers
42442,42442 Packaged frozen food merchant wholesalers
424420,424420 Packaged frozen food merchant wholesalers
42443,42443 Dairy product (except dried or canned) merchant wholesalers
424430,424430 Dairy product (except dried or canned) merchant wholesalers
42444,42444 Poultry and poultry product merchant wholesalers
424440,424440 Poultry and poultry product merchant wholesalers
42445,42445 Confectionery merchant wholesalers
424450,424450 Confectionery merchant wholesalers
42446,42446 Fish and seafood merchant wholesalers
424460,424460 Fish and seafood merchant wholesalers
42447,42447 Meat and meat product merchant wholesalers
424470,424470 Meat and meat product merchant wholesalers
42448,42448 Fresh fruit and vegetable merchant wholesalers
424480,424480 Fresh fruit and vegetable merchant wholesalers
42449,42449 Other grocery and related products merchant wholesalers
424490,424490 Other grocery and related products merchant wholesalers
4245,4245 Farm product raw material merchant wholesalers
42451,42451 Grain and field bean merchant wholesalers
424510,424510 Grain and field bean merchant wholesalers
42452,42452 Livestock merchant wholesalers
424520,424520 Livestock merchant wholesalers
42459,42459 Other farm product raw material merchant wholesalers
424590,424590 Other farm product raw material merchant wholesalers
4246,4246 Chemical and allied products merchant wholesalers
42461,42461 Plastics materials and basic forms and shapes merchant wholesalers
424610,424610 Plastics materials and basic forms and shapes merchant wholesalers
42469,42469 Other chemical and allied products merchant wholesalers
424690,424690 Other chemical and allied products merchant wholesalers
4247,4247 Petroleum and petroleum products merchant wholesalers
42471,42471 Petroleum bulk stations and terminals
424710,424710 Petroleum bulk stations and terminals
42472,42472 Petroleum and petroleum products merchant wholesalers (except bulk stations and terminals)
424720,424720 Petroleum and petroleum products merchant wholesalers (except bulk stations and terminals)
4248,"4248 Beer, wine, and distilled alcoholic beverage merchant wholesalers"
42481,42481 Beer and ale merchant wholesalers
424810,424810 Beer and ale merchant wholesalers
42482,42482 Wine and distilled alcoholic beverage merchant wholesalers
424820,424820 Wine and distilled alcoholic beverage merchant wholesalers
4249,4249 Miscellaneous nondurable goods merchant wholesalers
42491,42491 Farm supplies merchant wholesalers
424910,424910 Farm supplies merchant wholesalers
42492,"42492 Book, periodical, and newspaper merchant wholesalers"
424920,"424920 Book, periodical, and newspaper merchant wholesalers"
42493,"42493 Flower, nursery stock, and florists' supplies merchant wholesalers"
424930,"424930 Flower, nursery stock, and florists' supplies merchant wholesalers"
42494,42494 Tobacco product and electronic cigarette merchant wholesalers
424940,424940 Tobacco product and electronic cigarette merchant wholesalers
42495,"42495 Paint, varnish, and supplies merchant wholesalers"
424950,"424950 Paint, varnish, and supplies merchant wholesalers"
42499,42499 Other miscellaneous nondurable goods merchant wholesalers
424990,424990 Other miscellaneous nondurable goods merchant wholesalers
425,425 Wholesale trade agents and brokers
4251,4251 Wholesale trade agents and brokers
42511,42511 Business to business electronic markets
425110,425110 Business to business electronic markets
42512,42512 Wholesale trade agents and brokers
425120,425120 Wholesale trade agents and brokers
441,441 Motor vehicle and parts dealers
4411,4411 Automobile dealers
44111,44111 New car dealers
441110,441110 New car dealers
44112,44112 Used car dealers
441120,441120 Used car dealers
4412,4412 Other motor vehicle dealers
44121,44121 Recreational vehicle dealers
441210,441210 Recreational vehicle dealers
44122,"44122 Motorcycle, boat, and other motor vehicle dealers"
441221,"441221 Motorcycle, atv, personal watercraft dealers"
441222,441222 Boat dealers
441227,"441227 Motorcycle, atv, and all other motor vehicle dealers"
441228,"441228 Motorcycle, atv, and other vehicle dealers"
441229,441229 All other motor vehicle dealers
4413,"4413 Automotive parts, accessories, and tire retailers"
44131,44131 Automotive parts and accessories stores
441310,441310 Automotive parts and accessories stores
44132,44132 Tire dealers
441320,441320 Tire dealers
44133,44133 Automotive parts and accessories retailers
441330,441330 Automotive parts and accessories retailers
44134,44134 Tire dealers
441340,441340 Tire dealers
442,442 Furniture and home furnishings stores
4421,4421 Furniture stores
44211,44211 Furniture stores
442110,442110 Furniture stores
4422,4422 Home furnishings stores
44221,44221 Floor covering stores
442210,442210 Floor covering stores
44229,44229 Other home furnishings stores
442291,442291 Window treatment stores
442299,442299 All other home furnishings stores
443,443 Electronics and appliance stores
4431,4431 Electronics and appliance stores
44311,"44311 Appliance, tv, and other electronics stores"
443111,443111 Household appliance stores
443112,"443112 Radio, tv, and other electronics stores"
44312,44312 Computer and software stores
443120,443120 Computer and software stores
44313,44313 Camera and photographic supplies stores
443130,443130 Camera and photographic supplies stores
44314,44314 Electronics and appliance stores
443141,443141 Household appliance stores
443142,443142 Electronics stores
444,444 Building material and garden equipment and supplies dealers
4441,4441 Building material and supplies dealers
44411,44411 Home centers
444110,444110 Home centers
44412,44412 Paint and wallpaper retailers
444120,444120 Paint and wallpaper retailers
44413,44413 Hardware stores
444130,444130 Hardware stores
44414,44414 Hardware retailers
444140,444140 Hardware retailers
44418,44418 Other building material dealers
444180,444180 Other building material dealers
44419,44419 Other building material dealers
444190,444190 Other building material dealers
4442,4442 Lawn and garden equipment and supplies retailers
44421,44421 Outdoor power equipment stores
444210,444210 Outdoor power equipment stores
44422,"44422 Nursery, garden, and farm supply stores"
444220,"444220 Nursery, garden, and farm supply stores"
44423,44423 Outdoor power equipment retailers
444230,444230 Outdoor power equipment retailers
44424,"44424 Nursery, garden center, and farm supply retailers"
444240,"444240 Nursery, garden center, and farm supply retailers"
44-45,44-45 Retail trade
445,445 Food and beverage retailers
4451,4451 Grocery and convenience retailers
44511,44511 Supermarkets and other grocery retailers (except convenience retailers)
445110,445110 Supermarkets and other grocery retailers (except convenience retailers)
44512,44512 Convenience stores
445120,445120 Convenience stores
44513,44513 Convenience retailers and vending machine operators
445131,445131 Convenience retailers
445132,445132 Vending machine operators
4452,4452 Specialty food retailers
44521,44521 Meat markets
445210,445210 Meat markets
44522,44522 Fish and seafood markets
445220,445220 Fish and seafood markets
44523,44523 Fruit and vegetable retailers
445230,445230 Fruit and vegetable retailers
44524,44524 Meat retailers
445240,445240 Meat retailers
44525,44525 Fish and seafood retailers
445250,445250 Fish and seafood retailers
44529,44529 Other specialty food retailers
445291,445291 Baked goods retailers
445292,445292 Confectionery and nut retailers
445298,445298 All other specialty food retailers
445299,445299 All other specialty food stores
4453,"4453 Beer, wine, and liquor retailers"
44531,"44531 Beer, wine, and liquor stores"
445310,"445310 Beer, wine, and liquor stores"
44532,"44532 Beer, wine, and liquor retailers"
445320,"445320 Beer, wine, and liquor retailers"
446,446 Health and personal care stores
4461,4461 Health and personal care stores
44611,44611 Pharmacies and drug stores
446110,446110 Pharmacies and drug stores
44612,44612 Cosmetic and beauty supply stores
446120,446120 Cosmetic and beauty supply stores
44613,44613 Optical goods stores
446130,446130 Optical goods stores
44619,44619 Other health and personal care stores
446191,"446191 Food, health, supplement stores"
446199,446199 All other health and personal care stores
447,447 Gasoline stations
4471,4471 Gasoline stations
44711,44711 Gasoline stations with convenience stores
447110,447110 Gasoline stations with convenience stores
44719,44719 Other gasoline stations
447190,447190 Other gasoline stations
448,448 Clothing and clothing accessories stores
4481,4481 Clothing stores
44811,44811 Men's clothing stores
448110,448110 Men's clothing stores
44812,44812 Women's clothing stores
448120,448120 Women's clothing stores
44813,44813 Children's and infants' clothing stores
448130,448130 Children's and infants' clothing stores
44814,44814 Family clothing stores
448140,448140 Family clothing stores
44815,44815 Clothing accessories stores
448150,448150 Clothing accessories stores
44819,44819 Other clothing stores
448190,448190 Other clothing stores
4482,4482 Shoe stores
44821,44821 Shoe stores
448210,448210 Shoe stores
4483,"4483 Jewelry, luggage, and leather goods stores"
44831,44831 Jewelry stores
448310,448310 Jewelry stores
44832,44832 Luggage and leather goods stores
448320,448320 Luggage and leather goods stores
449,"449 Furniture, home furnishings, electronics, and appliance retailers"
4491,4491 Furniture and home furnishings retailers
44911,44911 Furniture retailers
449110,449110 Furniture retailers
44912,44912 Home furnishings retailers
449121,449121 Floor covering retailers
449122,449122 Window treatment retailers
449129,449129 All other home furnishings retailers
4492,4492 Electronics and appliance retailers
44921,44921 Electronics and appliance retailers
449210,449210 Electronics and appliance retailers
451,"451 Sports, hobby, music instrument, book stores"
4511,4511 Sporting goods and musical instrument stores
45111,45111 Sporting goods stores
451110,451110 Sporting goods stores
45112,"45112 Hobby, toy, and game stores"
451120,"451120 Hobby, toy, and game stores"
45113,"45113 Sewing, needlework, and piece goods stores"
451130,"451130 Sewing, needlework, and piece goods stores"
45114,45114 Musical instrument and supplies stores
451140,451140 Musical instrument and supplies stores
4512,4512 Book stores and news dealers
45121,45121 Book stores and news dealers
451211,451211 Book stores
451212,451212 News dealers and newsstands
45122,"45122 Precorded tape, cd, and record stores"
451220,"451220 Precorded tape, cd, and record stores"
452,452 General merchandise stores
4521,4521 Department stores
45211,45211 Department stores
452111,"452111 Department stores, except discount"
452112,452112 Discount department stores
4522,4522 Department stores
45221,45221 Department stores
452210,452210 Department stores
4523,"4523 General merchandise stores, including warehouse clubs and supercenters"
45231,"45231 General merchandise stores, including warehouse clubs and supercenters"
452311,452311 Warehouse clubs and supercenters
452319,452319 All other general merchandise stores
4529,4529 Other general merchandise stores
45291,45291 Warehouse clubs and supercenters
452910,452910 Warehouse clubs and supercenters
45299,45299 All other general merchandise stores
452990,452990 All other general merchandise stores
453,453 Miscellaneous store retailers
4531,4531 Florists
45311,45311 Florists
453110,453110 Florists
4532,"4532 Office supplies, stationery, and gift stores"
45321,45321 Office supplies and stationery stores
453210,453210 Office supplies and stationery stores
45322,"45322 Gift, novelty, and souvenir stores"
453220,"453220 Gift, novelty, and souvenir stores"
4533,4533 Used merchandise stores
45331,45331 Used merchandise stores
453310,453310 Used merchandise stores
4539,4539 Other miscellaneous store retailers
45391,45391 Pet and pet supplies stores
453910,453910 Pet and pet supplies stores
45392,45392 Art dealers
453920,453920 Art dealers
45393,"45393 Manufactured, mobile, home dealers"
453930,"453930 Manufactured, mobile, home dealers"
45399,45399 All other miscellaneous store retailers
453991,453991 Tobacco stores
453998,453998 Store retailers not specified elsewhere
454,454 Nonstore retailers
4541,4541 Electronic shopping and mail-order houses
45411,45411 Electronic shopping and mail-order houses
454110,454110 Electronic shopping and mail-order houses
454111,454111 Electronic shopping
454112,454112 Electronic auctions
454113,454113 Mail-order houses
4542,4542 Vending machine operators
45421,45421 Vending machine operators
454210,454210 Vending machine operators
4543,4543 Direct selling establishments
45431,45431 Fuel dealers
454310,454310 Fuel dealers
454311,454311 Heating oil dealers
454312,"454312 Liquefied petroleum gas, bottled gas, dealers"
454319,454319 Other fuel dealers
45439,45439 Other direct selling establishments
454390,454390 Other direct selling establishments
455,455 General merchandise retailers
4551,4551 Department stores
45511,45511 Department stores
455110,455110 Department stores
4552,"4552 Warehouse clubs, supercenters, and other general merchandise retailers"
45521,"45521 Warehouse clubs, supercenters, and other general merchandise retailers"
455211,455211 Warehouse clubs and supercenters
455219,455219 All other general merchandise retailers
456,456 Health and personal care retailers
4561,4561 Health and personal care retailers
45611,45611 Pharmacies and drug retailers
456110,456110 Pharmacies and drug retailers
45612,"45612 Cosmetics, beauty supplies, and perfume retailers"
456120,"456120 Cosmetics, beauty supplies, and perfume retailers"
45613,45613 Optical goods retailers
456130,456130 Optical goods retailers
45619,45619 Other health and personal care retailers
456191,456191 Food (health) supplement retailers
456199,456199 All other health and personal care retailers
457,457 Gasoline stations and fuel dealers
4571,4571 Gasoline stations
45711,45711 Gasoline stations with convenience stores
457110,457110 Gasoline stations with convenience stores
45712,45712 Other gasoline stations
457120,457120 Other gasoline stations
4572,4572 Fuel dealers
45721,45721 Fuel dealers
457210,457210 Fuel dealers
458,"458 Clothing, clothing accessories, shoe, and jewelry retailers"
4581,4581 Clothing and clothing accessories retailers
45811,45811 Clothing and clothing accessories retailers
458110,458110 Clothing and clothing accessories retailers
4582,4582 Shoe retailers
45821,45821 Shoe retailers
458210,458210 Shoe retailers
4583,"4583 Jewelry, luggage, and leather goods retailers"
45831,45831 Jewelry retailers
458310,458310 Jewelry retailers
45832,45832 Luggage and leather goods retailers
458320,458320 Luggage and leather goods retailers
459,"459 Sporting goods, hobby, musical instrument, book, and miscellaneous retailers"
4591,"4591 Sporting goods, hobby, and musical instrument retailers"
45911,45911 Sporting goods retailers
459110,459110 Sporting goods retailers
45912,"45912 Hobby, toy, and game retailers"
459120,"459120 Hobby, toy, and game retailers"
45913,"45913 Sewing, needlework, and piece goods retailers"
459130,"459130 Sewing, needlework, and piece goods retailers"
45914,45914 Musical instrument and supplies retailers
459140,459140 Musical instrument and supplies retailers
4592,4592 Book retailers and news dealers
45921,45921 Book retailers and news dealers
459210,459210 Book retailers and news dealers
4593,4593 Florists
45931,45931 Florists
459310,459310 Florists
4594,"4594 Office supplies, stationery, and gift retailers"
45941,45941 Office supplies and stationery retailers
459410,459410 Office supplies and stationery retailers
45942,"45942 Gift, novelty, and souvenir retailers"
459420,"459420 Gift, novelty, and souvenir retailers"
4595,4595 Used merchandise retailers
45951,45951 Used merchandise retailers
459510,459510 Used merchandise retailers
4599,4599 Other miscellaneous retailers
45991,45991 Pet and pet supplies retailers
459910,459910 Pet and pet supplies retailers
45992,45992 Art dealers
459920,459920 Art dealers
45993,45993 Manufactured (mobile) home dealers
459930,459930 Manufactured (mobile) home dealers
45999,45999 All other miscellaneous retailers
459991,"459991 Tobacco, electronic cigarette, and other smoking supplies retailers"
459999,459999 All other miscellaneous retailers
481,481 Air transportation
4811,4811 Scheduled air transportation
48111,48111 Scheduled air transportation
481111,481111 Scheduled passenger air transportation
481112,481112 Scheduled freight air transportation
4812,4812 Nonscheduled air transportation
48121,48121 Nonscheduled air transportation
481211,481211 Nonscheduled chartered passenger air transportation
481212,481212 Nonscheduled chartered freight air transportation
481219,481219 Other nonscheduled air transportation
482,482 Rail transportation
4821,4821 Rail transportation
48211,48211 Rail transportation
482111,482111 Line-haul railroads
482112,482112 Short line railroads
483,483 Water transportation
4831,"4831 Deep sea, coastal, and great lakes water transportation"
48311,"48311 Deep sea, coastal, and great lakes water transportation"
483111,483111 Deep sea freight transportation
483112,483112 Deep sea passenger transportation
483113,483113 Coastal and great lakes freight transportation
483114,483114 Coastal and great lakes passenger transportation
4832,4832 Inland water transportation
48321,48321 Inland water transportation
483211,483211 Inland water freight transportation
483212,483212 Inland water passenger transportation
484,484 Truck transportation
4841,4841 General freight trucking
48411,"48411 General freight trucking, local"
484110,"484110 General freight trucking, local"
48412,"48412 General freight trucking, long-distance"
484121,"484121 General freight trucking, long-distance, truckload"
484122,"484122 General freight trucking, long-distance, less than truckload"
4842,4842 Specialized freight trucking
48421,48421 Used household and office goods moving
484210,484210 Used household and office goods moving
48422,"48422 Specialized freight (except used goods) trucking, local"
484220,"484220 Specialized freight (except used goods) trucking, local"
48423,"48423 Specialized freight (except used goods) trucking, long-distance"
484230,"484230 Specialized freight (except used goods) trucking, long-distance"
48-49,48-49 Transportation and warehousing
485,485 Transit and ground passenger transportation
4851,4851 Urban transit systems
48511,48511 Urban transit systems
485111,485111 Mixed mode transit systems
485112,485112 Commuter rail systems
485113,485113 Bus and other motor vehicle transit systems
485119,485119 Other urban transit systems
4852,4852 Interurban and rural bus transportation
48521,48521 Interurban and rural bus transportation
485210,485210 Interurban and rural bus transportation
4853,4853 Taxi and limousine service
48531,48531 Taxi and ridesharing services
485310,485310 Taxi and ridesharing services
48532,48532 Limousine service
485320,485320 Limousine service
4854,4854 School and employee bus transportation
48541,48541 School and employee bus transportation
485410,485410 School and employee bus transportation
4855,4855 Charter bus industry
48551,48551 Charter bus industry
485510,485510 Charter bus industry
4859,4859 Other transit and ground passenger transportation
48599,48599 Other transit and ground passenger transportation
485991,485991 Special needs transportation
485999,485999 All other transit and ground passenger transportation
486,486 Pipeline transportation
4861,4861 Pipeline transportation of crude oil
48611,48611 Pipeline transportation of crude oil
486110,486110 Pipeline transportation of crude oil
4862,4862 Pipeline transportation of natural gas
48621,48621 Pipeline transportation of natural gas
486210,486210 Pipeline transportation of natural gas
4869,4869 Other pipeline transportation
48691,48691 Pipeline transportation of refined petroleum products
486910,486910 Pipeline transportation of refined petroleum products
48699,48699 All other pipeline transportation
486990,486990 All other pipeline transportation
487,487 Scenic and sightseeing transportation
4871,"4871 Scenic and sightseeing transportation, land"
48711,"48711 Scenic and sightseeing transportation, land"
487110,"487110 Scenic and sightseeing transportation, land"
4872,"4872 Scenic and sightseeing transportation, water"
48721,"48721 Scenic and sightseeing transportation, water"
487210,"487210 Scenic and sightseeing transportation, water"
4879,"4879 Scenic and sightseeing transportation, other"
48799,"48799 Scenic and sightseeing transportation, other"
487990,"487990 Scenic and sightseeing transportation, other"
488,488 Support activities for transportation
4881,4881 Support activities for air transportation
48811,48811 Airport operations
488111,488111 Air traffic control
488119,488119 Other airport operations
48819,48819 Other support activities for air transportation
488190,488190 Other support activities for air transportation
4882,4882 Support activities for rail transportation
48821,48821 Support activities for rail transportation
488210,488210 Support activities for rail transportation
4883,4883 Support activities for water transportation
48831,48831 Port and harbor operations
488310,488310 Port and harbor operations
48832,48832 Marine cargo handling
488320,488320 Marine cargo handling
48833,48833 Navigational services to shipping
488330,488330 Navigational services to shipping
48839,48839 Other support activities for water transportation
488390,488390 Other support activities for water transportation
4884,4884 Support activities for road transportation
48841,48841 Motor vehicle towing
488410,488410 Motor vehicle towing
48849,48849 Other support activities for road transportation
488490,488490 Other support activities for road transportation
4885,4885 Freight transportation arrangement
48851,48851 Freight transportation arrangement
488510,488510 Freight transportation arrangement
4889,4889 Other support activities for transportation
48899,48899 Other support activities for transportation
488991,488991 Packing and crating
488999,488999 All other support activities for transportation
491,491 Postal service
4911,4911 Postal service
49111,49111 Postal service
491110,491110 Postal service
492,492 Couriers and messengers
4921,4921 Couriers and express delivery services
49211,49211 Couriers and express delivery services
492110,492110 Couriers and express delivery services
4922,4922 Local messengers and local delivery
49221,49221 Local messengers and local delivery
492210,492210 Local messengers and local delivery
493,493 Warehousing and storage
4931,4931 Warehousing and storage
49311,49311 General warehousing and storage
493110,493110 General warehousing and storage
49312,49312 Refrigerated warehousing and storage
493120,493120 Refrigerated warehousing and storage
49313,49313 Farm product warehousing and storage
493130,493130 Farm product warehousing and storage
49319,49319 Other warehousing and storage
493190,493190 Other warehousing and storage
51,51 Information
511,"511 Publishing industries, except internet"
5111,"5111 Newspaper, book, and directory publishers"
51111,51111 Newspaper publishers
511110,511110 Newspaper publishers
51112,51112 Periodical publishers
511120,511120 Periodical publishers
51113,51113 Book publishers
511130,511130 Book publishers
51114,51114 Directory and mailing list publishers
511140,511140 Directory and mailing list publishers
51119,51119 Other publishers
511191,511191 Greeting card publishers
511199,511199 All other publishers
5112,5112 Software publishers
51121,51121 Software publishers
511210,511210 Software publishers
512,512 Motion picture and sound recording industries
5121,5121 Motion picture and video industries
51211,51211 Motion picture and video production
512110,512110 Motion picture and video production
51212,51212 Motion picture and video distribution
512120,512120 Motion picture and video distribution
51213,51213 Motion picture and video exhibition
512131,512131 Motion picture theaters (except drive-ins)
512132,512132 Drive-in motion picture theaters
51219,51219 Postproduction services and other motion picture and video industries
512191,512191 Teleproduction and other postproduction services
512199,512199 Other motion picture and video industries
5122,5122 Sound recording industries
51221,51221 Record production
512210,512210 Record production
51222,51222 Integrated record production and distribution
512220,512220 Integrated record production and distribution
51223,51223 Music publishers
512230,512230 Music publishers
51224,51224 Sound recording studios
512240,512240 Sound recording studios
51225,51225 Record production and distribution
512250,512250 Record production and distribution
51229,51229 Other sound recording industries
512290,512290 Other sound recording industries
513,513 Publishing industries
5131,"5131 Newspaper, periodical, book, and directory publishers"
51311,51311 Newspaper publishers
513110,513110 Newspaper publishers
51312,51312 Periodical publishers
513120,513120 Periodical publishers
51313,51313 Book publishers
513130,513130 Book publishers
51314,51314 Directory and mailing list publishers
513140,513140 Directory and mailing list publishers
51319,51319 Other publishers
513191,513191 Greeting card publishers
513199,513199 All other publishers
5132,5132 Software publishers
51321,51321 Software publishers
513210,513210 Software publishers
515,"515 Broadcasting, except internet"
5151,5151 Radio and television broadcasting
51511,51511 Radio broadcasting
515111,515111 Radio networks
515112,515112 Radio stations
51512,51512 Television broadcasting
515120,515120 Television broadcasting
5152,5152 Cable and other subscription programming
51521,51521 Cable and other subscription programming
515210,515210 Cable and other subscription programming
516,516 Broadcasting and content providers
5161,5161 Radio and television broadcasting stations
51611,51611 Radio broadcasting stations
516110,516110 Radio broadcasting stations
51612,51612 Television broadcasting stations
516120,516120 Television broadcasting stations
5162,"5162 Media streaming distribution services, social networks, and other media networks and content providers"
51621,"51621 Media streaming distribution services, social networks, and other media networks and content providers"
516210,"516210 Media streaming distribution services, social networks, and other media networks and content providers"
517,517 Telecommunications
5171,5171 Wired and wireless telecommunications (except satellite)
51711,51711 Wired and wireless telecommunications carriers (except satellite)
517110,517110 Wired telecommunications carriers
517111,517111 Wired telecommunications carriers
517112,517112 Wireless telecommunications carriers (except satellite)
51712,51712 Telecommunications resellers and agents for wireless telecommunication services
517121,517121 Telecommunications resellers
5172,5172 Wireless telecommunications carriers
51721,51721 Wireless telecommunications carriers
517210,517210 Wireless telecommunications carriers
517211,517211 Paging
517212,517212 Cellular and other wireless carriers
5173,5173 Wired and wireless telecommunications carriers
51731,51731 Wired and wireless telecommunications carriers
517310,517310 Telecommunications resellers
517311,517311 Wired telecommunications carriers
517312,517312 Wireless telecommunications carriers (except satellite)
5174,5174 Satellite telecommunications
51741,51741 Satellite telecommunications
517410,517410 Satellite telecommunications
5175,5175 Cable and other program distribution
51751,51751 Cable and other program distribution
517510,517510 Cable and other program distribution
5178,5178 All other telecommunications
51781,51781 All other telecommunications
517810,517810 All other telecommunications
5179,5179 Other telecommunications
51791,51791 Other telecommunications
517910,517910 Other telecommunications
517911,517911 Telecommunications resellers
517919,517919 All other telecommunications
518,"518 Computing infrastructure providers, data processing, web hosting, and related services"
5181,5181 Isps and web search portals
51811,51811 Isps and web search portals
518111,518111 Internet service providers
518112,518112 Web search portals
5182,"5182 Computing infrastructure providers, data processing, web hosting, and related services"
51821,"51821 Computing infrastructure providers, data processing, web hosting, and related services"
518210,"518210 Computing infrastructure providers, data processing, web hosting, and related services"
519,"519 Web search portals, libraries, archives, and other information services"
5191,5191 Other information services
51911,51911 News syndicates
519110,519110 News syndicates
51912,51912 Libraries and archives
519120,519120 Libraries and archives
51913,51913 Internet publishing and web search portals
519130,519130 Internet publishing and web search portals
51919,51919 All other information services
519190,519190 All other information services
5192,"5192 Web search portals, libraries, archives, and other information services"
51921,51921 Libraries and archives
519210,519210 Libraries and archives
51929,51929 Web search portals and all other information services
519290,519290 Web search portals and all other information services
52,52 Finance and insurance
521,521 Monetary authorities-central bank
5211,5211 Monetary authorities-central bank
52111,52111 Monetary authorities-central bank
521110,521110 Monetary authorities-central bank
522,522 Credit intermediation and related activities
5221,5221 Depository credit intermediation
52211,52211 Commercial banking
522110,522110 Commercial banking
52212,52212 Savings institutions
522120,522120 Savings institutions
52213,52213 Credit unions
522130,522130 Credit unions
52218,52218 Savings institutions and other depository credit intermediation
522180,522180 Savings institutions and other depository credit intermediation
52219,52219 Other depository credit intermediation
522190,522190 Other depository credit intermediation
5222,5222 Nondepository credit intermediation
52221,52221 Credit card issuing
522210,522210 Credit card issuing
52222,52222 Sales financing
522220,522220 Sales financing
52229,52229 Other nondepository credit intermediation
522291,522291 Consumer lending
522292,522292 Real estate credit
522293,522293 International trade financing
522294,522294 Secondary market financing
522298,522298 All other nondepository credit intermediation
522299,"522299 International, secondary market, and all other nondepository credit intermediation"
5223,5223 Activities related to credit intermediation
52231,52231 Mortgage and nonmortgage loan brokers
522310,522310 Mortgage and nonmortgage loan brokers
52232,"52232 Financial transactions processing, reserve, and clearinghouse activities"
522320,"522320 Financial transactions processing, reserve, and clearinghouse activities"
52239,52239 Other activities related to credit intermediation
522390,522390 Other activities related to credit intermediation
523,"523 Securities, commodity contracts, and other financial investments and related activities"
5231,5231 Securities and commodity contracts intermediation and brokerage
52311,52311 Investment banking and securities dealing
523110,523110 Investment banking and securities dealing
52312,52312 Securities brokerage
523120,523120 Securities brokerage
52313,52313 Commodity contracts dealing
523130,523130 Commodity contracts dealing
52314,52314 Commodity contracts brokerage
523140,523140 Commodity contracts brokerage
52315,52315 Investment banking and securities intermediation
523150,523150 Investment banking and securities intermediation
52316,52316 Commodity contracts intermediation
523160,523160 Commodity contracts intermediation
5232,5232 Securities and commodity exchanges
52321,52321 Securities and commodity exchanges
523210,523210 Securities and commodity exchanges
5239,5239 Other financial investment activities
52391,52391 Miscellaneous intermediation
523910,523910 Miscellaneous intermediation
52392,52392 Portfolio management
523920,523920 Portfolio management
52393,52393 Investment advice
523930,523930 Investment advice
52394,52394 Portfolio management and investment advice
523940,523940 Portfolio management and investment advice
52399,52399 All other financial investment activities
523991,"523991 Trust, fiduciary, and custody activities"
523999,523999 Miscellaneous financial investment activities
524,524 Insurance carriers and related activities
5241,5241 Insurance carriers
52411,"52411 Direct life, health, and medical insurance carriers"
524113,524113 Direct life insurance carriers
524114,524114 Direct health and medical insurance carriers
52412,"52412 Direct insurance (except life, health, and medical) carriers"
524126,524126 Direct property and casualty insurance carriers
524127,524127 Direct title insurance carriers
524128,"524128 Other direct insurance (except life, health, and medical) carriers"
52413,52413 Reinsurance carriers
524130,524130 Reinsurance carriers
5242,"5242 Agencies, brokerages, and other insurance related activities"
52421,52421 Insurance agencies and brokerages
524210,524210 Insurance agencies and brokerages
52429,52429 Other insurance related activities
524291,524291 Claims adjusting
524292,524292 Pharmacy benefit management and other third party administration of insurance and pension funds
524298,524298 All other insurance related activities
525,"525 Funds, trusts, and other financial vehicles"
5251,5251 Insurance and employee benefit funds
52511,52511 Pension funds
525110,525110 Pension funds
52512,52512 Health and welfare funds
525120,525120 Health and welfare funds
52519,52519 Other insurance funds
525190,525190 Other insurance funds
5259,5259 Other investment pools and funds
52591,52591 Open-end investment funds
525910,525910 Open-end investment funds
52592,"52592 Trusts, estates, and agency accounts"
525920,"525920 Trusts, estates, and agency accounts"
52593,52593 Real estate investment trusts
525930,525930 Real estate investment trusts
52599,52599 Other financial vehicles
525990,525990 Other financial vehicles
53,53 Real estate and rental and leasing
531,531 Real estate
5311,5311 Lessors of real estate
53111,53111 Lessors of residential buildings and dwellings
531110,531110 Lessors of residential buildings and dwellings
53112,53112 Lessors of nonresidential buildings (except miniwarehouses)
531120,531120 Lessors of nonresidential buildings (except miniwarehouses)
53113,53113 Lessors of miniwarehouses and self-storage units
531130,531130 Lessors of miniwarehouses and self-storage units
53119,53119 Lessors of other real estate property
531190,531190 Lessors of other real estate property
5312,5312 Offices of real estate agents and brokers
53121,53121 Offices of real estate agents and brokers
531210,531210 Offices of real estate agents and brokers
5313,5313 Activities related to real estate
53131,53131 Real estate property managers
531311,531311 Residential property managers
531312,531312 Nonresidential property managers
53132,53132 Offices of real estate appraisers
531320,531320 Offices of real estate appraisers
53139,53139 Other activities related to real estate
531390,531390 Other activities related to real estate
532,532 Rental and leasing services
5321,5321 Automotive equipment rental and leasing
53211,53211 Passenger car rental and leasing
532111,532111 Passenger car rental
532112,532112 Passenger car leasing
53212,"53212 Truck, utility trailer, and rv (recreational vehicle) rental and leasing"
532120,"532120 Truck, utility trailer, and rv (recreational vehicle) rental and leasing"
5322,5322 Consumer goods rental
53221,53221 Consumer electronics and appliances rental
532210,532210 Consumer electronics and appliances rental
53222,53222 Formal wear and costume rental
532220,532220 Formal wear and costume rental
53223,53223 Video tape and disc rental
532230,532230 Video tape and disc rental
53228,53228 Other consumer goods rental
532281,532281 Formal wear and costume rental
532282,532282 Video tape and disc rental
532283,532283 Home health equipment rental
532284,532284 Recreational goods rental
532289,532289 All other consumer goods rental
53229,53229 Other consumer goods rental
532291,532291 Home health equipment rental
532292,532292 Recreational goods rental
532299,532299 All other consumer goods rental
5323,5323 General rental centers
53231,53231 General rental centers
532310,532310 General rental centers
5324,5324 Commercial and industrial machinery and equipment rental and leasing
53241,"53241 Construction, transportation, mining, and forestry machinery and equipment rental and leasing"
532411,"532411 Commercial air, rail, and water transportation equipment rental and leasing"
532412,"532412 Construction, mining, and forestry machinery and equipment rental and leasing"
53242,53242 Office machinery and equipment rental and leasing
532420,532420 Office machinery and equipment rental and leasing
53249,53249 Other commercial and industrial machinery and equipment rental and leasing
532490,532490 Other commercial and industrial machinery and equipment rental and leasing
533,533 Lessors of nonfinancial intangible assets (except copyrighted works)
5331,5331 Lessors of nonfinancial intangible assets (except copyrighted works)
53311,53311 Lessors of nonfinancial intangible assets (except copyrighted works)
533110,533110 Lessors of nonfinancial intangible assets (except copyrighted works)
54,"54 Professional, scientific, and technical services"
541,"541 Professional, scientific, and technical services"
5411,5411 Legal services
54111,54111 Offices of lawyers
541110,541110 Offices of lawyers
54112,54112 Offices of notaries
541120,541120 Offices of notaries
54119,54119 Other legal services
541191,541191 Title abstract and settlement offices
541199,541199 All other legal services
5412,"5412 Accounting, tax preparation, bookkeeping, and payroll services"
54121,"54121 Accounting, tax preparation, bookkeeping, and payroll services"
541211,541211 Offices of certified public accountants
541213,541213 Tax preparation services
541214,541214 Payroll services
541219,541219 Other accounting services
5413,"5413 Architectural, engineering, and related services"
54131,54131 Architectural services
541310,541310 Architectural services
54132,54132 Landscape architectural services
541320,541320 Landscape architectural services
54133,54133 Engineering services
541330,541330 Engineering services
54134,54134 Drafting services
541340,541340 Drafting services
54135,54135 Building inspection services
541350,541350 Building inspection services
54136,54136 Geophysical surveying and mapping services
541360,541360 Geophysical surveying and mapping services
54137,54137 Surveying and mapping (except geophysical) services
541370,541370 Surveying and mapping (except geophysical) services
54138,54138 Testing laboratories and services
541380,541380 Testing laboratories and services
5414,5414 Specialized design services
54141,54141 Interior design services
541410,541410 Interior design services
54142,54142 Industrial design services
541420,541420 Industrial design services
54143,54143 Graphic design services
541430,541430 Graphic design services
54149,54149 Other specialized design services
541490,541490 Other specialized design services
5415,5415 Computer systems design and related services
54151,54151 Computer systems design and related services
541511,541511 Custom computer programming services
541512,541512 Computer systems design services
541513,541513 Computer facilities management services
541519,541519 Other computer related services
5416,"5416 Management, scientific, and technical consulting services"
54161,54161 Management consulting services
541611,541611 Administrative management and general management consulting services
541612,541612 Human resources consulting services
541613,541613 Marketing consulting services
541614,"541614 Process, physical distribution, and logistics consulting services"
541618,541618 Other management consulting services
54162,54162 Environmental consulting services
541620,541620 Environmental consulting services
54169,54169 Other scientific and technical consulting services
541690,541690 Other scientific and technical consulting services
5417,5417 Scientific research and development services
54171,"54171 Research and development in the physical, engineering, and life sciences"
541710,"541710 Physical, engineering and biological research"
541711,541711 Research and development in biotechnology
541712,541712 Other physical and biological research
541713,541713 Research and development in nanotechnology
541714,541714 Research and development in biotechnology (except nanobiotechnology)
541715,"541715 Research and development in the physical, engineering, and life sciences (except nanotechnology and biotechnology)"
54172,54172 Research and development in the social sciences and humanities
541720,541720 Research and development in the social sciences and humanities
5418,"5418 Advertising, public relations, and related services"
54181,54181 Advertising agencies
541810,541810 Advertising agencies
54182,54182 Public relations agencies
541820,541820 Public relations agencies
54183,54183 Media buying agencies
541830,541830 Media buying agencies
54184,54184 Media representatives
541840,541840 Media representatives
54185,54185 Indoor and outdoor display advertising
541850,541850 Indoor and outdoor display advertising
54186,54186 Direct mail advertising
541860,541860 Direct mail advertising
54187,54187 Advertising material distribution services
541870,541870 Advertising material distribution services
54189,54189 Other services related to advertising
541890,541890 Other services related to advertising
5419,"5419 Other professional, scientific, and technical services"
54191,54191 Marketing research and public opinion polling
541910,541910 Marketing research and public opinion polling
54192,54192 Photographic services
541921,"541921 Photography studios, portrait"
541922,541922 Commercial photography
54193,54193 Translation and interpretation services
541930,541930 Translation and interpretation services
54194,54194 Veterinary services
541940,541940 Veterinary services
54199,"54199 All other professional, scientific, and technical services"
541990,"541990 All other professional, scientific, and technical services"
55,55 Management of companies and enterprises
551,551 Management of companies and enterprises
5511,5511 Management of companies and enterprises
55111,55111 Management of companies and enterprises
551111,551111 Offices of bank holding companies
551112,551112 Offices of other holding companies
551114,"551114 Corporate, subsidiary, and regional managing offices"
56,56 Administrative and support and waste management and remediation services
561,561 Administrative and support services
5611,5611 Office administrative services
56111,56111 Office administrative services
561110,561110 Office administrative services
5612,5612 Facilities support services
56121,56121 Facilities support services
561210,561210 Facilities support services
5613,5613 Employment services
56131,56131 Employment placement agencies and executive search services
561310,561310 Employment placement agencies
561311,561311 Employment placement agencies
561312,561312 Executive search services
56132,56132 Temporary help services
561320,561320 Temporary help services
56133,56133 Professional employer organizations
561330,561330 Professional employer organizations
5614,5614 Business support services
56141,56141 Document preparation services
561410,561410 Document preparation services
56142,56142 Telephone call centers
561421,561421 Telephone answering services
561422,561422 Telemarketing bureaus and other contact centers
56143,56143 Business service centers
561431,561431 Private mail centers
561439,561439 Other business service centers (including copy shops)
56144,56144 Collection agencies
561440,561440 Collection agencies
56145,56145 Credit bureaus
561450,561450 Credit bureaus
56149,56149 Other business support services
561491,561491 Repossession services
561492,561492 Court reporting and stenotype services
561499,561499 All other business support services
5615,5615 Travel arrangement and reservation services
56151,56151 Travel agencies
561510,561510 Travel agencies
56152,56152 Tour operators
561520,561520 Tour operators
56159,56159 Other travel arrangement and reservation services
561591,561591 Convention and visitors bureaus
561599,561599 All other travel arrangement and reservation services
5616,5616 Investigation and security services
56161,"56161 Investigation, guard, and armored car services"
561611,561611 Investigation and personal background check services
561612,561612 Security guards and patrol services
561613,561613 Armored car services
56162,56162 Security systems services
561621,561621 Security systems services (except locksmiths)
561622,561622 Locksmiths
5617,5617 Services to buildings and dwellings
56171,56171 Exterminating and pest control services
561710,561710 Exterminating and pest control services
56172,56172 Janitorial services
561720,561720 Janitorial services
56173,56173 Landscaping services
561730,561730 Landscaping services
56174,56174 Carpet and upholstery cleaning services
561740,561740 Carpet and upholstery cleaning services
56179,56179 Other services to buildings and dwellings
561790,561790 Other services to buildings and dwellings
5619,5619 Other support services
56191,56191 Packaging and labeling services
561910,561910 Packaging and labeling services
56192,56192 Convention and trade show organizers
561920,561920 Convention and trade show organizers
56199,56199 All other support services
561990,561990 All other support services
562,562 Waste management and remediation services
5621,5621 Waste collection
56211,56211 Waste collection
562111,562111 Solid waste collection
562112,562112 Hazardous waste collection
562119,562119 Other waste collection
5622,5622 Waste treatment and disposal
56221,56221 Waste treatment and disposal
562211,562211 Hazardous waste treatment and disposal
562212,562212 Solid waste landfill
562213,562213 Solid waste combustors and incinerators
562219,562219 Other nonhazardous waste treatment and disposal
5629,5629 Remediation and other waste management services
56291,56291 Remediation services
562910,562910 Remediation services
56292,56292 Materials recovery facilities
562920,562920 Materials recovery facilities
56299,56299 All other waste management services
562991,562991 Septic tank and related services
562998,562998 All other miscellaneous waste management services
61,61 Educational services
611,611 Educational services
6111,6111 Elementary and secondary schools
61111,61111 Elementary and secondary schools
611110,611110 Elementary and secondary schools
6112,6112 Junior colleges
61121,61121 Junior colleges
611210,611210 Junior colleges
6113,"6113 Colleges, universities, and professional schools"
61131,"61131 Colleges, universities, and professional schools"
611310,"611310 Colleges, universities, and professional schools"
6114,6114 Business schools and computer and management training
61141,61141 Business and secretarial schools
611410,611410 Business and secretarial schools
61142,61142 Computer training
611420,611420 Computer training
61143,61143 Professional and management development training
611430,611430 Professional and management development training
6115,6115 Technical and trade schools
61151,61151 Technical and trade schools
611511,611511 Cosmetology and barber schools
611512,611512 Flight training
611513,611513 Apprenticeship training
611519,611519 Other technical and trade schools
6116,6116 Other schools and instruction
61161,61161 Fine arts schools
611610,611610 Fine arts schools
61162,61162 Sports and recreation instruction
611620,611620 Sports and recreation instruction
61163,61163 Language schools
611630,611630 Language schools
61169,61169 All other schools and instruction
611691,611691 Exam preparation and tutoring
611692,611692 Automobile driving schools
611699,611699 All other miscellaneous schools and instruction
6117,6117 Educational support services
61171,61171 Educational support services
611710,611710 Educational support services
62,62 Health care and social assistance
621,621 Ambulatory health care services
6211,6211 Offices of physicians
62111,62111 Offices of physicians
621111,621111 Offices of physicians (except mental health specialists)
621112,"621112 Offices of physicians, mental health specialists"
6212,6212 Offices of dentists
62121,62121 Offices of dentists
621210,621210 Offices of dentists
6213,6213 Offices of other health practitioners
62131,62131 Offices of chiropractors
621310,621310 Offices of chiropractors
62132,62132 Offices of optometrists
621320,621320 Offices of optometrists
62133,62133 Offices of mental health practitioners (except physicians)
621330,621330 Offices of mental health practitioners (except physicians)
62134,"62134 Offices of physical, occupational and speech therapists, and audiologists"
621340,"621340 Offices of physical, occupational and speech therapists, and audiologists"
62139,62139 Offices of all other health practitioners
621391,621391 Offices of podiatrists
621399,621399 Offices of all other miscellaneous health practitioners
6214,6214 Outpatient care centers
62141,62141 Family planning centers
621410,621410 Family planning centers
62142,62142 Outpatient mental health and substance abuse centers
621420,621420 Outpatient mental health and substance abuse centers
62149,62149 Other outpatient care centers
621491,621491 Hmo medical centers
621492,621492 Kidney dialysis centers
621493,621493 Freestanding ambulatory surgical and emergency centers
621498,621498 All other outpatient care centers
6215,6215 Medical and diagnostic laboratories
62151,62151 Medical and diagnostic laboratories
621511,621511 Medical laboratories
621512,621512 Diagnostic imaging centers
6216,6216 Home health care services
62161,62161 Home health care services
621610,621610 Home health care services
6219,6219 Other ambulatory health care services
62191,62191 Ambulance services
621910,621910 Ambulance services
62199,62199 All other ambulatory health care services
621991,621991 Blood and organ banks
621999,621999 All other miscellaneous ambulatory health care services
622,622 Hospitals
6221,6221 General medical and surgical hospitals
62211,62211 General medical and surgical hospitals
622110,622110 General medical and surgical hospitals
6222,6222 Psychiatric and substance abuse hospitals
62221,62221 Psychiatric and substance abuse hospitals
622210,622210 Psychiatric and substance abuse hospitals
6223,6223 Specialty (except psychiatric and substance abuse) hospitals
62231,62231 Specialty (except psychiatric and substance abuse) hospitals
622310,622310 Specialty (except psychiatric and substance abuse) hospitals
623,623 Nursing and residential care facilities
6231,6231 Nursing care facilities (skilled nursing facilities)
62311,62311 Nursing care facilities (skilled nursing facilities)
623110,623110 Nursing care facilities (skilled nursing facilities)
6232,"6232 Residential intellectual and developmental disability, mental health, and substance abuse facilities"
62321,62321 Residential intellectual and developmental disability facilities
623210,623210 Residential intellectual and developmental disability facilities
62322,62322 Residential mental health and substance abuse facilities
623220,623220 Residential mental health and substance abuse facilities
6233,6233 Continuing care retirement communities and assisted living facilities for the elderly
62331,62331 Continuing care retirement communities and assisted living facilities for the elderly
623311,623311 Continuing care retirement communities
623312,623312 Assisted living facilities for the elderly
6239,6239 Other residential care facilities
62399,62399 Other residential care facilities
623990,623990 Other residential care facilities
624,624 Social assistance
6241,6241 Individual and family services
62411,62411 Child and youth services
624110,624110 Child and youth services
62412,62412 Services for the elderly and persons with disabilities
624120,624120 Services for the elderly and persons with disabilities
62419,62419 Other individual and family services
624190,624190 Other individual and family services
6242,"6242 Community food and housing, and emergency and other relief services"
62421,62421 Community food services
624210,624210 Community food services
62422,62422 Community housing services
624221,624221 Temporary shelters
624229,624229 Other community housing services
62423,62423 Emergency and other relief services
624230,624230 Emergency and other relief services
6243,6243 Vocational rehabilitation services
62431,62431 Vocational rehabilitation services
624310,624310 Vocational rehabilitation services
6244,6244 Child care services
62441,62441 Child care services
624410,624410 Child care services
71,"71 Arts, entertainment, and recreation"
711,"711 Performing arts, spectator sports, and related industries"
7111,7111 Performing arts companies
71111,71111 Theater companies and dinner theaters
711110,711110 Theater companies and dinner theaters
71112,71112 Dance companies
711120,711120 Dance companies
71113,71113 Musical groups and artists
711130,711130 Musical groups and artists
71119,71119 Other performing arts companies
711190,711190 Other performing arts companies
7112,7112 Spectator sports
71121,71121 Spectator sports
711211,711211 Sports teams and clubs
711212,711212 Racetracks
711219,711219 Other spectator sports
7113,"7113 Promoters of performing arts, sports, and similar events"
71131,"71131 Promoters of performing arts, sports, and similar events with facilities"
711310,"711310 Promoters of performing arts, sports, and similar events with facilities"
71132,"71132 Promoters of performing arts, sports, and similar events without facilities"
711320,"711320 Promoters of performing arts, sports, and similar events without facilities"
7114,"7114 Agents and managers for artists, athletes, entertainers, and other public figures"
71141,"71141 Agents and managers for artists, athletes, entertainers, and other public figures"
711410,"711410 Agents and managers for artists, athletes, entertainers, and other public figures"
7115,"7115 Independent artists, writers, and performers"
71151,"71151 Independent artists, writers, and performers"
711510,"711510 Independent artists, writers, and performers"
712,"712 Museums, historical sites, and similar institutions"
7121,"7121 Museums, historical sites, and similar institutions"
71211,71211 Museums
712110,712110 Museums
71212,71212 Historical sites
712120,712120 Historical sites
71213,71213 Zoos and botanical gardens
712130,712130 Zoos and botanical gardens
71219,71219 Nature parks and other similar institutions
712190,712190 Nature parks and other similar institutions
713,"713 Amusement, gambling, and recreation industries"
7131,7131 Amusement parks and arcades
71311,71311 Amusement and theme parks
713110,713110 Amusement and theme parks
71312,71312 Amusement arcades
713120,713120 Amusement arcades
7132,7132 Gambling industries
71321,71321 Casinos (except casino hotels)
713210,713210 Casinos (except casino hotels)
71329,71329 Other gambling industries
713290,713290 Other gambling industries
7139,7139 Other amusement and recreation industries
71391,71391 Golf courses and country clubs
713910,713910 Golf courses and country clubs
71392,71392 Skiing facilities
713920,713920 Skiing facilities
71393,71393 Marinas
713930,713930 Marinas
71394,71394 Fitness and recreational sports centers
713940,713940 Fitness and recreational sports centers
71395,71395 Bowling centers
713950,713950 Bowling centers
71399,71399 All other amusement and recreation industries
713990,713990 All other amusement and recreation industries
72,72 Accommodation and food services
721,721 Accommodation
7211,7211 Traveler accommodation
72111,72111 Hotels (except casino hotels) and motels
721110,721110 Hotels (except casino hotels) and motels
72112,72112 Casino hotels
721120,721120 Casino hotels
72119,72119 Other traveler accommodation
721191,721191 Bed-and-breakfast inns
721199,721199 All other traveler accommodation
7212,7212 Rv (recreational vehicle) parks and recreational camps
72121,72121 Rv (recreational vehicle) parks and recreational camps
721211,721211 Rv (recreational vehicle) parks and campgrounds
721214,721214 Recreational and vacation camps (except campgrounds)
7213,"7213 Rooming and boarding houses, dormitories, and workers' camps"
72131,"72131 Rooming and boarding houses, dormitories, and workers' camps"
721310,"721310 Rooming and boarding houses, dormitories, and workers' camps"
722,722 Food services and drinking places
7221,7221 Full-service restaurants
72211,72211 Full-service restaurants
722110,722110 Full-service restaurants
7222,7222 Limited-service eating places
72221,72221 Limited-service eating places
722211,722211 Limited-service restaurants
722212,"722212 Cafeterias, grill buffets, and buffets"
722213,722213 Snack and nonalcoholic beverage bars
7223,7223 Special food services
72231,72231 Food service contractors
722310,722310 Food service contractors
72232,72232 Caterers
722320,722320 Caterers
72233,72233 Mobile food services
722330,722330 Mobile food services
7224,7224 Drinking places (alcoholic beverages)
72241,72241 Drinking places (alcoholic beverages)
722410,722410 Drinking places (alcoholic beverages)
7225,7225 Restaurants and other eating places
72251,72251 Restaurants and other eating places
722511,722511 Full-service restaurants
722513,722513 Limited-service restaurants
722514,"722514 Cafeterias, grill buffets, and buffets"
722515,722515 Snack and nonalcoholic beverage bars
81,81 Other services (except public administration)
811,811 Repair and maintenance
8111,8111 Automotive repair and maintenance
81111,81111 Automotive mechanical and electrical repair and maintenance
811111,811111 General automotive repair
811112,811112 Automotive exhaust system repair
811113,811113 Automotive transmission repair
811114,811114 Specialized automotive repair
811118,811118 Other automotive mechanical and elec. repair
81112,"81112 Automotive body, paint, interior, and glass repair"
811121,"811121 Automotive body, paint, and interior repair and maintenance"
811122,811122 Automotive glass replacement shops
81119,81119 Other automotive repair and maintenance
811191,811191 Automotive oil change and lubrication shops
811192,811192 Car washes
811198,811198 All other automotive repair and maintenance
8112,8112 Electronic and precision equipment repair and maintenance
81121,81121 Electronic and precision equipment repair and maintenance
811210,811210 Electronic and precision equipment repair and maintenance
811211,811211 Consumer electronics repair and maintenance
811212,811212 Computer and office machine repair
811213,811213 Communication equipment repair
811219,811219 Other electronic equipment repair
8113,8113 Commercial and industrial machinery and equipment (except automotive and electronic) repair and maintenance
81131,81131 Commercial and industrial machinery and equipment (except automotive and electronic) repair and maintenance
811310,811310 Commercial and industrial machinery and equipment (except automotive and electronic) repair and maintenance
8114,8114 Personal and household goods repair and maintenance
81141,81141 Home and garden equipment and appliance repair and maintenance
811411,811411 Home and garden equipment repair and maintenance
811412,811412 Appliance repair and maintenance
81142,81142 Reupholstery and furniture repair
811420,811420 Reupholstery and furniture repair
81143,81143 Footwear and leather goods repair
811430,811430 Footwear and leather goods repair
81149,81149 Other personal and household goods repair and maintenance
811490,811490 Other personal and household goods repair and maintenance
812,812 Personal and laundry services
8121,8121 Personal care services
81211,"81211 Hair, nail, and skin care services"
812111,812111 Barber shops
812112,812112 Beauty salons
812113,812113 Nail salons
81219,81219 Other personal care services
812191,812191 Diet and weight reducing centers
812199,812199 Other personal care services
8122,8122 Death care services
81221,81221 Funeral homes and funeral services
812210,812210 Funeral homes and funeral services
81222,81222 Cemeteries and crematories
812220,812220 Cemeteries and crematories
8123,8123 Drycleaning and laundry services
81231,81231 Coin-operated laundries and drycleaners
812310,812310 Coin-operated laundries and drycleaners
81232,81232 Drycleaning and laundry services (except coin-operated)
812320,812320 Drycleaning and laundry services (except coin-operated)
81233,81233 Linen and uniform supply
812331,812331 Linen supply
812332,812332 Industrial launderers
8129,8129 Other personal services
81291,81291 Pet care (except veterinary) services
812910,812910 Pet care (except veterinary) services
81292,81292 Photofinishing
812921,812921 Photofinishing laboratories (except one-hour)
812922,812922 One-hour photofinishing
81293,81293 Parking lots and garages
812930,812930 Parking lots and garages
81299,81299 All other personal services
812990,812990 All other personal services
813,"813 Religious, grantmaking, civic, professional, and similar organizations"
8131,8131 Religious organizations
81311,81311 Religious organizations
813110,813110 Religious organizations
8132,8132 Grantmaking and giving services
81321,81321 Grantmaking and giving services
813211,813211 Grantmaking foundations
813212,813212 Voluntary health organizations
813219,813219 Other grantmaking and giving services
8133,8133 Social advocacy organizations
81331,81331 Social advocacy organizations
813311,813311 Human rights organizations
813312,"813312 Environment, conservation and wildlife organizations"
813319,813319 Other social advocacy organizations
8134,8134 Civic and social organizations
81341,81341 Civic and social organizations
813410,813410 Civic and social organizations
8139,"8139 Business, professional, labor, political, and similar organizations"
81391,81391 Business associations
813910,813910 Business associations
81392,81392 Professional organizations
813920,813920 Professional organizations
81393,81393 Labor unions and similar labor organizations
813930,813930 Labor unions and similar labor organizations
81394,81394 Political organizations
813940,813940 Political organizations
81399,"81399 Other similar organizations (except business, professional, labor, and political organizations)"
813990,"813990 Other similar organizations (except business, professional, labor, and political organizations)"
814,814 Private households
8141,8141 Private households
81411,81411 Private households
814110,814110 Private households
92,92 Public administration
921,"921 Executive, legislative, and other general government support"
9211,"9211 Executive, legislative, and other general government support"
92111,92111 Executive offices
921110,921110 Executive offices
92112,92112 Legislative bodies
921120,921120 Legislative bodies
92113,92113 Public finance activities
921130,921130 Public finance activities
92114,"92114 Executive and legislative offices, combined"
921140,"921140 Executive and legislative offices, combined"
92115,92115 American indian and alaska native tribal governments
921150,921150 American indian and alaska native tribal governments
92119,92119 Other general government support
921190,921190 Other general government support
922,"922 Justice, public order, and safety activities"
9221,"9221 Justice, public order, and safety activities"
92211,92211 Courts
922110,922110 Courts
92212,92212 Police protection
922120,922120 Police protection
92213,92213 Legal counsel and prosecution
922130,922130 Legal counsel and prosecution
92214,92214 Correctional institutions
922140,922140 Correctional institutions
92215,92215 Parole offices and probation offices
922150,922150 Parole offices and probation offices
92216,92216 Fire protection
922160,922160 Fire protection
92219,"92219 Other justice, public order, and safety activities"
922190,"922190 Other justice, public order, and safety activities"
923,923 Administration of human resource programs
9231,9231 Administration of human resource programs
92311,92311 Administration of education programs
923110,923110 Administration of education programs
92312,92312 Administration of public health programs
923120,923120 Administration of public health programs
92313,"92313 Administration of human resource programs (except education, public health, and veterans' affairs programs)"
923130,"923130 Administration of human resource programs (except education, public health, and veterans' affairs programs)"
92314,92314 Administration of veterans' affairs
923140,923140 Administration of veterans' affairs
924,924 Administration of environmental quality programs
9241,9241 Administration of environmental quality programs
92411,92411 Administration of air and water resource and solid waste management programs
924110,924110 Administration of air and water resource and solid waste management programs
92412,92412 Administration of conservation programs
924120,924120 Administration of conservation programs
925,"925 Administration of housing programs, urban planning, and community development"
9251,"9251 Administration of housing programs, urban planning, and community development"
92511,92511 Administration of housing programs
925110,925110 Administration of housing programs
92512,92512 Administration of urban planning and community and rural development
925120,925120 Administration of urban planning and community and rural development
926,926 Administration of economic programs
9261,9261 Administration of economic programs
92611,92611 Administration of general economic programs
926110,926110 Administration of general economic programs
92612,92612 Regulation and administration of transportation programs
926120,926120 Regulation and administration of transportation programs
92613,"92613 Regulation and administration of communications, electric, gas, and other utilities"
926130,"926130 Regulation and administration of communications, electric, gas, and other utilities"
92614,92614 Regulation of agricultural marketing and commodities
926140,926140 Regulation of agricultural marketing and commodities
92615,"92615 Regulation, licensing, and inspection of miscellaneous commercial sectors"
926150,"926150 Regulation, licensing, and inspection of miscellaneous commercial sectors"
927,927 Space research and technology
9271,9271 Space research and technology
92711,92711 Space research and technology
927110,927110 Space research and technology
928,928 National security and international affairs
9281,9281 National security and international affairs
92811,92811 National security
928110,928110 National security
92812,92812 International affairs
928120,928120 International affairs
99,99 Unclassified
999,999 Unclassified
9999,9999 Unclassified
99999,99999 Unclassified
999999,999999 Unclassified
