date,MSA,Variable,Value
2000-01-01,"Austin-Round Rock-Georgetown, TX Metro Area",Government,138700.0
2000-01-01,"Austin-Round Rock-Georgetown, TX Metro Area",Total Private,518700.00000000006
2000-01-01,"Charlotte-Concord-Gastonia, NC-SC Metro Area",Government,109500.0
2000-01-01,"Charlotte-Concord-Gastonia, NC-SC Metro Area",Total Private,802600.0
2000-01-01,"Cincinnati, OH-KY-IN Metro Area",Government,122800.0
2000-01-01,"Cincinnati, OH-KY-IN Metro Area",Total Private,869600.0
2000-01-01,"Cleveland-Elyria, OH Metro Area",Government,138400.0
2000-01-01,"Cleveland-Elyria, OH Metro Area",Total Private,975300.0
2000-01-01,"Columbus, OH Metro Area",Government,149900.0
2000-01-01,"Columbus, OH Metro Area",Total Private,760200.0
2000-01-01,"Detroit-Warren-Dearborn, MI Metro Area",Government,234300.0
2000-01-01,"Detroit-Warren-Dearborn, MI Metro Area",Total Private,1925200.0
2000-01-01,"Indianapolis-Carmel-Anderson, IN Metro Area",Government,114600.0
2000-01-01,"Indianapolis-Carmel-Anderson, IN Metro Area",Total Private,761900.0
2000-01-01,"Kansas City, MO-KS Metro Area",Government,133500.0
2000-01-01,"Kansas City, MO-KS Metro Area",Total Private,823900.0
2000-01-01,"Miami-Fort Lauderdale-Pompano Beach, FL Metro Area",Government,286700.0
2000-01-01,"Miami-Fort Lauderdale-Pompano Beach, FL Metro Area",Total Private,1834600.0
2000-01-01,"Orlando-Kissimmee-Sanford, FL Metro Area",Government,90900.0
2000-01-01,"Orlando-Kissimmee-Sanford, FL Metro Area",Total Private,797400.0
2000-01-01,"Phoenix-Mesa-Chandler, AZ Metro Area",Government,192300.0
2000-01-01,"Phoenix-Mesa-Chandler, AZ Metro Area",Total Private,1341400.0
2000-01-01,"Pittsburgh, PA Metro Area",Government,127000.0
2000-01-01,"Pittsburgh, PA Metro Area",Total Private,988300.0
2000-01-01,"Portland-Vancouver-Hillsboro, OR-WA Metro Area",Government,129100.0
2000-01-01,"Portland-Vancouver-Hillsboro, OR-WA Metro Area",Total Private,825700.0
2000-01-01,"Riverside-San Bernardino-Ontario, CA Metro Area",Government,189300.0
2000-01-01,"Riverside-San Bernardino-Ontario, CA Metro Area",Total Private,781900.0
2000-01-01,"Sacramento-Roseville-Folsom, CA Metro Area",Government,207700.0
2000-01-01,"Sacramento-Roseville-Folsom, CA Metro Area",Total Private,574100.0
2000-01-01,"Salt Lake City, UT Metro Area",Government,79700.0
2000-01-01,"Salt Lake City, UT Metro Area",Total Private,455600.0
2000-01-01,"San Antonio-New Braunfels, TX Metro Area",Government,140100.0
2000-01-01,"San Antonio-New Braunfels, TX Metro Area",Total Private,595100.0
2000-01-01,"San Diego-Chula Vista-Carlsbad, CA Metro Area",Government,207100.0
2000-01-01,"San Diego-Chula Vista-Carlsbad, CA Metro Area",Total Private,963100.0
2000-01-01,"San Francisco-Oakland-Berkeley, CA Metro Area",Government,305000.0
2000-01-01,"San Francisco-Oakland-Berkeley, CA Metro Area",Total Private,1757800.0
2000-01-01,"San Jose-Sunnyvale-Santa Clara, CA Metro Area",Government,98100.0
2000-01-01,"San Jose-Sunnyvale-Santa Clara, CA Metro Area",Total Private,907400.0
2000-01-01,"St. Louis, MO-IL Metro Area",Government,162200.0
2000-01-01,"St. Louis, MO-IL Metro Area",Total Private,1139200.0
2000-01-01,"Tampa-St. Petersburg-Clearwater, FL Metro Area",Government,141800.0
2000-01-01,"Tampa-St. Petersburg-Clearwater, FL Metro Area",Total Private,982600.0
2000-01-01,"Yuba City, CA Metro Area",Government,10600.0
2000-01-01,"Yuba City, CA Metro Area",Total Private,24600.0
2000-02-01,"Austin-Round Rock-Georgetown, TX Metro Area",Government,142400.0
2000-02-01,"Austin-Round Rock-Georgetown, TX Metro Area",Total Private,524600.0
2000-02-01,"Charlotte-Concord-Gastonia, NC-SC Metro Area",Government,110000.0
2000-02-01,"Charlotte-Concord-Gastonia, NC-SC Metro Area",Total Private,804500.0
2000-02-01,"Cincinnati, OH-KY-IN Metro Area",Government,127300.0
2000-02-01,"Cincinnati, OH-KY-IN Metro Area",Total Private,871400.0
2000-02-01,"Cleveland-Elyria, OH Metro Area",Government,140900.0
2000-02-01,"Cleveland-Elyria, OH Metro Area",Total Private,977200.0
2000-02-01,"Columbus, OH Metro Area",Government,153500.0
2000-02-01,"Columbus, OH Metro Area",Total Private,762700.0
2000-02-01,"Detroit-Warren-Dearborn, MI Metro Area",Government,236400.0
2000-02-01,"Detroit-Warren-Dearborn, MI Metro Area",Total Private,1925100.0
2000-02-01,"Indianapolis-Carmel-Anderson, IN Metro Area",Government,118000.0
2000-02-01,"Indianapolis-Carmel-Anderson, IN Metro Area",Total Private,765300.0
2000-02-01,"Kansas City, MO-KS Metro Area",Government,136800.0
2000-02-01,"Kansas City, MO-KS Metro Area",Total Private,823700.0
2000-02-01,"Miami-Fort Lauderdale-Pompano Beach, FL Metro Area",Government,287800.0
2000-02-01,"Miami-Fort Lauderdale-Pompano Beach, FL Metro Area",Total Private,1846700.0
2000-02-01,"Orlando-Kissimmee-Sanford, FL Metro Area",Government,92600.0
2000-02-01,"Orlando-Kissimmee-Sanford, FL Metro Area",Total Private,806000.0
2000-02-01,"Phoenix-Mesa-Chandler, AZ Metro Area",Government,199500.0
2000-02-01,"Phoenix-Mesa-Chandler, AZ Metro Area",Total Private,1358100.0
2000-02-01,"Pittsburgh, PA Metro Area",Government,129300.00000000001
2000-02-01,"Pittsburgh, PA Metro Area",Total Private,990700.0
2000-02-01,"Portland-Vancouver-Hillsboro, OR-WA Metro Area",Government,131600.0
2000-02-01,"Portland-Vancouver-Hillsboro, OR-WA Metro Area",Total Private,831700.0
2000-02-01,"Riverside-San Bernardino-Ontario, CA Metro Area",Government,190200.0
2000-02-01,"Riverside-San Bernardino-Ontario, CA Metro Area",Total Private,785700.0
2000-02-01,"Sacramento-Roseville-Folsom, CA Metro Area",Government,210600.0
2000-02-01,"Sacramento-Roseville-Folsom, CA Metro Area",Total Private,576400.0
2000-02-01,"Salt Lake City, UT Metro Area",Government,81600.0
2000-02-01,"Salt Lake City, UT Metro Area",Total Private,457000.0
2000-02-01,"San Antonio-New Braunfels, TX Metro Area",Government,142400.0
2000-02-01,"San Antonio-New Braunfels, TX Metro Area",Total Private,600300.0
2000-02-01,"San Diego-Chula Vista-Carlsbad, CA Metro Area",Government,208200.0
2000-02-01,"San Diego-Chula Vista-Carlsbad, CA Metro Area",Total Private,971600.0
2000-02-01,"San Francisco-Oakland-Berkeley, CA Metro Area",Government,308400.0
2000-02-01,"San Francisco-Oakland-Berkeley, CA Metro Area",Total Private,1774900.0
2000-02-01,"San Jose-Sunnyvale-Santa Clara, CA Metro Area",Government,97800.0
2000-02-01,"San Jose-Sunnyvale-Santa Clara, CA Metro Area",Total Private,916700.0
2000-02-01,"St. Louis, MO-IL Metro Area",Government,164500.0
2000-02-01,"St. Louis, MO-IL Metro Area",Total Private,1138900.0
2000-02-01,"Tampa-St. Petersburg-Clearwater, FL Metro Area",Government,142400.0
2000-02-01,"Tampa-St. Petersburg-Clearwater, FL Metro Area",Total Private,996800.0
2000-02-01,"Yuba City, CA Metro Area",Government,10600.0
2000-02-01,"Yuba City, CA Metro Area",Total Private,24400.0
2000-03-01,"Austin-Round Rock-Georgetown, TX Metro Area",Government,142700.0
2000-03-01,"Austin-Round Rock-Georgetown, TX Metro Area",Total Private,531600.0
2000-03-01,"Charlotte-Concord-Gastonia, NC-SC Metro Area",Government,111500.0
2000-03-01,"Charlotte-Concord-Gastonia, NC-SC Metro Area",Total Private,813400.0
2000-03-01,"Cincinnati, OH-KY-IN Metro Area",Government,128400.0
2000-03-01,"Cincinnati, OH-KY-IN Metro Area",Total Private,880300.0
2000-03-01,"Cleveland-Elyria, OH Metro Area",Government,142000.0
2000-03-01,"Cleveland-Elyria, OH Metro Area",Total Private,984300.0
2000-03-01,"Columbus, OH Metro Area",Government,154600.0
2000-03-01,"Columbus, OH Metro Area",Total Private,768100.0
2000-03-01,"Detroit-Warren-Dearborn, MI Metro Area",Government,239100.0
2000-03-01,"Detroit-Warren-Dearborn, MI Metro Area",Total Private,1936600.0
2000-03-01,"Indianapolis-Carmel-Anderson, IN Metro Area",Government,118800.0
2000-03-01,"Indianapolis-Carmel-Anderson, IN Metro Area",Total Private,774700.0
2000-03-01,"Kansas City, MO-KS Metro Area",Government,138200.0
2000-03-01,"Kansas City, MO-KS Metro Area",Total Private,832400.0
2000-03-01,"Miami-Fort Lauderdale-Pompano Beach, FL Metro Area",Government,290100.0
2000-03-01,"Miami-Fort Lauderdale-Pompano Beach, FL Metro Area",Total Private,1863300.0
2000-03-01,"Orlando-Kissimmee-Sanford, FL Metro Area",Government,93100.0
2000-03-01,"Orlando-Kissimmee-Sanford, FL Metro Area",Total Private,812900.0
2000-03-01,"Phoenix-Mesa-Chandler, AZ Metro Area",Government,200300.0
2000-03-01,"Phoenix-Mesa-Chandler, AZ Metro Area",Total Private,1369500.0
2000-03-01,"Pittsburgh, PA Metro Area",Government,131600.0
2000-03-01,"Pittsburgh, PA Metro Area",Total Private,1001300.0
2000-03-01,"Portland-Vancouver-Hillsboro, OR-WA Metro Area",Government,132100.0
2000-03-01,"Portland-Vancouver-Hillsboro, OR-WA Metro Area",Total Private,835200.0
2000-03-01,"Riverside-San Bernardino-Ontario, CA Metro Area",Government,193500.0
2000-03-01,"Riverside-San Bernardino-Ontario, CA Metro Area",Total Private,790000.0
2000-03-01,"Sacramento-Roseville-Folsom, CA Metro Area",Government,213300.0
2000-03-01,"Sacramento-Roseville-Folsom, CA Metro Area",Total Private,580900.0
2000-03-01,"Salt Lake City, UT Metro Area",Government,81700.0
2000-03-01,"Salt Lake City, UT Metro Area",Total Private,460600.0
2000-03-01,"San Antonio-New Braunfels, TX Metro Area",Government,142900.0
2000-03-01,"San Antonio-New Braunfels, TX Metro Area",Total Private,603500.0
2000-03-01,"San Diego-Chula Vista-Carlsbad, CA Metro Area",Government,210600.0
2000-03-01,"San Diego-Chula Vista-Carlsbad, CA Metro Area",Total Private,979600.0
2000-03-01,"San Francisco-Oakland-Berkeley, CA Metro Area",Government,311800.0
2000-03-01,"San Francisco-Oakland-Berkeley, CA Metro Area",Total Private,1792600.0
2000-03-01,"San Jose-Sunnyvale-Santa Clara, CA Metro Area",Government,99900.0
2000-03-01,"San Jose-Sunnyvale-Santa Clara, CA Metro Area",Total Private,929000.0
2000-03-01,"St. Louis, MO-IL Metro Area",Government,166100.0
2000-03-01,"St. Louis, MO-IL Metro Area",Total Private,1150400.0
2000-03-01,"Tampa-St. Petersburg-Clearwater, FL Metro Area",Government,143200.0
2000-03-01,"Tampa-St. Petersburg-Clearwater, FL Metro Area",Total Private,1014900.0
2000-03-01,"Yuba City, CA Metro Area",Government,11100.0
2000-03-01,"Yuba City, CA Metro Area",Total Private,24800.0
2000-04-01,"Austin-Round Rock-Georgetown, TX Metro Area",Government,142100.0
2000-04-01,"Austin-Round Rock-Georgetown, TX Metro Area",Total Private,532900.0
2000-04-01,"Charlotte-Concord-Gastonia, NC-SC Metro Area",Government,111500.0
2000-04-01,"Charlotte-Concord-Gastonia, NC-SC Metro Area",Total Private,820600.0
2000-04-01,"Cincinnati, OH-KY-IN Metro Area",Government,129000.0
2000-04-01,"Cincinnati, OH-KY-IN Metro Area",Total Private,883400.0
2000-04-01,"Cleveland-Elyria, OH Metro Area",Government,141200.0
2000-04-01,"Cleveland-Elyria, OH Metro Area",Total Private,990800.0
2000-04-01,"Columbus, OH Metro Area",Government,155000.0
2000-04-01,"Columbus, OH Metro Area",Total Private,774600.0
2000-04-01,"Detroit-Warren-Dearborn, MI Metro Area",Government,240500.0
2000-04-01,"Detroit-Warren-Dearborn, MI Metro Area",Total Private,1968800.0
2000-04-01,"Indianapolis-Carmel-Anderson, IN Metro Area",Government,117400.0
2000-04-01,"Indianapolis-Carmel-Anderson, IN Metro Area",Total Private,778100.0
2000-04-01,"Kansas City, MO-KS Metro Area",Government,138300.0
2000-04-01,"Kansas City, MO-KS Metro Area",Total Private,839700.0
2000-04-01,"Miami-Fort Lauderdale-Pompano Beach, FL Metro Area",Government,296000.0
2000-04-01,"Miami-Fort Lauderdale-Pompano Beach, FL Metro Area",Total Private,1856000.0
2000-04-01,"Orlando-Kissimmee-Sanford, FL Metro Area",Government,92900.0
2000-04-01,"Orlando-Kissimmee-Sanford, FL Metro Area",Total Private,811100.0
2000-04-01,"Phoenix-Mesa-Chandler, AZ Metro Area",Government,201300.0
2000-04-01,"Phoenix-Mesa-Chandler, AZ Metro Area",Total Private,1371200.0
2000-04-01,"Pittsburgh, PA Metro Area",Government,131300.0
2000-04-01,"Pittsburgh, PA Metro Area",Total Private,1016200.0
2000-04-01,"Portland-Vancouver-Hillsboro, OR-WA Metro Area",Government,132600.0
2000-04-01,"Portland-Vancouver-Hillsboro, OR-WA Metro Area",Total Private,840900.0
2000-04-01,"Riverside-San Bernardino-Ontario, CA Metro Area",Government,193600.0
2000-04-01,"Riverside-San Bernardino-Ontario, CA Metro Area",Total Private,793100.0
2000-04-01,"Sacramento-Roseville-Folsom, CA Metro Area",Government,213100.0
2000-04-01,"Sacramento-Roseville-Folsom, CA Metro Area",Total Private,584300.0
2000-04-01,"Salt Lake City, UT Metro Area",Government,82900.0
2000-04-01,"Salt Lake City, UT Metro Area",Total Private,462700.0
2000-04-01,"San Antonio-New Braunfels, TX Metro Area",Government,143500.0
2000-04-01,"San Antonio-New Braunfels, TX Metro Area",Total Private,609000.0
2000-04-01,"San Diego-Chula Vista-Carlsbad, CA Metro Area",Government,209200.0
2000-04-01,"San Diego-Chula Vista-Carlsbad, CA Metro Area",Total Private,981400.0
2000-04-01,"San Francisco-Oakland-Berkeley, CA Metro Area",Government,313000.0
2000-04-01,"San Francisco-Oakland-Berkeley, CA Metro Area",Total Private,1796000.0
2000-04-01,"San Jose-Sunnyvale-Santa Clara, CA Metro Area",Government,99600.0
2000-04-01,"San Jose-Sunnyvale-Santa Clara, CA Metro Area",Total Private,929700.0
2000-04-01,"St. Louis, MO-IL Metro Area",Government,166300.0
2000-04-01,"St. Louis, MO-IL Metro Area",Total Private,1166700.0
2000-04-01,"Tampa-St. Petersburg-Clearwater, FL Metro Area",Government,144900.0
2000-04-01,"Tampa-St. Petersburg-Clearwater, FL Metro Area",Total Private,1009600.0
2000-04-01,"Yuba City, CA Metro Area",Government,10900.0
2000-04-01,"Yuba City, CA Metro Area",Total Private,25400.0
2000-05-01,"Austin-Round Rock-Georgetown, TX Metro Area",Government,143500.0
2000-05-01,"Austin-Round Rock-Georgetown, TX Metro Area",Total Private,538900.0
2000-05-01,"Charlotte-Concord-Gastonia, NC-SC Metro Area",Government,111700.0
2000-05-01,"Charlotte-Concord-Gastonia, NC-SC Metro Area",Total Private,825600.0
2000-05-01,"Cincinnati, OH-KY-IN Metro Area",Government,131300.0
2000-05-01,"Cincinnati, OH-KY-IN Metro Area",Total Private,890900.0
2000-05-01,"Cleveland-Elyria, OH Metro Area",Government,145500.0
2000-05-01,"Cleveland-Elyria, OH Metro Area",Total Private,998900.0
2000-05-01,"Columbus, OH Metro Area",Government,156500.0
2000-05-01,"Columbus, OH Metro Area",Total Private,780100.0
2000-05-01,"Detroit-Warren-Dearborn, MI Metro Area",Government,243300.0
2000-05-01,"Detroit-Warren-Dearborn, MI Metro Area",Total Private,1993200.0
2000-05-01,"Indianapolis-Carmel-Anderson, IN Metro Area",Government,118400.0
2000-05-01,"Indianapolis-Carmel-Anderson, IN Metro Area",Total Private,787000.0
2000-05-01,"Kansas City, MO-KS Metro Area",Government,137800.0
2000-05-01,"Kansas City, MO-KS Metro Area",Total Private,843800.0
2000-05-01,"Miami-Fort Lauderdale-Pompano Beach, FL Metro Area",Government,301900.0
2000-05-01,"Miami-Fort Lauderdale-Pompano Beach, FL Metro Area",Total Private,1861000.0
2000-05-01,"Orlando-Kissimmee-Sanford, FL Metro Area",Government,95100.0
2000-05-01,"Orlando-Kissimmee-Sanford, FL Metro Area",Total Private,813400.0
2000-05-01,"Phoenix-Mesa-Chandler, AZ Metro Area",Government,205700.0
2000-05-01,"Phoenix-Mesa-Chandler, AZ Metro Area",Total Private,1377100.0
2000-05-01,"Pittsburgh, PA Metro Area",Government,133600.0
2000-05-01,"Pittsburgh, PA Metro Area",Total Private,1023300.0
2000-05-01,"Portland-Vancouver-Hillsboro, OR-WA Metro Area",Government,135600.0
2000-05-01,"Portland-Vancouver-Hillsboro, OR-WA Metro Area",Total Private,846200.0
2000-05-01,"Riverside-San Bernardino-Ontario, CA Metro Area",Government,198400.0
2000-05-01,"Riverside-San Bernardino-Ontario, CA Metro Area",Total Private,799800.0
2000-05-01,"Sacramento-Roseville-Folsom, CA Metro Area",Government,216600.0
2000-05-01,"Sacramento-Roseville-Folsom, CA Metro Area",Total Private,587200.0
2000-05-01,"Salt Lake City, UT Metro Area",Government,84500.0
2000-05-01,"Salt Lake City, UT Metro Area",Total Private,464700.0
2000-05-01,"San Antonio-New Braunfels, TX Metro Area",Government,146100.0
2000-05-01,"San Antonio-New Braunfels, TX Metro Area",Total Private,613900.0
2000-05-01,"San Diego-Chula Vista-Carlsbad, CA Metro Area",Government,213500.0
2000-05-01,"San Diego-Chula Vista-Carlsbad, CA Metro Area",Total Private,989400.0
2000-05-01,"San Francisco-Oakland-Berkeley, CA Metro Area",Government,318700.0
2000-05-01,"San Francisco-Oakland-Berkeley, CA Metro Area",Total Private,1808000.0
2000-05-01,"San Jose-Sunnyvale-Santa Clara, CA Metro Area",Government,100700.0
2000-05-01,"San Jose-Sunnyvale-Santa Clara, CA Metro Area",Total Private,942300.0
2000-05-01,"St. Louis, MO-IL Metro Area",Government,167000.0
2000-05-01,"St. Louis, MO-IL Metro Area",Total Private,1175100.0
2000-05-01,"Tampa-St. Petersburg-Clearwater, FL Metro Area",Government,147300.0
2000-05-01,"Tampa-St. Petersburg-Clearwater, FL Metro Area",Total Private,1011600.0
2000-05-01,"Yuba City, CA Metro Area",Government,11200.0
2000-05-01,"Yuba City, CA Metro Area",Total Private,25800.0
2000-06-01,"Austin-Round Rock-Georgetown, TX Metro Area",Government,138400.0
2000-06-01,"Austin-Round Rock-Georgetown, TX Metro Area",Total Private,549300.0
2000-06-01,"Charlotte-Concord-Gastonia, NC-SC Metro Area",Government,108900.0
2000-06-01,"Charlotte-Concord-Gastonia, NC-SC Metro Area",Total Private,833100.0
2000-06-01,"Cincinnati, OH-KY-IN Metro Area",Government,125500.0
2000-06-01,"Cincinnati, OH-KY-IN Metro Area",Total Private,898700.0
2000-06-01,"Cleveland-Elyria, OH Metro Area",Government,141200.0
2000-06-01,"Cleveland-Elyria, OH Metro Area",Total Private,1008400.0
2000-06-01,"Columbus, OH Metro Area",Government,149500.0
2000-06-01,"Columbus, OH Metro Area",Total Private,786700.0
2000-06-01,"Detroit-Warren-Dearborn, MI Metro Area",Government,238100.0
2000-06-01,"Detroit-Warren-Dearborn, MI Metro Area",Total Private,2010400.0
2000-06-01,"Indianapolis-Carmel-Anderson, IN Metro Area",Government,112700.0
2000-06-01,"Indianapolis-Carmel-Anderson, IN Metro Area",Total Private,793700.0
2000-06-01,"Kansas City, MO-KS Metro Area",Government,138100.0
2000-06-01,"Kansas City, MO-KS Metro Area",Total Private,852300.0
2000-06-01,"Miami-Fort Lauderdale-Pompano Beach, FL Metro Area",Government,291200.0
2000-06-01,"Miami-Fort Lauderdale-Pompano Beach, FL Metro Area",Total Private,1869400.0
2000-06-01,"Orlando-Kissimmee-Sanford, FL Metro Area",Government,83700.0
2000-06-01,"Orlando-Kissimmee-Sanford, FL Metro Area",Total Private,821100.0
2000-06-01,"Phoenix-Mesa-Chandler, AZ Metro Area",Government,180000.0
2000-06-01,"Phoenix-Mesa-Chandler, AZ Metro Area",Total Private,1383800.0
2000-06-01,"Pittsburgh, PA Metro Area",Government,128699.99999999999
2000-06-01,"Pittsburgh, PA Metro Area",Total Private,1031900.0000000001
2000-06-01,"Portland-Vancouver-Hillsboro, OR-WA Metro Area",Government,134200.0
2000-06-01,"Portland-Vancouver-Hillsboro, OR-WA Metro Area",Total Private,854200.0
2000-06-01,"Riverside-San Bernardino-Ontario, CA Metro Area",Government,194200.0
2000-06-01,"Riverside-San Bernardino-Ontario, CA Metro Area",Total Private,806300.0
2000-06-01,"Sacramento-Roseville-Folsom, CA Metro Area",Government,217100.0
2000-06-01,"Sacramento-Roseville-Folsom, CA Metro Area",Total Private,596600.0
2000-06-01,"Salt Lake City, UT Metro Area",Government,81800.0
2000-06-01,"Salt Lake City, UT Metro Area",Total Private,469800.0
2000-06-01,"San Antonio-New Braunfels, TX Metro Area",Government,138100.0
2000-06-01,"San Antonio-New Braunfels, TX Metro Area",Total Private,621800.0
2000-06-01,"San Diego-Chula Vista-Carlsbad, CA Metro Area",Government,209500.0
2000-06-01,"San Diego-Chula Vista-Carlsbad, CA Metro Area",Total Private,999500.0
2000-06-01,"San Francisco-Oakland-Berkeley, CA Metro Area",Government,316500.0
2000-06-01,"San Francisco-Oakland-Berkeley, CA Metro Area",Total Private,1829800.0
2000-06-01,"San Jose-Sunnyvale-Santa Clara, CA Metro Area",Government,103700.0
2000-06-01,"San Jose-Sunnyvale-Santa Clara, CA Metro Area",Total Private,954100.0
2000-06-01,"St. Louis, MO-IL Metro Area",Government,166400.0
2000-06-01,"St. Louis, MO-IL Metro Area",Total Private,1184000.0
2000-06-01,"Tampa-St. Petersburg-Clearwater, FL Metro Area",Government,133200.0
2000-06-01,"Tampa-St. Petersburg-Clearwater, FL Metro Area",Total Private,1013000.0
2000-06-01,"Yuba City, CA Metro Area",Government,11300.0
2000-06-01,"Yuba City, CA Metro Area",Total Private,26800.0
2000-07-01,"Austin-Round Rock-Georgetown, TX Metro Area",Government,129600.0
2000-07-01,"Austin-Round Rock-Georgetown, TX Metro Area",Total Private,549600.0
2000-07-01,"Charlotte-Concord-Gastonia, NC-SC Metro Area",Government,97400.0
2000-07-01,"Charlotte-Concord-Gastonia, NC-SC Metro Area",Total Private,826600.0
2000-07-01,"Cincinnati, OH-KY-IN Metro Area",Government,117600.0
2000-07-01,"Cincinnati, OH-KY-IN Metro Area",Total Private,896200.0
2000-07-01,"Cleveland-Elyria, OH Metro Area",Government,135500.0
2000-07-01,"Cleveland-Elyria, OH Metro Area",Total Private,1002800.0
2000-07-01,"Columbus, OH Metro Area",Government,145300.0
2000-07-01,"Columbus, OH Metro Area",Total Private,787100.0
2000-07-01,"Detroit-Warren-Dearborn, MI Metro Area",Government,201600.0
2000-07-01,"Detroit-Warren-Dearborn, MI Metro Area",Total Private,1968400.0
2000-07-01,"Indianapolis-Carmel-Anderson, IN Metro Area",Government,103300.0
2000-07-01,"Indianapolis-Carmel-Anderson, IN Metro Area",Total Private,787400.0
2000-07-01,"Kansas City, MO-KS Metro Area",Government,117300.0
2000-07-01,"Kansas City, MO-KS Metro Area",Total Private,842300.0
2000-07-01,"Miami-Fort Lauderdale-Pompano Beach, FL Metro Area",Government,271800.0
2000-07-01,"Miami-Fort Lauderdale-Pompano Beach, FL Metro Area",Total Private,1850300.0
2000-07-01,"Orlando-Kissimmee-Sanford, FL Metro Area",Government,81800.0
2000-07-01,"Orlando-Kissimmee-Sanford, FL Metro Area",Total Private,810800.0
2000-07-01,"Phoenix-Mesa-Chandler, AZ Metro Area",Government,174100.0
2000-07-01,"Phoenix-Mesa-Chandler, AZ Metro Area",Total Private,1370600.0
2000-07-01,"Pittsburgh, PA Metro Area",Government,119400.0
2000-07-01,"Pittsburgh, PA Metro Area",Total Private,1032099.9999999999
2000-07-01,"Portland-Vancouver-Hillsboro, OR-WA Metro Area",Government,124600.0
2000-07-01,"Portland-Vancouver-Hillsboro, OR-WA Metro Area",Total Private,858600.0
2000-07-01,"Riverside-San Bernardino-Ontario, CA Metro Area",Government,186600.0
2000-07-01,"Riverside-San Bernardino-Ontario, CA Metro Area",Total Private,800100.0
2000-07-01,"Sacramento-Roseville-Folsom, CA Metro Area",Government,204900.0
2000-07-01,"Sacramento-Roseville-Folsom, CA Metro Area",Total Private,597500.0
2000-07-01,"Salt Lake City, UT Metro Area",Government,76800.0
2000-07-01,"Salt Lake City, UT Metro Area",Total Private,469500.0
2000-07-01,"San Antonio-New Braunfels, TX Metro Area",Government,133100.0
2000-07-01,"San Antonio-New Braunfels, TX Metro Area",Total Private,620300.0
2000-07-01,"San Diego-Chula Vista-Carlsbad, CA Metro Area",Government,195200.0
2000-07-01,"San Diego-Chula Vista-Carlsbad, CA Metro Area",Total Private,996300.0
2000-07-01,"San Francisco-Oakland-Berkeley, CA Metro Area",Government,298600.0
2000-07-01,"San Francisco-Oakland-Berkeley, CA Metro Area",Total Private,1833600.0
2000-07-01,"San Jose-Sunnyvale-Santa Clara, CA Metro Area",Government,99400.0
2000-07-01,"San Jose-Sunnyvale-Santa Clara, CA Metro Area",Total Private,964000.0
2000-07-01,"St. Louis, MO-IL Metro Area",Government,143200.0
2000-07-01,"St. Louis, MO-IL Metro Area",Total Private,1177000.0
2000-07-01,"Tampa-St. Petersburg-Clearwater, FL Metro Area",Government,131800.0
2000-07-01,"Tampa-St. Petersburg-Clearwater, FL Metro Area",Total Private,997900.0
2000-07-01,"Yuba City, CA Metro Area",Government,10700.0
2000-07-01,"Yuba City, CA Metro Area",Total Private,27400.0
2000-08-01,"Austin-Round Rock-Georgetown, TX Metro Area",Government,134600.0
2000-08-01,"Austin-Round Rock-Georgetown, TX Metro Area",Total Private,553800.0
2000-08-01,"Charlotte-Concord-Gastonia, NC-SC Metro Area",Government,104200.0
2000-08-01,"Charlotte-Concord-Gastonia, NC-SC Metro Area",Total Private,825500.0
2000-08-01,"Cincinnati, OH-KY-IN Metro Area",Government,116700.0
2000-08-01,"Cincinnati, OH-KY-IN Metro Area",Total Private,898200.0
2000-08-01,"Cleveland-Elyria, OH Metro Area",Government,136200.0
2000-08-01,"Cleveland-Elyria, OH Metro Area",Total Private,1003600.0
2000-08-01,"Columbus, OH Metro Area",Government,144600.0
2000-08-01,"Columbus, OH Metro Area",Total Private,789300.0
2000-08-01,"Detroit-Warren-Dearborn, MI Metro Area",Government,197200.0
2000-08-01,"Detroit-Warren-Dearborn, MI Metro Area",Total Private,1993500.0
2000-08-01,"Indianapolis-Carmel-Anderson, IN Metro Area",Government,108700.0
2000-08-01,"Indianapolis-Carmel-Anderson, IN Metro Area",Total Private,790800.0
2000-08-01,"Kansas City, MO-KS Metro Area",Government,120700.0
2000-08-01,"Kansas City, MO-KS Metro Area",Total Private,846900.0
2000-08-01,"Miami-Fort Lauderdale-Pompano Beach, FL Metro Area",Government,272800.0
2000-08-01,"Miami-Fort Lauderdale-Pompano Beach, FL Metro Area",Total Private,1863100.0
2000-08-01,"Orlando-Kissimmee-Sanford, FL Metro Area",Government,91000.0
2000-08-01,"Orlando-Kissimmee-Sanford, FL Metro Area",Total Private,812800.0
2000-08-01,"Phoenix-Mesa-Chandler, AZ Metro Area",Government,181600.0
2000-08-01,"Phoenix-Mesa-Chandler, AZ Metro Area",Total Private,1382500.0
2000-08-01,"Pittsburgh, PA Metro Area",Government,115400.0
2000-08-01,"Pittsburgh, PA Metro Area",Total Private,1026900.0000000001
2000-08-01,"Portland-Vancouver-Hillsboro, OR-WA Metro Area",Government,121500.0
2000-08-01,"Portland-Vancouver-Hillsboro, OR-WA Metro Area",Total Private,862400.0
2000-08-01,"Riverside-San Bernardino-Ontario, CA Metro Area",Government,181400.0
2000-08-01,"Riverside-San Bernardino-Ontario, CA Metro Area",Total Private,806000.0
2000-08-01,"Sacramento-Roseville-Folsom, CA Metro Area",Government,207600.0
2000-08-01,"Sacramento-Roseville-Folsom, CA Metro Area",Total Private,603500.0
2000-08-01,"Salt Lake City, UT Metro Area",Government,76400.0
2000-08-01,"Salt Lake City, UT Metro Area",Total Private,473800.0
2000-08-01,"San Antonio-New Braunfels, TX Metro Area",Government,134200.0
2000-08-01,"San Antonio-New Braunfels, TX Metro Area",Total Private,621400.0
2000-08-01,"San Diego-Chula Vista-Carlsbad, CA Metro Area",Government,192400.0
2000-08-01,"San Diego-Chula Vista-Carlsbad, CA Metro Area",Total Private,1001800.0
2000-08-01,"San Francisco-Oakland-Berkeley, CA Metro Area",Government,300300.0
2000-08-01,"San Francisco-Oakland-Berkeley, CA Metro Area",Total Private,1841700.0
2000-08-01,"San Jose-Sunnyvale-Santa Clara, CA Metro Area",Government,94200.0
2000-08-01,"San Jose-Sunnyvale-Santa Clara, CA Metro Area",Total Private,970700.0
2000-08-01,"St. Louis, MO-IL Metro Area",Government,145100.0
2000-08-01,"St. Louis, MO-IL Metro Area",Total Private,1176100.0
2000-08-01,"Tampa-St. Petersburg-Clearwater, FL Metro Area",Government,141300.0
2000-08-01,"Tampa-St. Petersburg-Clearwater, FL Metro Area",Total Private,1002400.0
2000-08-01,"Yuba City, CA Metro Area",Government,10500.0
2000-08-01,"Yuba City, CA Metro Area",Total Private,27900.0
2000-09-01,"Austin-Round Rock-Georgetown, TX Metro Area",Government,141400.0
2000-09-01,"Austin-Round Rock-Georgetown, TX Metro Area",Total Private,553700.0
2000-09-01,"Charlotte-Concord-Gastonia, NC-SC Metro Area",Government,110000.0
2000-09-01,"Charlotte-Concord-Gastonia, NC-SC Metro Area",Total Private,826500.0
2000-09-01,"Cincinnati, OH-KY-IN Metro Area",Government,123300.0
2000-09-01,"Cincinnati, OH-KY-IN Metro Area",Total Private,894100.0
2000-09-01,"Cleveland-Elyria, OH Metro Area",Government,141000.0
2000-09-01,"Cleveland-Elyria, OH Metro Area",Total Private,999400.0
2000-09-01,"Columbus, OH Metro Area",Government,151900.0
2000-09-01,"Columbus, OH Metro Area",Total Private,783400.0
2000-09-01,"Detroit-Warren-Dearborn, MI Metro Area",Government,224800.0
2000-09-01,"Detroit-Warren-Dearborn, MI Metro Area",Total Private,1976700.0
2000-09-01,"Indianapolis-Carmel-Anderson, IN Metro Area",Government,119400.0
2000-09-01,"Indianapolis-Carmel-Anderson, IN Metro Area",Total Private,787700.0
2000-09-01,"Kansas City, MO-KS Metro Area",Government,135400.0
2000-09-01,"Kansas City, MO-KS Metro Area",Total Private,845600.0
2000-09-01,"Miami-Fort Lauderdale-Pompano Beach, FL Metro Area",Government,293600.0
2000-09-01,"Miami-Fort Lauderdale-Pompano Beach, FL Metro Area",Total Private,1875600.0
2000-09-01,"Orlando-Kissimmee-Sanford, FL Metro Area",Government,92000.0
2000-09-01,"Orlando-Kissimmee-Sanford, FL Metro Area",Total Private,817300.0
2000-09-01,"Phoenix-Mesa-Chandler, AZ Metro Area",Government,200600.0
2000-09-01,"Phoenix-Mesa-Chandler, AZ Metro Area",Total Private,1391400.0
2000-09-01,"Pittsburgh, PA Metro Area",Government,126300.0
2000-09-01,"Pittsburgh, PA Metro Area",Total Private,1030900.0000000001
2000-09-01,"Portland-Vancouver-Hillsboro, OR-WA Metro Area",Government,124900.0
2000-09-01,"Portland-Vancouver-Hillsboro, OR-WA Metro Area",Total Private,866600.0
2000-09-01,"Riverside-San Bernardino-Ontario, CA Metro Area",Government,189500.0
2000-09-01,"Riverside-San Bernardino-Ontario, CA Metro Area",Total Private,812300.0
2000-09-01,"Sacramento-Roseville-Folsom, CA Metro Area",Government,208900.0
2000-09-01,"Sacramento-Roseville-Folsom, CA Metro Area",Total Private,603100.0
2000-09-01,"Salt Lake City, UT Metro Area",Government,82100.0
2000-09-01,"Salt Lake City, UT Metro Area",Total Private,473000.0
2000-09-01,"San Antonio-New Braunfels, TX Metro Area",Government,140000.0
2000-09-01,"San Antonio-New Braunfels, TX Metro Area",Total Private,621400.0
2000-09-01,"San Diego-Chula Vista-Carlsbad, CA Metro Area",Government,201500.0
2000-09-01,"San Diego-Chula Vista-Carlsbad, CA Metro Area",Total Private,1003500.0
2000-09-01,"San Francisco-Oakland-Berkeley, CA Metro Area",Government,302600.0
2000-09-01,"San Francisco-Oakland-Berkeley, CA Metro Area",Total Private,1850600.0
2000-09-01,"San Jose-Sunnyvale-Santa Clara, CA Metro Area",Government,93800.0
2000-09-01,"San Jose-Sunnyvale-Santa Clara, CA Metro Area",Total Private,973400.0
2000-09-01,"St. Louis, MO-IL Metro Area",Government,166100.0
2000-09-01,"St. Louis, MO-IL Metro Area",Total Private,1175200.0
2000-09-01,"Tampa-St. Petersburg-Clearwater, FL Metro Area",Government,144100.0
2000-09-01,"Tampa-St. Petersburg-Clearwater, FL Metro Area",Total Private,1004800.0
2000-09-01,"Yuba City, CA Metro Area",Government,11000.0
2000-09-01,"Yuba City, CA Metro Area",Total Private,27900.0
2000-10-01,"Austin-Round Rock-Georgetown, TX Metro Area",Government,141400.0
2000-10-01,"Austin-Round Rock-Georgetown, TX Metro Area",Total Private,555800.0
2000-10-01,"Charlotte-Concord-Gastonia, NC-SC Metro Area",Government,114100.0
2000-10-01,"Charlotte-Concord-Gastonia, NC-SC Metro Area",Total Private,826800.0
2000-10-01,"Cincinnati, OH-KY-IN Metro Area",Government,126600.0
2000-10-01,"Cincinnati, OH-KY-IN Metro Area",Total Private,892700.0
2000-10-01,"Cleveland-Elyria, OH Metro Area",Government,143200.0
2000-10-01,"Cleveland-Elyria, OH Metro Area",Total Private,996700.0
2000-10-01,"Columbus, OH Metro Area",Government,155500.0
2000-10-01,"Columbus, OH Metro Area",Total Private,788800.0
2000-10-01,"Detroit-Warren-Dearborn, MI Metro Area",Government,240000.0
2000-10-01,"Detroit-Warren-Dearborn, MI Metro Area",Total Private,1983800.0
2000-10-01,"Indianapolis-Carmel-Anderson, IN Metro Area",Government,118600.0
2000-10-01,"Indianapolis-Carmel-Anderson, IN Metro Area",Total Private,788100.0
2000-10-01,"Kansas City, MO-KS Metro Area",Government,136700.0
2000-10-01,"Kansas City, MO-KS Metro Area",Total Private,845500.0
2000-10-01,"Miami-Fort Lauderdale-Pompano Beach, FL Metro Area",Government,297400.0
2000-10-01,"Miami-Fort Lauderdale-Pompano Beach, FL Metro Area",Total Private,1874900.0
2000-10-01,"Orlando-Kissimmee-Sanford, FL Metro Area",Government,92900.0
2000-10-01,"Orlando-Kissimmee-Sanford, FL Metro Area",Total Private,814500.0
2000-10-01,"Phoenix-Mesa-Chandler, AZ Metro Area",Government,203600.0
2000-10-01,"Phoenix-Mesa-Chandler, AZ Metro Area",Total Private,1398800.0
2000-10-01,"Pittsburgh, PA Metro Area",Government,129600.0
2000-10-01,"Pittsburgh, PA Metro Area",Total Private,1028800.0
2000-10-01,"Portland-Vancouver-Hillsboro, OR-WA Metro Area",Government,132500.0
2000-10-01,"Portland-Vancouver-Hillsboro, OR-WA Metro Area",Total Private,864300.0
2000-10-01,"Riverside-San Bernardino-Ontario, CA Metro Area",Government,194100.0
2000-10-01,"Riverside-San Bernardino-Ontario, CA Metro Area",Total Private,811600.0
2000-10-01,"Sacramento-Roseville-Folsom, CA Metro Area",Government,212400.0
2000-10-01,"Sacramento-Roseville-Folsom, CA Metro Area",Total Private,599000.0
2000-10-01,"Salt Lake City, UT Metro Area",Government,82800.0
2000-10-01,"Salt Lake City, UT Metro Area",Total Private,474700.0
2000-10-01,"San Antonio-New Braunfels, TX Metro Area",Government,141900.0
2000-10-01,"San Antonio-New Braunfels, TX Metro Area",Total Private,615600.0
2000-10-01,"San Diego-Chula Vista-Carlsbad, CA Metro Area",Government,209000.0
2000-10-01,"San Diego-Chula Vista-Carlsbad, CA Metro Area",Total Private,1003500.0
2000-10-01,"San Francisco-Oakland-Berkeley, CA Metro Area",Government,308600.0
2000-10-01,"San Francisco-Oakland-Berkeley, CA Metro Area",Total Private,1845800.0
2000-10-01,"San Jose-Sunnyvale-Santa Clara, CA Metro Area",Government,98900.0
2000-10-01,"San Jose-Sunnyvale-Santa Clara, CA Metro Area",Total Private,969700.0
2000-10-01,"St. Louis, MO-IL Metro Area",Government,166000.0
2000-10-01,"St. Louis, MO-IL Metro Area",Total Private,1177600.0
2000-10-01,"Tampa-St. Petersburg-Clearwater, FL Metro Area",Government,146000.0
2000-10-01,"Tampa-St. Petersburg-Clearwater, FL Metro Area",Total Private,1000400.0
2000-10-01,"Yuba City, CA Metro Area",Government,11000.0
2000-10-01,"Yuba City, CA Metro Area",Total Private,27100.0
2000-11-01,"Austin-Round Rock-Georgetown, TX Metro Area",Government,142400.0
2000-11-01,"Austin-Round Rock-Georgetown, TX Metro Area",Total Private,559200.0
2000-11-01,"Charlotte-Concord-Gastonia, NC-SC Metro Area",Government,113700.0
2000-11-01,"Charlotte-Concord-Gastonia, NC-SC Metro Area",Total Private,827300.0
2000-11-01,"Cincinnati, OH-KY-IN Metro Area",Government,127700.0
2000-11-01,"Cincinnati, OH-KY-IN Metro Area",Total Private,894700.0
2000-11-01,"Cleveland-Elyria, OH Metro Area",Government,143900.0
2000-11-01,"Cleveland-Elyria, OH Metro Area",Total Private,999400.0
2000-11-01,"Columbus, OH Metro Area",Government,156900.0
2000-11-01,"Columbus, OH Metro Area",Total Private,794900.0
2000-11-01,"Detroit-Warren-Dearborn, MI Metro Area",Government,242200.0
2000-11-01,"Detroit-Warren-Dearborn, MI Metro Area",Total Private,1990700.0
2000-11-01,"Indianapolis-Carmel-Anderson, IN Metro Area",Government,119300.0
2000-11-01,"Indianapolis-Carmel-Anderson, IN Metro Area",Total Private,784700.0
2000-11-01,"Kansas City, MO-KS Metro Area",Government,138000.0
2000-11-01,"Kansas City, MO-KS Metro Area",Total Private,841900.0
2000-11-01,"Miami-Fort Lauderdale-Pompano Beach, FL Metro Area",Government,299300.0
2000-11-01,"Miami-Fort Lauderdale-Pompano Beach, FL Metro Area",Total Private,1906900.0
2000-11-01,"Orlando-Kissimmee-Sanford, FL Metro Area",Government,93400.0
2000-11-01,"Orlando-Kissimmee-Sanford, FL Metro Area",Total Private,821200.0
2000-11-01,"Phoenix-Mesa-Chandler, AZ Metro Area",Government,204200.0
2000-11-01,"Phoenix-Mesa-Chandler, AZ Metro Area",Total Private,1412000.0
2000-11-01,"Pittsburgh, PA Metro Area",Government,130900.0
2000-11-01,"Pittsburgh, PA Metro Area",Total Private,1031700.0
2000-11-01,"Portland-Vancouver-Hillsboro, OR-WA Metro Area",Government,133600.0
2000-11-01,"Portland-Vancouver-Hillsboro, OR-WA Metro Area",Total Private,870600.0
2000-11-01,"Riverside-San Bernardino-Ontario, CA Metro Area",Government,196800.0
2000-11-01,"Riverside-San Bernardino-Ontario, CA Metro Area",Total Private,821400.0
2000-11-01,"Sacramento-Roseville-Folsom, CA Metro Area",Government,213200.0
2000-11-01,"Sacramento-Roseville-Folsom, CA Metro Area",Total Private,605900.0
2000-11-01,"Salt Lake City, UT Metro Area",Government,83000.0
2000-11-01,"Salt Lake City, UT Metro Area",Total Private,479200.0
2000-11-01,"San Antonio-New Braunfels, TX Metro Area",Government,141900.0
2000-11-01,"San Antonio-New Braunfels, TX Metro Area",Total Private,617100.0
2000-11-01,"San Diego-Chula Vista-Carlsbad, CA Metro Area",Government,211600.0
2000-11-01,"San Diego-Chula Vista-Carlsbad, CA Metro Area",Total Private,1009800.0
2000-11-01,"San Francisco-Oakland-Berkeley, CA Metro Area",Government,312400.0
2000-11-01,"San Francisco-Oakland-Berkeley, CA Metro Area",Total Private,1860700.0
2000-11-01,"San Jose-Sunnyvale-Santa Clara, CA Metro Area",Government,99300.0
2000-11-01,"San Jose-Sunnyvale-Santa Clara, CA Metro Area",Total Private,977500.0
2000-11-01,"St. Louis, MO-IL Metro Area",Government,167600.0
2000-11-01,"St. Louis, MO-IL Metro Area",Total Private,1176900.0
2000-11-01,"Tampa-St. Petersburg-Clearwater, FL Metro Area",Government,147800.0
2000-11-01,"Tampa-St. Petersburg-Clearwater, FL Metro Area",Total Private,1010500.0
2000-11-01,"Yuba City, CA Metro Area",Government,11000.0
2000-11-01,"Yuba City, CA Metro Area",Total Private,27600.0
2000-12-01,"Austin-Round Rock-Georgetown, TX Metro Area",Government,140100.0
2000-12-01,"Austin-Round Rock-Georgetown, TX Metro Area",Total Private,562300.0
2000-12-01,"Charlotte-Concord-Gastonia, NC-SC Metro Area",Government,113600.0
2000-12-01,"Charlotte-Concord-Gastonia, NC-SC Metro Area",Total Private,828000.0
2000-12-01,"Cincinnati, OH-KY-IN Metro Area",Government,128000.0
2000-12-01,"Cincinnati, OH-KY-IN Metro Area",Total Private,899100.0
2000-12-01,"Cleveland-Elyria, OH Metro Area",Government,144500.0
2000-12-01,"Cleveland-Elyria, OH Metro Area",Total Private,1000600.0
2000-12-01,"Columbus, OH Metro Area",Government,158100.0
2000-12-01,"Columbus, OH Metro Area",Total Private,797200.0
2000-12-01,"Detroit-Warren-Dearborn, MI Metro Area",Government,241400.0
2000-12-01,"Detroit-Warren-Dearborn, MI Metro Area",Total Private,1993100.0
2000-12-01,"Indianapolis-Carmel-Anderson, IN Metro Area",Government,119500.0
2000-12-01,"Indianapolis-Carmel-Anderson, IN Metro Area",Total Private,786100.0
2000-12-01,"Kansas City, MO-KS Metro Area",Government,138200.0
2000-12-01,"Kansas City, MO-KS Metro Area",Total Private,843800.0
2000-12-01,"Miami-Fort Lauderdale-Pompano Beach, FL Metro Area",Government,300800.0
2000-12-01,"Miami-Fort Lauderdale-Pompano Beach, FL Metro Area",Total Private,1932100.0
2000-12-01,"Orlando-Kissimmee-Sanford, FL Metro Area",Government,94000.0
2000-12-01,"Orlando-Kissimmee-Sanford, FL Metro Area",Total Private,826600.0
2000-12-01,"Phoenix-Mesa-Chandler, AZ Metro Area",Government,205600.0
2000-12-01,"Phoenix-Mesa-Chandler, AZ Metro Area",Total Private,1425700.0
2000-12-01,"Pittsburgh, PA Metro Area",Government,129699.99999999999
2000-12-01,"Pittsburgh, PA Metro Area",Total Private,1030200.0
2000-12-01,"Portland-Vancouver-Hillsboro, OR-WA Metro Area",Government,133500.0
2000-12-01,"Portland-Vancouver-Hillsboro, OR-WA Metro Area",Total Private,871400.0
2000-12-01,"Riverside-San Bernardino-Ontario, CA Metro Area",Government,198100.0
2000-12-01,"Riverside-San Bernardino-Ontario, CA Metro Area",Total Private,827500.0
2000-12-01,"Sacramento-Roseville-Folsom, CA Metro Area",Government,213000.0
2000-12-01,"Sacramento-Roseville-Folsom, CA Metro Area",Total Private,612600.0
2000-12-01,"Salt Lake City, UT Metro Area",Government,82900.0
2000-12-01,"Salt Lake City, UT Metro Area",Total Private,484400.0
2000-12-01,"San Antonio-New Braunfels, TX Metro Area",Government,141600.0
2000-12-01,"San Antonio-New Braunfels, TX Metro Area",Total Private,621400.0
2000-12-01,"San Diego-Chula Vista-Carlsbad, CA Metro Area",Government,212000.0
2000-12-01,"San Diego-Chula Vista-Carlsbad, CA Metro Area",Total Private,1019400.0
2000-12-01,"San Francisco-Oakland-Berkeley, CA Metro Area",Government,311300.0
2000-12-01,"San Francisco-Oakland-Berkeley, CA Metro Area",Total Private,1877500.0
2000-12-01,"San Jose-Sunnyvale-Santa Clara, CA Metro Area",Government,99000.0
2000-12-01,"San Jose-Sunnyvale-Santa Clara, CA Metro Area",Total Private,988000.0
2000-12-01,"St. Louis, MO-IL Metro Area",Government,168100.0
2000-12-01,"St. Louis, MO-IL Metro Area",Total Private,1172000.0
2000-12-01,"Tampa-St. Petersburg-Clearwater, FL Metro Area",Government,147900.0
2000-12-01,"Tampa-St. Petersburg-Clearwater, FL Metro Area",Total Private,1017200.0
2000-12-01,"Yuba City, CA Metro Area",Government,10800.0
2000-12-01,"Yuba City, CA Metro Area",Total Private,27600.0
2001-01-01,"Austin-Round Rock-Georgetown, TX Metro Area",Government,140400.0
2001-01-01,"Austin-Round Rock-Georgetown, TX Metro Area",Total Private,546700.0
2001-01-01,"Charlotte-Concord-Gastonia, NC-SC Metro Area",Government,111900.0
2001-01-01,"Charlotte-Concord-Gastonia, NC-SC Metro Area",Total Private,810700.0
2001-01-01,"Cincinnati, OH-KY-IN Metro Area",Government,125700.0
2001-01-01,"Cincinnati, OH-KY-IN Metro Area",Total Private,869600.0
2001-01-01,"Cleveland-Elyria, OH Metro Area",Government,141000.0
2001-01-01,"Cleveland-Elyria, OH Metro Area",Total Private,971600.0
2001-01-01,"Columbus, OH Metro Area",Government,153100.0
2001-01-01,"Columbus, OH Metro Area",Total Private,777300.0
2001-01-01,"Detroit-Warren-Dearborn, MI Metro Area",Government,235800.0
2001-01-01,"Detroit-Warren-Dearborn, MI Metro Area",Total Private,1887800.0
2001-01-01,"Indianapolis-Carmel-Anderson, IN Metro Area",Government,115700.0
2001-01-01,"Indianapolis-Carmel-Anderson, IN Metro Area",Total Private,769500.0
2001-01-01,"Kansas City, MO-KS Metro Area",Government,138700.0
2001-01-01,"Kansas City, MO-KS Metro Area",Total Private,825200.0
2001-01-01,"Miami-Fort Lauderdale-Pompano Beach, FL Metro Area",Government,298600.0
2001-01-01,"Miami-Fort Lauderdale-Pompano Beach, FL Metro Area",Total Private,1891300.0
2001-01-01,"Orlando-Kissimmee-Sanford, FL Metro Area",Government,92900.0
2001-01-01,"Orlando-Kissimmee-Sanford, FL Metro Area",Total Private,807500.0
2001-01-01,"Phoenix-Mesa-Chandler, AZ Metro Area",Government,194900.0
2001-01-01,"Phoenix-Mesa-Chandler, AZ Metro Area",Total Private,1386600.0
2001-01-01,"Pittsburgh, PA Metro Area",Government,128500.0
2001-01-01,"Pittsburgh, PA Metro Area",Total Private,1009500.0
2001-01-01,"Portland-Vancouver-Hillsboro, OR-WA Metro Area",Government,131900.0
2001-01-01,"Portland-Vancouver-Hillsboro, OR-WA Metro Area",Total Private,848200.0
2001-01-01,"Riverside-San Bernardino-Ontario, CA Metro Area",Government,198200.0
2001-01-01,"Riverside-San Bernardino-Ontario, CA Metro Area",Total Private,819000.0
2001-01-01,"Sacramento-Roseville-Folsom, CA Metro Area",Government,211300.0
2001-01-01,"Sacramento-Roseville-Folsom, CA Metro Area",Total Private,595200.0
2001-01-01,"Salt Lake City, UT Metro Area",Government,82800.0
2001-01-01,"Salt Lake City, UT Metro Area",Total Private,473000.0
2001-01-01,"San Antonio-New Braunfels, TX Metro Area",Government,140300.0
2001-01-01,"San Antonio-New Braunfels, TX Metro Area",Total Private,605400.0
2001-01-01,"San Diego-Chula Vista-Carlsbad, CA Metro Area",Government,210100.0
2001-01-01,"San Diego-Chula Vista-Carlsbad, CA Metro Area",Total Private,992700.0
2001-01-01,"San Francisco-Oakland-Berkeley, CA Metro Area",Government,304400.0
2001-01-01,"San Francisco-Oakland-Berkeley, CA Metro Area",Total Private,1827200.0
2001-01-01,"San Jose-Sunnyvale-Santa Clara, CA Metro Area",Government,97400.0
2001-01-01,"San Jose-Sunnyvale-Santa Clara, CA Metro Area",Total Private,963100.0
2001-01-01,"St. Louis, MO-IL Metro Area",Government,164600.0
2001-01-01,"St. Louis, MO-IL Metro Area",Total Private,1138200.0
2001-01-01,"Tampa-St. Petersburg-Clearwater, FL Metro Area",Government,145700.0
2001-01-01,"Tampa-St. Petersburg-Clearwater, FL Metro Area",Total Private,980300.0
2001-01-01,"Yuba City, CA Metro Area",Government,10900.0
2001-01-01,"Yuba City, CA Metro Area",Total Private,26500.0
2001-02-01,"Austin-Round Rock-Georgetown, TX Metro Area",Government,143800.0
2001-02-01,"Austin-Round Rock-Georgetown, TX Metro Area",Total Private,548400.0
2001-02-01,"Charlotte-Concord-Gastonia, NC-SC Metro Area",Government,113500.0
2001-02-01,"Charlotte-Concord-Gastonia, NC-SC Metro Area",Total Private,812900.0
2001-02-01,"Cincinnati, OH-KY-IN Metro Area",Government,129199.99999999999
2001-02-01,"Cincinnati, OH-KY-IN Metro Area",Total Private,869500.0
2001-02-01,"Cleveland-Elyria, OH Metro Area",Government,143700.0
2001-02-01,"Cleveland-Elyria, OH Metro Area",Total Private,970500.0
2001-02-01,"Columbus, OH Metro Area",Government,156300.0
2001-02-01,"Columbus, OH Metro Area",Total Private,777300.0
2001-02-01,"Detroit-Warren-Dearborn, MI Metro Area",Government,239700.0
2001-02-01,"Detroit-Warren-Dearborn, MI Metro Area",Total Private,1901000.0
2001-02-01,"Indianapolis-Carmel-Anderson, IN Metro Area",Government,118200.0
2001-02-01,"Indianapolis-Carmel-Anderson, IN Metro Area",Total Private,770000.0
2001-02-01,"Kansas City, MO-KS Metro Area",Government,140900.0
2001-02-01,"Kansas City, MO-KS Metro Area",Total Private,824600.0
2001-02-01,"Miami-Fort Lauderdale-Pompano Beach, FL Metro Area",Government,300600.0
2001-02-01,"Miami-Fort Lauderdale-Pompano Beach, FL Metro Area",Total Private,1907500.0
2001-02-01,"Orlando-Kissimmee-Sanford, FL Metro Area",Government,95000.0
2001-02-01,"Orlando-Kissimmee-Sanford, FL Metro Area",Total Private,814500.0
2001-02-01,"Phoenix-Mesa-Chandler, AZ Metro Area",Government,206400.0
2001-02-01,"Phoenix-Mesa-Chandler, AZ Metro Area",Total Private,1399800.0
2001-02-01,"Pittsburgh, PA Metro Area",Government,130199.99999999999
2001-02-01,"Pittsburgh, PA Metro Area",Total Private,1012500.0
2001-02-01,"Portland-Vancouver-Hillsboro, OR-WA Metro Area",Government,133400.0
2001-02-01,"Portland-Vancouver-Hillsboro, OR-WA Metro Area",Total Private,849300.0
2001-02-01,"Riverside-San Bernardino-Ontario, CA Metro Area",Government,197200.0
2001-02-01,"Riverside-San Bernardino-Ontario, CA Metro Area",Total Private,821800.0
2001-02-01,"Sacramento-Roseville-Folsom, CA Metro Area",Government,213300.0
2001-02-01,"Sacramento-Roseville-Folsom, CA Metro Area",Total Private,597300.0
2001-02-01,"Salt Lake City, UT Metro Area",Government,84700.0
2001-02-01,"Salt Lake City, UT Metro Area",Total Private,471600.0
2001-02-01,"San Antonio-New Braunfels, TX Metro Area",Government,141700.0
2001-02-01,"San Antonio-New Braunfels, TX Metro Area",Total Private,613100.0
2001-02-01,"San Diego-Chula Vista-Carlsbad, CA Metro Area",Government,212700.0
2001-02-01,"San Diego-Chula Vista-Carlsbad, CA Metro Area",Total Private,999100.0
2001-02-01,"San Francisco-Oakland-Berkeley, CA Metro Area",Government,307700.0
2001-02-01,"San Francisco-Oakland-Berkeley, CA Metro Area",Total Private,1834600.0
2001-02-01,"San Jose-Sunnyvale-Santa Clara, CA Metro Area",Government,98000.0
2001-02-01,"San Jose-Sunnyvale-Santa Clara, CA Metro Area",Total Private,965900.0
2001-02-01,"St. Louis, MO-IL Metro Area",Government,167300.0
2001-02-01,"St. Louis, MO-IL Metro Area",Total Private,1146800.0
2001-02-01,"Tampa-St. Petersburg-Clearwater, FL Metro Area",Government,147500.0
2001-02-01,"Tampa-St. Petersburg-Clearwater, FL Metro Area",Total Private,991500.0
2001-02-01,"Yuba City, CA Metro Area",Government,11100.0
2001-02-01,"Yuba City, CA Metro Area",Total Private,26400.0
2001-03-01,"Austin-Round Rock-Georgetown, TX Metro Area",Government,144500.0
2001-03-01,"Austin-Round Rock-Georgetown, TX Metro Area",Total Private,550600.0
2001-03-01,"Charlotte-Concord-Gastonia, NC-SC Metro Area",Government,113900.0
2001-03-01,"Charlotte-Concord-Gastonia, NC-SC Metro Area",Total Private,815400.0
2001-03-01,"Cincinnati, OH-KY-IN Metro Area",Government,130000.0
2001-03-01,"Cincinnati, OH-KY-IN Metro Area",Total Private,875900.0
2001-03-01,"Cleveland-Elyria, OH Metro Area",Government,145100.0
2001-03-01,"Cleveland-Elyria, OH Metro Area",Total Private,975900.0
2001-03-01,"Columbus, OH Metro Area",Government,157900.0
2001-03-01,"Columbus, OH Metro Area",Total Private,780500.0
2001-03-01,"Detroit-Warren-Dearborn, MI Metro Area",Government,240800.0
2001-03-01,"Detroit-Warren-Dearborn, MI Metro Area",Total Private,1909000.0
2001-03-01,"Indianapolis-Carmel-Anderson, IN Metro Area",Government,119100.0
2001-03-01,"Indianapolis-Carmel-Anderson, IN Metro Area",Total Private,778800.0
2001-03-01,"Kansas City, MO-KS Metro Area",Government,141900.0
2001-03-01,"Kansas City, MO-KS Metro Area",Total Private,832700.0
2001-03-01,"Miami-Fort Lauderdale-Pompano Beach, FL Metro Area",Government,302300.0
2001-03-01,"Miami-Fort Lauderdale-Pompano Beach, FL Metro Area",Total Private,1922400.0
2001-03-01,"Orlando-Kissimmee-Sanford, FL Metro Area",Government,96700.0
2001-03-01,"Orlando-Kissimmee-Sanford, FL Metro Area",Total Private,820500.0
2001-03-01,"Phoenix-Mesa-Chandler, AZ Metro Area",Government,207000.0
2001-03-01,"Phoenix-Mesa-Chandler, AZ Metro Area",Total Private,1410100.0
2001-03-01,"Pittsburgh, PA Metro Area",Government,130900.0
2001-03-01,"Pittsburgh, PA Metro Area",Total Private,1018900.0
2001-03-01,"Portland-Vancouver-Hillsboro, OR-WA Metro Area",Government,134200.0
2001-03-01,"Portland-Vancouver-Hillsboro, OR-WA Metro Area",Total Private,849300.0
2001-03-01,"Riverside-San Bernardino-Ontario, CA Metro Area",Government,201000.0
2001-03-01,"Riverside-San Bernardino-Ontario, CA Metro Area",Total Private,829600.0
2001-03-01,"Sacramento-Roseville-Folsom, CA Metro Area",Government,217100.0
2001-03-01,"Sacramento-Roseville-Folsom, CA Metro Area",Total Private,603500.0
2001-03-01,"Salt Lake City, UT Metro Area",Government,84700.0
2001-03-01,"Salt Lake City, UT Metro Area",Total Private,474000.0
2001-03-01,"San Antonio-New Braunfels, TX Metro Area",Government,142100.0
2001-03-01,"San Antonio-New Braunfels, TX Metro Area",Total Private,619500.0
2001-03-01,"San Diego-Chula Vista-Carlsbad, CA Metro Area",Government,214800.0
2001-03-01,"San Diego-Chula Vista-Carlsbad, CA Metro Area",Total Private,1005500.0
2001-03-01,"San Francisco-Oakland-Berkeley, CA Metro Area",Government,311000.0
2001-03-01,"San Francisco-Oakland-Berkeley, CA Metro Area",Total Private,1847300.0
2001-03-01,"San Jose-Sunnyvale-Santa Clara, CA Metro Area",Government,98900.0
2001-03-01,"San Jose-Sunnyvale-Santa Clara, CA Metro Area",Total Private,969900.0
2001-03-01,"St. Louis, MO-IL Metro Area",Government,168000.0
2001-03-01,"St. Louis, MO-IL Metro Area",Total Private,1160800.0
2001-03-01,"Tampa-St. Petersburg-Clearwater, FL Metro Area",Government,148300.0
2001-03-01,"Tampa-St. Petersburg-Clearwater, FL Metro Area",Total Private,1000500.0
2001-03-01,"Yuba City, CA Metro Area",Government,11200.0
2001-03-01,"Yuba City, CA Metro Area",Total Private,26500.0
2001-04-01,"Austin-Round Rock-Georgetown, TX Metro Area",Government,144300.0
2001-04-01,"Austin-Round Rock-Georgetown, TX Metro Area",Total Private,546600.0
2001-04-01,"Charlotte-Concord-Gastonia, NC-SC Metro Area",Government,114500.0
2001-04-01,"Charlotte-Concord-Gastonia, NC-SC Metro Area",Total Private,818600.0
2001-04-01,"Cincinnati, OH-KY-IN Metro Area",Government,130800.00000000001
2001-04-01,"Cincinnati, OH-KY-IN Metro Area",Total Private,876600.0
2001-04-01,"Cleveland-Elyria, OH Metro Area",Government,144500.0
2001-04-01,"Cleveland-Elyria, OH Metro Area",Total Private,977000.0
2001-04-01,"Columbus, OH Metro Area",Government,158800.0
2001-04-01,"Columbus, OH Metro Area",Total Private,783600.0
2001-04-01,"Detroit-Warren-Dearborn, MI Metro Area",Government,241600.0
2001-04-01,"Detroit-Warren-Dearborn, MI Metro Area",Total Private,1913700.0
2001-04-01,"Indianapolis-Carmel-Anderson, IN Metro Area",Government,118800.0
2001-04-01,"Indianapolis-Carmel-Anderson, IN Metro Area",Total Private,787300.0
2001-04-01,"Kansas City, MO-KS Metro Area",Government,141600.0
2001-04-01,"Kansas City, MO-KS Metro Area",Total Private,835100.0
2001-04-01,"Miami-Fort Lauderdale-Pompano Beach, FL Metro Area",Government,303500.0
2001-04-01,"Miami-Fort Lauderdale-Pompano Beach, FL Metro Area",Total Private,1904200.0
2001-04-01,"Orlando-Kissimmee-Sanford, FL Metro Area",Government,96900.0
2001-04-01,"Orlando-Kissimmee-Sanford, FL Metro Area",Total Private,815000.0
2001-04-01,"Phoenix-Mesa-Chandler, AZ Metro Area",Government,207500.0
2001-04-01,"Phoenix-Mesa-Chandler, AZ Metro Area",Total Private,1403900.0
2001-04-01,"Pittsburgh, PA Metro Area",Government,131200.0
2001-04-01,"Pittsburgh, PA Metro Area",Total Private,1027099.9999999999
2001-04-01,"Portland-Vancouver-Hillsboro, OR-WA Metro Area",Government,134000.0
2001-04-01,"Portland-Vancouver-Hillsboro, OR-WA Metro Area",Total Private,848600.0
2001-04-01,"Riverside-San Bernardino-Ontario, CA Metro Area",Government,199300.0
2001-04-01,"Riverside-San Bernardino-Ontario, CA Metro Area",Total Private,831800.0
2001-04-01,"Sacramento-Roseville-Folsom, CA Metro Area",Government,218000.0
2001-04-01,"Sacramento-Roseville-Folsom, CA Metro Area",Total Private,604000.0
2001-04-01,"Salt Lake City, UT Metro Area",Government,85200.0
2001-04-01,"Salt Lake City, UT Metro Area",Total Private,473500.0
2001-04-01,"San Antonio-New Braunfels, TX Metro Area",Government,142800.0
2001-04-01,"San Antonio-New Braunfels, TX Metro Area",Total Private,619700.0
2001-04-01,"San Diego-Chula Vista-Carlsbad, CA Metro Area",Government,217000.0
2001-04-01,"San Diego-Chula Vista-Carlsbad, CA Metro Area",Total Private,1007000.0
2001-04-01,"San Francisco-Oakland-Berkeley, CA Metro Area",Government,313300.0
2001-04-01,"San Francisco-Oakland-Berkeley, CA Metro Area",Total Private,1822400.0
2001-04-01,"San Jose-Sunnyvale-Santa Clara, CA Metro Area",Government,99200.0
2001-04-01,"San Jose-Sunnyvale-Santa Clara, CA Metro Area",Total Private,951800.0
2001-04-01,"St. Louis, MO-IL Metro Area",Government,168200.0
2001-04-01,"St. Louis, MO-IL Metro Area",Total Private,1172300.0
2001-04-01,"Tampa-St. Petersburg-Clearwater, FL Metro Area",Government,148100.0
2001-04-01,"Tampa-St. Petersburg-Clearwater, FL Metro Area",Total Private,995600.0
2001-04-01,"Yuba City, CA Metro Area",Government,11200.0
2001-04-01,"Yuba City, CA Metro Area",Total Private,26700.0
2001-05-01,"Austin-Round Rock-Georgetown, TX Metro Area",Government,144600.0
2001-05-01,"Austin-Round Rock-Georgetown, TX Metro Area",Total Private,546100.0
2001-05-01,"Charlotte-Concord-Gastonia, NC-SC Metro Area",Government,114500.0
2001-05-01,"Charlotte-Concord-Gastonia, NC-SC Metro Area",Total Private,818800.0
2001-05-01,"Cincinnati, OH-KY-IN Metro Area",Government,131400.0
2001-05-01,"Cincinnati, OH-KY-IN Metro Area",Total Private,883300.0
2001-05-01,"Cleveland-Elyria, OH Metro Area",Government,145200.0
2001-05-01,"Cleveland-Elyria, OH Metro Area",Total Private,984100.0
2001-05-01,"Columbus, OH Metro Area",Government,159200.0
2001-05-01,"Columbus, OH Metro Area",Total Private,786100.0
2001-05-01,"Detroit-Warren-Dearborn, MI Metro Area",Government,242000.0
2001-05-01,"Detroit-Warren-Dearborn, MI Metro Area",Total Private,1932500.0
2001-05-01,"Indianapolis-Carmel-Anderson, IN Metro Area",Government,120000.0
2001-05-01,"Indianapolis-Carmel-Anderson, IN Metro Area",Total Private,794300.0
2001-05-01,"Kansas City, MO-KS Metro Area",Government,141800.0
2001-05-01,"Kansas City, MO-KS Metro Area",Total Private,838900.0
2001-05-01,"Miami-Fort Lauderdale-Pompano Beach, FL Metro Area",Government,304300.0
2001-05-01,"Miami-Fort Lauderdale-Pompano Beach, FL Metro Area",Total Private,1904500.0
2001-05-01,"Orlando-Kissimmee-Sanford, FL Metro Area",Government,96700.0
2001-05-01,"Orlando-Kissimmee-Sanford, FL Metro Area",Total Private,817200.0
2001-05-01,"Phoenix-Mesa-Chandler, AZ Metro Area",Government,206500.0
2001-05-01,"Phoenix-Mesa-Chandler, AZ Metro Area",Total Private,1400800.0
2001-05-01,"Pittsburgh, PA Metro Area",Government,130800.00000000001
2001-05-01,"Pittsburgh, PA Metro Area",Total Private,1033500.0
2001-05-01,"Portland-Vancouver-Hillsboro, OR-WA Metro Area",Government,135700.0
2001-05-01,"Portland-Vancouver-Hillsboro, OR-WA Metro Area",Total Private,848300.0
2001-05-01,"Riverside-San Bernardino-Ontario, CA Metro Area",Government,200600.0
2001-05-01,"Riverside-San Bernardino-Ontario, CA Metro Area",Total Private,836700.0
2001-05-01,"Sacramento-Roseville-Folsom, CA Metro Area",Government,218400.0
2001-05-01,"Sacramento-Roseville-Folsom, CA Metro Area",Total Private,606400.0
2001-05-01,"Salt Lake City, UT Metro Area",Government,85700.0
2001-05-01,"Salt Lake City, UT Metro Area",Total Private,474300.0
2001-05-01,"San Antonio-New Braunfels, TX Metro Area",Government,143200.0
2001-05-01,"San Antonio-New Braunfels, TX Metro Area",Total Private,625900.0
2001-05-01,"San Diego-Chula Vista-Carlsbad, CA Metro Area",Government,219300.0
2001-05-01,"San Diego-Chula Vista-Carlsbad, CA Metro Area",Total Private,1012600.0
2001-05-01,"San Francisco-Oakland-Berkeley, CA Metro Area",Government,312500.0
2001-05-01,"San Francisco-Oakland-Berkeley, CA Metro Area",Total Private,1821400.0
2001-05-01,"San Jose-Sunnyvale-Santa Clara, CA Metro Area",Government,100600.0
2001-05-01,"San Jose-Sunnyvale-Santa Clara, CA Metro Area",Total Private,945800.0
2001-05-01,"St. Louis, MO-IL Metro Area",Government,169200.0
2001-05-01,"St. Louis, MO-IL Metro Area",Total Private,1178700.0
2001-05-01,"Tampa-St. Petersburg-Clearwater, FL Metro Area",Government,148800.0
2001-05-01,"Tampa-St. Petersburg-Clearwater, FL Metro Area",Total Private,995200.0
2001-05-01,"Yuba City, CA Metro Area",Government,11200.0
2001-05-01,"Yuba City, CA Metro Area",Total Private,26600.0
2001-06-01,"Austin-Round Rock-Georgetown, TX Metro Area",Government,141200.0
2001-06-01,"Austin-Round Rock-Georgetown, TX Metro Area",Total Private,549200.0
2001-06-01,"Charlotte-Concord-Gastonia, NC-SC Metro Area",Government,109700.0
2001-06-01,"Charlotte-Concord-Gastonia, NC-SC Metro Area",Total Private,821700.0
2001-06-01,"Cincinnati, OH-KY-IN Metro Area",Government,126900.0
2001-06-01,"Cincinnati, OH-KY-IN Metro Area",Total Private,890300.0
2001-06-01,"Cleveland-Elyria, OH Metro Area",Government,143000.0
2001-06-01,"Cleveland-Elyria, OH Metro Area",Total Private,990500.0
2001-06-01,"Columbus, OH Metro Area",Government,152300.0
2001-06-01,"Columbus, OH Metro Area",Total Private,789100.0
2001-06-01,"Detroit-Warren-Dearborn, MI Metro Area",Government,237300.0
2001-06-01,"Detroit-Warren-Dearborn, MI Metro Area",Total Private,1943500.0
2001-06-01,"Indianapolis-Carmel-Anderson, IN Metro Area",Government,114200.0
2001-06-01,"Indianapolis-Carmel-Anderson, IN Metro Area",Total Private,800300.0
2001-06-01,"Kansas City, MO-KS Metro Area",Government,140300.0
2001-06-01,"Kansas City, MO-KS Metro Area",Total Private,845900.0
2001-06-01,"Miami-Fort Lauderdale-Pompano Beach, FL Metro Area",Government,298600.0
2001-06-01,"Miami-Fort Lauderdale-Pompano Beach, FL Metro Area",Total Private,1905900.0
2001-06-01,"Orlando-Kissimmee-Sanford, FL Metro Area",Government,87000.0
2001-06-01,"Orlando-Kissimmee-Sanford, FL Metro Area",Total Private,817400.0
2001-06-01,"Phoenix-Mesa-Chandler, AZ Metro Area",Government,186400.0
2001-06-01,"Phoenix-Mesa-Chandler, AZ Metro Area",Total Private,1402700.0
2001-06-01,"Pittsburgh, PA Metro Area",Government,127800.0
2001-06-01,"Pittsburgh, PA Metro Area",Total Private,1044500.0
2001-06-01,"Portland-Vancouver-Hillsboro, OR-WA Metro Area",Government,135100.0
2001-06-01,"Portland-Vancouver-Hillsboro, OR-WA Metro Area",Total Private,850400.0
2001-06-01,"Riverside-San Bernardino-Ontario, CA Metro Area",Government,201700.0
2001-06-01,"Riverside-San Bernardino-Ontario, CA Metro Area",Total Private,841000.0
2001-06-01,"Sacramento-Roseville-Folsom, CA Metro Area",Government,219000.0
2001-06-01,"Sacramento-Roseville-Folsom, CA Metro Area",Total Private,612600.0
2001-06-01,"Salt Lake City, UT Metro Area",Government,84900.0
2001-06-01,"Salt Lake City, UT Metro Area",Total Private,476500.0
2001-06-01,"San Antonio-New Braunfels, TX Metro Area",Government,139000.0
2001-06-01,"San Antonio-New Braunfels, TX Metro Area",Total Private,633800.0
2001-06-01,"San Diego-Chula Vista-Carlsbad, CA Metro Area",Government,218000.0
2001-06-01,"San Diego-Chula Vista-Carlsbad, CA Metro Area",Total Private,1017900.0
2001-06-01,"San Francisco-Oakland-Berkeley, CA Metro Area",Government,310400.0
2001-06-01,"San Francisco-Oakland-Berkeley, CA Metro Area",Total Private,1825200.0
2001-06-01,"San Jose-Sunnyvale-Santa Clara, CA Metro Area",Government,99700.0
2001-06-01,"San Jose-Sunnyvale-Santa Clara, CA Metro Area",Total Private,943400.0
2001-06-01,"St. Louis, MO-IL Metro Area",Government,169500.0
2001-06-01,"St. Louis, MO-IL Metro Area",Total Private,1183400.0
2001-06-01,"Tampa-St. Petersburg-Clearwater, FL Metro Area",Government,137800.0
2001-06-01,"Tampa-St. Petersburg-Clearwater, FL Metro Area",Total Private,995500.0
2001-06-01,"Yuba City, CA Metro Area",Government,11400.0
2001-06-01,"Yuba City, CA Metro Area",Total Private,27000.0
2001-07-01,"Austin-Round Rock-Georgetown, TX Metro Area",Government,132800.0
2001-07-01,"Austin-Round Rock-Georgetown, TX Metro Area",Total Private,542600.0
2001-07-01,"Charlotte-Concord-Gastonia, NC-SC Metro Area",Government,99500.0
2001-07-01,"Charlotte-Concord-Gastonia, NC-SC Metro Area",Total Private,814000.0
2001-07-01,"Cincinnati, OH-KY-IN Metro Area",Government,118900.0
2001-07-01,"Cincinnati, OH-KY-IN Metro Area",Total Private,888500.0
2001-07-01,"Cleveland-Elyria, OH Metro Area",Government,137500.0
2001-07-01,"Cleveland-Elyria, OH Metro Area",Total Private,982400.0
2001-07-01,"Columbus, OH Metro Area",Government,149400.0
2001-07-01,"Columbus, OH Metro Area",Total Private,783800.0
2001-07-01,"Detroit-Warren-Dearborn, MI Metro Area",Government,204100.0
2001-07-01,"Detroit-Warren-Dearborn, MI Metro Area",Total Private,1891400.0
2001-07-01,"Indianapolis-Carmel-Anderson, IN Metro Area",Government,104700.0
2001-07-01,"Indianapolis-Carmel-Anderson, IN Metro Area",Total Private,793400.0
2001-07-01,"Kansas City, MO-KS Metro Area",Government,120500.0
2001-07-01,"Kansas City, MO-KS Metro Area",Total Private,833600.0
2001-07-01,"Miami-Fort Lauderdale-Pompano Beach, FL Metro Area",Government,278600.0
2001-07-01,"Miami-Fort Lauderdale-Pompano Beach, FL Metro Area",Total Private,1878400.0
2001-07-01,"Orlando-Kissimmee-Sanford, FL Metro Area",Government,84900.0
2001-07-01,"Orlando-Kissimmee-Sanford, FL Metro Area",Total Private,810400.0
2001-07-01,"Phoenix-Mesa-Chandler, AZ Metro Area",Government,182600.0
2001-07-01,"Phoenix-Mesa-Chandler, AZ Metro Area",Total Private,1383500.0
2001-07-01,"Pittsburgh, PA Metro Area",Government,117800.0
2001-07-01,"Pittsburgh, PA Metro Area",Total Private,1036500.0
2001-07-01,"Portland-Vancouver-Hillsboro, OR-WA Metro Area",Government,119200.0
2001-07-01,"Portland-Vancouver-Hillsboro, OR-WA Metro Area",Total Private,847400.0
2001-07-01,"Riverside-San Bernardino-Ontario, CA Metro Area",Government,194700.0
2001-07-01,"Riverside-San Bernardino-Ontario, CA Metro Area",Total Private,839900.0
2001-07-01,"Sacramento-Roseville-Folsom, CA Metro Area",Government,214300.0
2001-07-01,"Sacramento-Roseville-Folsom, CA Metro Area",Total Private,613500.0
2001-07-01,"Salt Lake City, UT Metro Area",Government,79000.0
2001-07-01,"Salt Lake City, UT Metro Area",Total Private,474400.0
2001-07-01,"San Antonio-New Braunfels, TX Metro Area",Government,132800.0
2001-07-01,"San Antonio-New Braunfels, TX Metro Area",Total Private,629500.0
2001-07-01,"San Diego-Chula Vista-Carlsbad, CA Metro Area",Government,202400.0
2001-07-01,"San Diego-Chula Vista-Carlsbad, CA Metro Area",Total Private,1014900.0
2001-07-01,"San Francisco-Oakland-Berkeley, CA Metro Area",Government,298900.0
2001-07-01,"San Francisco-Oakland-Berkeley, CA Metro Area",Total Private,1803400.0
2001-07-01,"San Jose-Sunnyvale-Santa Clara, CA Metro Area",Government,97000.0
2001-07-01,"San Jose-Sunnyvale-Santa Clara, CA Metro Area",Total Private,923500.0
2001-07-01,"St. Louis, MO-IL Metro Area",Government,146200.0
2001-07-01,"St. Louis, MO-IL Metro Area",Total Private,1176400.0
2001-07-01,"Tampa-St. Petersburg-Clearwater, FL Metro Area",Government,136200.0
2001-07-01,"Tampa-St. Petersburg-Clearwater, FL Metro Area",Total Private,983500.0
2001-07-01,"Yuba City, CA Metro Area",Government,10600.0
2001-07-01,"Yuba City, CA Metro Area",Total Private,28400.0
2001-08-01,"Austin-Round Rock-Georgetown, TX Metro Area",Government,138400.0
2001-08-01,"Austin-Round Rock-Georgetown, TX Metro Area",Total Private,542200.0
2001-08-01,"Charlotte-Concord-Gastonia, NC-SC Metro Area",Government,107100.0
2001-08-01,"Charlotte-Concord-Gastonia, NC-SC Metro Area",Total Private,816200.0
2001-08-01,"Cincinnati, OH-KY-IN Metro Area",Government,119900.0
2001-08-01,"Cincinnati, OH-KY-IN Metro Area",Total Private,890100.0
2001-08-01,"Cleveland-Elyria, OH Metro Area",Government,137900.0
2001-08-01,"Cleveland-Elyria, OH Metro Area",Total Private,981000.0
2001-08-01,"Columbus, OH Metro Area",Government,147800.0
2001-08-01,"Columbus, OH Metro Area",Total Private,783600.0
2001-08-01,"Detroit-Warren-Dearborn, MI Metro Area",Government,201000.0
2001-08-01,"Detroit-Warren-Dearborn, MI Metro Area",Total Private,1908200.0
2001-08-01,"Indianapolis-Carmel-Anderson, IN Metro Area",Government,109600.0
2001-08-01,"Indianapolis-Carmel-Anderson, IN Metro Area",Total Private,800700.0
2001-08-01,"Kansas City, MO-KS Metro Area",Government,123000.0
2001-08-01,"Kansas City, MO-KS Metro Area",Total Private,837800.0
2001-08-01,"Miami-Fort Lauderdale-Pompano Beach, FL Metro Area",Government,280200.0
2001-08-01,"Miami-Fort Lauderdale-Pompano Beach, FL Metro Area",Total Private,1884900.0
2001-08-01,"Orlando-Kissimmee-Sanford, FL Metro Area",Government,95000.0
2001-08-01,"Orlando-Kissimmee-Sanford, FL Metro Area",Total Private,811300.0
2001-08-01,"Phoenix-Mesa-Chandler, AZ Metro Area",Government,194700.0
2001-08-01,"Phoenix-Mesa-Chandler, AZ Metro Area",Total Private,1389000.0
2001-08-01,"Pittsburgh, PA Metro Area",Government,115500.0
2001-08-01,"Pittsburgh, PA Metro Area",Total Private,1034800.0
2001-08-01,"Portland-Vancouver-Hillsboro, OR-WA Metro Area",Government,116200.0
2001-08-01,"Portland-Vancouver-Hillsboro, OR-WA Metro Area",Total Private,847500.0
2001-08-01,"Riverside-San Bernardino-Ontario, CA Metro Area",Government,188600.0
2001-08-01,"Riverside-San Bernardino-Ontario, CA Metro Area",Total Private,843700.0
2001-08-01,"Sacramento-Roseville-Folsom, CA Metro Area",Government,216400.0
2001-08-01,"Sacramento-Roseville-Folsom, CA Metro Area",Total Private,615500.0
2001-08-01,"Salt Lake City, UT Metro Area",Government,78900.0
2001-08-01,"Salt Lake City, UT Metro Area",Total Private,476200.0
2001-08-01,"San Antonio-New Braunfels, TX Metro Area",Government,136200.0
2001-08-01,"San Antonio-New Braunfels, TX Metro Area",Total Private,631200.0
2001-08-01,"San Diego-Chula Vista-Carlsbad, CA Metro Area",Government,201300.0
2001-08-01,"San Diego-Chula Vista-Carlsbad, CA Metro Area",Total Private,1018300.0
2001-08-01,"San Francisco-Oakland-Berkeley, CA Metro Area",Government,299000.0
2001-08-01,"San Francisco-Oakland-Berkeley, CA Metro Area",Total Private,1798300.0
2001-08-01,"San Jose-Sunnyvale-Santa Clara, CA Metro Area",Government,94600.0
2001-08-01,"San Jose-Sunnyvale-Santa Clara, CA Metro Area",Total Private,914700.0
2001-08-01,"St. Louis, MO-IL Metro Area",Government,147800.0
2001-08-01,"St. Louis, MO-IL Metro Area",Total Private,1175300.0
2001-08-01,"Tampa-St. Petersburg-Clearwater, FL Metro Area",Government,146900.0
2001-08-01,"Tampa-St. Petersburg-Clearwater, FL Metro Area",Total Private,986100.0
2001-08-01,"Yuba City, CA Metro Area",Government,10700.0
2001-08-01,"Yuba City, CA Metro Area",Total Private,29200.0
2001-09-01,"Austin-Round Rock-Georgetown, TX Metro Area",Government,147700.0
2001-09-01,"Austin-Round Rock-Georgetown, TX Metro Area",Total Private,536100.0
2001-09-01,"Charlotte-Concord-Gastonia, NC-SC Metro Area",Government,113800.0
2001-09-01,"Charlotte-Concord-Gastonia, NC-SC Metro Area",Total Private,811400.0
2001-09-01,"Cincinnati, OH-KY-IN Metro Area",Government,127000.0
2001-09-01,"Cincinnati, OH-KY-IN Metro Area",Total Private,883000.0
2001-09-01,"Cleveland-Elyria, OH Metro Area",Government,143900.0
2001-09-01,"Cleveland-Elyria, OH Metro Area",Total Private,966300.0
2001-09-01,"Columbus, OH Metro Area",Government,154900.0
2001-09-01,"Columbus, OH Metro Area",Total Private,776400.0
2001-09-01,"Detroit-Warren-Dearborn, MI Metro Area",Government,228000.0
2001-09-01,"Detroit-Warren-Dearborn, MI Metro Area",Total Private,1893000.0
2001-09-01,"Indianapolis-Carmel-Anderson, IN Metro Area",Government,119500.0
2001-09-01,"Indianapolis-Carmel-Anderson, IN Metro Area",Total Private,791700.0
2001-09-01,"Kansas City, MO-KS Metro Area",Government,137000.0
2001-09-01,"Kansas City, MO-KS Metro Area",Total Private,833100.0
2001-09-01,"Miami-Fort Lauderdale-Pompano Beach, FL Metro Area",Government,303700.0
2001-09-01,"Miami-Fort Lauderdale-Pompano Beach, FL Metro Area",Total Private,1888900.0
2001-09-01,"Orlando-Kissimmee-Sanford, FL Metro Area",Government,96400.0
2001-09-01,"Orlando-Kissimmee-Sanford, FL Metro Area",Total Private,809500.0
2001-09-01,"Phoenix-Mesa-Chandler, AZ Metro Area",Government,210000.0
2001-09-01,"Phoenix-Mesa-Chandler, AZ Metro Area",Total Private,1388400.0
2001-09-01,"Pittsburgh, PA Metro Area",Government,127700.0
2001-09-01,"Pittsburgh, PA Metro Area",Total Private,1026500.0
2001-09-01,"Portland-Vancouver-Hillsboro, OR-WA Metro Area",Government,128800.00000000001
2001-09-01,"Portland-Vancouver-Hillsboro, OR-WA Metro Area",Total Private,842600.0
2001-09-01,"Riverside-San Bernardino-Ontario, CA Metro Area",Government,199500.0
2001-09-01,"Riverside-San Bernardino-Ontario, CA Metro Area",Total Private,843400.0
2001-09-01,"Sacramento-Roseville-Folsom, CA Metro Area",Government,220000.0
2001-09-01,"Sacramento-Roseville-Folsom, CA Metro Area",Total Private,610600.0
2001-09-01,"Salt Lake City, UT Metro Area",Government,84700.0
2001-09-01,"Salt Lake City, UT Metro Area",Total Private,473000.0
2001-09-01,"San Antonio-New Braunfels, TX Metro Area",Government,141400.0
2001-09-01,"San Antonio-New Braunfels, TX Metro Area",Total Private,624400.0
2001-09-01,"San Diego-Chula Vista-Carlsbad, CA Metro Area",Government,209700.0
2001-09-01,"San Diego-Chula Vista-Carlsbad, CA Metro Area",Total Private,1013400.0
2001-09-01,"San Francisco-Oakland-Berkeley, CA Metro Area",Government,307200.0
2001-09-01,"San Francisco-Oakland-Berkeley, CA Metro Area",Total Private,1783900.0
2001-09-01,"San Jose-Sunnyvale-Santa Clara, CA Metro Area",Government,96700.0
2001-09-01,"San Jose-Sunnyvale-Santa Clara, CA Metro Area",Total Private,896300.0
2001-09-01,"St. Louis, MO-IL Metro Area",Government,166500.0
2001-09-01,"St. Louis, MO-IL Metro Area",Total Private,1168700.0
2001-09-01,"Tampa-St. Petersburg-Clearwater, FL Metro Area",Government,148100.0
2001-09-01,"Tampa-St. Petersburg-Clearwater, FL Metro Area",Total Private,982700.0
2001-09-01,"Yuba City, CA Metro Area",Government,10800.0
2001-09-01,"Yuba City, CA Metro Area",Total Private,28800.0
2001-10-01,"Austin-Round Rock-Georgetown, TX Metro Area",Government,147300.0
2001-10-01,"Austin-Round Rock-Georgetown, TX Metro Area",Total Private,532800.0
2001-10-01,"Charlotte-Concord-Gastonia, NC-SC Metro Area",Government,117700.0
2001-10-01,"Charlotte-Concord-Gastonia, NC-SC Metro Area",Total Private,810700.0
2001-10-01,"Cincinnati, OH-KY-IN Metro Area",Government,129600.0
2001-10-01,"Cincinnati, OH-KY-IN Metro Area",Total Private,882000.0
2001-10-01,"Cleveland-Elyria, OH Metro Area",Government,145900.0
2001-10-01,"Cleveland-Elyria, OH Metro Area",Total Private,963300.0
2001-10-01,"Columbus, OH Metro Area",Government,158900.0
2001-10-01,"Columbus, OH Metro Area",Total Private,780500.0
2001-10-01,"Detroit-Warren-Dearborn, MI Metro Area",Government,241000.0
2001-10-01,"Detroit-Warren-Dearborn, MI Metro Area",Total Private,1887200.0
2001-10-01,"Indianapolis-Carmel-Anderson, IN Metro Area",Government,119800.0
2001-10-01,"Indianapolis-Carmel-Anderson, IN Metro Area",Total Private,789500.0
2001-10-01,"Kansas City, MO-KS Metro Area",Government,139300.0
2001-10-01,"Kansas City, MO-KS Metro Area",Total Private,830100.0
2001-10-01,"Miami-Fort Lauderdale-Pompano Beach, FL Metro Area",Government,307400.0
2001-10-01,"Miami-Fort Lauderdale-Pompano Beach, FL Metro Area",Total Private,1883500.0
2001-10-01,"Orlando-Kissimmee-Sanford, FL Metro Area",Government,98400.0
2001-10-01,"Orlando-Kissimmee-Sanford, FL Metro Area",Total Private,797700.0
2001-10-01,"Phoenix-Mesa-Chandler, AZ Metro Area",Government,214600.0
2001-10-01,"Phoenix-Mesa-Chandler, AZ Metro Area",Total Private,1386600.0
2001-10-01,"Pittsburgh, PA Metro Area",Government,131000.0
2001-10-01,"Pittsburgh, PA Metro Area",Total Private,1023100.0
2001-10-01,"Portland-Vancouver-Hillsboro, OR-WA Metro Area",Government,136000.0
2001-10-01,"Portland-Vancouver-Hillsboro, OR-WA Metro Area",Total Private,833700.0
2001-10-01,"Riverside-San Bernardino-Ontario, CA Metro Area",Government,203900.0
2001-10-01,"Riverside-San Bernardino-Ontario, CA Metro Area",Total Private,844500.0
2001-10-01,"Sacramento-Roseville-Folsom, CA Metro Area",Government,221900.0
2001-10-01,"Sacramento-Roseville-Folsom, CA Metro Area",Total Private,610300.0
2001-10-01,"Salt Lake City, UT Metro Area",Government,85300.0
2001-10-01,"Salt Lake City, UT Metro Area",Total Private,470600.0
2001-10-01,"San Antonio-New Braunfels, TX Metro Area",Government,142800.0
2001-10-01,"San Antonio-New Braunfels, TX Metro Area",Total Private,616500.0
2001-10-01,"San Diego-Chula Vista-Carlsbad, CA Metro Area",Government,218500.0
2001-10-01,"San Diego-Chula Vista-Carlsbad, CA Metro Area",Total Private,1013400.0
2001-10-01,"San Francisco-Oakland-Berkeley, CA Metro Area",Government,314300.0
2001-10-01,"San Francisco-Oakland-Berkeley, CA Metro Area",Total Private,1765600.0
2001-10-01,"San Jose-Sunnyvale-Santa Clara, CA Metro Area",Government,100400.0
2001-10-01,"San Jose-Sunnyvale-Santa Clara, CA Metro Area",Total Private,882700.0
2001-10-01,"St. Louis, MO-IL Metro Area",Government,168200.0
2001-10-01,"St. Louis, MO-IL Metro Area",Total Private,1164900.0
2001-10-01,"Tampa-St. Petersburg-Clearwater, FL Metro Area",Government,149700.0
2001-10-01,"Tampa-St. Petersburg-Clearwater, FL Metro Area",Total Private,983400.0
2001-10-01,"Yuba City, CA Metro Area",Government,10200.0
2001-10-01,"Yuba City, CA Metro Area",Total Private,29000.0
2001-11-01,"Austin-Round Rock-Georgetown, TX Metro Area",Government,149100.0
2001-11-01,"Austin-Round Rock-Georgetown, TX Metro Area",Total Private,530500.0
2001-11-01,"Charlotte-Concord-Gastonia, NC-SC Metro Area",Government,119600.0
2001-11-01,"Charlotte-Concord-Gastonia, NC-SC Metro Area",Total Private,807200.0
2001-11-01,"Cincinnati, OH-KY-IN Metro Area",Government,130699.99999999999
2001-11-01,"Cincinnati, OH-KY-IN Metro Area",Total Private,881100.0
2001-11-01,"Cleveland-Elyria, OH Metro Area",Government,146500.0
2001-11-01,"Cleveland-Elyria, OH Metro Area",Total Private,963400.0
2001-11-01,"Columbus, OH Metro Area",Government,160300.0
2001-11-01,"Columbus, OH Metro Area",Total Private,784200.0
2001-11-01,"Detroit-Warren-Dearborn, MI Metro Area",Government,243000.0
2001-11-01,"Detroit-Warren-Dearborn, MI Metro Area",Total Private,1888200.0
2001-11-01,"Indianapolis-Carmel-Anderson, IN Metro Area",Government,119800.0
2001-11-01,"Indianapolis-Carmel-Anderson, IN Metro Area",Total Private,788600.0
2001-11-01,"Kansas City, MO-KS Metro Area",Government,140200.0
2001-11-01,"Kansas City, MO-KS Metro Area",Total Private,826300.0
2001-11-01,"Miami-Fort Lauderdale-Pompano Beach, FL Metro Area",Government,309600.0
2001-11-01,"Miami-Fort Lauderdale-Pompano Beach, FL Metro Area",Total Private,1900400.0
2001-11-01,"Orlando-Kissimmee-Sanford, FL Metro Area",Government,99300.0
2001-11-01,"Orlando-Kissimmee-Sanford, FL Metro Area",Total Private,796500.0
2001-11-01,"Phoenix-Mesa-Chandler, AZ Metro Area",Government,215500.0
2001-11-01,"Phoenix-Mesa-Chandler, AZ Metro Area",Total Private,1387600.0
2001-11-01,"Pittsburgh, PA Metro Area",Government,132300.0
2001-11-01,"Pittsburgh, PA Metro Area",Total Private,1024500.0
2001-11-01,"Portland-Vancouver-Hillsboro, OR-WA Metro Area",Government,137200.0
2001-11-01,"Portland-Vancouver-Hillsboro, OR-WA Metro Area",Total Private,831700.0
2001-11-01,"Riverside-San Bernardino-Ontario, CA Metro Area",Government,209300.0
2001-11-01,"Riverside-San Bernardino-Ontario, CA Metro Area",Total Private,848900.0
2001-11-01,"Sacramento-Roseville-Folsom, CA Metro Area",Government,224000.0
2001-11-01,"Sacramento-Roseville-Folsom, CA Metro Area",Total Private,614200.0
2001-11-01,"Salt Lake City, UT Metro Area",Government,85800.0
2001-11-01,"Salt Lake City, UT Metro Area",Total Private,471000.0
2001-11-01,"San Antonio-New Braunfels, TX Metro Area",Government,143700.0
2001-11-01,"San Antonio-New Braunfels, TX Metro Area",Total Private,615000.0
2001-11-01,"San Diego-Chula Vista-Carlsbad, CA Metro Area",Government,221100.0
2001-11-01,"San Diego-Chula Vista-Carlsbad, CA Metro Area",Total Private,1016300.0
2001-11-01,"San Francisco-Oakland-Berkeley, CA Metro Area",Government,315200.0
2001-11-01,"San Francisco-Oakland-Berkeley, CA Metro Area",Total Private,1760200.0
2001-11-01,"San Jose-Sunnyvale-Santa Clara, CA Metro Area",Government,101700.0
2001-11-01,"San Jose-Sunnyvale-Santa Clara, CA Metro Area",Total Private,873700.0
2001-11-01,"St. Louis, MO-IL Metro Area",Government,169600.0
2001-11-01,"St. Louis, MO-IL Metro Area",Total Private,1169200.0
2001-11-01,"Tampa-St. Petersburg-Clearwater, FL Metro Area",Government,149700.0
2001-11-01,"Tampa-St. Petersburg-Clearwater, FL Metro Area",Total Private,991000.0
2001-11-01,"Yuba City, CA Metro Area",Government,10100.0
2001-11-01,"Yuba City, CA Metro Area",Total Private,27900.0
2001-12-01,"Austin-Round Rock-Georgetown, TX Metro Area",Government,146600.0
2001-12-01,"Austin-Round Rock-Georgetown, TX Metro Area",Total Private,530900.0
2001-12-01,"Charlotte-Concord-Gastonia, NC-SC Metro Area",Government,118200.0
2001-12-01,"Charlotte-Concord-Gastonia, NC-SC Metro Area",Total Private,805700.0
2001-12-01,"Cincinnati, OH-KY-IN Metro Area",Government,130900.0
2001-12-01,"Cincinnati, OH-KY-IN Metro Area",Total Private,881900.0
2001-12-01,"Cleveland-Elyria, OH Metro Area",Government,147000.0
2001-12-01,"Cleveland-Elyria, OH Metro Area",Total Private,961200.0
2001-12-01,"Columbus, OH Metro Area",Government,160700.0
2001-12-01,"Columbus, OH Metro Area",Total Private,785400.0
2001-12-01,"Detroit-Warren-Dearborn, MI Metro Area",Government,243600.0
2001-12-01,"Detroit-Warren-Dearborn, MI Metro Area",Total Private,1894900.0
2001-12-01,"Indianapolis-Carmel-Anderson, IN Metro Area",Government,119600.0
2001-12-01,"Indianapolis-Carmel-Anderson, IN Metro Area",Total Private,788300.0
2001-12-01,"Kansas City, MO-KS Metro Area",Government,141400.0
2001-12-01,"Kansas City, MO-KS Metro Area",Total Private,825800.0
2001-12-01,"Miami-Fort Lauderdale-Pompano Beach, FL Metro Area",Government,310500.0
2001-12-01,"Miami-Fort Lauderdale-Pompano Beach, FL Metro Area",Total Private,1919200.0
2001-12-01,"Orlando-Kissimmee-Sanford, FL Metro Area",Government,99600.0
2001-12-01,"Orlando-Kissimmee-Sanford, FL Metro Area",Total Private,797600.0
2001-12-01,"Phoenix-Mesa-Chandler, AZ Metro Area",Government,214900.0
2001-12-01,"Phoenix-Mesa-Chandler, AZ Metro Area",Total Private,1392000.0
2001-12-01,"Pittsburgh, PA Metro Area",Government,130699.99999999999
2001-12-01,"Pittsburgh, PA Metro Area",Total Private,1022100.0
2001-12-01,"Portland-Vancouver-Hillsboro, OR-WA Metro Area",Government,136800.0
2001-12-01,"Portland-Vancouver-Hillsboro, OR-WA Metro Area",Total Private,828700.0
2001-12-01,"Riverside-San Bernardino-Ontario, CA Metro Area",Government,208800.0
2001-12-01,"Riverside-San Bernardino-Ontario, CA Metro Area",Total Private,851700.0
2001-12-01,"Sacramento-Roseville-Folsom, CA Metro Area",Government,224000.0
2001-12-01,"Sacramento-Roseville-Folsom, CA Metro Area",Total Private,617800.0
2001-12-01,"Salt Lake City, UT Metro Area",Government,86600.0
2001-12-01,"Salt Lake City, UT Metro Area",Total Private,472100.0
2001-12-01,"San Antonio-New Braunfels, TX Metro Area",Government,143500.0
2001-12-01,"San Antonio-New Braunfels, TX Metro Area",Total Private,616600.0
2001-12-01,"San Diego-Chula Vista-Carlsbad, CA Metro Area",Government,220700.0
2001-12-01,"San Diego-Chula Vista-Carlsbad, CA Metro Area",Total Private,1020400.0
2001-12-01,"San Francisco-Oakland-Berkeley, CA Metro Area",Government,315000.0
2001-12-01,"San Francisco-Oakland-Berkeley, CA Metro Area",Total Private,1764400.0
2001-12-01,"San Jose-Sunnyvale-Santa Clara, CA Metro Area",Government,101500.0
2001-12-01,"San Jose-Sunnyvale-Santa Clara, CA Metro Area",Total Private,871700.0
2001-12-01,"St. Louis, MO-IL Metro Area",Government,170200.0
2001-12-01,"St. Louis, MO-IL Metro Area",Total Private,1169800.0
2001-12-01,"Tampa-St. Petersburg-Clearwater, FL Metro Area",Government,150700.0
2001-12-01,"Tampa-St. Petersburg-Clearwater, FL Metro Area",Total Private,994900.0
2001-12-01,"Yuba City, CA Metro Area",Government,10100.0
2001-12-01,"Yuba City, CA Metro Area",Total Private,28100.0
2002-01-01,"Austin-Round Rock-Georgetown, TX Metro Area",Government,146600.0
2002-01-01,"Austin-Round Rock-Georgetown, TX Metro Area",Total Private,516700.00000000006
2002-01-01,"Charlotte-Concord-Gastonia, NC-SC Metro Area",Government,116200.0
2002-01-01,"Charlotte-Concord-Gastonia, NC-SC Metro Area",Total Private,789200.0
2002-01-01,"Cincinnati, OH-KY-IN Metro Area",Government,128900.0
2002-01-01,"Cincinnati, OH-KY-IN Metro Area",Total Private,856500.0
2002-01-01,"Cleveland-Elyria, OH Metro Area",Government,142100.0
2002-01-01,"Cleveland-Elyria, OH Metro Area",Total Private,927400.0
2002-01-01,"Columbus, OH Metro Area",Government,157100.0
2002-01-01,"Columbus, OH Metro Area",Total Private,763700.0
2002-01-01,"Detroit-Warren-Dearborn, MI Metro Area",Government,234200.0
2002-01-01,"Detroit-Warren-Dearborn, MI Metro Area",Total Private,1813700.0
2002-01-01,"Indianapolis-Carmel-Anderson, IN Metro Area",Government,116100.0
2002-01-01,"Indianapolis-Carmel-Anderson, IN Metro Area",Total Private,763300.0
2002-01-01,"Kansas City, MO-KS Metro Area",Government,140200.0
2002-01-01,"Kansas City, MO-KS Metro Area",Total Private,809500.0
2002-01-01,"Miami-Fort Lauderdale-Pompano Beach, FL Metro Area",Government,307900.0
2002-01-01,"Miami-Fort Lauderdale-Pompano Beach, FL Metro Area",Total Private,1880600.0
2002-01-01,"Orlando-Kissimmee-Sanford, FL Metro Area",Government,99400.0
2002-01-01,"Orlando-Kissimmee-Sanford, FL Metro Area",Total Private,781000.0
2002-01-01,"Phoenix-Mesa-Chandler, AZ Metro Area",Government,207200.0
2002-01-01,"Phoenix-Mesa-Chandler, AZ Metro Area",Total Private,1360000.0
2002-01-01,"Pittsburgh, PA Metro Area",Government,128400.0
2002-01-01,"Pittsburgh, PA Metro Area",Total Private,994900.0
2002-01-01,"Portland-Vancouver-Hillsboro, OR-WA Metro Area",Government,134500.0
2002-01-01,"Portland-Vancouver-Hillsboro, OR-WA Metro Area",Total Private,809600.0
2002-01-01,"Riverside-San Bernardino-Ontario, CA Metro Area",Government,208000.0
2002-01-01,"Riverside-San Bernardino-Ontario, CA Metro Area",Total Private,836000.0
2002-01-01,"Sacramento-Roseville-Folsom, CA Metro Area",Government,222000.0
2002-01-01,"Sacramento-Roseville-Folsom, CA Metro Area",Total Private,601700.0
2002-01-01,"Salt Lake City, UT Metro Area",Government,85900.0
2002-01-01,"Salt Lake City, UT Metro Area",Total Private,462600.0
2002-01-01,"San Antonio-New Braunfels, TX Metro Area",Government,141500.0
2002-01-01,"San Antonio-New Braunfels, TX Metro Area",Total Private,603000.0
2002-01-01,"San Diego-Chula Vista-Carlsbad, CA Metro Area",Government,219900.0
2002-01-01,"San Diego-Chula Vista-Carlsbad, CA Metro Area",Total Private,993400.0
2002-01-01,"San Francisco-Oakland-Berkeley, CA Metro Area",Government,313700.0
2002-01-01,"San Francisco-Oakland-Berkeley, CA Metro Area",Total Private,1706900.0
2002-01-01,"San Jose-Sunnyvale-Santa Clara, CA Metro Area",Government,101200.0
2002-01-01,"San Jose-Sunnyvale-Santa Clara, CA Metro Area",Total Private,838300.0
2002-01-01,"St. Louis, MO-IL Metro Area",Government,167300.0
2002-01-01,"St. Louis, MO-IL Metro Area",Total Private,1135100.0
2002-01-01,"Tampa-St. Petersburg-Clearwater, FL Metro Area",Government,147000.0
2002-01-01,"Tampa-St. Petersburg-Clearwater, FL Metro Area",Total Private,971500.0
2002-01-01,"Yuba City, CA Metro Area",Government,10100.0
2002-01-01,"Yuba City, CA Metro Area",Total Private,27200.0
2002-02-01,"Austin-Round Rock-Georgetown, TX Metro Area",Government,149700.0
2002-02-01,"Austin-Round Rock-Georgetown, TX Metro Area",Total Private,518100.0
2002-02-01,"Charlotte-Concord-Gastonia, NC-SC Metro Area",Government,117900.0
2002-02-01,"Charlotte-Concord-Gastonia, NC-SC Metro Area",Total Private,793800.0
2002-02-01,"Cincinnati, OH-KY-IN Metro Area",Government,132400.0
2002-02-01,"Cincinnati, OH-KY-IN Metro Area",Total Private,856100.0
2002-02-01,"Cleveland-Elyria, OH Metro Area",Government,146200.0
2002-02-01,"Cleveland-Elyria, OH Metro Area",Total Private,925900.0
2002-02-01,"Columbus, OH Metro Area",Government,159300.0
2002-02-01,"Columbus, OH Metro Area",Total Private,764000.0
2002-02-01,"Detroit-Warren-Dearborn, MI Metro Area",Government,239100.0
2002-02-01,"Detroit-Warren-Dearborn, MI Metro Area",Total Private,1818600.0
2002-02-01,"Indianapolis-Carmel-Anderson, IN Metro Area",Government,120200.0
2002-02-01,"Indianapolis-Carmel-Anderson, IN Metro Area",Total Private,763000.0
2002-02-01,"Kansas City, MO-KS Metro Area",Government,141100.0
2002-02-01,"Kansas City, MO-KS Metro Area",Total Private,807700.0
2002-02-01,"Miami-Fort Lauderdale-Pompano Beach, FL Metro Area",Government,309100.0
2002-02-01,"Miami-Fort Lauderdale-Pompano Beach, FL Metro Area",Total Private,1888900.0
2002-02-01,"Orlando-Kissimmee-Sanford, FL Metro Area",Government,100400.0
2002-02-01,"Orlando-Kissimmee-Sanford, FL Metro Area",Total Private,789900.0
2002-02-01,"Phoenix-Mesa-Chandler, AZ Metro Area",Government,214700.0
2002-02-01,"Phoenix-Mesa-Chandler, AZ Metro Area",Total Private,1367600.0
2002-02-01,"Pittsburgh, PA Metro Area",Government,131700.0
2002-02-01,"Pittsburgh, PA Metro Area",Total Private,994000.0
2002-02-01,"Portland-Vancouver-Hillsboro, OR-WA Metro Area",Government,137100.0
2002-02-01,"Portland-Vancouver-Hillsboro, OR-WA Metro Area",Total Private,810600.0
2002-02-01,"Riverside-San Bernardino-Ontario, CA Metro Area",Government,211600.0
2002-02-01,"Riverside-San Bernardino-Ontario, CA Metro Area",Total Private,840600.0
2002-02-01,"Sacramento-Roseville-Folsom, CA Metro Area",Government,223800.0
2002-02-01,"Sacramento-Roseville-Folsom, CA Metro Area",Total Private,602500.0
2002-02-01,"Salt Lake City, UT Metro Area",Government,84400.0
2002-02-01,"Salt Lake City, UT Metro Area",Total Private,468900.0
2002-02-01,"San Antonio-New Braunfels, TX Metro Area",Government,144500.0
2002-02-01,"San Antonio-New Braunfels, TX Metro Area",Total Private,607700.0
2002-02-01,"San Diego-Chula Vista-Carlsbad, CA Metro Area",Government,222800.0
2002-02-01,"San Diego-Chula Vista-Carlsbad, CA Metro Area",Total Private,1001400.0
2002-02-01,"San Francisco-Oakland-Berkeley, CA Metro Area",Government,317000.0
2002-02-01,"San Francisco-Oakland-Berkeley, CA Metro Area",Total Private,1711100.0
2002-02-01,"San Jose-Sunnyvale-Santa Clara, CA Metro Area",Government,102200.0
2002-02-01,"San Jose-Sunnyvale-Santa Clara, CA Metro Area",Total Private,838300.0
2002-02-01,"St. Louis, MO-IL Metro Area",Government,168600.0
2002-02-01,"St. Louis, MO-IL Metro Area",Total Private,1137200.0
2002-02-01,"Tampa-St. Petersburg-Clearwater, FL Metro Area",Government,148800.0
2002-02-01,"Tampa-St. Petersburg-Clearwater, FL Metro Area",Total Private,982100.0
2002-02-01,"Yuba City, CA Metro Area",Government,10200.0
2002-02-01,"Yuba City, CA Metro Area",Total Private,27400.0
2002-03-01,"Austin-Round Rock-Georgetown, TX Metro Area",Government,150500.0
2002-03-01,"Austin-Round Rock-Georgetown, TX Metro Area",Total Private,520299.99999999994
2002-03-01,"Charlotte-Concord-Gastonia, NC-SC Metro Area",Government,118900.0
2002-03-01,"Charlotte-Concord-Gastonia, NC-SC Metro Area",Total Private,800200.0
2002-03-01,"Cincinnati, OH-KY-IN Metro Area",Government,133600.0
2002-03-01,"Cincinnati, OH-KY-IN Metro Area",Total Private,862200.0
2002-03-01,"Cleveland-Elyria, OH Metro Area",Government,147100.0
2002-03-01,"Cleveland-Elyria, OH Metro Area",Total Private,931300.0
2002-03-01,"Columbus, OH Metro Area",Government,160300.0
2002-03-01,"Columbus, OH Metro Area",Total Private,768400.0
2002-03-01,"Detroit-Warren-Dearborn, MI Metro Area",Government,240800.0
2002-03-01,"Detroit-Warren-Dearborn, MI Metro Area",Total Private,1829000.0
2002-03-01,"Indianapolis-Carmel-Anderson, IN Metro Area",Government,120500.0
2002-03-01,"Indianapolis-Carmel-Anderson, IN Metro Area",Total Private,769200.0
2002-03-01,"Kansas City, MO-KS Metro Area",Government,142500.0
2002-03-01,"Kansas City, MO-KS Metro Area",Total Private,815800.0
2002-03-01,"Miami-Fort Lauderdale-Pompano Beach, FL Metro Area",Government,312200.0
2002-03-01,"Miami-Fort Lauderdale-Pompano Beach, FL Metro Area",Total Private,1904900.0
2002-03-01,"Orlando-Kissimmee-Sanford, FL Metro Area",Government,100500.0
2002-03-01,"Orlando-Kissimmee-Sanford, FL Metro Area",Total Private,796700.0
2002-03-01,"Phoenix-Mesa-Chandler, AZ Metro Area",Government,215200.0
2002-03-01,"Phoenix-Mesa-Chandler, AZ Metro Area",Total Private,1378500.0
2002-03-01,"Pittsburgh, PA Metro Area",Government,131800.0
2002-03-01,"Pittsburgh, PA Metro Area",Total Private,1002400.0
2002-03-01,"Portland-Vancouver-Hillsboro, OR-WA Metro Area",Government,138000.0
2002-03-01,"Portland-Vancouver-Hillsboro, OR-WA Metro Area",Total Private,812500.0
2002-03-01,"Riverside-San Bernardino-Ontario, CA Metro Area",Government,211200.0
2002-03-01,"Riverside-San Bernardino-Ontario, CA Metro Area",Total Private,847000.0
2002-03-01,"Sacramento-Roseville-Folsom, CA Metro Area",Government,229200.0
2002-03-01,"Sacramento-Roseville-Folsom, CA Metro Area",Total Private,607800.0
2002-03-01,"Salt Lake City, UT Metro Area",Government,86400.0
2002-03-01,"Salt Lake City, UT Metro Area",Total Private,459200.0
2002-03-01,"San Antonio-New Braunfels, TX Metro Area",Government,145000.0
2002-03-01,"San Antonio-New Braunfels, TX Metro Area",Total Private,613800.0
2002-03-01,"San Diego-Chula Vista-Carlsbad, CA Metro Area",Government,223700.0
2002-03-01,"San Diego-Chula Vista-Carlsbad, CA Metro Area",Total Private,1007400.0
2002-03-01,"San Francisco-Oakland-Berkeley, CA Metro Area",Government,321200.0
2002-03-01,"San Francisco-Oakland-Berkeley, CA Metro Area",Total Private,1720300.0
2002-03-01,"San Jose-Sunnyvale-Santa Clara, CA Metro Area",Government,103400.0
2002-03-01,"San Jose-Sunnyvale-Santa Clara, CA Metro Area",Total Private,842200.0
2002-03-01,"St. Louis, MO-IL Metro Area",Government,169200.0
2002-03-01,"St. Louis, MO-IL Metro Area",Total Private,1145700.0
2002-03-01,"Tampa-St. Petersburg-Clearwater, FL Metro Area",Government,149100.0
2002-03-01,"Tampa-St. Petersburg-Clearwater, FL Metro Area",Total Private,988900.0
2002-03-01,"Yuba City, CA Metro Area",Government,10300.0
2002-03-01,"Yuba City, CA Metro Area",Total Private,27600.0
2002-04-01,"Austin-Round Rock-Georgetown, TX Metro Area",Government,150600.0
2002-04-01,"Austin-Round Rock-Georgetown, TX Metro Area",Total Private,521600.0
2002-04-01,"Charlotte-Concord-Gastonia, NC-SC Metro Area",Government,117800.0
2002-04-01,"Charlotte-Concord-Gastonia, NC-SC Metro Area",Total Private,802600.0
2002-04-01,"Cincinnati, OH-KY-IN Metro Area",Government,133400.0
2002-04-01,"Cincinnati, OH-KY-IN Metro Area",Total Private,867900.0
2002-04-01,"Cleveland-Elyria, OH Metro Area",Government,145900.0
2002-04-01,"Cleveland-Elyria, OH Metro Area",Total Private,932700.0
2002-04-01,"Columbus, OH Metro Area",Government,160000.0
2002-04-01,"Columbus, OH Metro Area",Total Private,771200.0
2002-04-01,"Detroit-Warren-Dearborn, MI Metro Area",Government,239500.0
2002-04-01,"Detroit-Warren-Dearborn, MI Metro Area",Total Private,1847600.0
2002-04-01,"Indianapolis-Carmel-Anderson, IN Metro Area",Government,120500.0
2002-04-01,"Indianapolis-Carmel-Anderson, IN Metro Area",Total Private,776500.0
2002-04-01,"Kansas City, MO-KS Metro Area",Government,142200.0
2002-04-01,"Kansas City, MO-KS Metro Area",Total Private,824700.0
2002-04-01,"Miami-Fort Lauderdale-Pompano Beach, FL Metro Area",Government,310600.0
2002-04-01,"Miami-Fort Lauderdale-Pompano Beach, FL Metro Area",Total Private,1890400.0
2002-04-01,"Orlando-Kissimmee-Sanford, FL Metro Area",Government,101100.0
2002-04-01,"Orlando-Kissimmee-Sanford, FL Metro Area",Total Private,792700.0
2002-04-01,"Phoenix-Mesa-Chandler, AZ Metro Area",Government,217400.0
2002-04-01,"Phoenix-Mesa-Chandler, AZ Metro Area",Total Private,1389300.0
2002-04-01,"Pittsburgh, PA Metro Area",Government,132000.0
2002-04-01,"Pittsburgh, PA Metro Area",Total Private,1010500.0
2002-04-01,"Portland-Vancouver-Hillsboro, OR-WA Metro Area",Government,138100.0
2002-04-01,"Portland-Vancouver-Hillsboro, OR-WA Metro Area",Total Private,815900.0
2002-04-01,"Riverside-San Bernardino-Ontario, CA Metro Area",Government,218800.0
2002-04-01,"Riverside-San Bernardino-Ontario, CA Metro Area",Total Private,851400.0
2002-04-01,"Sacramento-Roseville-Folsom, CA Metro Area",Government,229300.0
2002-04-01,"Sacramento-Roseville-Folsom, CA Metro Area",Total Private,607000.0
2002-04-01,"Salt Lake City, UT Metro Area",Government,86600.0
2002-04-01,"Salt Lake City, UT Metro Area",Total Private,459400.0
2002-04-01,"San Antonio-New Braunfels, TX Metro Area",Government,145100.0
2002-04-01,"San Antonio-New Braunfels, TX Metro Area",Total Private,618400.0
2002-04-01,"San Diego-Chula Vista-Carlsbad, CA Metro Area",Government,223100.0
2002-04-01,"San Diego-Chula Vista-Carlsbad, CA Metro Area",Total Private,1014300.0
2002-04-01,"San Francisco-Oakland-Berkeley, CA Metro Area",Government,322500.0
2002-04-01,"San Francisco-Oakland-Berkeley, CA Metro Area",Total Private,1712800.0
2002-04-01,"San Jose-Sunnyvale-Santa Clara, CA Metro Area",Government,104600.0
2002-04-01,"San Jose-Sunnyvale-Santa Clara, CA Metro Area",Total Private,831500.0
2002-04-01,"St. Louis, MO-IL Metro Area",Government,169200.0
2002-04-01,"St. Louis, MO-IL Metro Area",Total Private,1157900.0
2002-04-01,"Tampa-St. Petersburg-Clearwater, FL Metro Area",Government,149100.0
2002-04-01,"Tampa-St. Petersburg-Clearwater, FL Metro Area",Total Private,986900.0
2002-04-01,"Yuba City, CA Metro Area",Government,10700.0
2002-04-01,"Yuba City, CA Metro Area",Total Private,27600.0
2002-05-01,"Austin-Round Rock-Georgetown, TX Metro Area",Government,150400.0
2002-05-01,"Austin-Round Rock-Georgetown, TX Metro Area",Total Private,524000.0
2002-05-01,"Charlotte-Concord-Gastonia, NC-SC Metro Area",Government,117900.0
2002-05-01,"Charlotte-Concord-Gastonia, NC-SC Metro Area",Total Private,805600.0
2002-05-01,"Cincinnati, OH-KY-IN Metro Area",Government,134100.0
2002-05-01,"Cincinnati, OH-KY-IN Metro Area",Total Private,876200.0
2002-05-01,"Cleveland-Elyria, OH Metro Area",Government,147100.0
2002-05-01,"Cleveland-Elyria, OH Metro Area",Total Private,940300.0
2002-05-01,"Columbus, OH Metro Area",Government,160600.0
2002-05-01,"Columbus, OH Metro Area",Total Private,776000.0
2002-05-01,"Detroit-Warren-Dearborn, MI Metro Area",Government,241600.0
2002-05-01,"Detroit-Warren-Dearborn, MI Metro Area",Total Private,1871200.0
2002-05-01,"Indianapolis-Carmel-Anderson, IN Metro Area",Government,121600.0
2002-05-01,"Indianapolis-Carmel-Anderson, IN Metro Area",Total Private,786200.0
2002-05-01,"Kansas City, MO-KS Metro Area",Government,142500.0
2002-05-01,"Kansas City, MO-KS Metro Area",Total Private,828000.0
2002-05-01,"Miami-Fort Lauderdale-Pompano Beach, FL Metro Area",Government,312600.0
2002-05-01,"Miami-Fort Lauderdale-Pompano Beach, FL Metro Area",Total Private,1893500.0
2002-05-01,"Orlando-Kissimmee-Sanford, FL Metro Area",Government,101800.0
2002-05-01,"Orlando-Kissimmee-Sanford, FL Metro Area",Total Private,796200.0
2002-05-01,"Phoenix-Mesa-Chandler, AZ Metro Area",Government,212500.0
2002-05-01,"Phoenix-Mesa-Chandler, AZ Metro Area",Total Private,1390200.0
2002-05-01,"Pittsburgh, PA Metro Area",Government,132200.0
2002-05-01,"Pittsburgh, PA Metro Area",Total Private,1021600.0
2002-05-01,"Portland-Vancouver-Hillsboro, OR-WA Metro Area",Government,139300.0
2002-05-01,"Portland-Vancouver-Hillsboro, OR-WA Metro Area",Total Private,818200.0
2002-05-01,"Riverside-San Bernardino-Ontario, CA Metro Area",Government,218200.0
2002-05-01,"Riverside-San Bernardino-Ontario, CA Metro Area",Total Private,860900.0
2002-05-01,"Sacramento-Roseville-Folsom, CA Metro Area",Government,230600.0
2002-05-01,"Sacramento-Roseville-Folsom, CA Metro Area",Total Private,612400.0
2002-05-01,"Salt Lake City, UT Metro Area",Government,86000.0
2002-05-01,"Salt Lake City, UT Metro Area",Total Private,459700.0
2002-05-01,"San Antonio-New Braunfels, TX Metro Area",Government,146200.0
2002-05-01,"San Antonio-New Braunfels, TX Metro Area",Total Private,623400.0
2002-05-01,"San Diego-Chula Vista-Carlsbad, CA Metro Area",Government,222800.0
2002-05-01,"San Diego-Chula Vista-Carlsbad, CA Metro Area",Total Private,1021400.0
2002-05-01,"San Francisco-Oakland-Berkeley, CA Metro Area",Government,322900.0
2002-05-01,"San Francisco-Oakland-Berkeley, CA Metro Area",Total Private,1720500.0
2002-05-01,"San Jose-Sunnyvale-Santa Clara, CA Metro Area",Government,104700.0
2002-05-01,"San Jose-Sunnyvale-Santa Clara, CA Metro Area",Total Private,829800.0
2002-05-01,"St. Louis, MO-IL Metro Area",Government,170900.0
2002-05-01,"St. Louis, MO-IL Metro Area",Total Private,1163700.0
2002-05-01,"Tampa-St. Petersburg-Clearwater, FL Metro Area",Government,148100.0
2002-05-01,"Tampa-St. Petersburg-Clearwater, FL Metro Area",Total Private,988800.0
2002-05-01,"Yuba City, CA Metro Area",Government,10800.0
2002-05-01,"Yuba City, CA Metro Area",Total Private,28100.0
2002-06-01,"Austin-Round Rock-Georgetown, TX Metro Area",Government,143000.0
2002-06-01,"Austin-Round Rock-Georgetown, TX Metro Area",Total Private,526100.0
2002-06-01,"Charlotte-Concord-Gastonia, NC-SC Metro Area",Government,113600.0
2002-06-01,"Charlotte-Concord-Gastonia, NC-SC Metro Area",Total Private,810900.0
2002-06-01,"Cincinnati, OH-KY-IN Metro Area",Government,128300.00000000001
2002-06-01,"Cincinnati, OH-KY-IN Metro Area",Total Private,883000.0
2002-06-01,"Cleveland-Elyria, OH Metro Area",Government,144800.0
2002-06-01,"Cleveland-Elyria, OH Metro Area",Total Private,946300.0
2002-06-01,"Columbus, OH Metro Area",Government,154400.0
2002-06-01,"Columbus, OH Metro Area",Total Private,778600.0
2002-06-01,"Detroit-Warren-Dearborn, MI Metro Area",Government,237100.0
2002-06-01,"Detroit-Warren-Dearborn, MI Metro Area",Total Private,1883000.0
2002-06-01,"Indianapolis-Carmel-Anderson, IN Metro Area",Government,115500.0
2002-06-01,"Indianapolis-Carmel-Anderson, IN Metro Area",Total Private,792000.0
2002-06-01,"Kansas City, MO-KS Metro Area",Government,141000.0
2002-06-01,"Kansas City, MO-KS Metro Area",Total Private,831700.0
2002-06-01,"Miami-Fort Lauderdale-Pompano Beach, FL Metro Area",Government,304800.0
2002-06-01,"Miami-Fort Lauderdale-Pompano Beach, FL Metro Area",Total Private,1892900.0
2002-06-01,"Orlando-Kissimmee-Sanford, FL Metro Area",Government,91000.0
2002-06-01,"Orlando-Kissimmee-Sanford, FL Metro Area",Total Private,799300.0
2002-06-01,"Phoenix-Mesa-Chandler, AZ Metro Area",Government,200100.0
2002-06-01,"Phoenix-Mesa-Chandler, AZ Metro Area",Total Private,1390900.0
2002-06-01,"Pittsburgh, PA Metro Area",Government,130400.0
2002-06-01,"Pittsburgh, PA Metro Area",Total Private,1028500.0
2002-06-01,"Portland-Vancouver-Hillsboro, OR-WA Metro Area",Government,139400.0
2002-06-01,"Portland-Vancouver-Hillsboro, OR-WA Metro Area",Total Private,821300.0
2002-06-01,"Riverside-San Bernardino-Ontario, CA Metro Area",Government,218900.0
2002-06-01,"Riverside-San Bernardino-Ontario, CA Metro Area",Total Private,864600.0
2002-06-01,"Sacramento-Roseville-Folsom, CA Metro Area",Government,229700.0
2002-06-01,"Sacramento-Roseville-Folsom, CA Metro Area",Total Private,617400.0
2002-06-01,"Salt Lake City, UT Metro Area",Government,86600.0
2002-06-01,"Salt Lake City, UT Metro Area",Total Private,460400.0
2002-06-01,"San Antonio-New Braunfels, TX Metro Area",Government,140200.0
2002-06-01,"San Antonio-New Braunfels, TX Metro Area",Total Private,627700.0
2002-06-01,"San Diego-Chula Vista-Carlsbad, CA Metro Area",Government,223200.0
2002-06-01,"San Diego-Chula Vista-Carlsbad, CA Metro Area",Total Private,1027800.0
2002-06-01,"San Francisco-Oakland-Berkeley, CA Metro Area",Government,320500.0
2002-06-01,"San Francisco-Oakland-Berkeley, CA Metro Area",Total Private,1726700.0
2002-06-01,"San Jose-Sunnyvale-Santa Clara, CA Metro Area",Government,104400.0
2002-06-01,"San Jose-Sunnyvale-Santa Clara, CA Metro Area",Total Private,828700.0
2002-06-01,"St. Louis, MO-IL Metro Area",Government,167500.0
2002-06-01,"St. Louis, MO-IL Metro Area",Total Private,1172900.0
2002-06-01,"Tampa-St. Petersburg-Clearwater, FL Metro Area",Government,136500.0
2002-06-01,"Tampa-St. Petersburg-Clearwater, FL Metro Area",Total Private,984000.0
2002-06-01,"Yuba City, CA Metro Area",Government,10800.0
2002-06-01,"Yuba City, CA Metro Area",Total Private,28200.0
2002-07-01,"Austin-Round Rock-Georgetown, TX Metro Area",Government,137700.0
2002-07-01,"Austin-Round Rock-Georgetown, TX Metro Area",Total Private,523000.0
2002-07-01,"Charlotte-Concord-Gastonia, NC-SC Metro Area",Government,102100.0
2002-07-01,"Charlotte-Concord-Gastonia, NC-SC Metro Area",Total Private,807700.0
2002-07-01,"Cincinnati, OH-KY-IN Metro Area",Government,121700.0
2002-07-01,"Cincinnati, OH-KY-IN Metro Area",Total Private,884500.0
2002-07-01,"Cleveland-Elyria, OH Metro Area",Government,136400.0
2002-07-01,"Cleveland-Elyria, OH Metro Area",Total Private,945200.0
2002-07-01,"Columbus, OH Metro Area",Government,150000.0
2002-07-01,"Columbus, OH Metro Area",Total Private,776900.0
2002-07-01,"Detroit-Warren-Dearborn, MI Metro Area",Government,205500.0
2002-07-01,"Detroit-Warren-Dearborn, MI Metro Area",Total Private,1853600.0
2002-07-01,"Indianapolis-Carmel-Anderson, IN Metro Area",Government,106300.0
2002-07-01,"Indianapolis-Carmel-Anderson, IN Metro Area",Total Private,786900.0
2002-07-01,"Kansas City, MO-KS Metro Area",Government,121100.0
2002-07-01,"Kansas City, MO-KS Metro Area",Total Private,816300.0
2002-07-01,"Miami-Fort Lauderdale-Pompano Beach, FL Metro Area",Government,284300.0
2002-07-01,"Miami-Fort Lauderdale-Pompano Beach, FL Metro Area",Total Private,1867900.0
2002-07-01,"Orlando-Kissimmee-Sanford, FL Metro Area",Government,89100.0
2002-07-01,"Orlando-Kissimmee-Sanford, FL Metro Area",Total Private,795600.0
2002-07-01,"Phoenix-Mesa-Chandler, AZ Metro Area",Government,188800.0
2002-07-01,"Phoenix-Mesa-Chandler, AZ Metro Area",Total Private,1374800.0
2002-07-01,"Pittsburgh, PA Metro Area",Government,120200.0
2002-07-01,"Pittsburgh, PA Metro Area",Total Private,1021600.0
2002-07-01,"Portland-Vancouver-Hillsboro, OR-WA Metro Area",Government,120600.0
2002-07-01,"Portland-Vancouver-Hillsboro, OR-WA Metro Area",Total Private,823000.0
2002-07-01,"Riverside-San Bernardino-Ontario, CA Metro Area",Government,207000.0
2002-07-01,"Riverside-San Bernardino-Ontario, CA Metro Area",Total Private,856900.0
2002-07-01,"Sacramento-Roseville-Folsom, CA Metro Area",Government,223600.0
2002-07-01,"Sacramento-Roseville-Folsom, CA Metro Area",Total Private,618100.0
2002-07-01,"Salt Lake City, UT Metro Area",Government,83400.0
2002-07-01,"Salt Lake City, UT Metro Area",Total Private,458800.0
2002-07-01,"San Antonio-New Braunfels, TX Metro Area",Government,134300.0
2002-07-01,"San Antonio-New Braunfels, TX Metro Area",Total Private,625300.0
2002-07-01,"San Diego-Chula Vista-Carlsbad, CA Metro Area",Government,210700.0
2002-07-01,"San Diego-Chula Vista-Carlsbad, CA Metro Area",Total Private,1016200.0
2002-07-01,"San Francisco-Oakland-Berkeley, CA Metro Area",Government,304400.0
2002-07-01,"San Francisco-Oakland-Berkeley, CA Metro Area",Total Private,1718200.0
2002-07-01,"San Jose-Sunnyvale-Santa Clara, CA Metro Area",Government,101300.0
2002-07-01,"San Jose-Sunnyvale-Santa Clara, CA Metro Area",Total Private,820800.0
2002-07-01,"St. Louis, MO-IL Metro Area",Government,145500.0
2002-07-01,"St. Louis, MO-IL Metro Area",Total Private,1168300.0
2002-07-01,"Tampa-St. Petersburg-Clearwater, FL Metro Area",Government,135200.0
2002-07-01,"Tampa-St. Petersburg-Clearwater, FL Metro Area",Total Private,974500.0
2002-07-01,"Yuba City, CA Metro Area",Government,10600.0
2002-07-01,"Yuba City, CA Metro Area",Total Private,28400.0
2002-08-01,"Austin-Round Rock-Georgetown, TX Metro Area",Government,141000.0
2002-08-01,"Austin-Round Rock-Georgetown, TX Metro Area",Total Private,525000.0
2002-08-01,"Charlotte-Concord-Gastonia, NC-SC Metro Area",Government,109100.0
2002-08-01,"Charlotte-Concord-Gastonia, NC-SC Metro Area",Total Private,812000.0
2002-08-01,"Cincinnati, OH-KY-IN Metro Area",Government,123700.0
2002-08-01,"Cincinnati, OH-KY-IN Metro Area",Total Private,886100.0
2002-08-01,"Cleveland-Elyria, OH Metro Area",Government,137500.0
2002-08-01,"Cleveland-Elyria, OH Metro Area",Total Private,946500.0
2002-08-01,"Columbus, OH Metro Area",Government,148100.0
2002-08-01,"Columbus, OH Metro Area",Total Private,777900.0
2002-08-01,"Detroit-Warren-Dearborn, MI Metro Area",Government,202300.0
2002-08-01,"Detroit-Warren-Dearborn, MI Metro Area",Total Private,1876900.0
2002-08-01,"Indianapolis-Carmel-Anderson, IN Metro Area",Government,111400.0
2002-08-01,"Indianapolis-Carmel-Anderson, IN Metro Area",Total Private,792200.0
2002-08-01,"Kansas City, MO-KS Metro Area",Government,123300.0
2002-08-01,"Kansas City, MO-KS Metro Area",Total Private,819600.0
2002-08-01,"Miami-Fort Lauderdale-Pompano Beach, FL Metro Area",Government,286400.0
2002-08-01,"Miami-Fort Lauderdale-Pompano Beach, FL Metro Area",Total Private,1875200.0
2002-08-01,"Orlando-Kissimmee-Sanford, FL Metro Area",Government,100700.0
2002-08-01,"Orlando-Kissimmee-Sanford, FL Metro Area",Total Private,797400.0
2002-08-01,"Phoenix-Mesa-Chandler, AZ Metro Area",Government,203600.0
2002-08-01,"Phoenix-Mesa-Chandler, AZ Metro Area",Total Private,1383400.0
2002-08-01,"Pittsburgh, PA Metro Area",Government,117300.0
2002-08-01,"Pittsburgh, PA Metro Area",Total Private,1022300.0
2002-08-01,"Portland-Vancouver-Hillsboro, OR-WA Metro Area",Government,117500.0
2002-08-01,"Portland-Vancouver-Hillsboro, OR-WA Metro Area",Total Private,826300.0
2002-08-01,"Riverside-San Bernardino-Ontario, CA Metro Area",Government,203000.0
2002-08-01,"Riverside-San Bernardino-Ontario, CA Metro Area",Total Private,865600.0
2002-08-01,"Sacramento-Roseville-Folsom, CA Metro Area",Government,224400.0
2002-08-01,"Sacramento-Roseville-Folsom, CA Metro Area",Total Private,619600.0
2002-08-01,"Salt Lake City, UT Metro Area",Government,82100.0
2002-08-01,"Salt Lake City, UT Metro Area",Total Private,460900.0
2002-08-01,"San Antonio-New Braunfels, TX Metro Area",Government,136500.0
2002-08-01,"San Antonio-New Braunfels, TX Metro Area",Total Private,628700.0
2002-08-01,"San Diego-Chula Vista-Carlsbad, CA Metro Area",Government,210400.0
2002-08-01,"San Diego-Chula Vista-Carlsbad, CA Metro Area",Total Private,1021300.0
2002-08-01,"San Francisco-Oakland-Berkeley, CA Metro Area",Government,303600.0
2002-08-01,"San Francisco-Oakland-Berkeley, CA Metro Area",Total Private,1722400.0
2002-08-01,"San Jose-Sunnyvale-Santa Clara, CA Metro Area",Government,98600.0
2002-08-01,"San Jose-Sunnyvale-Santa Clara, CA Metro Area",Total Private,817000.0
2002-08-01,"St. Louis, MO-IL Metro Area",Government,148800.0
2002-08-01,"St. Louis, MO-IL Metro Area",Total Private,1171300.0
2002-08-01,"Tampa-St. Petersburg-Clearwater, FL Metro Area",Government,146300.0
2002-08-01,"Tampa-St. Petersburg-Clearwater, FL Metro Area",Total Private,976300.0
2002-08-01,"Yuba City, CA Metro Area",Government,10000.0
2002-08-01,"Yuba City, CA Metro Area",Total Private,28900.0
2002-09-01,"Austin-Round Rock-Georgetown, TX Metro Area",Government,149500.0
2002-09-01,"Austin-Round Rock-Georgetown, TX Metro Area",Total Private,522000.0
2002-09-01,"Charlotte-Concord-Gastonia, NC-SC Metro Area",Government,116600.0
2002-09-01,"Charlotte-Concord-Gastonia, NC-SC Metro Area",Total Private,809700.0
2002-09-01,"Cincinnati, OH-KY-IN Metro Area",Government,128800.00000000001
2002-09-01,"Cincinnati, OH-KY-IN Metro Area",Total Private,882700.0
2002-09-01,"Cleveland-Elyria, OH Metro Area",Government,143800.0
2002-09-01,"Cleveland-Elyria, OH Metro Area",Total Private,940600.0
2002-09-01,"Columbus, OH Metro Area",Government,155900.0
2002-09-01,"Columbus, OH Metro Area",Total Private,774700.0
2002-09-01,"Detroit-Warren-Dearborn, MI Metro Area",Government,228100.0
2002-09-01,"Detroit-Warren-Dearborn, MI Metro Area",Total Private,1864400.0
2002-09-01,"Indianapolis-Carmel-Anderson, IN Metro Area",Government,121000.0
2002-09-01,"Indianapolis-Carmel-Anderson, IN Metro Area",Total Private,785700.0
2002-09-01,"Kansas City, MO-KS Metro Area",Government,137200.0
2002-09-01,"Kansas City, MO-KS Metro Area",Total Private,816900.0
2002-09-01,"Miami-Fort Lauderdale-Pompano Beach, FL Metro Area",Government,311200.0
2002-09-01,"Miami-Fort Lauderdale-Pompano Beach, FL Metro Area",Total Private,1882100.0
2002-09-01,"Orlando-Kissimmee-Sanford, FL Metro Area",Government,102300.0
2002-09-01,"Orlando-Kissimmee-Sanford, FL Metro Area",Total Private,798200.0
2002-09-01,"Phoenix-Mesa-Chandler, AZ Metro Area",Government,217200.0
2002-09-01,"Phoenix-Mesa-Chandler, AZ Metro Area",Total Private,1381500.0
2002-09-01,"Pittsburgh, PA Metro Area",Government,127900.0
2002-09-01,"Pittsburgh, PA Metro Area",Total Private,1018600.0
2002-09-01,"Portland-Vancouver-Hillsboro, OR-WA Metro Area",Government,129199.99999999999
2002-09-01,"Portland-Vancouver-Hillsboro, OR-WA Metro Area",Total Private,824400.0
2002-09-01,"Riverside-San Bernardino-Ontario, CA Metro Area",Government,209600.0
2002-09-01,"Riverside-San Bernardino-Ontario, CA Metro Area",Total Private,870000.0
2002-09-01,"Sacramento-Roseville-Folsom, CA Metro Area",Government,226100.0
2002-09-01,"Sacramento-Roseville-Folsom, CA Metro Area",Total Private,620000.0
2002-09-01,"Salt Lake City, UT Metro Area",Government,86400.0
2002-09-01,"Salt Lake City, UT Metro Area",Total Private,458600.0
2002-09-01,"San Antonio-New Braunfels, TX Metro Area",Government,143600.0
2002-09-01,"San Antonio-New Braunfels, TX Metro Area",Total Private,625700.0
2002-09-01,"San Diego-Chula Vista-Carlsbad, CA Metro Area",Government,212900.0
2002-09-01,"San Diego-Chula Vista-Carlsbad, CA Metro Area",Total Private,1018800.0
2002-09-01,"San Francisco-Oakland-Berkeley, CA Metro Area",Government,313800.0
2002-09-01,"San Francisco-Oakland-Berkeley, CA Metro Area",Total Private,1716900.0
2002-09-01,"San Jose-Sunnyvale-Santa Clara, CA Metro Area",Government,99700.0
2002-09-01,"San Jose-Sunnyvale-Santa Clara, CA Metro Area",Total Private,808200.0
2002-09-01,"St. Louis, MO-IL Metro Area",Government,166400.0
2002-09-01,"St. Louis, MO-IL Metro Area",Total Private,1167600.0
2002-09-01,"Tampa-St. Petersburg-Clearwater, FL Metro Area",Government,148000.0
2002-09-01,"Tampa-St. Petersburg-Clearwater, FL Metro Area",Total Private,975600.0
2002-09-01,"Yuba City, CA Metro Area",Government,10800.0
2002-09-01,"Yuba City, CA Metro Area",Total Private,28700.0
2002-10-01,"Austin-Round Rock-Georgetown, TX Metro Area",Government,151100.0
2002-10-01,"Austin-Round Rock-Georgetown, TX Metro Area",Total Private,518700.00000000006
2002-10-01,"Charlotte-Concord-Gastonia, NC-SC Metro Area",Government,121000.0
2002-10-01,"Charlotte-Concord-Gastonia, NC-SC Metro Area",Total Private,807100.0
2002-10-01,"Cincinnati, OH-KY-IN Metro Area",Government,132300.0
2002-10-01,"Cincinnati, OH-KY-IN Metro Area",Total Private,880300.0
2002-10-01,"Cleveland-Elyria, OH Metro Area",Government,146400.0
2002-10-01,"Cleveland-Elyria, OH Metro Area",Total Private,940500.0
2002-10-01,"Columbus, OH Metro Area",Government,159300.0
2002-10-01,"Columbus, OH Metro Area",Total Private,777200.0
2002-10-01,"Detroit-Warren-Dearborn, MI Metro Area",Government,242500.0
2002-10-01,"Detroit-Warren-Dearborn, MI Metro Area",Total Private,1861500.0
2002-10-01,"Indianapolis-Carmel-Anderson, IN Metro Area",Government,123000.0
2002-10-01,"Indianapolis-Carmel-Anderson, IN Metro Area",Total Private,786000.0
2002-10-01,"Kansas City, MO-KS Metro Area",Government,139700.0
2002-10-01,"Kansas City, MO-KS Metro Area",Total Private,813700.0
2002-10-01,"Miami-Fort Lauderdale-Pompano Beach, FL Metro Area",Government,312200.0
2002-10-01,"Miami-Fort Lauderdale-Pompano Beach, FL Metro Area",Total Private,1889200.0
2002-10-01,"Orlando-Kissimmee-Sanford, FL Metro Area",Government,103800.0
2002-10-01,"Orlando-Kissimmee-Sanford, FL Metro Area",Total Private,801500.0
2002-10-01,"Phoenix-Mesa-Chandler, AZ Metro Area",Government,222800.0
2002-10-01,"Phoenix-Mesa-Chandler, AZ Metro Area",Total Private,1387200.0
2002-10-01,"Pittsburgh, PA Metro Area",Government,132400.0
2002-10-01,"Pittsburgh, PA Metro Area",Total Private,1016600.0
2002-10-01,"Portland-Vancouver-Hillsboro, OR-WA Metro Area",Government,136900.0
2002-10-01,"Portland-Vancouver-Hillsboro, OR-WA Metro Area",Total Private,823200.0
2002-10-01,"Riverside-San Bernardino-Ontario, CA Metro Area",Government,213900.0
2002-10-01,"Riverside-San Bernardino-Ontario, CA Metro Area",Total Private,870900.0
2002-10-01,"Sacramento-Roseville-Folsom, CA Metro Area",Government,227600.0
2002-10-01,"Sacramento-Roseville-Folsom, CA Metro Area",Total Private,620900.0
2002-10-01,"Salt Lake City, UT Metro Area",Government,86600.0
2002-10-01,"Salt Lake City, UT Metro Area",Total Private,459200.0
2002-10-01,"San Antonio-New Braunfels, TX Metro Area",Government,146500.0
2002-10-01,"San Antonio-New Braunfels, TX Metro Area",Total Private,619500.0
2002-10-01,"San Diego-Chula Vista-Carlsbad, CA Metro Area",Government,221400.0
2002-10-01,"San Diego-Chula Vista-Carlsbad, CA Metro Area",Total Private,1022300.0
2002-10-01,"San Francisco-Oakland-Berkeley, CA Metro Area",Government,321900.0
2002-10-01,"San Francisco-Oakland-Berkeley, CA Metro Area",Total Private,1713800.0
2002-10-01,"San Jose-Sunnyvale-Santa Clara, CA Metro Area",Government,103200.0
2002-10-01,"San Jose-Sunnyvale-Santa Clara, CA Metro Area",Total Private,804500.0
2002-10-01,"St. Louis, MO-IL Metro Area",Government,169100.0
2002-10-01,"St. Louis, MO-IL Metro Area",Total Private,1165100.0
2002-10-01,"Tampa-St. Petersburg-Clearwater, FL Metro Area",Government,149600.0
2002-10-01,"Tampa-St. Petersburg-Clearwater, FL Metro Area",Total Private,976600.0
2002-10-01,"Yuba City, CA Metro Area",Government,10900.0
2002-10-01,"Yuba City, CA Metro Area",Total Private,28400.0
2002-11-01,"Austin-Round Rock-Georgetown, TX Metro Area",Government,152600.0
2002-11-01,"Austin-Round Rock-Georgetown, TX Metro Area",Total Private,520900.0
2002-11-01,"Charlotte-Concord-Gastonia, NC-SC Metro Area",Government,121300.0
2002-11-01,"Charlotte-Concord-Gastonia, NC-SC Metro Area",Total Private,807000.0
2002-11-01,"Cincinnati, OH-KY-IN Metro Area",Government,132900.0
2002-11-01,"Cincinnati, OH-KY-IN Metro Area",Total Private,883800.0
2002-11-01,"Cleveland-Elyria, OH Metro Area",Government,146800.0
2002-11-01,"Cleveland-Elyria, OH Metro Area",Total Private,939900.0
2002-11-01,"Columbus, OH Metro Area",Government,161200.0
2002-11-01,"Columbus, OH Metro Area",Total Private,779900.0
2002-11-01,"Detroit-Warren-Dearborn, MI Metro Area",Government,243400.0
2002-11-01,"Detroit-Warren-Dearborn, MI Metro Area",Total Private,1869400.0
2002-11-01,"Indianapolis-Carmel-Anderson, IN Metro Area",Government,123700.0
2002-11-01,"Indianapolis-Carmel-Anderson, IN Metro Area",Total Private,787700.0
2002-11-01,"Kansas City, MO-KS Metro Area",Government,140500.0
2002-11-01,"Kansas City, MO-KS Metro Area",Total Private,817800.0
2002-11-01,"Miami-Fort Lauderdale-Pompano Beach, FL Metro Area",Government,314800.0
2002-11-01,"Miami-Fort Lauderdale-Pompano Beach, FL Metro Area",Total Private,1910900.0
2002-11-01,"Orlando-Kissimmee-Sanford, FL Metro Area",Government,104400.0
2002-11-01,"Orlando-Kissimmee-Sanford, FL Metro Area",Total Private,810100.0
2002-11-01,"Phoenix-Mesa-Chandler, AZ Metro Area",Government,229200.0
2002-11-01,"Phoenix-Mesa-Chandler, AZ Metro Area",Total Private,1404600.0
2002-11-01,"Pittsburgh, PA Metro Area",Government,133900.0
2002-11-01,"Pittsburgh, PA Metro Area",Total Private,1015500.0
2002-11-01,"Portland-Vancouver-Hillsboro, OR-WA Metro Area",Government,138400.0
2002-11-01,"Portland-Vancouver-Hillsboro, OR-WA Metro Area",Total Private,822200.0
2002-11-01,"Riverside-San Bernardino-Ontario, CA Metro Area",Government,216400.0
2002-11-01,"Riverside-San Bernardino-Ontario, CA Metro Area",Total Private,882800.0
2002-11-01,"Sacramento-Roseville-Folsom, CA Metro Area",Government,228000.0
2002-11-01,"Sacramento-Roseville-Folsom, CA Metro Area",Total Private,624300.0
2002-11-01,"Salt Lake City, UT Metro Area",Government,87000.0
2002-11-01,"Salt Lake City, UT Metro Area",Total Private,462000.0
2002-11-01,"San Antonio-New Braunfels, TX Metro Area",Government,146500.0
2002-11-01,"San Antonio-New Braunfels, TX Metro Area",Total Private,620400.0
2002-11-01,"San Diego-Chula Vista-Carlsbad, CA Metro Area",Government,222800.0
2002-11-01,"San Diego-Chula Vista-Carlsbad, CA Metro Area",Total Private,1029400.0000000001
2002-11-01,"San Francisco-Oakland-Berkeley, CA Metro Area",Government,323300.0
2002-11-01,"San Francisco-Oakland-Berkeley, CA Metro Area",Total Private,1721700.0
2002-11-01,"San Jose-Sunnyvale-Santa Clara, CA Metro Area",Government,103600.0
2002-11-01,"San Jose-Sunnyvale-Santa Clara, CA Metro Area",Total Private,800900.0
2002-11-01,"St. Louis, MO-IL Metro Area",Government,170300.0
2002-11-01,"St. Louis, MO-IL Metro Area",Total Private,1166000.0
2002-11-01,"Tampa-St. Petersburg-Clearwater, FL Metro Area",Government,150600.0
2002-11-01,"Tampa-St. Petersburg-Clearwater, FL Metro Area",Total Private,988400.0
2002-11-01,"Yuba City, CA Metro Area",Government,11100.0
2002-11-01,"Yuba City, CA Metro Area",Total Private,28000.0
2002-12-01,"Austin-Round Rock-Georgetown, TX Metro Area",Government,151100.0
2002-12-01,"Austin-Round Rock-Georgetown, TX Metro Area",Total Private,520900.0
2002-12-01,"Charlotte-Concord-Gastonia, NC-SC Metro Area",Government,119600.0
2002-12-01,"Charlotte-Concord-Gastonia, NC-SC Metro Area",Total Private,806500.0
2002-12-01,"Cincinnati, OH-KY-IN Metro Area",Government,132300.0
2002-12-01,"Cincinnati, OH-KY-IN Metro Area",Total Private,886600.0
2002-12-01,"Cleveland-Elyria, OH Metro Area",Government,146300.0
2002-12-01,"Cleveland-Elyria, OH Metro Area",Total Private,939500.0
2002-12-01,"Columbus, OH Metro Area",Government,161900.0
2002-12-01,"Columbus, OH Metro Area",Total Private,778800.0
2002-12-01,"Detroit-Warren-Dearborn, MI Metro Area",Government,242800.0
2002-12-01,"Detroit-Warren-Dearborn, MI Metro Area",Total Private,1872800.0
2002-12-01,"Indianapolis-Carmel-Anderson, IN Metro Area",Government,123700.0
2002-12-01,"Indianapolis-Carmel-Anderson, IN Metro Area",Total Private,787500.0
2002-12-01,"Kansas City, MO-KS Metro Area",Government,141700.0
2002-12-01,"Kansas City, MO-KS Metro Area",Total Private,818800.0
2002-12-01,"Miami-Fort Lauderdale-Pompano Beach, FL Metro Area",Government,316500.0
2002-12-01,"Miami-Fort Lauderdale-Pompano Beach, FL Metro Area",Total Private,1933200.0
2002-12-01,"Orlando-Kissimmee-Sanford, FL Metro Area",Government,104800.0
2002-12-01,"Orlando-Kissimmee-Sanford, FL Metro Area",Total Private,817400.0
2002-12-01,"Phoenix-Mesa-Chandler, AZ Metro Area",Government,223300.0
2002-12-01,"Phoenix-Mesa-Chandler, AZ Metro Area",Total Private,1409700.0
2002-12-01,"Pittsburgh, PA Metro Area",Government,132500.0
2002-12-01,"Pittsburgh, PA Metro Area",Total Private,1008900.0
2002-12-01,"Portland-Vancouver-Hillsboro, OR-WA Metro Area",Government,137200.0
2002-12-01,"Portland-Vancouver-Hillsboro, OR-WA Metro Area",Total Private,819700.0
2002-12-01,"Riverside-San Bernardino-Ontario, CA Metro Area",Government,216200.0
2002-12-01,"Riverside-San Bernardino-Ontario, CA Metro Area",Total Private,889100.0
2002-12-01,"Sacramento-Roseville-Folsom, CA Metro Area",Government,227500.0
2002-12-01,"Sacramento-Roseville-Folsom, CA Metro Area",Total Private,625800.0
2002-12-01,"Salt Lake City, UT Metro Area",Government,87200.0
2002-12-01,"Salt Lake City, UT Metro Area",Total Private,462300.0
2002-12-01,"San Antonio-New Braunfels, TX Metro Area",Government,146200.0
2002-12-01,"San Antonio-New Braunfels, TX Metro Area",Total Private,620500.0
2002-12-01,"San Diego-Chula Vista-Carlsbad, CA Metro Area",Government,222500.0
2002-12-01,"San Diego-Chula Vista-Carlsbad, CA Metro Area",Total Private,1036099.9999999999
2002-12-01,"San Francisco-Oakland-Berkeley, CA Metro Area",Government,321700.0
2002-12-01,"San Francisco-Oakland-Berkeley, CA Metro Area",Total Private,1724900.0
2002-12-01,"San Jose-Sunnyvale-Santa Clara, CA Metro Area",Government,103100.0
2002-12-01,"San Jose-Sunnyvale-Santa Clara, CA Metro Area",Total Private,798300.0
2002-12-01,"St. Louis, MO-IL Metro Area",Government,170100.0
2002-12-01,"St. Louis, MO-IL Metro Area",Total Private,1169400.0
2002-12-01,"Tampa-St. Petersburg-Clearwater, FL Metro Area",Government,151700.0
2002-12-01,"Tampa-St. Petersburg-Clearwater, FL Metro Area",Total Private,993500.0
2002-12-01,"Yuba City, CA Metro Area",Government,10900.0
2002-12-01,"Yuba City, CA Metro Area",Total Private,27900.0
2003-01-01,"Austin-Round Rock-Georgetown, TX Metro Area",Government,150600.0
2003-01-01,"Austin-Round Rock-Georgetown, TX Metro Area",Total Private,507000.0
2003-01-01,"Charlotte-Concord-Gastonia, NC-SC Metro Area",Government,117800.0
2003-01-01,"Charlotte-Concord-Gastonia, NC-SC Metro Area",Total Private,790100.0
2003-01-01,"Cincinnati, OH-KY-IN Metro Area",Government,131600.0
2003-01-01,"Cincinnati, OH-KY-IN Metro Area",Total Private,864300.0
2003-01-01,"Cleveland-Elyria, OH Metro Area",Government,142400.0
2003-01-01,"Cleveland-Elyria, OH Metro Area",Total Private,914600.0
2003-01-01,"Columbus, OH Metro Area",Government,158300.0
2003-01-01,"Columbus, OH Metro Area",Total Private,759600.0
2003-01-01,"Detroit-Warren-Dearborn, MI Metro Area",Government,239500.0
2003-01-01,"Detroit-Warren-Dearborn, MI Metro Area",Total Private,1812100.0
2003-01-01,"Indianapolis-Carmel-Anderson, IN Metro Area",Government,120900.0
2003-01-01,"Indianapolis-Carmel-Anderson, IN Metro Area",Total Private,765700.0
2003-01-01,"Kansas City, MO-KS Metro Area",Government,140400.0
2003-01-01,"Kansas City, MO-KS Metro Area",Total Private,799700.0
2003-01-01,"Miami-Fort Lauderdale-Pompano Beach, FL Metro Area",Government,313700.0
2003-01-01,"Miami-Fort Lauderdale-Pompano Beach, FL Metro Area",Total Private,1889500.0
2003-01-01,"Orlando-Kissimmee-Sanford, FL Metro Area",Government,103700.0
2003-01-01,"Orlando-Kissimmee-Sanford, FL Metro Area",Total Private,800800.0
2003-01-01,"Phoenix-Mesa-Chandler, AZ Metro Area",Government,211800.0
2003-01-01,"Phoenix-Mesa-Chandler, AZ Metro Area",Total Private,1377200.0
2003-01-01,"Pittsburgh, PA Metro Area",Government,130000.0
2003-01-01,"Pittsburgh, PA Metro Area",Total Private,988000.0
2003-01-01,"Portland-Vancouver-Hillsboro, OR-WA Metro Area",Government,134100.0
2003-01-01,"Portland-Vancouver-Hillsboro, OR-WA Metro Area",Total Private,801000.0
2003-01-01,"Riverside-San Bernardino-Ontario, CA Metro Area",Government,215200.0
2003-01-01,"Riverside-San Bernardino-Ontario, CA Metro Area",Total Private,870900.0
2003-01-01,"Sacramento-Roseville-Folsom, CA Metro Area",Government,225000.0
2003-01-01,"Sacramento-Roseville-Folsom, CA Metro Area",Total Private,616800.0
2003-01-01,"Salt Lake City, UT Metro Area",Government,86800.0
2003-01-01,"Salt Lake City, UT Metro Area",Total Private,447700.0
2003-01-01,"San Antonio-New Braunfels, TX Metro Area",Government,143700.0
2003-01-01,"San Antonio-New Braunfels, TX Metro Area",Total Private,603100.0
2003-01-01,"San Diego-Chula Vista-Carlsbad, CA Metro Area",Government,220900.0
2003-01-01,"San Diego-Chula Vista-Carlsbad, CA Metro Area",Total Private,1007700.0
2003-01-01,"San Francisco-Oakland-Berkeley, CA Metro Area",Government,317900.0
2003-01-01,"San Francisco-Oakland-Berkeley, CA Metro Area",Total Private,1672100.0
2003-01-01,"San Jose-Sunnyvale-Santa Clara, CA Metro Area",Government,102200.0
2003-01-01,"San Jose-Sunnyvale-Santa Clara, CA Metro Area",Total Private,779000.0
2003-01-01,"St. Louis, MO-IL Metro Area",Government,166200.0
2003-01-01,"St. Louis, MO-IL Metro Area",Total Private,1136600.0
2003-01-01,"Tampa-St. Petersburg-Clearwater, FL Metro Area",Government,147300.0
2003-01-01,"Tampa-St. Petersburg-Clearwater, FL Metro Area",Total Private,971400.0
2003-01-01,"Yuba City, CA Metro Area",Government,10800.0
2003-01-01,"Yuba City, CA Metro Area",Total Private,26900.0
2003-02-01,"Austin-Round Rock-Georgetown, TX Metro Area",Government,153300.0
2003-02-01,"Austin-Round Rock-Georgetown, TX Metro Area",Total Private,506900.0
2003-02-01,"Charlotte-Concord-Gastonia, NC-SC Metro Area",Government,118900.0
2003-02-01,"Charlotte-Concord-Gastonia, NC-SC Metro Area",Total Private,790400.0
2003-02-01,"Cincinnati, OH-KY-IN Metro Area",Government,134200.0
2003-02-01,"Cincinnati, OH-KY-IN Metro Area",Total Private,861000.0
2003-02-01,"Cleveland-Elyria, OH Metro Area",Government,145300.0
2003-02-01,"Cleveland-Elyria, OH Metro Area",Total Private,912700.0
2003-02-01,"Columbus, OH Metro Area",Government,160500.0
2003-02-01,"Columbus, OH Metro Area",Total Private,756300.0
2003-02-01,"Detroit-Warren-Dearborn, MI Metro Area",Government,244000.0
2003-02-01,"Detroit-Warren-Dearborn, MI Metro Area",Total Private,1807300.0
2003-02-01,"Indianapolis-Carmel-Anderson, IN Metro Area",Government,123000.0
2003-02-01,"Indianapolis-Carmel-Anderson, IN Metro Area",Total Private,763400.0
2003-02-01,"Kansas City, MO-KS Metro Area",Government,142900.0
2003-02-01,"Kansas City, MO-KS Metro Area",Total Private,797100.0
2003-02-01,"Miami-Fort Lauderdale-Pompano Beach, FL Metro Area",Government,315800.0
2003-02-01,"Miami-Fort Lauderdale-Pompano Beach, FL Metro Area",Total Private,1903400.0
2003-02-01,"Orlando-Kissimmee-Sanford, FL Metro Area",Government,104400.0
2003-02-01,"Orlando-Kissimmee-Sanford, FL Metro Area",Total Private,805300.0
2003-02-01,"Phoenix-Mesa-Chandler, AZ Metro Area",Government,222000.0
2003-02-01,"Phoenix-Mesa-Chandler, AZ Metro Area",Total Private,1386100.0
2003-02-01,"Pittsburgh, PA Metro Area",Government,132700.0
2003-02-01,"Pittsburgh, PA Metro Area",Total Private,980600.0
2003-02-01,"Portland-Vancouver-Hillsboro, OR-WA Metro Area",Government,135300.0
2003-02-01,"Portland-Vancouver-Hillsboro, OR-WA Metro Area",Total Private,800500.0
2003-02-01,"Riverside-San Bernardino-Ontario, CA Metro Area",Government,215200.0
2003-02-01,"Riverside-San Bernardino-Ontario, CA Metro Area",Total Private,874600.0
2003-02-01,"Sacramento-Roseville-Folsom, CA Metro Area",Government,226900.0
2003-02-01,"Sacramento-Roseville-Folsom, CA Metro Area",Total Private,616800.0
2003-02-01,"Salt Lake City, UT Metro Area",Government,87200.0
2003-02-01,"Salt Lake City, UT Metro Area",Total Private,447100.0
2003-02-01,"San Antonio-New Braunfels, TX Metro Area",Government,146000.0
2003-02-01,"San Antonio-New Braunfels, TX Metro Area",Total Private,607000.0
2003-02-01,"San Diego-Chula Vista-Carlsbad, CA Metro Area",Government,221500.0
2003-02-01,"San Diego-Chula Vista-Carlsbad, CA Metro Area",Total Private,1012600.0
2003-02-01,"San Francisco-Oakland-Berkeley, CA Metro Area",Government,320500.0
2003-02-01,"San Francisco-Oakland-Berkeley, CA Metro Area",Total Private,1677600.0
2003-02-01,"San Jose-Sunnyvale-Santa Clara, CA Metro Area",Government,101000.0
2003-02-01,"San Jose-Sunnyvale-Santa Clara, CA Metro Area",Total Private,779600.0
2003-02-01,"St. Louis, MO-IL Metro Area",Government,167800.0
2003-02-01,"St. Louis, MO-IL Metro Area",Total Private,1135600.0
2003-02-01,"Tampa-St. Petersburg-Clearwater, FL Metro Area",Government,149300.0
2003-02-01,"Tampa-St. Petersburg-Clearwater, FL Metro Area",Total Private,978200.0
2003-02-01,"Yuba City, CA Metro Area",Government,10800.0
2003-02-01,"Yuba City, CA Metro Area",Total Private,26900.0
2003-03-01,"Austin-Round Rock-Georgetown, TX Metro Area",Government,152400.0
2003-03-01,"Austin-Round Rock-Georgetown, TX Metro Area",Total Private,508300.0
2003-03-01,"Charlotte-Concord-Gastonia, NC-SC Metro Area",Government,119700.0
2003-03-01,"Charlotte-Concord-Gastonia, NC-SC Metro Area",Total Private,796700.0
2003-03-01,"Cincinnati, OH-KY-IN Metro Area",Government,135500.0
2003-03-01,"Cincinnati, OH-KY-IN Metro Area",Total Private,869200.0
2003-03-01,"Cleveland-Elyria, OH Metro Area",Government,146400.0
2003-03-01,"Cleveland-Elyria, OH Metro Area",Total Private,917300.0
2003-03-01,"Columbus, OH Metro Area",Government,161100.0
2003-03-01,"Columbus, OH Metro Area",Total Private,760000.0
2003-03-01,"Detroit-Warren-Dearborn, MI Metro Area",Government,244000.0
2003-03-01,"Detroit-Warren-Dearborn, MI Metro Area",Total Private,1817100.0
2003-03-01,"Indianapolis-Carmel-Anderson, IN Metro Area",Government,123600.0
2003-03-01,"Indianapolis-Carmel-Anderson, IN Metro Area",Total Private,768600.0
2003-03-01,"Kansas City, MO-KS Metro Area",Government,144000.0
2003-03-01,"Kansas City, MO-KS Metro Area",Total Private,801400.0
2003-03-01,"Miami-Fort Lauderdale-Pompano Beach, FL Metro Area",Government,317700.0
2003-03-01,"Miami-Fort Lauderdale-Pompano Beach, FL Metro Area",Total Private,1913800.0
2003-03-01,"Orlando-Kissimmee-Sanford, FL Metro Area",Government,104500.0
2003-03-01,"Orlando-Kissimmee-Sanford, FL Metro Area",Total Private,809800.0
2003-03-01,"Phoenix-Mesa-Chandler, AZ Metro Area",Government,222000.0
2003-03-01,"Phoenix-Mesa-Chandler, AZ Metro Area",Total Private,1394500.0
2003-03-01,"Pittsburgh, PA Metro Area",Government,133600.0
2003-03-01,"Pittsburgh, PA Metro Area",Total Private,988100.0
2003-03-01,"Portland-Vancouver-Hillsboro, OR-WA Metro Area",Government,135700.0
2003-03-01,"Portland-Vancouver-Hillsboro, OR-WA Metro Area",Total Private,801600.0
2003-03-01,"Riverside-San Bernardino-Ontario, CA Metro Area",Government,217300.0
2003-03-01,"Riverside-San Bernardino-Ontario, CA Metro Area",Total Private,882500.0
2003-03-01,"Sacramento-Roseville-Folsom, CA Metro Area",Government,227700.0
2003-03-01,"Sacramento-Roseville-Folsom, CA Metro Area",Total Private,621300.0
2003-03-01,"Salt Lake City, UT Metro Area",Government,86900.0
2003-03-01,"Salt Lake City, UT Metro Area",Total Private,447800.0
2003-03-01,"San Antonio-New Braunfels, TX Metro Area",Government,146000.0
2003-03-01,"San Antonio-New Braunfels, TX Metro Area",Total Private,613200.0
2003-03-01,"San Diego-Chula Vista-Carlsbad, CA Metro Area",Government,222200.0
2003-03-01,"San Diego-Chula Vista-Carlsbad, CA Metro Area",Total Private,1017300.0
2003-03-01,"San Francisco-Oakland-Berkeley, CA Metro Area",Government,321900.0
2003-03-01,"San Francisco-Oakland-Berkeley, CA Metro Area",Total Private,1679500.0
2003-03-01,"San Jose-Sunnyvale-Santa Clara, CA Metro Area",Government,101700.0
2003-03-01,"San Jose-Sunnyvale-Santa Clara, CA Metro Area",Total Private,780100.0
2003-03-01,"St. Louis, MO-IL Metro Area",Government,168200.0
2003-03-01,"St. Louis, MO-IL Metro Area",Total Private,1143700.0
2003-03-01,"Tampa-St. Petersburg-Clearwater, FL Metro Area",Government,149100.0
2003-03-01,"Tampa-St. Petersburg-Clearwater, FL Metro Area",Total Private,988600.0
2003-03-01,"Yuba City, CA Metro Area",Government,10900.0
2003-03-01,"Yuba City, CA Metro Area",Total Private,26900.0
2003-04-01,"Austin-Round Rock-Georgetown, TX Metro Area",Government,153400.0
2003-04-01,"Austin-Round Rock-Georgetown, TX Metro Area",Total Private,511300.0
2003-04-01,"Charlotte-Concord-Gastonia, NC-SC Metro Area",Government,119800.0
2003-04-01,"Charlotte-Concord-Gastonia, NC-SC Metro Area",Total Private,799500.0
2003-04-01,"Cincinnati, OH-KY-IN Metro Area",Government,136000.0
2003-04-01,"Cincinnati, OH-KY-IN Metro Area",Total Private,878900.0
2003-04-01,"Cleveland-Elyria, OH Metro Area",Government,145900.0
2003-04-01,"Cleveland-Elyria, OH Metro Area",Total Private,926100.0
2003-04-01,"Columbus, OH Metro Area",Government,161700.0
2003-04-01,"Columbus, OH Metro Area",Total Private,765800.0
2003-04-01,"Detroit-Warren-Dearborn, MI Metro Area",Government,245200.0
2003-04-01,"Detroit-Warren-Dearborn, MI Metro Area",Total Private,1821400.0
2003-04-01,"Indianapolis-Carmel-Anderson, IN Metro Area",Government,123100.0
2003-04-01,"Indianapolis-Carmel-Anderson, IN Metro Area",Total Private,779200.0
2003-04-01,"Kansas City, MO-KS Metro Area",Government,144700.0
2003-04-01,"Kansas City, MO-KS Metro Area",Total Private,808300.0
2003-04-01,"Miami-Fort Lauderdale-Pompano Beach, FL Metro Area",Government,316400.0
2003-04-01,"Miami-Fort Lauderdale-Pompano Beach, FL Metro Area",Total Private,1897200.0
2003-04-01,"Orlando-Kissimmee-Sanford, FL Metro Area",Government,104900.0
2003-04-01,"Orlando-Kissimmee-Sanford, FL Metro Area",Total Private,809400.0
2003-04-01,"Phoenix-Mesa-Chandler, AZ Metro Area",Government,222100.0
2003-04-01,"Phoenix-Mesa-Chandler, AZ Metro Area",Total Private,1400800.0
2003-04-01,"Pittsburgh, PA Metro Area",Government,133000.0
2003-04-01,"Pittsburgh, PA Metro Area",Total Private,1001400.0
2003-04-01,"Portland-Vancouver-Hillsboro, OR-WA Metro Area",Government,136300.0
2003-04-01,"Portland-Vancouver-Hillsboro, OR-WA Metro Area",Total Private,802900.0
2003-04-01,"Riverside-San Bernardino-Ontario, CA Metro Area",Government,216600.0
2003-04-01,"Riverside-San Bernardino-Ontario, CA Metro Area",Total Private,886300.0
2003-04-01,"Sacramento-Roseville-Folsom, CA Metro Area",Government,228000.0
2003-04-01,"Sacramento-Roseville-Folsom, CA Metro Area",Total Private,626200.0
2003-04-01,"Salt Lake City, UT Metro Area",Government,87300.0
2003-04-01,"Salt Lake City, UT Metro Area",Total Private,449700.0
2003-04-01,"San Antonio-New Braunfels, TX Metro Area",Government,147100.0
2003-04-01,"San Antonio-New Braunfels, TX Metro Area",Total Private,613600.0
2003-04-01,"San Diego-Chula Vista-Carlsbad, CA Metro Area",Government,221700.0
2003-04-01,"San Diego-Chula Vista-Carlsbad, CA Metro Area",Total Private,1023200.0
2003-04-01,"San Francisco-Oakland-Berkeley, CA Metro Area",Government,320400.0
2003-04-01,"San Francisco-Oakland-Berkeley, CA Metro Area",Total Private,1674200.0
2003-04-01,"San Jose-Sunnyvale-Santa Clara, CA Metro Area",Government,101800.0
2003-04-01,"San Jose-Sunnyvale-Santa Clara, CA Metro Area",Total Private,781700.0
2003-04-01,"St. Louis, MO-IL Metro Area",Government,169300.0
2003-04-01,"St. Louis, MO-IL Metro Area",Total Private,1151200.0
2003-04-01,"Tampa-St. Petersburg-Clearwater, FL Metro Area",Government,148000.0
2003-04-01,"Tampa-St. Petersburg-Clearwater, FL Metro Area",Total Private,985900.0
2003-04-01,"Yuba City, CA Metro Area",Government,10700.0
2003-04-01,"Yuba City, CA Metro Area",Total Private,27500.0
2003-05-01,"Austin-Round Rock-Georgetown, TX Metro Area",Government,152900.0
2003-05-01,"Austin-Round Rock-Georgetown, TX Metro Area",Total Private,513700.00000000006
2003-05-01,"Charlotte-Concord-Gastonia, NC-SC Metro Area",Government,120400.0
2003-05-01,"Charlotte-Concord-Gastonia, NC-SC Metro Area",Total Private,806100.0
2003-05-01,"Cincinnati, OH-KY-IN Metro Area",Government,136200.0
2003-05-01,"Cincinnati, OH-KY-IN Metro Area",Total Private,884400.0
2003-05-01,"Cleveland-Elyria, OH Metro Area",Government,146000.0
2003-05-01,"Cleveland-Elyria, OH Metro Area",Total Private,937300.0
2003-05-01,"Columbus, OH Metro Area",Government,162500.0
2003-05-01,"Columbus, OH Metro Area",Total Private,769600.0
2003-05-01,"Detroit-Warren-Dearborn, MI Metro Area",Government,245800.0
2003-05-01,"Detroit-Warren-Dearborn, MI Metro Area",Total Private,1847500.0
2003-05-01,"Indianapolis-Carmel-Anderson, IN Metro Area",Government,123700.0
2003-05-01,"Indianapolis-Carmel-Anderson, IN Metro Area",Total Private,789000.0
2003-05-01,"Kansas City, MO-KS Metro Area",Government,144700.0
2003-05-01,"Kansas City, MO-KS Metro Area",Total Private,812600.0
2003-05-01,"Miami-Fort Lauderdale-Pompano Beach, FL Metro Area",Government,318600.0
2003-05-01,"Miami-Fort Lauderdale-Pompano Beach, FL Metro Area",Total Private,1892100.0
2003-05-01,"Orlando-Kissimmee-Sanford, FL Metro Area",Government,105400.0
2003-05-01,"Orlando-Kissimmee-Sanford, FL Metro Area",Total Private,810500.0
2003-05-01,"Phoenix-Mesa-Chandler, AZ Metro Area",Government,221400.0
2003-05-01,"Phoenix-Mesa-Chandler, AZ Metro Area",Total Private,1403600.0
2003-05-01,"Pittsburgh, PA Metro Area",Government,132200.0
2003-05-01,"Pittsburgh, PA Metro Area",Total Private,1009700.0
2003-05-01,"Portland-Vancouver-Hillsboro, OR-WA Metro Area",Government,137100.0
2003-05-01,"Portland-Vancouver-Hillsboro, OR-WA Metro Area",Total Private,805100.0
2003-05-01,"Riverside-San Bernardino-Ontario, CA Metro Area",Government,214900.0
2003-05-01,"Riverside-San Bernardino-Ontario, CA Metro Area",Total Private,894300.0
2003-05-01,"Sacramento-Roseville-Folsom, CA Metro Area",Government,230200.0
2003-05-01,"Sacramento-Roseville-Folsom, CA Metro Area",Total Private,629600.0
2003-05-01,"Salt Lake City, UT Metro Area",Government,86600.0
2003-05-01,"Salt Lake City, UT Metro Area",Total Private,452400.0
2003-05-01,"San Antonio-New Braunfels, TX Metro Area",Government,147500.0
2003-05-01,"San Antonio-New Braunfels, TX Metro Area",Total Private,616500.0
2003-05-01,"San Diego-Chula Vista-Carlsbad, CA Metro Area",Government,221000.0
2003-05-01,"San Diego-Chula Vista-Carlsbad, CA Metro Area",Total Private,1028300.0
2003-05-01,"San Francisco-Oakland-Berkeley, CA Metro Area",Government,320100.0
2003-05-01,"San Francisco-Oakland-Berkeley, CA Metro Area",Total Private,1677100.0
2003-05-01,"San Jose-Sunnyvale-Santa Clara, CA Metro Area",Government,101400.0
2003-05-01,"San Jose-Sunnyvale-Santa Clara, CA Metro Area",Total Private,782300.0
2003-05-01,"St. Louis, MO-IL Metro Area",Government,170500.0
2003-05-01,"St. Louis, MO-IL Metro Area",Total Private,1156700.0
2003-05-01,"Tampa-St. Petersburg-Clearwater, FL Metro Area",Government,148400.0
2003-05-01,"Tampa-St. Petersburg-Clearwater, FL Metro Area",Total Private,984700.0
2003-05-01,"Yuba City, CA Metro Area",Government,10700.0
2003-05-01,"Yuba City, CA Metro Area",Total Private,27700.0
2003-06-01,"Austin-Round Rock-Georgetown, TX Metro Area",Government,148900.0
2003-06-01,"Austin-Round Rock-Georgetown, TX Metro Area",Total Private,516700.00000000006
2003-06-01,"Charlotte-Concord-Gastonia, NC-SC Metro Area",Government,114700.0
2003-06-01,"Charlotte-Concord-Gastonia, NC-SC Metro Area",Total Private,807100.0
2003-06-01,"Cincinnati, OH-KY-IN Metro Area",Government,130800.00000000001
2003-06-01,"Cincinnati, OH-KY-IN Metro Area",Total Private,890200.0
2003-06-01,"Cleveland-Elyria, OH Metro Area",Government,143500.0
2003-06-01,"Cleveland-Elyria, OH Metro Area",Total Private,941400.0
2003-06-01,"Columbus, OH Metro Area",Government,156600.0
2003-06-01,"Columbus, OH Metro Area",Total Private,771500.0
2003-06-01,"Detroit-Warren-Dearborn, MI Metro Area",Government,243700.0
2003-06-01,"Detroit-Warren-Dearborn, MI Metro Area",Total Private,1858400.0
2003-06-01,"Indianapolis-Carmel-Anderson, IN Metro Area",Government,117500.0
2003-06-01,"Indianapolis-Carmel-Anderson, IN Metro Area",Total Private,792200.0
2003-06-01,"Kansas City, MO-KS Metro Area",Government,143300.0
2003-06-01,"Kansas City, MO-KS Metro Area",Total Private,819700.0
2003-06-01,"Miami-Fort Lauderdale-Pompano Beach, FL Metro Area",Government,310400.0
2003-06-01,"Miami-Fort Lauderdale-Pompano Beach, FL Metro Area",Total Private,1886000.0
2003-06-01,"Orlando-Kissimmee-Sanford, FL Metro Area",Government,94100.0
2003-06-01,"Orlando-Kissimmee-Sanford, FL Metro Area",Total Private,813000.0
2003-06-01,"Phoenix-Mesa-Chandler, AZ Metro Area",Government,205700.0
2003-06-01,"Phoenix-Mesa-Chandler, AZ Metro Area",Total Private,1401100.0
2003-06-01,"Pittsburgh, PA Metro Area",Government,130900.0
2003-06-01,"Pittsburgh, PA Metro Area",Total Private,1016900.0
2003-06-01,"Portland-Vancouver-Hillsboro, OR-WA Metro Area",Government,135900.0
2003-06-01,"Portland-Vancouver-Hillsboro, OR-WA Metro Area",Total Private,806900.0
2003-06-01,"Riverside-San Bernardino-Ontario, CA Metro Area",Government,214100.0
2003-06-01,"Riverside-San Bernardino-Ontario, CA Metro Area",Total Private,900100.0
2003-06-01,"Sacramento-Roseville-Folsom, CA Metro Area",Government,228900.0
2003-06-01,"Sacramento-Roseville-Folsom, CA Metro Area",Total Private,637400.0
2003-06-01,"Salt Lake City, UT Metro Area",Government,86600.0
2003-06-01,"Salt Lake City, UT Metro Area",Total Private,453200.0
2003-06-01,"San Antonio-New Braunfels, TX Metro Area",Government,142000.0
2003-06-01,"San Antonio-New Braunfels, TX Metro Area",Total Private,621900.0
2003-06-01,"San Diego-Chula Vista-Carlsbad, CA Metro Area",Government,221000.0
2003-06-01,"San Diego-Chula Vista-Carlsbad, CA Metro Area",Total Private,1034300.0
2003-06-01,"San Francisco-Oakland-Berkeley, CA Metro Area",Government,318300.0
2003-06-01,"San Francisco-Oakland-Berkeley, CA Metro Area",Total Private,1683400.0
2003-06-01,"San Jose-Sunnyvale-Santa Clara, CA Metro Area",Government,100800.0
2003-06-01,"San Jose-Sunnyvale-Santa Clara, CA Metro Area",Total Private,784300.0
2003-06-01,"St. Louis, MO-IL Metro Area",Government,167600.0
2003-06-01,"St. Louis, MO-IL Metro Area",Total Private,1159900.0
2003-06-01,"Tampa-St. Petersburg-Clearwater, FL Metro Area",Government,136500.0
2003-06-01,"Tampa-St. Petersburg-Clearwater, FL Metro Area",Total Private,983500.0
2003-06-01,"Yuba City, CA Metro Area",Government,11100.0
2003-06-01,"Yuba City, CA Metro Area",Total Private,28200.0
2003-07-01,"Austin-Round Rock-Georgetown, TX Metro Area",Government,141000.0
2003-07-01,"Austin-Round Rock-Georgetown, TX Metro Area",Total Private,516600.0
2003-07-01,"Charlotte-Concord-Gastonia, NC-SC Metro Area",Government,96100.0
2003-07-01,"Charlotte-Concord-Gastonia, NC-SC Metro Area",Total Private,796600.0
2003-07-01,"Cincinnati, OH-KY-IN Metro Area",Government,123200.0
2003-07-01,"Cincinnati, OH-KY-IN Metro Area",Total Private,887800.0
2003-07-01,"Cleveland-Elyria, OH Metro Area",Government,136300.0
2003-07-01,"Cleveland-Elyria, OH Metro Area",Total Private,939700.0
2003-07-01,"Columbus, OH Metro Area",Government,152200.0
2003-07-01,"Columbus, OH Metro Area",Total Private,772100.0
2003-07-01,"Detroit-Warren-Dearborn, MI Metro Area",Government,214800.0
2003-07-01,"Detroit-Warren-Dearborn, MI Metro Area",Total Private,1803100.0
2003-07-01,"Indianapolis-Carmel-Anderson, IN Metro Area",Government,111300.0
2003-07-01,"Indianapolis-Carmel-Anderson, IN Metro Area",Total Private,787100.0
2003-07-01,"Kansas City, MO-KS Metro Area",Government,130100.0
2003-07-01,"Kansas City, MO-KS Metro Area",Total Private,813000.0
2003-07-01,"Miami-Fort Lauderdale-Pompano Beach, FL Metro Area",Government,289900.0
2003-07-01,"Miami-Fort Lauderdale-Pompano Beach, FL Metro Area",Total Private,1861300.0
2003-07-01,"Orlando-Kissimmee-Sanford, FL Metro Area",Government,92100.0
2003-07-01,"Orlando-Kissimmee-Sanford, FL Metro Area",Total Private,809600.0
2003-07-01,"Phoenix-Mesa-Chandler, AZ Metro Area",Government,192200.0
2003-07-01,"Phoenix-Mesa-Chandler, AZ Metro Area",Total Private,1392300.0
2003-07-01,"Pittsburgh, PA Metro Area",Government,118400.0
2003-07-01,"Pittsburgh, PA Metro Area",Total Private,1011700.0
2003-07-01,"Portland-Vancouver-Hillsboro, OR-WA Metro Area",Government,124700.0
2003-07-01,"Portland-Vancouver-Hillsboro, OR-WA Metro Area",Total Private,810800.0
2003-07-01,"Riverside-San Bernardino-Ontario, CA Metro Area",Government,205600.0
2003-07-01,"Riverside-San Bernardino-Ontario, CA Metro Area",Total Private,897000.0
2003-07-01,"Sacramento-Roseville-Folsom, CA Metro Area",Government,224300.0
2003-07-01,"Sacramento-Roseville-Folsom, CA Metro Area",Total Private,635300.0
2003-07-01,"Salt Lake City, UT Metro Area",Government,83200.0
2003-07-01,"Salt Lake City, UT Metro Area",Total Private,453700.0
2003-07-01,"San Antonio-New Braunfels, TX Metro Area",Government,137100.0
2003-07-01,"San Antonio-New Braunfels, TX Metro Area",Total Private,619000.0
2003-07-01,"San Diego-Chula Vista-Carlsbad, CA Metro Area",Government,209000.0
2003-07-01,"San Diego-Chula Vista-Carlsbad, CA Metro Area",Total Private,1033700.0
2003-07-01,"San Francisco-Oakland-Berkeley, CA Metro Area",Government,303100.0
2003-07-01,"San Francisco-Oakland-Berkeley, CA Metro Area",Total Private,1672900.0
2003-07-01,"San Jose-Sunnyvale-Santa Clara, CA Metro Area",Government,96900.0
2003-07-01,"San Jose-Sunnyvale-Santa Clara, CA Metro Area",Total Private,778500.0
2003-07-01,"St. Louis, MO-IL Metro Area",Government,146900.0
2003-07-01,"St. Louis, MO-IL Metro Area",Total Private,1157800.0
2003-07-01,"Tampa-St. Petersburg-Clearwater, FL Metro Area",Government,135500.0
2003-07-01,"Tampa-St. Petersburg-Clearwater, FL Metro Area",Total Private,975200.0
2003-07-01,"Yuba City, CA Metro Area",Government,9500.0
2003-07-01,"Yuba City, CA Metro Area",Total Private,28400.0
2003-08-01,"Austin-Round Rock-Georgetown, TX Metro Area",Government,141700.0
2003-08-01,"Austin-Round Rock-Georgetown, TX Metro Area",Total Private,519100.0
2003-08-01,"Charlotte-Concord-Gastonia, NC-SC Metro Area",Government,106800.0
2003-08-01,"Charlotte-Concord-Gastonia, NC-SC Metro Area",Total Private,799800.0
2003-08-01,"Cincinnati, OH-KY-IN Metro Area",Government,126300.0
2003-08-01,"Cincinnati, OH-KY-IN Metro Area",Total Private,891600.0
2003-08-01,"Cleveland-Elyria, OH Metro Area",Government,133800.0
2003-08-01,"Cleveland-Elyria, OH Metro Area",Total Private,942400.0
2003-08-01,"Columbus, OH Metro Area",Government,150200.0
2003-08-01,"Columbus, OH Metro Area",Total Private,774600.0
2003-08-01,"Detroit-Warren-Dearborn, MI Metro Area",Government,211500.0
2003-08-01,"Detroit-Warren-Dearborn, MI Metro Area",Total Private,1835200.0
2003-08-01,"Indianapolis-Carmel-Anderson, IN Metro Area",Government,117100.0
2003-08-01,"Indianapolis-Carmel-Anderson, IN Metro Area",Total Private,792900.0
2003-08-01,"Kansas City, MO-KS Metro Area",Government,128300.00000000001
2003-08-01,"Kansas City, MO-KS Metro Area",Total Private,819400.0
2003-08-01,"Miami-Fort Lauderdale-Pompano Beach, FL Metro Area",Government,291600.0
2003-08-01,"Miami-Fort Lauderdale-Pompano Beach, FL Metro Area",Total Private,1867000.0
2003-08-01,"Orlando-Kissimmee-Sanford, FL Metro Area",Government,103000.0
2003-08-01,"Orlando-Kissimmee-Sanford, FL Metro Area",Total Private,813400.0
2003-08-01,"Phoenix-Mesa-Chandler, AZ Metro Area",Government,208700.0
2003-08-01,"Phoenix-Mesa-Chandler, AZ Metro Area",Total Private,1402700.0
2003-08-01,"Pittsburgh, PA Metro Area",Government,115800.0
2003-08-01,"Pittsburgh, PA Metro Area",Total Private,1012500.0
2003-08-01,"Portland-Vancouver-Hillsboro, OR-WA Metro Area",Government,123100.0
2003-08-01,"Portland-Vancouver-Hillsboro, OR-WA Metro Area",Total Private,815400.0
2003-08-01,"Riverside-San Bernardino-Ontario, CA Metro Area",Government,199400.0
2003-08-01,"Riverside-San Bernardino-Ontario, CA Metro Area",Total Private,901800.0
2003-08-01,"Sacramento-Roseville-Folsom, CA Metro Area",Government,222600.0
2003-08-01,"Sacramento-Roseville-Folsom, CA Metro Area",Total Private,638800.0
2003-08-01,"Salt Lake City, UT Metro Area",Government,82500.0
2003-08-01,"Salt Lake City, UT Metro Area",Total Private,457200.0
2003-08-01,"San Antonio-New Braunfels, TX Metro Area",Government,138800.0
2003-08-01,"San Antonio-New Braunfels, TX Metro Area",Total Private,621400.0
2003-08-01,"San Diego-Chula Vista-Carlsbad, CA Metro Area",Government,208300.0
2003-08-01,"San Diego-Chula Vista-Carlsbad, CA Metro Area",Total Private,1040700.0
2003-08-01,"San Francisco-Oakland-Berkeley, CA Metro Area",Government,300300.0
2003-08-01,"San Francisco-Oakland-Berkeley, CA Metro Area",Total Private,1677300.0
2003-08-01,"San Jose-Sunnyvale-Santa Clara, CA Metro Area",Government,94600.0
2003-08-01,"San Jose-Sunnyvale-Santa Clara, CA Metro Area",Total Private,778400.0
2003-08-01,"St. Louis, MO-IL Metro Area",Government,148700.0
2003-08-01,"St. Louis, MO-IL Metro Area",Total Private,1160100.0
2003-08-01,"Tampa-St. Petersburg-Clearwater, FL Metro Area",Government,146000.0
2003-08-01,"Tampa-St. Petersburg-Clearwater, FL Metro Area",Total Private,977800.0
2003-08-01,"Yuba City, CA Metro Area",Government,10100.0
2003-08-01,"Yuba City, CA Metro Area",Total Private,28600.0
2003-09-01,"Austin-Round Rock-Georgetown, TX Metro Area",Government,148300.0
2003-09-01,"Austin-Round Rock-Georgetown, TX Metro Area",Total Private,518100.0
2003-09-01,"Charlotte-Concord-Gastonia, NC-SC Metro Area",Government,118700.0
2003-09-01,"Charlotte-Concord-Gastonia, NC-SC Metro Area",Total Private,799000.0
2003-09-01,"Cincinnati, OH-KY-IN Metro Area",Government,131800.0
2003-09-01,"Cincinnati, OH-KY-IN Metro Area",Total Private,884300.0
2003-09-01,"Cleveland-Elyria, OH Metro Area",Government,141200.0
2003-09-01,"Cleveland-Elyria, OH Metro Area",Total Private,935800.0
2003-09-01,"Columbus, OH Metro Area",Government,156600.0
2003-09-01,"Columbus, OH Metro Area",Total Private,770000.0
2003-09-01,"Detroit-Warren-Dearborn, MI Metro Area",Government,229000.0
2003-09-01,"Detroit-Warren-Dearborn, MI Metro Area",Total Private,1832800.0
2003-09-01,"Indianapolis-Carmel-Anderson, IN Metro Area",Government,122800.0
2003-09-01,"Indianapolis-Carmel-Anderson, IN Metro Area",Total Private,788100.0
2003-09-01,"Kansas City, MO-KS Metro Area",Government,140300.0
2003-09-01,"Kansas City, MO-KS Metro Area",Total Private,817500.0
2003-09-01,"Miami-Fort Lauderdale-Pompano Beach, FL Metro Area",Government,314300.0
2003-09-01,"Miami-Fort Lauderdale-Pompano Beach, FL Metro Area",Total Private,1875100.0
2003-09-01,"Orlando-Kissimmee-Sanford, FL Metro Area",Government,104400.0
2003-09-01,"Orlando-Kissimmee-Sanford, FL Metro Area",Total Private,812400.0
2003-09-01,"Phoenix-Mesa-Chandler, AZ Metro Area",Government,218000.0
2003-09-01,"Phoenix-Mesa-Chandler, AZ Metro Area",Total Private,1406000.0
2003-09-01,"Pittsburgh, PA Metro Area",Government,128500.0
2003-09-01,"Pittsburgh, PA Metro Area",Total Private,1009400.0
2003-09-01,"Portland-Vancouver-Hillsboro, OR-WA Metro Area",Government,130199.99999999999
2003-09-01,"Portland-Vancouver-Hillsboro, OR-WA Metro Area",Total Private,815500.0
2003-09-01,"Riverside-San Bernardino-Ontario, CA Metro Area",Government,206900.0
2003-09-01,"Riverside-San Bernardino-Ontario, CA Metro Area",Total Private,908400.0
2003-09-01,"Sacramento-Roseville-Folsom, CA Metro Area",Government,224600.0
2003-09-01,"Sacramento-Roseville-Folsom, CA Metro Area",Total Private,638300.0
2003-09-01,"Salt Lake City, UT Metro Area",Government,86200.0
2003-09-01,"Salt Lake City, UT Metro Area",Total Private,454700.0
2003-09-01,"San Antonio-New Braunfels, TX Metro Area",Government,143200.0
2003-09-01,"San Antonio-New Braunfels, TX Metro Area",Total Private,617900.0
2003-09-01,"San Diego-Chula Vista-Carlsbad, CA Metro Area",Government,211700.0
2003-09-01,"San Diego-Chula Vista-Carlsbad, CA Metro Area",Total Private,1037800.0
2003-09-01,"San Francisco-Oakland-Berkeley, CA Metro Area",Government,307700.0
2003-09-01,"San Francisco-Oakland-Berkeley, CA Metro Area",Total Private,1675000.0
2003-09-01,"San Jose-Sunnyvale-Santa Clara, CA Metro Area",Government,95300.0
2003-09-01,"San Jose-Sunnyvale-Santa Clara, CA Metro Area",Total Private,776400.0
2003-09-01,"St. Louis, MO-IL Metro Area",Government,165000.0
2003-09-01,"St. Louis, MO-IL Metro Area",Total Private,1155600.0
2003-09-01,"Tampa-St. Petersburg-Clearwater, FL Metro Area",Government,147400.0
2003-09-01,"Tampa-St. Petersburg-Clearwater, FL Metro Area",Total Private,979600.0
2003-09-01,"Yuba City, CA Metro Area",Government,10600.0
2003-09-01,"Yuba City, CA Metro Area",Total Private,28600.0
2003-10-01,"Austin-Round Rock-Georgetown, TX Metro Area",Government,147400.0
2003-10-01,"Austin-Round Rock-Georgetown, TX Metro Area",Total Private,519799.99999999994
2003-10-01,"Charlotte-Concord-Gastonia, NC-SC Metro Area",Government,124700.0
2003-10-01,"Charlotte-Concord-Gastonia, NC-SC Metro Area",Total Private,799900.0
2003-10-01,"Cincinnati, OH-KY-IN Metro Area",Government,135500.0
2003-10-01,"Cincinnati, OH-KY-IN Metro Area",Total Private,882300.0
2003-10-01,"Cleveland-Elyria, OH Metro Area",Government,144700.0
2003-10-01,"Cleveland-Elyria, OH Metro Area",Total Private,935000.0
2003-10-01,"Columbus, OH Metro Area",Government,160200.0
2003-10-01,"Columbus, OH Metro Area",Total Private,775700.0
2003-10-01,"Detroit-Warren-Dearborn, MI Metro Area",Government,249200.0
2003-10-01,"Detroit-Warren-Dearborn, MI Metro Area",Total Private,1823300.0
2003-10-01,"Indianapolis-Carmel-Anderson, IN Metro Area",Government,123500.0
2003-10-01,"Indianapolis-Carmel-Anderson, IN Metro Area",Total Private,795100.0
2003-10-01,"Kansas City, MO-KS Metro Area",Government,141900.0
2003-10-01,"Kansas City, MO-KS Metro Area",Total Private,818500.0
2003-10-01,"Miami-Fort Lauderdale-Pompano Beach, FL Metro Area",Government,316600.0
2003-10-01,"Miami-Fort Lauderdale-Pompano Beach, FL Metro Area",Total Private,1890500.0
2003-10-01,"Orlando-Kissimmee-Sanford, FL Metro Area",Government,106100.0
2003-10-01,"Orlando-Kissimmee-Sanford, FL Metro Area",Total Private,818600.0
2003-10-01,"Phoenix-Mesa-Chandler, AZ Metro Area",Government,223900.0
2003-10-01,"Phoenix-Mesa-Chandler, AZ Metro Area",Total Private,1420900.0
2003-10-01,"Pittsburgh, PA Metro Area",Government,132800.0
2003-10-01,"Pittsburgh, PA Metro Area",Total Private,1012900.0
2003-10-01,"Portland-Vancouver-Hillsboro, OR-WA Metro Area",Government,135700.0
2003-10-01,"Portland-Vancouver-Hillsboro, OR-WA Metro Area",Total Private,817500.0
2003-10-01,"Riverside-San Bernardino-Ontario, CA Metro Area",Government,210000.0
2003-10-01,"Riverside-San Bernardino-Ontario, CA Metro Area",Total Private,920700.0
2003-10-01,"Sacramento-Roseville-Folsom, CA Metro Area",Government,223400.0
2003-10-01,"Sacramento-Roseville-Folsom, CA Metro Area",Total Private,637200.0
2003-10-01,"Salt Lake City, UT Metro Area",Government,86700.0
2003-10-01,"Salt Lake City, UT Metro Area",Total Private,456500.0
2003-10-01,"San Antonio-New Braunfels, TX Metro Area",Government,145500.0
2003-10-01,"San Antonio-New Braunfels, TX Metro Area",Total Private,618600.0
2003-10-01,"San Diego-Chula Vista-Carlsbad, CA Metro Area",Government,216900.0
2003-10-01,"San Diego-Chula Vista-Carlsbad, CA Metro Area",Total Private,1041800.0
2003-10-01,"San Francisco-Oakland-Berkeley, CA Metro Area",Government,312500.0
2003-10-01,"San Francisco-Oakland-Berkeley, CA Metro Area",Total Private,1673800.0
2003-10-01,"San Jose-Sunnyvale-Santa Clara, CA Metro Area",Government,98600.0
2003-10-01,"San Jose-Sunnyvale-Santa Clara, CA Metro Area",Total Private,775600.0
2003-10-01,"St. Louis, MO-IL Metro Area",Government,167000.0
2003-10-01,"St. Louis, MO-IL Metro Area",Total Private,1158400.0
2003-10-01,"Tampa-St. Petersburg-Clearwater, FL Metro Area",Government,148800.0
2003-10-01,"Tampa-St. Petersburg-Clearwater, FL Metro Area",Total Private,984800.0
2003-10-01,"Yuba City, CA Metro Area",Government,10500.0
2003-10-01,"Yuba City, CA Metro Area",Total Private,28700.0
2003-11-01,"Austin-Round Rock-Georgetown, TX Metro Area",Government,147600.0
2003-11-01,"Austin-Round Rock-Georgetown, TX Metro Area",Total Private,521299.99999999994
2003-11-01,"Charlotte-Concord-Gastonia, NC-SC Metro Area",Government,124100.0
2003-11-01,"Charlotte-Concord-Gastonia, NC-SC Metro Area",Total Private,802500.0
2003-11-01,"Cincinnati, OH-KY-IN Metro Area",Government,135900.0
2003-11-01,"Cincinnati, OH-KY-IN Metro Area",Total Private,884100.0
2003-11-01,"Cleveland-Elyria, OH Metro Area",Government,145500.0
2003-11-01,"Cleveland-Elyria, OH Metro Area",Total Private,934800.0
2003-11-01,"Columbus, OH Metro Area",Government,161800.0
2003-11-01,"Columbus, OH Metro Area",Total Private,779100.0
2003-11-01,"Detroit-Warren-Dearborn, MI Metro Area",Government,249100.0
2003-11-01,"Detroit-Warren-Dearborn, MI Metro Area",Total Private,1830800.0
2003-11-01,"Indianapolis-Carmel-Anderson, IN Metro Area",Government,123100.0
2003-11-01,"Indianapolis-Carmel-Anderson, IN Metro Area",Total Private,796900.0
2003-11-01,"Kansas City, MO-KS Metro Area",Government,142100.0
2003-11-01,"Kansas City, MO-KS Metro Area",Total Private,819400.0
2003-11-01,"Miami-Fort Lauderdale-Pompano Beach, FL Metro Area",Government,316600.0
2003-11-01,"Miami-Fort Lauderdale-Pompano Beach, FL Metro Area",Total Private,1900400.0
2003-11-01,"Orlando-Kissimmee-Sanford, FL Metro Area",Government,106700.0
2003-11-01,"Orlando-Kissimmee-Sanford, FL Metro Area",Total Private,824900.0
2003-11-01,"Phoenix-Mesa-Chandler, AZ Metro Area",Government,224500.0
2003-11-01,"Phoenix-Mesa-Chandler, AZ Metro Area",Total Private,1434400.0
2003-11-01,"Pittsburgh, PA Metro Area",Government,133600.0
2003-11-01,"Pittsburgh, PA Metro Area",Total Private,1012900.0
2003-11-01,"Portland-Vancouver-Hillsboro, OR-WA Metro Area",Government,137200.0
2003-11-01,"Portland-Vancouver-Hillsboro, OR-WA Metro Area",Total Private,818900.0
2003-11-01,"Riverside-San Bernardino-Ontario, CA Metro Area",Government,212200.0
2003-11-01,"Riverside-San Bernardino-Ontario, CA Metro Area",Total Private,928000.0
2003-11-01,"Sacramento-Roseville-Folsom, CA Metro Area",Government,227800.0
2003-11-01,"Sacramento-Roseville-Folsom, CA Metro Area",Total Private,640800.0
2003-11-01,"Salt Lake City, UT Metro Area",Government,86600.0
2003-11-01,"Salt Lake City, UT Metro Area",Total Private,459100.0
2003-11-01,"San Antonio-New Braunfels, TX Metro Area",Government,146200.0
2003-11-01,"San Antonio-New Braunfels, TX Metro Area",Total Private,619800.0
2003-11-01,"San Diego-Chula Vista-Carlsbad, CA Metro Area",Government,216700.0
2003-11-01,"San Diego-Chula Vista-Carlsbad, CA Metro Area",Total Private,1044700.0
2003-11-01,"San Francisco-Oakland-Berkeley, CA Metro Area",Government,313000.0
2003-11-01,"San Francisco-Oakland-Berkeley, CA Metro Area",Total Private,1679500.0
2003-11-01,"San Jose-Sunnyvale-Santa Clara, CA Metro Area",Government,98500.0
2003-11-01,"San Jose-Sunnyvale-Santa Clara, CA Metro Area",Total Private,776800.0
2003-11-01,"St. Louis, MO-IL Metro Area",Government,167900.0
2003-11-01,"St. Louis, MO-IL Metro Area",Total Private,1154500.0
2003-11-01,"Tampa-St. Petersburg-Clearwater, FL Metro Area",Government,148900.0
2003-11-01,"Tampa-St. Petersburg-Clearwater, FL Metro Area",Total Private,989200.0
2003-11-01,"Yuba City, CA Metro Area",Government,10600.0
2003-11-01,"Yuba City, CA Metro Area",Total Private,28400.0
2003-12-01,"Austin-Round Rock-Georgetown, TX Metro Area",Government,146900.0
2003-12-01,"Austin-Round Rock-Georgetown, TX Metro Area",Total Private,523799.99999999994
2003-12-01,"Charlotte-Concord-Gastonia, NC-SC Metro Area",Government,122800.0
2003-12-01,"Charlotte-Concord-Gastonia, NC-SC Metro Area",Total Private,803600.0
2003-12-01,"Cincinnati, OH-KY-IN Metro Area",Government,135500.0
2003-12-01,"Cincinnati, OH-KY-IN Metro Area",Total Private,887400.0
2003-12-01,"Cleveland-Elyria, OH Metro Area",Government,145800.0
2003-12-01,"Cleveland-Elyria, OH Metro Area",Total Private,935200.0
2003-12-01,"Columbus, OH Metro Area",Government,162300.0
2003-12-01,"Columbus, OH Metro Area",Total Private,779300.0
2003-12-01,"Detroit-Warren-Dearborn, MI Metro Area",Government,248300.0
2003-12-01,"Detroit-Warren-Dearborn, MI Metro Area",Total Private,1833700.0
2003-12-01,"Indianapolis-Carmel-Anderson, IN Metro Area",Government,123300.0
2003-12-01,"Indianapolis-Carmel-Anderson, IN Metro Area",Total Private,794200.0
2003-12-01,"Kansas City, MO-KS Metro Area",Government,142200.0
2003-12-01,"Kansas City, MO-KS Metro Area",Total Private,820300.0
2003-12-01,"Miami-Fort Lauderdale-Pompano Beach, FL Metro Area",Government,316200.0
2003-12-01,"Miami-Fort Lauderdale-Pompano Beach, FL Metro Area",Total Private,1928600.0
2003-12-01,"Orlando-Kissimmee-Sanford, FL Metro Area",Government,106900.0
2003-12-01,"Orlando-Kissimmee-Sanford, FL Metro Area",Total Private,830600.0
2003-12-01,"Phoenix-Mesa-Chandler, AZ Metro Area",Government,225300.0
2003-12-01,"Phoenix-Mesa-Chandler, AZ Metro Area",Total Private,1444700.0
2003-12-01,"Pittsburgh, PA Metro Area",Government,132200.0
2003-12-01,"Pittsburgh, PA Metro Area",Total Private,1011800.0
2003-12-01,"Portland-Vancouver-Hillsboro, OR-WA Metro Area",Government,136700.0
2003-12-01,"Portland-Vancouver-Hillsboro, OR-WA Metro Area",Total Private,819400.0
2003-12-01,"Riverside-San Bernardino-Ontario, CA Metro Area",Government,211300.0
2003-12-01,"Riverside-San Bernardino-Ontario, CA Metro Area",Total Private,936100.0
2003-12-01,"Sacramento-Roseville-Folsom, CA Metro Area",Government,224400.0
2003-12-01,"Sacramento-Roseville-Folsom, CA Metro Area",Total Private,645600.0
2003-12-01,"Salt Lake City, UT Metro Area",Government,86700.0
2003-12-01,"Salt Lake City, UT Metro Area",Total Private,462200.0
2003-12-01,"San Antonio-New Braunfels, TX Metro Area",Government,145600.0
2003-12-01,"San Antonio-New Braunfels, TX Metro Area",Total Private,620600.0
2003-12-01,"San Diego-Chula Vista-Carlsbad, CA Metro Area",Government,216500.0
2003-12-01,"San Diego-Chula Vista-Carlsbad, CA Metro Area",Total Private,1053000.0
2003-12-01,"San Francisco-Oakland-Berkeley, CA Metro Area",Government,311700.0
2003-12-01,"San Francisco-Oakland-Berkeley, CA Metro Area",Total Private,1688800.0
2003-12-01,"San Jose-Sunnyvale-Santa Clara, CA Metro Area",Government,97000.0
2003-12-01,"San Jose-Sunnyvale-Santa Clara, CA Metro Area",Total Private,781200.0
2003-12-01,"St. Louis, MO-IL Metro Area",Government,167600.0
2003-12-01,"St. Louis, MO-IL Metro Area",Total Private,1156500.0
2003-12-01,"Tampa-St. Petersburg-Clearwater, FL Metro Area",Government,148400.0
2003-12-01,"Tampa-St. Petersburg-Clearwater, FL Metro Area",Total Private,998000.0
2003-12-01,"Yuba City, CA Metro Area",Government,10200.0
2003-12-01,"Yuba City, CA Metro Area",Total Private,28300.0
2004-01-01,"Austin-Round Rock-Georgetown, TX Metro Area",Government,147500.0
2004-01-01,"Austin-Round Rock-Georgetown, TX Metro Area",Total Private,512400.0
2004-01-01,"Charlotte-Concord-Gastonia, NC-SC Metro Area",Government,120400.0
2004-01-01,"Charlotte-Concord-Gastonia, NC-SC Metro Area",Total Private,785600.0
2004-01-01,"Cincinnati, OH-KY-IN Metro Area",Government,131700.0
2004-01-01,"Cincinnati, OH-KY-IN Metro Area",Total Private,863400.0
2004-01-01,"Cleveland-Elyria, OH Metro Area",Government,141300.0
2004-01-01,"Cleveland-Elyria, OH Metro Area",Total Private,905900.0
2004-01-01,"Columbus, OH Metro Area",Government,159100.0
2004-01-01,"Columbus, OH Metro Area",Total Private,752000.0
2004-01-01,"Detroit-Warren-Dearborn, MI Metro Area",Government,239300.0
2004-01-01,"Detroit-Warren-Dearborn, MI Metro Area",Total Private,1771000.0
2004-01-01,"Indianapolis-Carmel-Anderson, IN Metro Area",Government,122100.0
2004-01-01,"Indianapolis-Carmel-Anderson, IN Metro Area",Total Private,765400.0
2004-01-01,"Kansas City, MO-KS Metro Area",Government,140200.0
2004-01-01,"Kansas City, MO-KS Metro Area",Total Private,799300.0
2004-01-01,"Miami-Fort Lauderdale-Pompano Beach, FL Metro Area",Government,315300.0
2004-01-01,"Miami-Fort Lauderdale-Pompano Beach, FL Metro Area",Total Private,1902600.0
2004-01-01,"Orlando-Kissimmee-Sanford, FL Metro Area",Government,106000.0
2004-01-01,"Orlando-Kissimmee-Sanford, FL Metro Area",Total Private,825100.0
2004-01-01,"Phoenix-Mesa-Chandler, AZ Metro Area",Government,213700.0
2004-01-01,"Phoenix-Mesa-Chandler, AZ Metro Area",Total Private,1414800.0
2004-01-01,"Pittsburgh, PA Metro Area",Government,129199.99999999999
2004-01-01,"Pittsburgh, PA Metro Area",Total Private,981400.0
2004-01-01,"Portland-Vancouver-Hillsboro, OR-WA Metro Area",Government,134600.0
2004-01-01,"Portland-Vancouver-Hillsboro, OR-WA Metro Area",Total Private,793000.0
2004-01-01,"Riverside-San Bernardino-Ontario, CA Metro Area",Government,211700.0
2004-01-01,"Riverside-San Bernardino-Ontario, CA Metro Area",Total Private,925000.0
2004-01-01,"Sacramento-Roseville-Folsom, CA Metro Area",Government,222500.0
2004-01-01,"Sacramento-Roseville-Folsom, CA Metro Area",Total Private,634100.0
2004-01-01,"Salt Lake City, UT Metro Area",Government,86700.0
2004-01-01,"Salt Lake City, UT Metro Area",Total Private,447700.0
2004-01-01,"San Antonio-New Braunfels, TX Metro Area",Government,142500.0
2004-01-01,"San Antonio-New Braunfels, TX Metro Area",Total Private,607200.0
2004-01-01,"San Diego-Chula Vista-Carlsbad, CA Metro Area",Government,213100.0
2004-01-01,"San Diego-Chula Vista-Carlsbad, CA Metro Area",Total Private,1030200.0
2004-01-01,"San Francisco-Oakland-Berkeley, CA Metro Area",Government,309700.0
2004-01-01,"San Francisco-Oakland-Berkeley, CA Metro Area",Total Private,1645200.0
2004-01-01,"San Jose-Sunnyvale-Santa Clara, CA Metro Area",Government,95900.0
2004-01-01,"San Jose-Sunnyvale-Santa Clara, CA Metro Area",Total Private,763300.0
2004-01-01,"St. Louis, MO-IL Metro Area",Government,165300.0
2004-01-01,"St. Louis, MO-IL Metro Area",Total Private,1125400.0
2004-01-01,"Tampa-St. Petersburg-Clearwater, FL Metro Area",Government,146200.0
2004-01-01,"Tampa-St. Petersburg-Clearwater, FL Metro Area",Total Private,991600.0
2004-01-01,"Yuba City, CA Metro Area",Government,10400.0
2004-01-01,"Yuba City, CA Metro Area",Total Private,27700.0
2004-02-01,"Austin-Round Rock-Georgetown, TX Metro Area",Government,151000.0
2004-02-01,"Austin-Round Rock-Georgetown, TX Metro Area",Total Private,516200.00000000006
2004-02-01,"Charlotte-Concord-Gastonia, NC-SC Metro Area",Government,121500.0
2004-02-01,"Charlotte-Concord-Gastonia, NC-SC Metro Area",Total Private,786800.0
2004-02-01,"Cincinnati, OH-KY-IN Metro Area",Government,134900.0
2004-02-01,"Cincinnati, OH-KY-IN Metro Area",Total Private,862200.0
2004-02-01,"Cleveland-Elyria, OH Metro Area",Government,144700.0
2004-02-01,"Cleveland-Elyria, OH Metro Area",Total Private,905700.0
2004-02-01,"Columbus, OH Metro Area",Government,161600.0
2004-02-01,"Columbus, OH Metro Area",Total Private,751900.0
2004-02-01,"Detroit-Warren-Dearborn, MI Metro Area",Government,243300.0
2004-02-01,"Detroit-Warren-Dearborn, MI Metro Area",Total Private,1768100.0
2004-02-01,"Indianapolis-Carmel-Anderson, IN Metro Area",Government,123700.0
2004-02-01,"Indianapolis-Carmel-Anderson, IN Metro Area",Total Private,764100.0
2004-02-01,"Kansas City, MO-KS Metro Area",Government,142600.0
2004-02-01,"Kansas City, MO-KS Metro Area",Total Private,794800.0
2004-02-01,"Miami-Fort Lauderdale-Pompano Beach, FL Metro Area",Government,316700.0
2004-02-01,"Miami-Fort Lauderdale-Pompano Beach, FL Metro Area",Total Private,1920800.0
2004-02-01,"Orlando-Kissimmee-Sanford, FL Metro Area",Government,107300.0
2004-02-01,"Orlando-Kissimmee-Sanford, FL Metro Area",Total Private,831800.0
2004-02-01,"Phoenix-Mesa-Chandler, AZ Metro Area",Government,223600.0
2004-02-01,"Phoenix-Mesa-Chandler, AZ Metro Area",Total Private,1426800.0
2004-02-01,"Pittsburgh, PA Metro Area",Government,131200.0
2004-02-01,"Pittsburgh, PA Metro Area",Total Private,979000.0
2004-02-01,"Portland-Vancouver-Hillsboro, OR-WA Metro Area",Government,136800.0
2004-02-01,"Portland-Vancouver-Hillsboro, OR-WA Metro Area",Total Private,801300.0
2004-02-01,"Riverside-San Bernardino-Ontario, CA Metro Area",Government,211900.0
2004-02-01,"Riverside-San Bernardino-Ontario, CA Metro Area",Total Private,930900.0
2004-02-01,"Sacramento-Roseville-Folsom, CA Metro Area",Government,223100.0
2004-02-01,"Sacramento-Roseville-Folsom, CA Metro Area",Total Private,635800.0
2004-02-01,"Salt Lake City, UT Metro Area",Government,86800.0
2004-02-01,"Salt Lake City, UT Metro Area",Total Private,449100.0
2004-02-01,"San Antonio-New Braunfels, TX Metro Area",Government,145700.0
2004-02-01,"San Antonio-New Braunfels, TX Metro Area",Total Private,611800.0
2004-02-01,"San Diego-Chula Vista-Carlsbad, CA Metro Area",Government,215800.0
2004-02-01,"San Diego-Chula Vista-Carlsbad, CA Metro Area",Total Private,1034400.0000000001
2004-02-01,"San Francisco-Oakland-Berkeley, CA Metro Area",Government,312500.0
2004-02-01,"San Francisco-Oakland-Berkeley, CA Metro Area",Total Private,1652700.0
2004-02-01,"San Jose-Sunnyvale-Santa Clara, CA Metro Area",Government,96800.0
2004-02-01,"San Jose-Sunnyvale-Santa Clara, CA Metro Area",Total Private,767200.0
2004-02-01,"St. Louis, MO-IL Metro Area",Government,166700.0
2004-02-01,"St. Louis, MO-IL Metro Area",Total Private,1122700.0
2004-02-01,"Tampa-St. Petersburg-Clearwater, FL Metro Area",Government,149200.0
2004-02-01,"Tampa-St. Petersburg-Clearwater, FL Metro Area",Total Private,1002000.0
2004-02-01,"Yuba City, CA Metro Area",Government,10600.0
2004-02-01,"Yuba City, CA Metro Area",Total Private,27700.0
2004-03-01,"Austin-Round Rock-Georgetown, TX Metro Area",Government,151800.0
2004-03-01,"Austin-Round Rock-Georgetown, TX Metro Area",Total Private,521000.0
2004-03-01,"Charlotte-Concord-Gastonia, NC-SC Metro Area",Government,121900.0
2004-03-01,"Charlotte-Concord-Gastonia, NC-SC Metro Area",Total Private,794700.0
2004-03-01,"Cincinnati, OH-KY-IN Metro Area",Government,136300.0
2004-03-01,"Cincinnati, OH-KY-IN Metro Area",Total Private,873000.0
2004-03-01,"Cleveland-Elyria, OH Metro Area",Government,145800.0
2004-03-01,"Cleveland-Elyria, OH Metro Area",Total Private,914000.0
2004-03-01,"Columbus, OH Metro Area",Government,163200.0
2004-03-01,"Columbus, OH Metro Area",Total Private,759300.0
2004-03-01,"Detroit-Warren-Dearborn, MI Metro Area",Government,244600.0
2004-03-01,"Detroit-Warren-Dearborn, MI Metro Area",Total Private,1779000.0
2004-03-01,"Indianapolis-Carmel-Anderson, IN Metro Area",Government,124100.0
2004-03-01,"Indianapolis-Carmel-Anderson, IN Metro Area",Total Private,775500.0
2004-03-01,"Kansas City, MO-KS Metro Area",Government,143500.0
2004-03-01,"Kansas City, MO-KS Metro Area",Total Private,806700.0
2004-03-01,"Miami-Fort Lauderdale-Pompano Beach, FL Metro Area",Government,317500.0
2004-03-01,"Miami-Fort Lauderdale-Pompano Beach, FL Metro Area",Total Private,1937200.0
2004-03-01,"Orlando-Kissimmee-Sanford, FL Metro Area",Government,107500.0
2004-03-01,"Orlando-Kissimmee-Sanford, FL Metro Area",Total Private,837800.0
2004-03-01,"Phoenix-Mesa-Chandler, AZ Metro Area",Government,223900.0
2004-03-01,"Phoenix-Mesa-Chandler, AZ Metro Area",Total Private,1440700.0
2004-03-01,"Pittsburgh, PA Metro Area",Government,132200.0
2004-03-01,"Pittsburgh, PA Metro Area",Total Private,990100.0
2004-03-01,"Portland-Vancouver-Hillsboro, OR-WA Metro Area",Government,138100.0
2004-03-01,"Portland-Vancouver-Hillsboro, OR-WA Metro Area",Total Private,807900.0
2004-03-01,"Riverside-San Bernardino-Ontario, CA Metro Area",Government,213800.0
2004-03-01,"Riverside-San Bernardino-Ontario, CA Metro Area",Total Private,940400.0
2004-03-01,"Sacramento-Roseville-Folsom, CA Metro Area",Government,223000.0
2004-03-01,"Sacramento-Roseville-Folsom, CA Metro Area",Total Private,640800.0
2004-03-01,"Salt Lake City, UT Metro Area",Government,86800.0
2004-03-01,"Salt Lake City, UT Metro Area",Total Private,451900.0
2004-03-01,"San Antonio-New Braunfels, TX Metro Area",Government,145500.0
2004-03-01,"San Antonio-New Braunfels, TX Metro Area",Total Private,619000.0
2004-03-01,"San Diego-Chula Vista-Carlsbad, CA Metro Area",Government,216700.0
2004-03-01,"San Diego-Chula Vista-Carlsbad, CA Metro Area",Total Private,1041500.0
2004-03-01,"San Francisco-Oakland-Berkeley, CA Metro Area",Government,314600.0
2004-03-01,"San Francisco-Oakland-Berkeley, CA Metro Area",Total Private,1661100.0
2004-03-01,"San Jose-Sunnyvale-Santa Clara, CA Metro Area",Government,97900.0
2004-03-01,"San Jose-Sunnyvale-Santa Clara, CA Metro Area",Total Private,771400.0
2004-03-01,"St. Louis, MO-IL Metro Area",Government,167100.0
2004-03-01,"St. Louis, MO-IL Metro Area",Total Private,1137700.0
2004-03-01,"Tampa-St. Petersburg-Clearwater, FL Metro Area",Government,148800.0
2004-03-01,"Tampa-St. Petersburg-Clearwater, FL Metro Area",Total Private,1014300.0
2004-03-01,"Yuba City, CA Metro Area",Government,10900.0
2004-03-01,"Yuba City, CA Metro Area",Total Private,27900.0
2004-04-01,"Austin-Round Rock-Georgetown, TX Metro Area",Government,152300.0
2004-04-01,"Austin-Round Rock-Georgetown, TX Metro Area",Total Private,524600.0
2004-04-01,"Charlotte-Concord-Gastonia, NC-SC Metro Area",Government,122100.0
2004-04-01,"Charlotte-Concord-Gastonia, NC-SC Metro Area",Total Private,797700.0
2004-04-01,"Cincinnati, OH-KY-IN Metro Area",Government,136600.0
2004-04-01,"Cincinnati, OH-KY-IN Metro Area",Total Private,882900.0
2004-04-01,"Cleveland-Elyria, OH Metro Area",Government,145700.0
2004-04-01,"Cleveland-Elyria, OH Metro Area",Total Private,921900.0
2004-04-01,"Columbus, OH Metro Area",Government,163100.0
2004-04-01,"Columbus, OH Metro Area",Total Private,766600.0
2004-04-01,"Detroit-Warren-Dearborn, MI Metro Area",Government,243500.0
2004-04-01,"Detroit-Warren-Dearborn, MI Metro Area",Total Private,1803800.0
2004-04-01,"Indianapolis-Carmel-Anderson, IN Metro Area",Government,123200.0
2004-04-01,"Indianapolis-Carmel-Anderson, IN Metro Area",Total Private,789300.0
2004-04-01,"Kansas City, MO-KS Metro Area",Government,144900.0
2004-04-01,"Kansas City, MO-KS Metro Area",Total Private,818900.0
2004-04-01,"Miami-Fort Lauderdale-Pompano Beach, FL Metro Area",Government,318500.0
2004-04-01,"Miami-Fort Lauderdale-Pompano Beach, FL Metro Area",Total Private,1941200.0
2004-04-01,"Orlando-Kissimmee-Sanford, FL Metro Area",Government,107400.0
2004-04-01,"Orlando-Kissimmee-Sanford, FL Metro Area",Total Private,846900.0
2004-04-01,"Phoenix-Mesa-Chandler, AZ Metro Area",Government,225200.0
2004-04-01,"Phoenix-Mesa-Chandler, AZ Metro Area",Total Private,1453800.0
2004-04-01,"Pittsburgh, PA Metro Area",Government,132800.0
2004-04-01,"Pittsburgh, PA Metro Area",Total Private,1000500.0
2004-04-01,"Portland-Vancouver-Hillsboro, OR-WA Metro Area",Government,138200.0
2004-04-01,"Portland-Vancouver-Hillsboro, OR-WA Metro Area",Total Private,817700.0
2004-04-01,"Riverside-San Bernardino-Ontario, CA Metro Area",Government,214900.0
2004-04-01,"Riverside-San Bernardino-Ontario, CA Metro Area",Total Private,951900.0
2004-04-01,"Sacramento-Roseville-Folsom, CA Metro Area",Government,223600.0
2004-04-01,"Sacramento-Roseville-Folsom, CA Metro Area",Total Private,646400.0
2004-04-01,"Salt Lake City, UT Metro Area",Government,87900.0
2004-04-01,"Salt Lake City, UT Metro Area",Total Private,455700.0
2004-04-01,"San Antonio-New Braunfels, TX Metro Area",Government,146200.0
2004-04-01,"San Antonio-New Braunfels, TX Metro Area",Total Private,622100.0
2004-04-01,"San Diego-Chula Vista-Carlsbad, CA Metro Area",Government,218600.0
2004-04-01,"San Diego-Chula Vista-Carlsbad, CA Metro Area",Total Private,1047000.0
2004-04-01,"San Francisco-Oakland-Berkeley, CA Metro Area",Government,314600.0
2004-04-01,"San Francisco-Oakland-Berkeley, CA Metro Area",Total Private,1665100.0
2004-04-01,"San Jose-Sunnyvale-Santa Clara, CA Metro Area",Government,97900.0
2004-04-01,"San Jose-Sunnyvale-Santa Clara, CA Metro Area",Total Private,771300.0
2004-04-01,"St. Louis, MO-IL Metro Area",Government,167700.0
2004-04-01,"St. Louis, MO-IL Metro Area",Total Private,1150600.0
2004-04-01,"Tampa-St. Petersburg-Clearwater, FL Metro Area",Government,149000.0
2004-04-01,"Tampa-St. Petersburg-Clearwater, FL Metro Area",Total Private,1022600.0
2004-04-01,"Yuba City, CA Metro Area",Government,11000.0
2004-04-01,"Yuba City, CA Metro Area",Total Private,28500.0
2004-05-01,"Austin-Round Rock-Georgetown, TX Metro Area",Government,152400.0
2004-05-01,"Austin-Round Rock-Georgetown, TX Metro Area",Total Private,527100.0
2004-05-01,"Charlotte-Concord-Gastonia, NC-SC Metro Area",Government,122400.0
2004-05-01,"Charlotte-Concord-Gastonia, NC-SC Metro Area",Total Private,805400.0
2004-05-01,"Cincinnati, OH-KY-IN Metro Area",Government,137000.0
2004-05-01,"Cincinnati, OH-KY-IN Metro Area",Total Private,890000.0
2004-05-01,"Cleveland-Elyria, OH Metro Area",Government,146400.0
2004-05-01,"Cleveland-Elyria, OH Metro Area",Total Private,930300.0
2004-05-01,"Columbus, OH Metro Area",Government,164400.0
2004-05-01,"Columbus, OH Metro Area",Total Private,772900.0
2004-05-01,"Detroit-Warren-Dearborn, MI Metro Area",Government,245000.0
2004-05-01,"Detroit-Warren-Dearborn, MI Metro Area",Total Private,1825600.0
2004-05-01,"Indianapolis-Carmel-Anderson, IN Metro Area",Government,123900.0
2004-05-01,"Indianapolis-Carmel-Anderson, IN Metro Area",Total Private,800100.0
2004-05-01,"Kansas City, MO-KS Metro Area",Government,144400.0
2004-05-01,"Kansas City, MO-KS Metro Area",Total Private,822800.0
2004-05-01,"Miami-Fort Lauderdale-Pompano Beach, FL Metro Area",Government,319300.0
2004-05-01,"Miami-Fort Lauderdale-Pompano Beach, FL Metro Area",Total Private,1940900.0
2004-05-01,"Orlando-Kissimmee-Sanford, FL Metro Area",Government,107600.0
2004-05-01,"Orlando-Kissimmee-Sanford, FL Metro Area",Total Private,850100.0
2004-05-01,"Phoenix-Mesa-Chandler, AZ Metro Area",Government,224700.0
2004-05-01,"Phoenix-Mesa-Chandler, AZ Metro Area",Total Private,1456500.0
2004-05-01,"Pittsburgh, PA Metro Area",Government,132300.0
2004-05-01,"Pittsburgh, PA Metro Area",Total Private,1011200.0
2004-05-01,"Portland-Vancouver-Hillsboro, OR-WA Metro Area",Government,138700.0
2004-05-01,"Portland-Vancouver-Hillsboro, OR-WA Metro Area",Total Private,823300.0
2004-05-01,"Riverside-San Bernardino-Ontario, CA Metro Area",Government,215000.0
2004-05-01,"Riverside-San Bernardino-Ontario, CA Metro Area",Total Private,959000.0
2004-05-01,"Sacramento-Roseville-Folsom, CA Metro Area",Government,224400.0
2004-05-01,"Sacramento-Roseville-Folsom, CA Metro Area",Total Private,648700.0
2004-05-01,"Salt Lake City, UT Metro Area",Government,87100.0
2004-05-01,"Salt Lake City, UT Metro Area",Total Private,457300.0
2004-05-01,"San Antonio-New Braunfels, TX Metro Area",Government,146900.0
2004-05-01,"San Antonio-New Braunfels, TX Metro Area",Total Private,625300.0
2004-05-01,"San Diego-Chula Vista-Carlsbad, CA Metro Area",Government,217400.0
2004-05-01,"San Diego-Chula Vista-Carlsbad, CA Metro Area",Total Private,1052500.0
2004-05-01,"San Francisco-Oakland-Berkeley, CA Metro Area",Government,314700.0
2004-05-01,"San Francisco-Oakland-Berkeley, CA Metro Area",Total Private,1673600.0
2004-05-01,"San Jose-Sunnyvale-Santa Clara, CA Metro Area",Government,98100.0
2004-05-01,"San Jose-Sunnyvale-Santa Clara, CA Metro Area",Total Private,776400.0
2004-05-01,"St. Louis, MO-IL Metro Area",Government,168900.0
2004-05-01,"St. Louis, MO-IL Metro Area",Total Private,1156600.0
2004-05-01,"Tampa-St. Petersburg-Clearwater, FL Metro Area",Government,149400.0
2004-05-01,"Tampa-St. Petersburg-Clearwater, FL Metro Area",Total Private,1023800.0
2004-05-01,"Yuba City, CA Metro Area",Government,11000.0
2004-05-01,"Yuba City, CA Metro Area",Total Private,28600.0
2004-06-01,"Austin-Round Rock-Georgetown, TX Metro Area",Government,147900.0
2004-06-01,"Austin-Round Rock-Georgetown, TX Metro Area",Total Private,532000.0
2004-06-01,"Charlotte-Concord-Gastonia, NC-SC Metro Area",Government,116600.0
2004-06-01,"Charlotte-Concord-Gastonia, NC-SC Metro Area",Total Private,810000.0
2004-06-01,"Cincinnati, OH-KY-IN Metro Area",Government,133300.0
2004-06-01,"Cincinnati, OH-KY-IN Metro Area",Total Private,899200.0
2004-06-01,"Cleveland-Elyria, OH Metro Area",Government,144000.0
2004-06-01,"Cleveland-Elyria, OH Metro Area",Total Private,938500.0
2004-06-01,"Columbus, OH Metro Area",Government,158700.0
2004-06-01,"Columbus, OH Metro Area",Total Private,776900.0
2004-06-01,"Detroit-Warren-Dearborn, MI Metro Area",Government,240100.0
2004-06-01,"Detroit-Warren-Dearborn, MI Metro Area",Total Private,1833500.0
2004-06-01,"Indianapolis-Carmel-Anderson, IN Metro Area",Government,116900.0
2004-06-01,"Indianapolis-Carmel-Anderson, IN Metro Area",Total Private,805000.0
2004-06-01,"Kansas City, MO-KS Metro Area",Government,143800.0
2004-06-01,"Kansas City, MO-KS Metro Area",Total Private,830500.0
2004-06-01,"Miami-Fort Lauderdale-Pompano Beach, FL Metro Area",Government,312100.0
2004-06-01,"Miami-Fort Lauderdale-Pompano Beach, FL Metro Area",Total Private,1938700.0
2004-06-01,"Orlando-Kissimmee-Sanford, FL Metro Area",Government,96100.0
2004-06-01,"Orlando-Kissimmee-Sanford, FL Metro Area",Total Private,854500.0
2004-06-01,"Phoenix-Mesa-Chandler, AZ Metro Area",Government,206400.0
2004-06-01,"Phoenix-Mesa-Chandler, AZ Metro Area",Total Private,1459900.0
2004-06-01,"Pittsburgh, PA Metro Area",Government,131000.0
2004-06-01,"Pittsburgh, PA Metro Area",Total Private,1020800.0
2004-06-01,"Portland-Vancouver-Hillsboro, OR-WA Metro Area",Government,139400.0
2004-06-01,"Portland-Vancouver-Hillsboro, OR-WA Metro Area",Total Private,828200.0
2004-06-01,"Riverside-San Bernardino-Ontario, CA Metro Area",Government,213400.0
2004-06-01,"Riverside-San Bernardino-Ontario, CA Metro Area",Total Private,963500.0
2004-06-01,"Sacramento-Roseville-Folsom, CA Metro Area",Government,224900.0
2004-06-01,"Sacramento-Roseville-Folsom, CA Metro Area",Total Private,654800.0
2004-06-01,"Salt Lake City, UT Metro Area",Government,87300.0
2004-06-01,"Salt Lake City, UT Metro Area",Total Private,460900.0
2004-06-01,"San Antonio-New Braunfels, TX Metro Area",Government,141700.0
2004-06-01,"San Antonio-New Braunfels, TX Metro Area",Total Private,632400.0
2004-06-01,"San Diego-Chula Vista-Carlsbad, CA Metro Area",Government,217800.0
2004-06-01,"San Diego-Chula Vista-Carlsbad, CA Metro Area",Total Private,1059200.0
2004-06-01,"San Francisco-Oakland-Berkeley, CA Metro Area",Government,314000.0
2004-06-01,"San Francisco-Oakland-Berkeley, CA Metro Area",Total Private,1680800.0
2004-06-01,"San Jose-Sunnyvale-Santa Clara, CA Metro Area",Government,97600.0
2004-06-01,"San Jose-Sunnyvale-Santa Clara, CA Metro Area",Total Private,781800.0
2004-06-01,"St. Louis, MO-IL Metro Area",Government,164600.0
2004-06-01,"St. Louis, MO-IL Metro Area",Total Private,1161500.0
2004-06-01,"Tampa-St. Petersburg-Clearwater, FL Metro Area",Government,137500.0
2004-06-01,"Tampa-St. Petersburg-Clearwater, FL Metro Area",Total Private,1025800.0
2004-06-01,"Yuba City, CA Metro Area",Government,11000.0
2004-06-01,"Yuba City, CA Metro Area",Total Private,28600.0
2004-07-01,"Austin-Round Rock-Georgetown, TX Metro Area",Government,138300.0
2004-07-01,"Austin-Round Rock-Georgetown, TX Metro Area",Total Private,535100.0
2004-07-01,"Charlotte-Concord-Gastonia, NC-SC Metro Area",Government,97000.0
2004-07-01,"Charlotte-Concord-Gastonia, NC-SC Metro Area",Total Private,811400.0
2004-07-01,"Cincinnati, OH-KY-IN Metro Area",Government,124500.0
2004-07-01,"Cincinnati, OH-KY-IN Metro Area",Total Private,903500.0
2004-07-01,"Cleveland-Elyria, OH Metro Area",Government,135200.0
2004-07-01,"Cleveland-Elyria, OH Metro Area",Total Private,940900.0
2004-07-01,"Columbus, OH Metro Area",Government,154600.0
2004-07-01,"Columbus, OH Metro Area",Total Private,776900.0
2004-07-01,"Detroit-Warren-Dearborn, MI Metro Area",Government,210800.0
2004-07-01,"Detroit-Warren-Dearborn, MI Metro Area",Total Private,1781500.0
2004-07-01,"Indianapolis-Carmel-Anderson, IN Metro Area",Government,107600.0
2004-07-01,"Indianapolis-Carmel-Anderson, IN Metro Area",Total Private,808300.0
2004-07-01,"Kansas City, MO-KS Metro Area",Government,135100.0
2004-07-01,"Kansas City, MO-KS Metro Area",Total Private,824100.0
2004-07-01,"Miami-Fort Lauderdale-Pompano Beach, FL Metro Area",Government,292000.0
2004-07-01,"Miami-Fort Lauderdale-Pompano Beach, FL Metro Area",Total Private,1927300.0
2004-07-01,"Orlando-Kissimmee-Sanford, FL Metro Area",Government,94100.0
2004-07-01,"Orlando-Kissimmee-Sanford, FL Metro Area",Total Private,855200.0
2004-07-01,"Phoenix-Mesa-Chandler, AZ Metro Area",Government,197600.0
2004-07-01,"Phoenix-Mesa-Chandler, AZ Metro Area",Total Private,1459300.0
2004-07-01,"Pittsburgh, PA Metro Area",Government,117700.0
2004-07-01,"Pittsburgh, PA Metro Area",Total Private,1016700.0
2004-07-01,"Portland-Vancouver-Hillsboro, OR-WA Metro Area",Government,129500.0
2004-07-01,"Portland-Vancouver-Hillsboro, OR-WA Metro Area",Total Private,834200.0
2004-07-01,"Riverside-San Bernardino-Ontario, CA Metro Area",Government,205500.0
2004-07-01,"Riverside-San Bernardino-Ontario, CA Metro Area",Total Private,962100.0
2004-07-01,"Sacramento-Roseville-Folsom, CA Metro Area",Government,217600.0
2004-07-01,"Sacramento-Roseville-Folsom, CA Metro Area",Total Private,657500.0
2004-07-01,"Salt Lake City, UT Metro Area",Government,84400.0
2004-07-01,"Salt Lake City, UT Metro Area",Total Private,462300.0
2004-07-01,"San Antonio-New Braunfels, TX Metro Area",Government,137200.0
2004-07-01,"San Antonio-New Braunfels, TX Metro Area",Total Private,631500.0
2004-07-01,"San Diego-Chula Vista-Carlsbad, CA Metro Area",Government,205900.0
2004-07-01,"San Diego-Chula Vista-Carlsbad, CA Metro Area",Total Private,1063000.0
2004-07-01,"San Francisco-Oakland-Berkeley, CA Metro Area",Government,301800.0
2004-07-01,"San Francisco-Oakland-Berkeley, CA Metro Area",Total Private,1678400.0
2004-07-01,"San Jose-Sunnyvale-Santa Clara, CA Metro Area",Government,94800.0
2004-07-01,"San Jose-Sunnyvale-Santa Clara, CA Metro Area",Total Private,777200.0
2004-07-01,"St. Louis, MO-IL Metro Area",Government,146100.0
2004-07-01,"St. Louis, MO-IL Metro Area",Total Private,1157300.0
2004-07-01,"Tampa-St. Petersburg-Clearwater, FL Metro Area",Government,136800.0
2004-07-01,"Tampa-St. Petersburg-Clearwater, FL Metro Area",Total Private,1019100.0
2004-07-01,"Yuba City, CA Metro Area",Government,10000.0
2004-07-01,"Yuba City, CA Metro Area",Total Private,28600.0
2004-08-01,"Austin-Round Rock-Georgetown, TX Metro Area",Government,140900.0
2004-08-01,"Austin-Round Rock-Georgetown, TX Metro Area",Total Private,537200.0
2004-08-01,"Charlotte-Concord-Gastonia, NC-SC Metro Area",Government,108700.0
2004-08-01,"Charlotte-Concord-Gastonia, NC-SC Metro Area",Total Private,816300.0
2004-08-01,"Cincinnati, OH-KY-IN Metro Area",Government,126400.0
2004-08-01,"Cincinnati, OH-KY-IN Metro Area",Total Private,905600.0
2004-08-01,"Cleveland-Elyria, OH Metro Area",Government,133800.0
2004-08-01,"Cleveland-Elyria, OH Metro Area",Total Private,942500.0
2004-08-01,"Columbus, OH Metro Area",Government,153700.0
2004-08-01,"Columbus, OH Metro Area",Total Private,779500.0
2004-08-01,"Detroit-Warren-Dearborn, MI Metro Area",Government,207700.0
2004-08-01,"Detroit-Warren-Dearborn, MI Metro Area",Total Private,1827300.0
2004-08-01,"Indianapolis-Carmel-Anderson, IN Metro Area",Government,112100.0
2004-08-01,"Indianapolis-Carmel-Anderson, IN Metro Area",Total Private,810600.0
2004-08-01,"Kansas City, MO-KS Metro Area",Government,131700.0
2004-08-01,"Kansas City, MO-KS Metro Area",Total Private,827400.0
2004-08-01,"Miami-Fort Lauderdale-Pompano Beach, FL Metro Area",Government,294500.0
2004-08-01,"Miami-Fort Lauderdale-Pompano Beach, FL Metro Area",Total Private,1934900.0
2004-08-01,"Orlando-Kissimmee-Sanford, FL Metro Area",Government,105400.0
2004-08-01,"Orlando-Kissimmee-Sanford, FL Metro Area",Total Private,855500.0
2004-08-01,"Phoenix-Mesa-Chandler, AZ Metro Area",Government,212000.0
2004-08-01,"Phoenix-Mesa-Chandler, AZ Metro Area",Total Private,1465600.0
2004-08-01,"Pittsburgh, PA Metro Area",Government,113600.0
2004-08-01,"Pittsburgh, PA Metro Area",Total Private,1013800.0
2004-08-01,"Portland-Vancouver-Hillsboro, OR-WA Metro Area",Government,126900.0
2004-08-01,"Portland-Vancouver-Hillsboro, OR-WA Metro Area",Total Private,837700.0
2004-08-01,"Riverside-San Bernardino-Ontario, CA Metro Area",Government,201900.0
2004-08-01,"Riverside-San Bernardino-Ontario, CA Metro Area",Total Private,966200.0
2004-08-01,"Sacramento-Roseville-Folsom, CA Metro Area",Government,215200.0
2004-08-01,"Sacramento-Roseville-Folsom, CA Metro Area",Total Private,658000.0
2004-08-01,"Salt Lake City, UT Metro Area",Government,84700.0
2004-08-01,"Salt Lake City, UT Metro Area",Total Private,464400.0
2004-08-01,"San Antonio-New Braunfels, TX Metro Area",Government,140200.0
2004-08-01,"San Antonio-New Braunfels, TX Metro Area",Total Private,633300.0
2004-08-01,"San Diego-Chula Vista-Carlsbad, CA Metro Area",Government,204500.0
2004-08-01,"San Diego-Chula Vista-Carlsbad, CA Metro Area",Total Private,1066200.0
2004-08-01,"San Francisco-Oakland-Berkeley, CA Metro Area",Government,296600.0
2004-08-01,"San Francisco-Oakland-Berkeley, CA Metro Area",Total Private,1679900.0
2004-08-01,"San Jose-Sunnyvale-Santa Clara, CA Metro Area",Government,92900.0
2004-08-01,"San Jose-Sunnyvale-Santa Clara, CA Metro Area",Total Private,779000.0
2004-08-01,"St. Louis, MO-IL Metro Area",Government,149600.0
2004-08-01,"St. Louis, MO-IL Metro Area",Total Private,1161600.0
2004-08-01,"Tampa-St. Petersburg-Clearwater, FL Metro Area",Government,147300.0
2004-08-01,"Tampa-St. Petersburg-Clearwater, FL Metro Area",Total Private,1020400.0
2004-08-01,"Yuba City, CA Metro Area",Government,10400.0
2004-08-01,"Yuba City, CA Metro Area",Total Private,28700.0
2004-09-01,"Austin-Round Rock-Georgetown, TX Metro Area",Government,149100.0
2004-09-01,"Austin-Round Rock-Georgetown, TX Metro Area",Total Private,535500.0
2004-09-01,"Charlotte-Concord-Gastonia, NC-SC Metro Area",Government,122500.0
2004-09-01,"Charlotte-Concord-Gastonia, NC-SC Metro Area",Total Private,812900.0
2004-09-01,"Cincinnati, OH-KY-IN Metro Area",Government,131100.0
2004-09-01,"Cincinnati, OH-KY-IN Metro Area",Total Private,899100.0
2004-09-01,"Cleveland-Elyria, OH Metro Area",Government,139400.0
2004-09-01,"Cleveland-Elyria, OH Metro Area",Total Private,937600.0
2004-09-01,"Columbus, OH Metro Area",Government,160100.0
2004-09-01,"Columbus, OH Metro Area",Total Private,776300.0
2004-09-01,"Detroit-Warren-Dearborn, MI Metro Area",Government,234400.0
2004-09-01,"Detroit-Warren-Dearborn, MI Metro Area",Total Private,1825700.0
2004-09-01,"Indianapolis-Carmel-Anderson, IN Metro Area",Government,123400.0
2004-09-01,"Indianapolis-Carmel-Anderson, IN Metro Area",Total Private,804900.0
2004-09-01,"Kansas City, MO-KS Metro Area",Government,142400.0
2004-09-01,"Kansas City, MO-KS Metro Area",Total Private,826700.0
2004-09-01,"Miami-Fort Lauderdale-Pompano Beach, FL Metro Area",Government,317600.0
2004-09-01,"Miami-Fort Lauderdale-Pompano Beach, FL Metro Area",Total Private,1927400.0
2004-09-01,"Orlando-Kissimmee-Sanford, FL Metro Area",Government,108000.0
2004-09-01,"Orlando-Kissimmee-Sanford, FL Metro Area",Total Private,852700.0
2004-09-01,"Phoenix-Mesa-Chandler, AZ Metro Area",Government,226900.0
2004-09-01,"Phoenix-Mesa-Chandler, AZ Metro Area",Total Private,1470200.0
2004-09-01,"Pittsburgh, PA Metro Area",Government,127000.0
2004-09-01,"Pittsburgh, PA Metro Area",Total Private,1010700.0
2004-09-01,"Portland-Vancouver-Hillsboro, OR-WA Metro Area",Government,133300.0
2004-09-01,"Portland-Vancouver-Hillsboro, OR-WA Metro Area",Total Private,839000.0
2004-09-01,"Riverside-San Bernardino-Ontario, CA Metro Area",Government,210000.0
2004-09-01,"Riverside-San Bernardino-Ontario, CA Metro Area",Total Private,972700.0
2004-09-01,"Sacramento-Roseville-Folsom, CA Metro Area",Government,219300.0
2004-09-01,"Sacramento-Roseville-Folsom, CA Metro Area",Total Private,659400.0
2004-09-01,"Salt Lake City, UT Metro Area",Government,87800.0
2004-09-01,"Salt Lake City, UT Metro Area",Total Private,463100.0
2004-09-01,"San Antonio-New Braunfels, TX Metro Area",Government,145100.0
2004-09-01,"San Antonio-New Braunfels, TX Metro Area",Total Private,628500.0
2004-09-01,"San Diego-Chula Vista-Carlsbad, CA Metro Area",Government,211000.0
2004-09-01,"San Diego-Chula Vista-Carlsbad, CA Metro Area",Total Private,1062700.0
2004-09-01,"San Francisco-Oakland-Berkeley, CA Metro Area",Government,303600.0
2004-09-01,"San Francisco-Oakland-Berkeley, CA Metro Area",Total Private,1679400.0
2004-09-01,"San Jose-Sunnyvale-Santa Clara, CA Metro Area",Government,93500.0
2004-09-01,"San Jose-Sunnyvale-Santa Clara, CA Metro Area",Total Private,777000.0
2004-09-01,"St. Louis, MO-IL Metro Area",Government,165600.0
2004-09-01,"St. Louis, MO-IL Metro Area",Total Private,1160400.0
2004-09-01,"Tampa-St. Petersburg-Clearwater, FL Metro Area",Government,148700.0
2004-09-01,"Tampa-St. Petersburg-Clearwater, FL Metro Area",Total Private,1020100.0
2004-09-01,"Yuba City, CA Metro Area",Government,10800.0
2004-09-01,"Yuba City, CA Metro Area",Total Private,29200.0
2004-10-01,"Austin-Round Rock-Georgetown, TX Metro Area",Government,151100.0
2004-10-01,"Austin-Round Rock-Georgetown, TX Metro Area",Total Private,537500.0
2004-10-01,"Charlotte-Concord-Gastonia, NC-SC Metro Area",Government,125600.0
2004-10-01,"Charlotte-Concord-Gastonia, NC-SC Metro Area",Total Private,817400.0
2004-10-01,"Cincinnati, OH-KY-IN Metro Area",Government,134700.0
2004-10-01,"Cincinnati, OH-KY-IN Metro Area",Total Private,896900.0
2004-10-01,"Cleveland-Elyria, OH Metro Area",Government,143000.0
2004-10-01,"Cleveland-Elyria, OH Metro Area",Total Private,938900.0
2004-10-01,"Columbus, OH Metro Area",Government,164200.0
2004-10-01,"Columbus, OH Metro Area",Total Private,784100.0
2004-10-01,"Detroit-Warren-Dearborn, MI Metro Area",Government,242000.0
2004-10-01,"Detroit-Warren-Dearborn, MI Metro Area",Total Private,1829100.0
2004-10-01,"Indianapolis-Carmel-Anderson, IN Metro Area",Government,124700.0
2004-10-01,"Indianapolis-Carmel-Anderson, IN Metro Area",Total Private,807400.0
2004-10-01,"Kansas City, MO-KS Metro Area",Government,142600.0
2004-10-01,"Kansas City, MO-KS Metro Area",Total Private,830900.0
2004-10-01,"Miami-Fort Lauderdale-Pompano Beach, FL Metro Area",Government,321400.0
2004-10-01,"Miami-Fort Lauderdale-Pompano Beach, FL Metro Area",Total Private,1959100.0
2004-10-01,"Orlando-Kissimmee-Sanford, FL Metro Area",Government,110000.0
2004-10-01,"Orlando-Kissimmee-Sanford, FL Metro Area",Total Private,863600.0
2004-10-01,"Phoenix-Mesa-Chandler, AZ Metro Area",Government,231000.0
2004-10-01,"Phoenix-Mesa-Chandler, AZ Metro Area",Total Private,1496100.0
2004-10-01,"Pittsburgh, PA Metro Area",Government,130500.0
2004-10-01,"Pittsburgh, PA Metro Area",Total Private,1012700.0
2004-10-01,"Portland-Vancouver-Hillsboro, OR-WA Metro Area",Government,139400.0
2004-10-01,"Portland-Vancouver-Hillsboro, OR-WA Metro Area",Total Private,843100.0
2004-10-01,"Riverside-San Bernardino-Ontario, CA Metro Area",Government,214300.0
2004-10-01,"Riverside-San Bernardino-Ontario, CA Metro Area",Total Private,985900.0
2004-10-01,"Sacramento-Roseville-Folsom, CA Metro Area",Government,221400.0
2004-10-01,"Sacramento-Roseville-Folsom, CA Metro Area",Total Private,658900.0
2004-10-01,"Salt Lake City, UT Metro Area",Government,88000.0
2004-10-01,"Salt Lake City, UT Metro Area",Total Private,465800.0
2004-10-01,"San Antonio-New Braunfels, TX Metro Area",Government,146400.0
2004-10-01,"San Antonio-New Braunfels, TX Metro Area",Total Private,627200.0
2004-10-01,"San Diego-Chula Vista-Carlsbad, CA Metro Area",Government,216900.0
2004-10-01,"San Diego-Chula Vista-Carlsbad, CA Metro Area",Total Private,1065100.0
2004-10-01,"San Francisco-Oakland-Berkeley, CA Metro Area",Government,311600.0
2004-10-01,"San Francisco-Oakland-Berkeley, CA Metro Area",Total Private,1684300.0
2004-10-01,"San Jose-Sunnyvale-Santa Clara, CA Metro Area",Government,96200.0
2004-10-01,"San Jose-Sunnyvale-Santa Clara, CA Metro Area",Total Private,782300.0
2004-10-01,"St. Louis, MO-IL Metro Area",Government,167200.0
2004-10-01,"St. Louis, MO-IL Metro Area",Total Private,1166100.0
2004-10-01,"Tampa-St. Petersburg-Clearwater, FL Metro Area",Government,150300.0
2004-10-01,"Tampa-St. Petersburg-Clearwater, FL Metro Area",Total Private,1030900.0000000001
2004-10-01,"Yuba City, CA Metro Area",Government,11100.0
2004-10-01,"Yuba City, CA Metro Area",Total Private,28900.0
2004-11-01,"Austin-Round Rock-Georgetown, TX Metro Area",Government,152400.0
2004-11-01,"Austin-Round Rock-Georgetown, TX Metro Area",Total Private,539900.0
2004-11-01,"Charlotte-Concord-Gastonia, NC-SC Metro Area",Government,126300.0
2004-11-01,"Charlotte-Concord-Gastonia, NC-SC Metro Area",Total Private,819100.0
2004-11-01,"Cincinnati, OH-KY-IN Metro Area",Government,135300.0
2004-11-01,"Cincinnati, OH-KY-IN Metro Area",Total Private,899700.0
2004-11-01,"Cleveland-Elyria, OH Metro Area",Government,143900.0
2004-11-01,"Cleveland-Elyria, OH Metro Area",Total Private,940800.0
2004-11-01,"Columbus, OH Metro Area",Government,166200.0
2004-11-01,"Columbus, OH Metro Area",Total Private,788200.0
2004-11-01,"Detroit-Warren-Dearborn, MI Metro Area",Government,244300.0
2004-11-01,"Detroit-Warren-Dearborn, MI Metro Area",Total Private,1837500.0
2004-11-01,"Indianapolis-Carmel-Anderson, IN Metro Area",Government,124700.0
2004-11-01,"Indianapolis-Carmel-Anderson, IN Metro Area",Total Private,809500.0
2004-11-01,"Kansas City, MO-KS Metro Area",Government,143400.0
2004-11-01,"Kansas City, MO-KS Metro Area",Total Private,831200.0
2004-11-01,"Miami-Fort Lauderdale-Pompano Beach, FL Metro Area",Government,321600.0
2004-11-01,"Miami-Fort Lauderdale-Pompano Beach, FL Metro Area",Total Private,1990100.0
2004-11-01,"Orlando-Kissimmee-Sanford, FL Metro Area",Government,110900.0
2004-11-01,"Orlando-Kissimmee-Sanford, FL Metro Area",Total Private,874700.0
2004-11-01,"Phoenix-Mesa-Chandler, AZ Metro Area",Government,231600.0
2004-11-01,"Phoenix-Mesa-Chandler, AZ Metro Area",Total Private,1511300.0
2004-11-01,"Pittsburgh, PA Metro Area",Government,131800.0
2004-11-01,"Pittsburgh, PA Metro Area",Total Private,1013500.0
2004-11-01,"Portland-Vancouver-Hillsboro, OR-WA Metro Area",Government,140100.0
2004-11-01,"Portland-Vancouver-Hillsboro, OR-WA Metro Area",Total Private,845600.0
2004-11-01,"Riverside-San Bernardino-Ontario, CA Metro Area",Government,217900.0
2004-11-01,"Riverside-San Bernardino-Ontario, CA Metro Area",Total Private,996300.0
2004-11-01,"Sacramento-Roseville-Folsom, CA Metro Area",Government,222700.0
2004-11-01,"Sacramento-Roseville-Folsom, CA Metro Area",Total Private,660500.0
2004-11-01,"Salt Lake City, UT Metro Area",Government,88000.0
2004-11-01,"Salt Lake City, UT Metro Area",Total Private,470400.0
2004-11-01,"San Antonio-New Braunfels, TX Metro Area",Government,146100.0
2004-11-01,"San Antonio-New Braunfels, TX Metro Area",Total Private,628600.0
2004-11-01,"San Diego-Chula Vista-Carlsbad, CA Metro Area",Government,217200.0
2004-11-01,"San Diego-Chula Vista-Carlsbad, CA Metro Area",Total Private,1070300.0
2004-11-01,"San Francisco-Oakland-Berkeley, CA Metro Area",Government,313900.0
2004-11-01,"San Francisco-Oakland-Berkeley, CA Metro Area",Total Private,1690900.0
2004-11-01,"San Jose-Sunnyvale-Santa Clara, CA Metro Area",Government,97400.0
2004-11-01,"San Jose-Sunnyvale-Santa Clara, CA Metro Area",Total Private,783700.0
2004-11-01,"St. Louis, MO-IL Metro Area",Government,168100.0
2004-11-01,"St. Louis, MO-IL Metro Area",Total Private,1165900.0
2004-11-01,"Tampa-St. Petersburg-Clearwater, FL Metro Area",Government,150900.0
2004-11-01,"Tampa-St. Petersburg-Clearwater, FL Metro Area",Total Private,1041900.0000000001
2004-11-01,"Yuba City, CA Metro Area",Government,11600.0
2004-11-01,"Yuba City, CA Metro Area",Total Private,28800.0
2004-12-01,"Austin-Round Rock-Georgetown, TX Metro Area",Government,150800.0
2004-12-01,"Austin-Round Rock-Georgetown, TX Metro Area",Total Private,543500.0
2004-12-01,"Charlotte-Concord-Gastonia, NC-SC Metro Area",Government,125200.0
2004-12-01,"Charlotte-Concord-Gastonia, NC-SC Metro Area",Total Private,819800.0
2004-12-01,"Cincinnati, OH-KY-IN Metro Area",Government,134300.0
2004-12-01,"Cincinnati, OH-KY-IN Metro Area",Total Private,902100.0
2004-12-01,"Cleveland-Elyria, OH Metro Area",Government,143400.0
2004-12-01,"Cleveland-Elyria, OH Metro Area",Total Private,940500.0
2004-12-01,"Columbus, OH Metro Area",Government,165500.0
2004-12-01,"Columbus, OH Metro Area",Total Private,789000.0
2004-12-01,"Detroit-Warren-Dearborn, MI Metro Area",Government,241600.0
2004-12-01,"Detroit-Warren-Dearborn, MI Metro Area",Total Private,1838800.0
2004-12-01,"Indianapolis-Carmel-Anderson, IN Metro Area",Government,124800.0
2004-12-01,"Indianapolis-Carmel-Anderson, IN Metro Area",Total Private,809000.0
2004-12-01,"Kansas City, MO-KS Metro Area",Government,143400.0
2004-12-01,"Kansas City, MO-KS Metro Area",Total Private,833200.0
2004-12-01,"Miami-Fort Lauderdale-Pompano Beach, FL Metro Area",Government,322000.0
2004-12-01,"Miami-Fort Lauderdale-Pompano Beach, FL Metro Area",Total Private,2017900.0
2004-12-01,"Orlando-Kissimmee-Sanford, FL Metro Area",Government,110800.0
2004-12-01,"Orlando-Kissimmee-Sanford, FL Metro Area",Total Private,882800.0
2004-12-01,"Phoenix-Mesa-Chandler, AZ Metro Area",Government,232500.0
2004-12-01,"Phoenix-Mesa-Chandler, AZ Metro Area",Total Private,1526300.0
2004-12-01,"Pittsburgh, PA Metro Area",Government,130600.0
2004-12-01,"Pittsburgh, PA Metro Area",Total Private,1012700.0
2004-12-01,"Portland-Vancouver-Hillsboro, OR-WA Metro Area",Government,139800.0
2004-12-01,"Portland-Vancouver-Hillsboro, OR-WA Metro Area",Total Private,847300.0
2004-12-01,"Riverside-San Bernardino-Ontario, CA Metro Area",Government,219400.0
2004-12-01,"Riverside-San Bernardino-Ontario, CA Metro Area",Total Private,1002400.0
2004-12-01,"Sacramento-Roseville-Folsom, CA Metro Area",Government,221100.0
2004-12-01,"Sacramento-Roseville-Folsom, CA Metro Area",Total Private,665000.0
2004-12-01,"Salt Lake City, UT Metro Area",Government,88500.0
2004-12-01,"Salt Lake City, UT Metro Area",Total Private,473900.0
2004-12-01,"San Antonio-New Braunfels, TX Metro Area",Government,145900.0
2004-12-01,"San Antonio-New Braunfels, TX Metro Area",Total Private,629200.0
2004-12-01,"San Diego-Chula Vista-Carlsbad, CA Metro Area",Government,216800.0
2004-12-01,"San Diego-Chula Vista-Carlsbad, CA Metro Area",Total Private,1079200.0
2004-12-01,"San Francisco-Oakland-Berkeley, CA Metro Area",Government,312500.0
2004-12-01,"San Francisco-Oakland-Berkeley, CA Metro Area",Total Private,1703300.0
2004-12-01,"San Jose-Sunnyvale-Santa Clara, CA Metro Area",Government,96000.0
2004-12-01,"San Jose-Sunnyvale-Santa Clara, CA Metro Area",Total Private,787700.0
2004-12-01,"St. Louis, MO-IL Metro Area",Government,168200.0
2004-12-01,"St. Louis, MO-IL Metro Area",Total Private,1168300.0
2004-12-01,"Tampa-St. Petersburg-Clearwater, FL Metro Area",Government,150900.0
2004-12-01,"Tampa-St. Petersburg-Clearwater, FL Metro Area",Total Private,1050700.0
2004-12-01,"Yuba City, CA Metro Area",Government,11400.0
2004-12-01,"Yuba City, CA Metro Area",Total Private,28700.0
2005-01-01,"Austin-Round Rock-Georgetown, TX Metro Area",Government,150900.0
2005-01-01,"Austin-Round Rock-Georgetown, TX Metro Area",Total Private,533800.0
2005-01-01,"Charlotte-Concord-Gastonia, NC-SC Metro Area",Government,123000.0
2005-01-01,"Charlotte-Concord-Gastonia, NC-SC Metro Area",Total Private,803200.0
2005-01-01,"Cincinnati, OH-KY-IN Metro Area",Government,130699.99999999999
2005-01-01,"Cincinnati, OH-KY-IN Metro Area",Total Private,870800.0
2005-01-01,"Cleveland-Elyria, OH Metro Area",Government,139100.0
2005-01-01,"Cleveland-Elyria, OH Metro Area",Total Private,905700.0
2005-01-01,"Columbus, OH Metro Area",Government,162000.0
2005-01-01,"Columbus, OH Metro Area",Total Private,758300.0
2005-01-01,"Detroit-Warren-Dearborn, MI Metro Area",Government,235000.0
2005-01-01,"Detroit-Warren-Dearborn, MI Metro Area",Total Private,1771300.0
2005-01-01,"Indianapolis-Carmel-Anderson, IN Metro Area",Government,122800.0
2005-01-01,"Indianapolis-Carmel-Anderson, IN Metro Area",Total Private,781400.0
2005-01-01,"Kansas City, MO-KS Metro Area",Government,141100.0
2005-01-01,"Kansas City, MO-KS Metro Area",Total Private,809300.0
2005-01-01,"Miami-Fort Lauderdale-Pompano Beach, FL Metro Area",Government,320200.0
2005-01-01,"Miami-Fort Lauderdale-Pompano Beach, FL Metro Area",Total Private,1975400.0
2005-01-01,"Orlando-Kissimmee-Sanford, FL Metro Area",Government,110100.0
2005-01-01,"Orlando-Kissimmee-Sanford, FL Metro Area",Total Private,875000.0
2005-01-01,"Phoenix-Mesa-Chandler, AZ Metro Area",Government,221100.0
2005-01-01,"Phoenix-Mesa-Chandler, AZ Metro Area",Total Private,1495600.0
2005-01-01,"Pittsburgh, PA Metro Area",Government,127800.0
2005-01-01,"Pittsburgh, PA Metro Area",Total Private,983100.0
2005-01-01,"Portland-Vancouver-Hillsboro, OR-WA Metro Area",Government,138300.0
2005-01-01,"Portland-Vancouver-Hillsboro, OR-WA Metro Area",Total Private,824700.0
2005-01-01,"Riverside-San Bernardino-Ontario, CA Metro Area",Government,220000.0
2005-01-01,"Riverside-San Bernardino-Ontario, CA Metro Area",Total Private,981100.0
2005-01-01,"Sacramento-Roseville-Folsom, CA Metro Area",Government,221800.0
2005-01-01,"Sacramento-Roseville-Folsom, CA Metro Area",Total Private,654800.0
2005-01-01,"Salt Lake City, UT Metro Area",Government,88300.0
2005-01-01,"Salt Lake City, UT Metro Area",Total Private,462600.0
2005-01-01,"San Antonio-New Braunfels, TX Metro Area",Government,143800.0
2005-01-01,"San Antonio-New Braunfels, TX Metro Area",Total Private,621100.0
2005-01-01,"San Diego-Chula Vista-Carlsbad, CA Metro Area",Government,215000.0
2005-01-01,"San Diego-Chula Vista-Carlsbad, CA Metro Area",Total Private,1051900.0
2005-01-01,"San Francisco-Oakland-Berkeley, CA Metro Area",Government,310400.0
2005-01-01,"San Francisco-Oakland-Berkeley, CA Metro Area",Total Private,1657900.0
2005-01-01,"San Jose-Sunnyvale-Santa Clara, CA Metro Area",Government,95500.0
2005-01-01,"San Jose-Sunnyvale-Santa Clara, CA Metro Area",Total Private,772100.0
2005-01-01,"St. Louis, MO-IL Metro Area",Government,164500.0
2005-01-01,"St. Louis, MO-IL Metro Area",Total Private,1138100.0
2005-01-01,"Tampa-St. Petersburg-Clearwater, FL Metro Area",Government,148500.0
2005-01-01,"Tampa-St. Petersburg-Clearwater, FL Metro Area",Total Private,1037300.0
2005-01-01,"Yuba City, CA Metro Area",Government,11400.0
2005-01-01,"Yuba City, CA Metro Area",Total Private,27600.0
2005-02-01,"Austin-Round Rock-Georgetown, TX Metro Area",Government,154900.0
2005-02-01,"Austin-Round Rock-Georgetown, TX Metro Area",Total Private,537200.0
2005-02-01,"Charlotte-Concord-Gastonia, NC-SC Metro Area",Government,124100.0
2005-02-01,"Charlotte-Concord-Gastonia, NC-SC Metro Area",Total Private,806600.0
2005-02-01,"Cincinnati, OH-KY-IN Metro Area",Government,133500.0
2005-02-01,"Cincinnati, OH-KY-IN Metro Area",Total Private,873000.0
2005-02-01,"Cleveland-Elyria, OH Metro Area",Government,142800.0
2005-02-01,"Cleveland-Elyria, OH Metro Area",Total Private,908300.0
2005-02-01,"Columbus, OH Metro Area",Government,165200.0
2005-02-01,"Columbus, OH Metro Area",Total Private,757600.0
2005-02-01,"Detroit-Warren-Dearborn, MI Metro Area",Government,240900.0
2005-02-01,"Detroit-Warren-Dearborn, MI Metro Area",Total Private,1780800.0
2005-02-01,"Indianapolis-Carmel-Anderson, IN Metro Area",Government,126000.0
2005-02-01,"Indianapolis-Carmel-Anderson, IN Metro Area",Total Private,784500.0
2005-02-01,"Kansas City, MO-KS Metro Area",Government,144000.0
2005-02-01,"Kansas City, MO-KS Metro Area",Total Private,812100.0
2005-02-01,"Miami-Fort Lauderdale-Pompano Beach, FL Metro Area",Government,321400.0
2005-02-01,"Miami-Fort Lauderdale-Pompano Beach, FL Metro Area",Total Private,1998000.0
2005-02-01,"Orlando-Kissimmee-Sanford, FL Metro Area",Government,111100.0
2005-02-01,"Orlando-Kissimmee-Sanford, FL Metro Area",Total Private,881700.0
2005-02-01,"Phoenix-Mesa-Chandler, AZ Metro Area",Government,231800.0
2005-02-01,"Phoenix-Mesa-Chandler, AZ Metro Area",Total Private,1513100.0
2005-02-01,"Pittsburgh, PA Metro Area",Government,130000.0
2005-02-01,"Pittsburgh, PA Metro Area",Total Private,980800.0
2005-02-01,"Portland-Vancouver-Hillsboro, OR-WA Metro Area",Government,140300.0
2005-02-01,"Portland-Vancouver-Hillsboro, OR-WA Metro Area",Total Private,831700.0
2005-02-01,"Riverside-San Bernardino-Ontario, CA Metro Area",Government,221500.0
2005-02-01,"Riverside-San Bernardino-Ontario, CA Metro Area",Total Private,990800.0
2005-02-01,"Sacramento-Roseville-Folsom, CA Metro Area",Government,222800.0
2005-02-01,"Sacramento-Roseville-Folsom, CA Metro Area",Total Private,657200.0
2005-02-01,"Salt Lake City, UT Metro Area",Government,88500.0
2005-02-01,"Salt Lake City, UT Metro Area",Total Private,465100.0
2005-02-01,"San Antonio-New Braunfels, TX Metro Area",Government,146500.0
2005-02-01,"San Antonio-New Braunfels, TX Metro Area",Total Private,627800.0
2005-02-01,"San Diego-Chula Vista-Carlsbad, CA Metro Area",Government,216800.0
2005-02-01,"San Diego-Chula Vista-Carlsbad, CA Metro Area",Total Private,1058200.0
2005-02-01,"San Francisco-Oakland-Berkeley, CA Metro Area",Government,314000.0
2005-02-01,"San Francisco-Oakland-Berkeley, CA Metro Area",Total Private,1667900.0
2005-02-01,"San Jose-Sunnyvale-Santa Clara, CA Metro Area",Government,96200.0
2005-02-01,"San Jose-Sunnyvale-Santa Clara, CA Metro Area",Total Private,774700.0
2005-02-01,"St. Louis, MO-IL Metro Area",Government,167600.0
2005-02-01,"St. Louis, MO-IL Metro Area",Total Private,1140900.0
2005-02-01,"Tampa-St. Petersburg-Clearwater, FL Metro Area",Government,151100.0
2005-02-01,"Tampa-St. Petersburg-Clearwater, FL Metro Area",Total Private,1048700.0
2005-02-01,"Yuba City, CA Metro Area",Government,11300.0
2005-02-01,"Yuba City, CA Metro Area",Total Private,28000.0
2005-03-01,"Austin-Round Rock-Georgetown, TX Metro Area",Government,154700.0
2005-03-01,"Austin-Round Rock-Georgetown, TX Metro Area",Total Private,542600.0
2005-03-01,"Charlotte-Concord-Gastonia, NC-SC Metro Area",Government,124800.0
2005-03-01,"Charlotte-Concord-Gastonia, NC-SC Metro Area",Total Private,813200.0
2005-03-01,"Cincinnati, OH-KY-IN Metro Area",Government,134500.0
2005-03-01,"Cincinnati, OH-KY-IN Metro Area",Total Private,882900.0
2005-03-01,"Cleveland-Elyria, OH Metro Area",Government,143400.0
2005-03-01,"Cleveland-Elyria, OH Metro Area",Total Private,914600.0
2005-03-01,"Columbus, OH Metro Area",Government,166400.0
2005-03-01,"Columbus, OH Metro Area",Total Private,763200.0
2005-03-01,"Detroit-Warren-Dearborn, MI Metro Area",Government,241000.0
2005-03-01,"Detroit-Warren-Dearborn, MI Metro Area",Total Private,1781200.0
2005-03-01,"Indianapolis-Carmel-Anderson, IN Metro Area",Government,125400.0
2005-03-01,"Indianapolis-Carmel-Anderson, IN Metro Area",Total Private,793100.0
2005-03-01,"Kansas City, MO-KS Metro Area",Government,145600.0
2005-03-01,"Kansas City, MO-KS Metro Area",Total Private,822400.0
2005-03-01,"Miami-Fort Lauderdale-Pompano Beach, FL Metro Area",Government,322500.0
2005-03-01,"Miami-Fort Lauderdale-Pompano Beach, FL Metro Area",Total Private,2007600.0
2005-03-01,"Orlando-Kissimmee-Sanford, FL Metro Area",Government,111500.0
2005-03-01,"Orlando-Kissimmee-Sanford, FL Metro Area",Total Private,888700.0
2005-03-01,"Phoenix-Mesa-Chandler, AZ Metro Area",Government,230100.0
2005-03-01,"Phoenix-Mesa-Chandler, AZ Metro Area",Total Private,1530600.0
2005-03-01,"Pittsburgh, PA Metro Area",Government,130900.0
2005-03-01,"Pittsburgh, PA Metro Area",Total Private,987300.0
2005-03-01,"Portland-Vancouver-Hillsboro, OR-WA Metro Area",Government,140600.0
2005-03-01,"Portland-Vancouver-Hillsboro, OR-WA Metro Area",Total Private,837400.0
2005-03-01,"Riverside-San Bernardino-Ontario, CA Metro Area",Government,223200.0
2005-03-01,"Riverside-San Bernardino-Ontario, CA Metro Area",Total Private,1001000.0
2005-03-01,"Sacramento-Roseville-Folsom, CA Metro Area",Government,224000.0
2005-03-01,"Sacramento-Roseville-Folsom, CA Metro Area",Total Private,661500.0
2005-03-01,"Salt Lake City, UT Metro Area",Government,88200.0
2005-03-01,"Salt Lake City, UT Metro Area",Total Private,467300.0
2005-03-01,"San Antonio-New Braunfels, TX Metro Area",Government,146600.0
2005-03-01,"San Antonio-New Braunfels, TX Metro Area",Total Private,633900.0
2005-03-01,"San Diego-Chula Vista-Carlsbad, CA Metro Area",Government,217600.0
2005-03-01,"San Diego-Chula Vista-Carlsbad, CA Metro Area",Total Private,1064400.0
2005-03-01,"San Francisco-Oakland-Berkeley, CA Metro Area",Government,315200.0
2005-03-01,"San Francisco-Oakland-Berkeley, CA Metro Area",Total Private,1674000.0
2005-03-01,"San Jose-Sunnyvale-Santa Clara, CA Metro Area",Government,96900.0
2005-03-01,"San Jose-Sunnyvale-Santa Clara, CA Metro Area",Total Private,777700.0
2005-03-01,"St. Louis, MO-IL Metro Area",Government,167400.0
2005-03-01,"St. Louis, MO-IL Metro Area",Total Private,1153000.0
2005-03-01,"Tampa-St. Petersburg-Clearwater, FL Metro Area",Government,150300.0
2005-03-01,"Tampa-St. Petersburg-Clearwater, FL Metro Area",Total Private,1055900.0
2005-03-01,"Yuba City, CA Metro Area",Government,11500.0
2005-03-01,"Yuba City, CA Metro Area",Total Private,28100.0
2005-04-01,"Austin-Round Rock-Georgetown, TX Metro Area",Government,155300.0
2005-04-01,"Austin-Round Rock-Georgetown, TX Metro Area",Total Private,547700.0
2005-04-01,"Charlotte-Concord-Gastonia, NC-SC Metro Area",Government,125600.0
2005-04-01,"Charlotte-Concord-Gastonia, NC-SC Metro Area",Total Private,819200.0
2005-04-01,"Cincinnati, OH-KY-IN Metro Area",Government,134900.0
2005-04-01,"Cincinnati, OH-KY-IN Metro Area",Total Private,895100.0
2005-04-01,"Cleveland-Elyria, OH Metro Area",Government,143700.0
2005-04-01,"Cleveland-Elyria, OH Metro Area",Total Private,924800.0
2005-04-01,"Columbus, OH Metro Area",Government,167200.0
2005-04-01,"Columbus, OH Metro Area",Total Private,771800.0
2005-04-01,"Detroit-Warren-Dearborn, MI Metro Area",Government,241500.0
2005-04-01,"Detroit-Warren-Dearborn, MI Metro Area",Total Private,1806500.0
2005-04-01,"Indianapolis-Carmel-Anderson, IN Metro Area",Government,123800.0
2005-04-01,"Indianapolis-Carmel-Anderson, IN Metro Area",Total Private,806000.0
2005-04-01,"Kansas City, MO-KS Metro Area",Government,146900.0
2005-04-01,"Kansas City, MO-KS Metro Area",Total Private,831300.0
2005-04-01,"Miami-Fort Lauderdale-Pompano Beach, FL Metro Area",Government,324700.0
2005-04-01,"Miami-Fort Lauderdale-Pompano Beach, FL Metro Area",Total Private,2020500.0
2005-04-01,"Orlando-Kissimmee-Sanford, FL Metro Area",Government,111500.0
2005-04-01,"Orlando-Kissimmee-Sanford, FL Metro Area",Total Private,895800.0
2005-04-01,"Phoenix-Mesa-Chandler, AZ Metro Area",Government,231000.0
2005-04-01,"Phoenix-Mesa-Chandler, AZ Metro Area",Total Private,1554300.0
2005-04-01,"Pittsburgh, PA Metro Area",Government,131000.0
2005-04-01,"Pittsburgh, PA Metro Area",Total Private,1003700.0
2005-04-01,"Portland-Vancouver-Hillsboro, OR-WA Metro Area",Government,140300.0
2005-04-01,"Portland-Vancouver-Hillsboro, OR-WA Metro Area",Total Private,844300.0
2005-04-01,"Riverside-San Bernardino-Ontario, CA Metro Area",Government,224500.0
2005-04-01,"Riverside-San Bernardino-Ontario, CA Metro Area",Total Private,1012100.0
2005-04-01,"Sacramento-Roseville-Folsom, CA Metro Area",Government,225100.0
2005-04-01,"Sacramento-Roseville-Folsom, CA Metro Area",Total Private,664700.0
2005-04-01,"Salt Lake City, UT Metro Area",Government,88800.0
2005-04-01,"Salt Lake City, UT Metro Area",Total Private,474300.0
2005-04-01,"San Antonio-New Braunfels, TX Metro Area",Government,147400.0
2005-04-01,"San Antonio-New Braunfels, TX Metro Area",Total Private,639900.0
2005-04-01,"San Diego-Chula Vista-Carlsbad, CA Metro Area",Government,218000.0
2005-04-01,"San Diego-Chula Vista-Carlsbad, CA Metro Area",Total Private,1073500.0
2005-04-01,"San Francisco-Oakland-Berkeley, CA Metro Area",Government,316500.0
2005-04-01,"San Francisco-Oakland-Berkeley, CA Metro Area",Total Private,1679700.0
2005-04-01,"San Jose-Sunnyvale-Santa Clara, CA Metro Area",Government,97000.0
2005-04-01,"San Jose-Sunnyvale-Santa Clara, CA Metro Area",Total Private,778200.0
2005-04-01,"St. Louis, MO-IL Metro Area",Government,169300.0
2005-04-01,"St. Louis, MO-IL Metro Area",Total Private,1170400.0
2005-04-01,"Tampa-St. Petersburg-Clearwater, FL Metro Area",Government,149500.0
2005-04-01,"Tampa-St. Petersburg-Clearwater, FL Metro Area",Total Private,1061900.0
2005-04-01,"Yuba City, CA Metro Area",Government,11600.0
2005-04-01,"Yuba City, CA Metro Area",Total Private,28600.0
2005-05-01,"Austin-Round Rock-Georgetown, TX Metro Area",Government,156100.0
2005-05-01,"Austin-Round Rock-Georgetown, TX Metro Area",Total Private,550100.0
2005-05-01,"Charlotte-Concord-Gastonia, NC-SC Metro Area",Government,125500.0
2005-05-01,"Charlotte-Concord-Gastonia, NC-SC Metro Area",Total Private,824700.0
2005-05-01,"Cincinnati, OH-KY-IN Metro Area",Government,135400.0
2005-05-01,"Cincinnati, OH-KY-IN Metro Area",Total Private,902600.0
2005-05-01,"Cleveland-Elyria, OH Metro Area",Government,144400.0
2005-05-01,"Cleveland-Elyria, OH Metro Area",Total Private,931000.0
2005-05-01,"Columbus, OH Metro Area",Government,168300.0
2005-05-01,"Columbus, OH Metro Area",Total Private,776800.0
2005-05-01,"Detroit-Warren-Dearborn, MI Metro Area",Government,243300.0
2005-05-01,"Detroit-Warren-Dearborn, MI Metro Area",Total Private,1829200.0
2005-05-01,"Indianapolis-Carmel-Anderson, IN Metro Area",Government,124000.0
2005-05-01,"Indianapolis-Carmel-Anderson, IN Metro Area",Total Private,812400.0
2005-05-01,"Kansas City, MO-KS Metro Area",Government,145100.0
2005-05-01,"Kansas City, MO-KS Metro Area",Total Private,836100.0
2005-05-01,"Miami-Fort Lauderdale-Pompano Beach, FL Metro Area",Government,325400.0
2005-05-01,"Miami-Fort Lauderdale-Pompano Beach, FL Metro Area",Total Private,2022100.0
2005-05-01,"Orlando-Kissimmee-Sanford, FL Metro Area",Government,112500.0
2005-05-01,"Orlando-Kissimmee-Sanford, FL Metro Area",Total Private,901500.0
2005-05-01,"Phoenix-Mesa-Chandler, AZ Metro Area",Government,229300.0
2005-05-01,"Phoenix-Mesa-Chandler, AZ Metro Area",Total Private,1558200.0
2005-05-01,"Pittsburgh, PA Metro Area",Government,130300.00000000001
2005-05-01,"Pittsburgh, PA Metro Area",Total Private,1012300.0
2005-05-01,"Portland-Vancouver-Hillsboro, OR-WA Metro Area",Government,141100.0
2005-05-01,"Portland-Vancouver-Hillsboro, OR-WA Metro Area",Total Private,848900.0
2005-05-01,"Riverside-San Bernardino-Ontario, CA Metro Area",Government,224500.0
2005-05-01,"Riverside-San Bernardino-Ontario, CA Metro Area",Total Private,1013000.0
2005-05-01,"Sacramento-Roseville-Folsom, CA Metro Area",Government,226200.0
2005-05-01,"Sacramento-Roseville-Folsom, CA Metro Area",Total Private,667900.0
2005-05-01,"Salt Lake City, UT Metro Area",Government,88300.0
2005-05-01,"Salt Lake City, UT Metro Area",Total Private,475800.0
2005-05-01,"San Antonio-New Braunfels, TX Metro Area",Government,147600.0
2005-05-01,"San Antonio-New Braunfels, TX Metro Area",Total Private,644900.0
2005-05-01,"San Diego-Chula Vista-Carlsbad, CA Metro Area",Government,218700.0
2005-05-01,"San Diego-Chula Vista-Carlsbad, CA Metro Area",Total Private,1077900.0
2005-05-01,"San Francisco-Oakland-Berkeley, CA Metro Area",Government,317300.0
2005-05-01,"San Francisco-Oakland-Berkeley, CA Metro Area",Total Private,1683900.0
2005-05-01,"San Jose-Sunnyvale-Santa Clara, CA Metro Area",Government,97400.0
2005-05-01,"San Jose-Sunnyvale-Santa Clara, CA Metro Area",Total Private,781700.0
2005-05-01,"St. Louis, MO-IL Metro Area",Government,170200.0
2005-05-01,"St. Louis, MO-IL Metro Area",Total Private,1173500.0
2005-05-01,"Tampa-St. Petersburg-Clearwater, FL Metro Area",Government,149900.0
2005-05-01,"Tampa-St. Petersburg-Clearwater, FL Metro Area",Total Private,1063700.0
2005-05-01,"Yuba City, CA Metro Area",Government,11600.0
2005-05-01,"Yuba City, CA Metro Area",Total Private,28800.0
2005-06-01,"Austin-Round Rock-Georgetown, TX Metro Area",Government,151800.0
2005-06-01,"Austin-Round Rock-Georgetown, TX Metro Area",Total Private,555500.0
2005-06-01,"Charlotte-Concord-Gastonia, NC-SC Metro Area",Government,119400.0
2005-06-01,"Charlotte-Concord-Gastonia, NC-SC Metro Area",Total Private,827200.0
2005-06-01,"Cincinnati, OH-KY-IN Metro Area",Government,132600.0
2005-06-01,"Cincinnati, OH-KY-IN Metro Area",Total Private,909700.0
2005-06-01,"Cleveland-Elyria, OH Metro Area",Government,143200.0
2005-06-01,"Cleveland-Elyria, OH Metro Area",Total Private,938700.0
2005-06-01,"Columbus, OH Metro Area",Government,161700.0
2005-06-01,"Columbus, OH Metro Area",Total Private,779800.0
2005-06-01,"Detroit-Warren-Dearborn, MI Metro Area",Government,238000.0
2005-06-01,"Detroit-Warren-Dearborn, MI Metro Area",Total Private,1835900.0
2005-06-01,"Indianapolis-Carmel-Anderson, IN Metro Area",Government,115300.0
2005-06-01,"Indianapolis-Carmel-Anderson, IN Metro Area",Total Private,817100.0
2005-06-01,"Kansas City, MO-KS Metro Area",Government,143200.0
2005-06-01,"Kansas City, MO-KS Metro Area",Total Private,842700.0
2005-06-01,"Miami-Fort Lauderdale-Pompano Beach, FL Metro Area",Government,297000.0
2005-06-01,"Miami-Fort Lauderdale-Pompano Beach, FL Metro Area",Total Private,2023200.0
2005-06-01,"Orlando-Kissimmee-Sanford, FL Metro Area",Government,100200.0
2005-06-01,"Orlando-Kissimmee-Sanford, FL Metro Area",Total Private,903500.0
2005-06-01,"Phoenix-Mesa-Chandler, AZ Metro Area",Government,209000.0
2005-06-01,"Phoenix-Mesa-Chandler, AZ Metro Area",Total Private,1561900.0
2005-06-01,"Pittsburgh, PA Metro Area",Government,129400.0
2005-06-01,"Pittsburgh, PA Metro Area",Total Private,1018300.0
2005-06-01,"Portland-Vancouver-Hillsboro, OR-WA Metro Area",Government,141400.0
2005-06-01,"Portland-Vancouver-Hillsboro, OR-WA Metro Area",Total Private,853700.0
2005-06-01,"Riverside-San Bernardino-Ontario, CA Metro Area",Government,220200.0
2005-06-01,"Riverside-San Bernardino-Ontario, CA Metro Area",Total Private,1018400.0
2005-06-01,"Sacramento-Roseville-Folsom, CA Metro Area",Government,226100.0
2005-06-01,"Sacramento-Roseville-Folsom, CA Metro Area",Total Private,672700.0
2005-06-01,"Salt Lake City, UT Metro Area",Government,88400.0
2005-06-01,"Salt Lake City, UT Metro Area",Total Private,479300.0
2005-06-01,"San Antonio-New Braunfels, TX Metro Area",Government,143900.0
2005-06-01,"San Antonio-New Braunfels, TX Metro Area",Total Private,650700.0
2005-06-01,"San Diego-Chula Vista-Carlsbad, CA Metro Area",Government,219100.0
2005-06-01,"San Diego-Chula Vista-Carlsbad, CA Metro Area",Total Private,1082700.0
2005-06-01,"San Francisco-Oakland-Berkeley, CA Metro Area",Government,316200.0
2005-06-01,"San Francisco-Oakland-Berkeley, CA Metro Area",Total Private,1693000.0
2005-06-01,"San Jose-Sunnyvale-Santa Clara, CA Metro Area",Government,97000.0
2005-06-01,"San Jose-Sunnyvale-Santa Clara, CA Metro Area",Total Private,787800.0
2005-06-01,"St. Louis, MO-IL Metro Area",Government,166200.0
2005-06-01,"St. Louis, MO-IL Metro Area",Total Private,1177200.0
2005-06-01,"Tampa-St. Petersburg-Clearwater, FL Metro Area",Government,138100.0
2005-06-01,"Tampa-St. Petersburg-Clearwater, FL Metro Area",Total Private,1061900.0
2005-06-01,"Yuba City, CA Metro Area",Government,11700.0
2005-06-01,"Yuba City, CA Metro Area",Total Private,29100.0
2005-07-01,"Austin-Round Rock-Georgetown, TX Metro Area",Government,143100.0
2005-07-01,"Austin-Round Rock-Georgetown, TX Metro Area",Total Private,557100.0
2005-07-01,"Charlotte-Concord-Gastonia, NC-SC Metro Area",Government,98800.0
2005-07-01,"Charlotte-Concord-Gastonia, NC-SC Metro Area",Total Private,831200.0
2005-07-01,"Cincinnati, OH-KY-IN Metro Area",Government,124500.0
2005-07-01,"Cincinnati, OH-KY-IN Metro Area",Total Private,910700.0
2005-07-01,"Cleveland-Elyria, OH Metro Area",Government,134700.0
2005-07-01,"Cleveland-Elyria, OH Metro Area",Total Private,940600.0
2005-07-01,"Columbus, OH Metro Area",Government,157100.0
2005-07-01,"Columbus, OH Metro Area",Total Private,780100.0
2005-07-01,"Detroit-Warren-Dearborn, MI Metro Area",Government,207100.0
2005-07-01,"Detroit-Warren-Dearborn, MI Metro Area",Total Private,1794600.0
2005-07-01,"Indianapolis-Carmel-Anderson, IN Metro Area",Government,107400.0
2005-07-01,"Indianapolis-Carmel-Anderson, IN Metro Area",Total Private,816300.0
2005-07-01,"Kansas City, MO-KS Metro Area",Government,133300.0
2005-07-01,"Kansas City, MO-KS Metro Area",Total Private,835100.0
2005-07-01,"Miami-Fort Lauderdale-Pompano Beach, FL Metro Area",Government,292900.0
2005-07-01,"Miami-Fort Lauderdale-Pompano Beach, FL Metro Area",Total Private,2013800.0
2005-07-01,"Orlando-Kissimmee-Sanford, FL Metro Area",Government,98100.0
2005-07-01,"Orlando-Kissimmee-Sanford, FL Metro Area",Total Private,905500.0
2005-07-01,"Phoenix-Mesa-Chandler, AZ Metro Area",Government,201400.0
2005-07-01,"Phoenix-Mesa-Chandler, AZ Metro Area",Total Private,1562700.0
2005-07-01,"Pittsburgh, PA Metro Area",Government,116000.0
2005-07-01,"Pittsburgh, PA Metro Area",Total Private,1017600.0
2005-07-01,"Portland-Vancouver-Hillsboro, OR-WA Metro Area",Government,128900.0
2005-07-01,"Portland-Vancouver-Hillsboro, OR-WA Metro Area",Total Private,860900.0
2005-07-01,"Riverside-San Bernardino-Ontario, CA Metro Area",Government,210800.0
2005-07-01,"Riverside-San Bernardino-Ontario, CA Metro Area",Total Private,1016200.0
2005-07-01,"Sacramento-Roseville-Folsom, CA Metro Area",Government,221000.0
2005-07-01,"Sacramento-Roseville-Folsom, CA Metro Area",Total Private,677100.0
2005-07-01,"Salt Lake City, UT Metro Area",Government,86000.0
2005-07-01,"Salt Lake City, UT Metro Area",Total Private,482500.0
2005-07-01,"San Antonio-New Braunfels, TX Metro Area",Government,138500.0
2005-07-01,"San Antonio-New Braunfels, TX Metro Area",Total Private,652000.0
2005-07-01,"San Diego-Chula Vista-Carlsbad, CA Metro Area",Government,207900.0
2005-07-01,"San Diego-Chula Vista-Carlsbad, CA Metro Area",Total Private,1082600.0
2005-07-01,"San Francisco-Oakland-Berkeley, CA Metro Area",Government,305200.0
2005-07-01,"San Francisco-Oakland-Berkeley, CA Metro Area",Total Private,1692200.0
2005-07-01,"San Jose-Sunnyvale-Santa Clara, CA Metro Area",Government,94300.0
2005-07-01,"San Jose-Sunnyvale-Santa Clara, CA Metro Area",Total Private,788200.0
2005-07-01,"St. Louis, MO-IL Metro Area",Government,148300.0
2005-07-01,"St. Louis, MO-IL Metro Area",Total Private,1172100.0
2005-07-01,"Tampa-St. Petersburg-Clearwater, FL Metro Area",Government,137300.0
2005-07-01,"Tampa-St. Petersburg-Clearwater, FL Metro Area",Total Private,1057500.0
2005-07-01,"Yuba City, CA Metro Area",Government,10000.0
2005-07-01,"Yuba City, CA Metro Area",Total Private,29200.0
2005-08-01,"Austin-Round Rock-Georgetown, TX Metro Area",Government,144000.0
2005-08-01,"Austin-Round Rock-Georgetown, TX Metro Area",Total Private,559200.0
2005-08-01,"Charlotte-Concord-Gastonia, NC-SC Metro Area",Government,114600.0
2005-08-01,"Charlotte-Concord-Gastonia, NC-SC Metro Area",Total Private,833500.0
2005-08-01,"Cincinnati, OH-KY-IN Metro Area",Government,125800.0
2005-08-01,"Cincinnati, OH-KY-IN Metro Area",Total Private,911100.0
2005-08-01,"Cleveland-Elyria, OH Metro Area",Government,133500.0
2005-08-01,"Cleveland-Elyria, OH Metro Area",Total Private,943600.0
2005-08-01,"Columbus, OH Metro Area",Government,156600.0
2005-08-01,"Columbus, OH Metro Area",Total Private,782100.0
2005-08-01,"Detroit-Warren-Dearborn, MI Metro Area",Government,205600.0
2005-08-01,"Detroit-Warren-Dearborn, MI Metro Area",Total Private,1825200.0
2005-08-01,"Indianapolis-Carmel-Anderson, IN Metro Area",Government,111800.0
2005-08-01,"Indianapolis-Carmel-Anderson, IN Metro Area",Total Private,820000.0
2005-08-01,"Kansas City, MO-KS Metro Area",Government,130600.0
2005-08-01,"Kansas City, MO-KS Metro Area",Total Private,839300.0
2005-08-01,"Miami-Fort Lauderdale-Pompano Beach, FL Metro Area",Government,320800.0
2005-08-01,"Miami-Fort Lauderdale-Pompano Beach, FL Metro Area",Total Private,2025700.0
2005-08-01,"Orlando-Kissimmee-Sanford, FL Metro Area",Government,109800.0
2005-08-01,"Orlando-Kissimmee-Sanford, FL Metro Area",Total Private,909000.0
2005-08-01,"Phoenix-Mesa-Chandler, AZ Metro Area",Government,216800.0
2005-08-01,"Phoenix-Mesa-Chandler, AZ Metro Area",Total Private,1573500.0
2005-08-01,"Pittsburgh, PA Metro Area",Government,112000.0
2005-08-01,"Pittsburgh, PA Metro Area",Total Private,1017600.0
2005-08-01,"Portland-Vancouver-Hillsboro, OR-WA Metro Area",Government,127300.0
2005-08-01,"Portland-Vancouver-Hillsboro, OR-WA Metro Area",Total Private,866200.0
2005-08-01,"Riverside-San Bernardino-Ontario, CA Metro Area",Government,210600.0
2005-08-01,"Riverside-San Bernardino-Ontario, CA Metro Area",Total Private,1020300.0
2005-08-01,"Sacramento-Roseville-Folsom, CA Metro Area",Government,219700.0
2005-08-01,"Sacramento-Roseville-Folsom, CA Metro Area",Total Private,679100.0
2005-08-01,"Salt Lake City, UT Metro Area",Government,86200.0
2005-08-01,"Salt Lake City, UT Metro Area",Total Private,486700.0
2005-08-01,"San Antonio-New Braunfels, TX Metro Area",Government,140500.0
2005-08-01,"San Antonio-New Braunfels, TX Metro Area",Total Private,654100.0
2005-08-01,"San Diego-Chula Vista-Carlsbad, CA Metro Area",Government,205300.0
2005-08-01,"San Diego-Chula Vista-Carlsbad, CA Metro Area",Total Private,1088500.0
2005-08-01,"San Francisco-Oakland-Berkeley, CA Metro Area",Government,300800.0
2005-08-01,"San Francisco-Oakland-Berkeley, CA Metro Area",Total Private,1697300.0
2005-08-01,"San Jose-Sunnyvale-Santa Clara, CA Metro Area",Government,93700.0
2005-08-01,"San Jose-Sunnyvale-Santa Clara, CA Metro Area",Total Private,790500.0
2005-08-01,"St. Louis, MO-IL Metro Area",Government,153700.0
2005-08-01,"St. Louis, MO-IL Metro Area",Total Private,1178700.0
2005-08-01,"Tampa-St. Petersburg-Clearwater, FL Metro Area",Government,147800.0
2005-08-01,"Tampa-St. Petersburg-Clearwater, FL Metro Area",Total Private,1059500.0
2005-08-01,"Yuba City, CA Metro Area",Government,11000.0
2005-08-01,"Yuba City, CA Metro Area",Total Private,29500.0
2005-09-01,"Austin-Round Rock-Georgetown, TX Metro Area",Government,152300.0
2005-09-01,"Austin-Round Rock-Georgetown, TX Metro Area",Total Private,560000.0
2005-09-01,"Charlotte-Concord-Gastonia, NC-SC Metro Area",Government,125800.0
2005-09-01,"Charlotte-Concord-Gastonia, NC-SC Metro Area",Total Private,834100.0
2005-09-01,"Cincinnati, OH-KY-IN Metro Area",Government,131100.0
2005-09-01,"Cincinnati, OH-KY-IN Metro Area",Total Private,909800.0
2005-09-01,"Cleveland-Elyria, OH Metro Area",Government,138900.0
2005-09-01,"Cleveland-Elyria, OH Metro Area",Total Private,940800.0
2005-09-01,"Columbus, OH Metro Area",Government,161900.0
2005-09-01,"Columbus, OH Metro Area",Total Private,783400.0
2005-09-01,"Detroit-Warren-Dearborn, MI Metro Area",Government,233300.0
2005-09-01,"Detroit-Warren-Dearborn, MI Metro Area",Total Private,1828000.0
2005-09-01,"Indianapolis-Carmel-Anderson, IN Metro Area",Government,123600.0
2005-09-01,"Indianapolis-Carmel-Anderson, IN Metro Area",Total Private,817300.0
2005-09-01,"Kansas City, MO-KS Metro Area",Government,142300.0
2005-09-01,"Kansas City, MO-KS Metro Area",Total Private,837500.0
2005-09-01,"Miami-Fort Lauderdale-Pompano Beach, FL Metro Area",Government,323900.0
2005-09-01,"Miami-Fort Lauderdale-Pompano Beach, FL Metro Area",Total Private,2038400.0
2005-09-01,"Orlando-Kissimmee-Sanford, FL Metro Area",Government,112500.0
2005-09-01,"Orlando-Kissimmee-Sanford, FL Metro Area",Total Private,911500.0
2005-09-01,"Phoenix-Mesa-Chandler, AZ Metro Area",Government,231800.0
2005-09-01,"Phoenix-Mesa-Chandler, AZ Metro Area",Total Private,1587200.0
2005-09-01,"Pittsburgh, PA Metro Area",Government,125700.0
2005-09-01,"Pittsburgh, PA Metro Area",Total Private,1013200.0
2005-09-01,"Portland-Vancouver-Hillsboro, OR-WA Metro Area",Government,131900.0
2005-09-01,"Portland-Vancouver-Hillsboro, OR-WA Metro Area",Total Private,868900.0
2005-09-01,"Riverside-San Bernardino-Ontario, CA Metro Area",Government,217500.0
2005-09-01,"Riverside-San Bernardino-Ontario, CA Metro Area",Total Private,1030099.9999999999
2005-09-01,"Sacramento-Roseville-Folsom, CA Metro Area",Government,224000.0
2005-09-01,"Sacramento-Roseville-Folsom, CA Metro Area",Total Private,679800.0
2005-09-01,"Salt Lake City, UT Metro Area",Government,88800.0
2005-09-01,"Salt Lake City, UT Metro Area",Total Private,487300.0
2005-09-01,"San Antonio-New Braunfels, TX Metro Area",Government,145700.0
2005-09-01,"San Antonio-New Braunfels, TX Metro Area",Total Private,653800.0
2005-09-01,"San Diego-Chula Vista-Carlsbad, CA Metro Area",Government,211500.0
2005-09-01,"San Diego-Chula Vista-Carlsbad, CA Metro Area",Total Private,1087200.0
2005-09-01,"San Francisco-Oakland-Berkeley, CA Metro Area",Government,310300.0
2005-09-01,"San Francisco-Oakland-Berkeley, CA Metro Area",Total Private,1700500.0
2005-09-01,"San Jose-Sunnyvale-Santa Clara, CA Metro Area",Government,93800.0
2005-09-01,"San Jose-Sunnyvale-Santa Clara, CA Metro Area",Total Private,790000.0
2005-09-01,"St. Louis, MO-IL Metro Area",Government,166900.0
2005-09-01,"St. Louis, MO-IL Metro Area",Total Private,1178300.0
2005-09-01,"Tampa-St. Petersburg-Clearwater, FL Metro Area",Government,149800.0
2005-09-01,"Tampa-St. Petersburg-Clearwater, FL Metro Area",Total Private,1062500.0
2005-09-01,"Yuba City, CA Metro Area",Government,11500.0
2005-09-01,"Yuba City, CA Metro Area",Total Private,29600.0
2005-10-01,"Austin-Round Rock-Georgetown, TX Metro Area",Government,153400.0
2005-10-01,"Austin-Round Rock-Georgetown, TX Metro Area",Total Private,558100.0
2005-10-01,"Charlotte-Concord-Gastonia, NC-SC Metro Area",Government,128600.0
2005-10-01,"Charlotte-Concord-Gastonia, NC-SC Metro Area",Total Private,840700.0
2005-10-01,"Cincinnati, OH-KY-IN Metro Area",Government,134400.0
2005-10-01,"Cincinnati, OH-KY-IN Metro Area",Total Private,903100.0
2005-10-01,"Cleveland-Elyria, OH Metro Area",Government,142200.0
2005-10-01,"Cleveland-Elyria, OH Metro Area",Total Private,940400.0
2005-10-01,"Columbus, OH Metro Area",Government,166200.0
2005-10-01,"Columbus, OH Metro Area",Total Private,787200.0
2005-10-01,"Detroit-Warren-Dearborn, MI Metro Area",Government,238100.0
2005-10-01,"Detroit-Warren-Dearborn, MI Metro Area",Total Private,1821900.0
2005-10-01,"Indianapolis-Carmel-Anderson, IN Metro Area",Government,123100.0
2005-10-01,"Indianapolis-Carmel-Anderson, IN Metro Area",Total Private,817400.0
2005-10-01,"Kansas City, MO-KS Metro Area",Government,143100.0
2005-10-01,"Kansas City, MO-KS Metro Area",Total Private,839000.0
2005-10-01,"Miami-Fort Lauderdale-Pompano Beach, FL Metro Area",Government,326000.0
2005-10-01,"Miami-Fort Lauderdale-Pompano Beach, FL Metro Area",Total Private,2031500.0
2005-10-01,"Orlando-Kissimmee-Sanford, FL Metro Area",Government,113200.0
2005-10-01,"Orlando-Kissimmee-Sanford, FL Metro Area",Total Private,913300.0
2005-10-01,"Phoenix-Mesa-Chandler, AZ Metro Area",Government,233600.0
2005-10-01,"Phoenix-Mesa-Chandler, AZ Metro Area",Total Private,1593800.0
2005-10-01,"Pittsburgh, PA Metro Area",Government,129300.00000000001
2005-10-01,"Pittsburgh, PA Metro Area",Total Private,1011700.0
2005-10-01,"Portland-Vancouver-Hillsboro, OR-WA Metro Area",Government,139300.0
2005-10-01,"Portland-Vancouver-Hillsboro, OR-WA Metro Area",Total Private,871400.0
2005-10-01,"Riverside-San Bernardino-Ontario, CA Metro Area",Government,222500.0
2005-10-01,"Riverside-San Bernardino-Ontario, CA Metro Area",Total Private,1035599.9999999999
2005-10-01,"Sacramento-Roseville-Folsom, CA Metro Area",Government,225400.0
2005-10-01,"Sacramento-Roseville-Folsom, CA Metro Area",Total Private,679900.0
2005-10-01,"Salt Lake City, UT Metro Area",Government,89100.0
2005-10-01,"Salt Lake City, UT Metro Area",Total Private,488300.0
2005-10-01,"San Antonio-New Braunfels, TX Metro Area",Government,148300.0
2005-10-01,"San Antonio-New Braunfels, TX Metro Area",Total Private,653300.0
2005-10-01,"San Diego-Chula Vista-Carlsbad, CA Metro Area",Government,216000.0
2005-10-01,"San Diego-Chula Vista-Carlsbad, CA Metro Area",Total Private,1082600.0
2005-10-01,"San Francisco-Oakland-Berkeley, CA Metro Area",Government,315700.0
2005-10-01,"San Francisco-Oakland-Berkeley, CA Metro Area",Total Private,1702300.0
2005-10-01,"San Jose-Sunnyvale-Santa Clara, CA Metro Area",Government,96200.0
2005-10-01,"San Jose-Sunnyvale-Santa Clara, CA Metro Area",Total Private,793600.0
2005-10-01,"St. Louis, MO-IL Metro Area",Government,167800.0
2005-10-01,"St. Louis, MO-IL Metro Area",Total Private,1176600.0
2005-10-01,"Tampa-St. Petersburg-Clearwater, FL Metro Area",Government,151100.0
2005-10-01,"Tampa-St. Petersburg-Clearwater, FL Metro Area",Total Private,1060300.0
2005-10-01,"Yuba City, CA Metro Area",Government,11400.0
2005-10-01,"Yuba City, CA Metro Area",Total Private,29300.0
2005-11-01,"Austin-Round Rock-Georgetown, TX Metro Area",Government,155000.0
2005-11-01,"Austin-Round Rock-Georgetown, TX Metro Area",Total Private,563200.0
2005-11-01,"Charlotte-Concord-Gastonia, NC-SC Metro Area",Government,128900.0
2005-11-01,"Charlotte-Concord-Gastonia, NC-SC Metro Area",Total Private,842600.0
2005-11-01,"Cincinnati, OH-KY-IN Metro Area",Government,134900.0
2005-11-01,"Cincinnati, OH-KY-IN Metro Area",Total Private,907400.0
2005-11-01,"Cleveland-Elyria, OH Metro Area",Government,142300.0
2005-11-01,"Cleveland-Elyria, OH Metro Area",Total Private,942900.0
2005-11-01,"Columbus, OH Metro Area",Government,167800.0
2005-11-01,"Columbus, OH Metro Area",Total Private,791900.0
2005-11-01,"Detroit-Warren-Dearborn, MI Metro Area",Government,240600.0
2005-11-01,"Detroit-Warren-Dearborn, MI Metro Area",Total Private,1833300.0
2005-11-01,"Indianapolis-Carmel-Anderson, IN Metro Area",Government,123400.0
2005-11-01,"Indianapolis-Carmel-Anderson, IN Metro Area",Total Private,820800.0
2005-11-01,"Kansas City, MO-KS Metro Area",Government,144100.0
2005-11-01,"Kansas City, MO-KS Metro Area",Total Private,841900.0
2005-11-01,"Miami-Fort Lauderdale-Pompano Beach, FL Metro Area",Government,325300.0
2005-11-01,"Miami-Fort Lauderdale-Pompano Beach, FL Metro Area",Total Private,2051199.9999999998
2005-11-01,"Orlando-Kissimmee-Sanford, FL Metro Area",Government,113800.0
2005-11-01,"Orlando-Kissimmee-Sanford, FL Metro Area",Total Private,923500.0
2005-11-01,"Phoenix-Mesa-Chandler, AZ Metro Area",Government,235200.0
2005-11-01,"Phoenix-Mesa-Chandler, AZ Metro Area",Total Private,1615000.0
2005-11-01,"Pittsburgh, PA Metro Area",Government,131200.0
2005-11-01,"Pittsburgh, PA Metro Area",Total Private,1013100.0
2005-11-01,"Portland-Vancouver-Hillsboro, OR-WA Metro Area",Government,141400.0
2005-11-01,"Portland-Vancouver-Hillsboro, OR-WA Metro Area",Total Private,876500.0
2005-11-01,"Riverside-San Bernardino-Ontario, CA Metro Area",Government,224300.0
2005-11-01,"Riverside-San Bernardino-Ontario, CA Metro Area",Total Private,1047599.9999999999
2005-11-01,"Sacramento-Roseville-Folsom, CA Metro Area",Government,226300.0
2005-11-01,"Sacramento-Roseville-Folsom, CA Metro Area",Total Private,684500.0
2005-11-01,"Salt Lake City, UT Metro Area",Government,89400.0
2005-11-01,"Salt Lake City, UT Metro Area",Total Private,493000.0
2005-11-01,"San Antonio-New Braunfels, TX Metro Area",Government,148700.0
2005-11-01,"San Antonio-New Braunfels, TX Metro Area",Total Private,656900.0
2005-11-01,"San Diego-Chula Vista-Carlsbad, CA Metro Area",Government,217900.0
2005-11-01,"San Diego-Chula Vista-Carlsbad, CA Metro Area",Total Private,1090000.0
2005-11-01,"San Francisco-Oakland-Berkeley, CA Metro Area",Government,318100.0
2005-11-01,"San Francisco-Oakland-Berkeley, CA Metro Area",Total Private,1712600.0
2005-11-01,"San Jose-Sunnyvale-Santa Clara, CA Metro Area",Government,96600.0
2005-11-01,"San Jose-Sunnyvale-Santa Clara, CA Metro Area",Total Private,796600.0
2005-11-01,"St. Louis, MO-IL Metro Area",Government,169200.0
2005-11-01,"St. Louis, MO-IL Metro Area",Total Private,1177900.0
2005-11-01,"Tampa-St. Petersburg-Clearwater, FL Metro Area",Government,151500.0
2005-11-01,"Tampa-St. Petersburg-Clearwater, FL Metro Area",Total Private,1069400.0
2005-11-01,"Yuba City, CA Metro Area",Government,12000.0
2005-11-01,"Yuba City, CA Metro Area",Total Private,29300.0
2005-12-01,"Austin-Round Rock-Georgetown, TX Metro Area",Government,153300.0
2005-12-01,"Austin-Round Rock-Georgetown, TX Metro Area",Total Private,567000.0
2005-12-01,"Charlotte-Concord-Gastonia, NC-SC Metro Area",Government,128400.0
2005-12-01,"Charlotte-Concord-Gastonia, NC-SC Metro Area",Total Private,843500.0
2005-12-01,"Cincinnati, OH-KY-IN Metro Area",Government,134200.0
2005-12-01,"Cincinnati, OH-KY-IN Metro Area",Total Private,911000.0
2005-12-01,"Cleveland-Elyria, OH Metro Area",Government,142600.0
2005-12-01,"Cleveland-Elyria, OH Metro Area",Total Private,942600.0
2005-12-01,"Columbus, OH Metro Area",Government,167000.0
2005-12-01,"Columbus, OH Metro Area",Total Private,792900.0
2005-12-01,"Detroit-Warren-Dearborn, MI Metro Area",Government,237500.0
2005-12-01,"Detroit-Warren-Dearborn, MI Metro Area",Total Private,1830200.0
2005-12-01,"Indianapolis-Carmel-Anderson, IN Metro Area",Government,123200.0
2005-12-01,"Indianapolis-Carmel-Anderson, IN Metro Area",Total Private,818500.0
2005-12-01,"Kansas City, MO-KS Metro Area",Government,144100.0
2005-12-01,"Kansas City, MO-KS Metro Area",Total Private,844000.0
2005-12-01,"Miami-Fort Lauderdale-Pompano Beach, FL Metro Area",Government,325700.0
2005-12-01,"Miami-Fort Lauderdale-Pompano Beach, FL Metro Area",Total Private,2083800.0000000002
2005-12-01,"Orlando-Kissimmee-Sanford, FL Metro Area",Government,113600.0
2005-12-01,"Orlando-Kissimmee-Sanford, FL Metro Area",Total Private,930800.0
2005-12-01,"Phoenix-Mesa-Chandler, AZ Metro Area",Government,234900.0
2005-12-01,"Phoenix-Mesa-Chandler, AZ Metro Area",Total Private,1627700.0
2005-12-01,"Pittsburgh, PA Metro Area",Government,130100.0
2005-12-01,"Pittsburgh, PA Metro Area",Total Private,1011100.0
2005-12-01,"Portland-Vancouver-Hillsboro, OR-WA Metro Area",Government,140700.0
2005-12-01,"Portland-Vancouver-Hillsboro, OR-WA Metro Area",Total Private,881300.0
2005-12-01,"Riverside-San Bernardino-Ontario, CA Metro Area",Government,225500.0
2005-12-01,"Riverside-San Bernardino-Ontario, CA Metro Area",Total Private,1056700.0
2005-12-01,"Sacramento-Roseville-Folsom, CA Metro Area",Government,226100.0
2005-12-01,"Sacramento-Roseville-Folsom, CA Metro Area",Total Private,688900.0
2005-12-01,"Salt Lake City, UT Metro Area",Government,89700.0
2005-12-01,"Salt Lake City, UT Metro Area",Total Private,497000.0
2005-12-01,"San Antonio-New Braunfels, TX Metro Area",Government,148600.0
2005-12-01,"San Antonio-New Braunfels, TX Metro Area",Total Private,659900.0
2005-12-01,"San Diego-Chula Vista-Carlsbad, CA Metro Area",Government,217500.0
2005-12-01,"San Diego-Chula Vista-Carlsbad, CA Metro Area",Total Private,1098200.0
2005-12-01,"San Francisco-Oakland-Berkeley, CA Metro Area",Government,315700.0
2005-12-01,"San Francisco-Oakland-Berkeley, CA Metro Area",Total Private,1722800.0
2005-12-01,"San Jose-Sunnyvale-Santa Clara, CA Metro Area",Government,96200.0
2005-12-01,"San Jose-Sunnyvale-Santa Clara, CA Metro Area",Total Private,803600.0
2005-12-01,"St. Louis, MO-IL Metro Area",Government,168800.0
2005-12-01,"St. Louis, MO-IL Metro Area",Total Private,1180600.0
2005-12-01,"Tampa-St. Petersburg-Clearwater, FL Metro Area",Government,150700.0
2005-12-01,"Tampa-St. Petersburg-Clearwater, FL Metro Area",Total Private,1077700.0
2005-12-01,"Yuba City, CA Metro Area",Government,11700.0
2005-12-01,"Yuba City, CA Metro Area",Total Private,29500.0
2006-01-01,"Austin-Round Rock-Georgetown, TX Metro Area",Government,153400.0
2006-01-01,"Austin-Round Rock-Georgetown, TX Metro Area",Total Private,556000.0
2006-01-01,"Charlotte-Concord-Gastonia, NC-SC Metro Area",Government,127200.0
2006-01-01,"Charlotte-Concord-Gastonia, NC-SC Metro Area",Total Private,834500.0
2006-01-01,"Cincinnati, OH-KY-IN Metro Area",Government,130900.0
2006-01-01,"Cincinnati, OH-KY-IN Metro Area",Total Private,883600.0
2006-01-01,"Cleveland-Elyria, OH Metro Area",Government,138800.0
2006-01-01,"Cleveland-Elyria, OH Metro Area",Total Private,914700.0
2006-01-01,"Columbus, OH Metro Area",Government,163300.0
2006-01-01,"Columbus, OH Metro Area",Total Private,765700.0
2006-01-01,"Detroit-Warren-Dearborn, MI Metro Area",Government,231300.0
2006-01-01,"Detroit-Warren-Dearborn, MI Metro Area",Total Private,1758000.0
2006-01-01,"Indianapolis-Carmel-Anderson, IN Metro Area",Government,122200.0
2006-01-01,"Indianapolis-Carmel-Anderson, IN Metro Area",Total Private,793500.0
2006-01-01,"Kansas City, MO-KS Metro Area",Government,141900.0
2006-01-01,"Kansas City, MO-KS Metro Area",Total Private,825000.0
2006-01-01,"Miami-Fort Lauderdale-Pompano Beach, FL Metro Area",Government,324300.0
2006-01-01,"Miami-Fort Lauderdale-Pompano Beach, FL Metro Area",Total Private,2041500.0
2006-01-01,"Orlando-Kissimmee-Sanford, FL Metro Area",Government,113200.0
2006-01-01,"Orlando-Kissimmee-Sanford, FL Metro Area",Total Private,921100.0
2006-01-01,"Phoenix-Mesa-Chandler, AZ Metro Area",Government,223600.0
2006-01-01,"Phoenix-Mesa-Chandler, AZ Metro Area",Total Private,1608200.0
2006-01-01,"Pittsburgh, PA Metro Area",Government,126900.0
2006-01-01,"Pittsburgh, PA Metro Area",Total Private,983500.0
2006-01-01,"Portland-Vancouver-Hillsboro, OR-WA Metro Area",Government,138300.0
2006-01-01,"Portland-Vancouver-Hillsboro, OR-WA Metro Area",Total Private,857400.0
2006-01-01,"Riverside-San Bernardino-Ontario, CA Metro Area",Government,221000.0
2006-01-01,"Riverside-San Bernardino-Ontario, CA Metro Area",Total Private,1043099.9999999999
2006-01-01,"Sacramento-Roseville-Folsom, CA Metro Area",Government,225100.0
2006-01-01,"Sacramento-Roseville-Folsom, CA Metro Area",Total Private,679300.0
2006-01-01,"Salt Lake City, UT Metro Area",Government,89100.0
2006-01-01,"Salt Lake City, UT Metro Area",Total Private,485200.0
2006-01-01,"San Antonio-New Braunfels, TX Metro Area",Government,146800.0
2006-01-01,"San Antonio-New Braunfels, TX Metro Area",Total Private,648600.0
2006-01-01,"San Diego-Chula Vista-Carlsbad, CA Metro Area",Government,216200.0
2006-01-01,"San Diego-Chula Vista-Carlsbad, CA Metro Area",Total Private,1073400.0
2006-01-01,"San Francisco-Oakland-Berkeley, CA Metro Area",Government,314300.0
2006-01-01,"San Francisco-Oakland-Berkeley, CA Metro Area",Total Private,1682700.0
2006-01-01,"San Jose-Sunnyvale-Santa Clara, CA Metro Area",Government,95700.0
2006-01-01,"San Jose-Sunnyvale-Santa Clara, CA Metro Area",Total Private,789200.0
2006-01-01,"St. Louis, MO-IL Metro Area",Government,165200.0
2006-01-01,"St. Louis, MO-IL Metro Area",Total Private,1152800.0
2006-01-01,"Tampa-St. Petersburg-Clearwater, FL Metro Area",Government,149600.0
2006-01-01,"Tampa-St. Petersburg-Clearwater, FL Metro Area",Total Private,1062600.0
2006-01-01,"Yuba City, CA Metro Area",Government,11800.0
2006-01-01,"Yuba City, CA Metro Area",Total Private,28800.0
2006-02-01,"Austin-Round Rock-Georgetown, TX Metro Area",Government,157200.0
2006-02-01,"Austin-Round Rock-Georgetown, TX Metro Area",Total Private,560200.0
2006-02-01,"Charlotte-Concord-Gastonia, NC-SC Metro Area",Government,128000.0
2006-02-01,"Charlotte-Concord-Gastonia, NC-SC Metro Area",Total Private,837200.0
2006-02-01,"Cincinnati, OH-KY-IN Metro Area",Government,134000.0
2006-02-01,"Cincinnati, OH-KY-IN Metro Area",Total Private,884000.0
2006-02-01,"Cleveland-Elyria, OH Metro Area",Government,141800.0
2006-02-01,"Cleveland-Elyria, OH Metro Area",Total Private,915700.0
2006-02-01,"Columbus, OH Metro Area",Government,166300.0
2006-02-01,"Columbus, OH Metro Area",Total Private,767700.0
2006-02-01,"Detroit-Warren-Dearborn, MI Metro Area",Government,236900.0
2006-02-01,"Detroit-Warren-Dearborn, MI Metro Area",Total Private,1755700.0
2006-02-01,"Indianapolis-Carmel-Anderson, IN Metro Area",Government,125900.0
2006-02-01,"Indianapolis-Carmel-Anderson, IN Metro Area",Total Private,796300.0
2006-02-01,"Kansas City, MO-KS Metro Area",Government,146300.0
2006-02-01,"Kansas City, MO-KS Metro Area",Total Private,825300.0
2006-02-01,"Miami-Fort Lauderdale-Pompano Beach, FL Metro Area",Government,325500.0
2006-02-01,"Miami-Fort Lauderdale-Pompano Beach, FL Metro Area",Total Private,2063699.9999999998
2006-02-01,"Orlando-Kissimmee-Sanford, FL Metro Area",Government,114600.0
2006-02-01,"Orlando-Kissimmee-Sanford, FL Metro Area",Total Private,926800.0
2006-02-01,"Phoenix-Mesa-Chandler, AZ Metro Area",Government,234200.0
2006-02-01,"Phoenix-Mesa-Chandler, AZ Metro Area",Total Private,1630200.0
2006-02-01,"Pittsburgh, PA Metro Area",Government,130100.0
2006-02-01,"Pittsburgh, PA Metro Area",Total Private,985000.0
2006-02-01,"Portland-Vancouver-Hillsboro, OR-WA Metro Area",Government,140400.0
2006-02-01,"Portland-Vancouver-Hillsboro, OR-WA Metro Area",Total Private,864300.0
2006-02-01,"Riverside-San Bernardino-Ontario, CA Metro Area",Government,221300.0
2006-02-01,"Riverside-San Bernardino-Ontario, CA Metro Area",Total Private,1051200.0
2006-02-01,"Sacramento-Roseville-Folsom, CA Metro Area",Government,227300.0
2006-02-01,"Sacramento-Roseville-Folsom, CA Metro Area",Total Private,681100.0
2006-02-01,"Salt Lake City, UT Metro Area",Government,89700.0
2006-02-01,"Salt Lake City, UT Metro Area",Total Private,488500.0
2006-02-01,"San Antonio-New Braunfels, TX Metro Area",Government,149100.0
2006-02-01,"San Antonio-New Braunfels, TX Metro Area",Total Private,654500.0
2006-02-01,"San Diego-Chula Vista-Carlsbad, CA Metro Area",Government,218800.0
2006-02-01,"San Diego-Chula Vista-Carlsbad, CA Metro Area",Total Private,1080300.0
2006-02-01,"San Francisco-Oakland-Berkeley, CA Metro Area",Government,317700.0
2006-02-01,"San Francisco-Oakland-Berkeley, CA Metro Area",Total Private,1695800.0
2006-02-01,"San Jose-Sunnyvale-Santa Clara, CA Metro Area",Government,96500.0
2006-02-01,"San Jose-Sunnyvale-Santa Clara, CA Metro Area",Total Private,796300.0
2006-02-01,"St. Louis, MO-IL Metro Area",Government,168000.0
2006-02-01,"St. Louis, MO-IL Metro Area",Total Private,1155100.0
2006-02-01,"Tampa-St. Petersburg-Clearwater, FL Metro Area",Government,150400.0
2006-02-01,"Tampa-St. Petersburg-Clearwater, FL Metro Area",Total Private,1071500.0
2006-02-01,"Yuba City, CA Metro Area",Government,12000.0
2006-02-01,"Yuba City, CA Metro Area",Total Private,29100.0
2006-03-01,"Austin-Round Rock-Georgetown, TX Metro Area",Government,157500.0
2006-03-01,"Austin-Round Rock-Georgetown, TX Metro Area",Total Private,566800.0
2006-03-01,"Charlotte-Concord-Gastonia, NC-SC Metro Area",Government,128699.99999999999
2006-03-01,"Charlotte-Concord-Gastonia, NC-SC Metro Area",Total Private,846300.0
2006-03-01,"Cincinnati, OH-KY-IN Metro Area",Government,135400.0
2006-03-01,"Cincinnati, OH-KY-IN Metro Area",Total Private,889800.0
2006-03-01,"Cleveland-Elyria, OH Metro Area",Government,143100.0
2006-03-01,"Cleveland-Elyria, OH Metro Area",Total Private,922200.0
2006-03-01,"Columbus, OH Metro Area",Government,167600.0
2006-03-01,"Columbus, OH Metro Area",Total Private,773800.0
2006-03-01,"Detroit-Warren-Dearborn, MI Metro Area",Government,238100.0
2006-03-01,"Detroit-Warren-Dearborn, MI Metro Area",Total Private,1762400.0
2006-03-01,"Indianapolis-Carmel-Anderson, IN Metro Area",Government,126300.0
2006-03-01,"Indianapolis-Carmel-Anderson, IN Metro Area",Total Private,805400.0
2006-03-01,"Kansas City, MO-KS Metro Area",Government,147400.0
2006-03-01,"Kansas City, MO-KS Metro Area",Total Private,833800.0
2006-03-01,"Miami-Fort Lauderdale-Pompano Beach, FL Metro Area",Government,327000.0
2006-03-01,"Miami-Fort Lauderdale-Pompano Beach, FL Metro Area",Total Private,2083000.0
2006-03-01,"Orlando-Kissimmee-Sanford, FL Metro Area",Government,114500.0
2006-03-01,"Orlando-Kissimmee-Sanford, FL Metro Area",Total Private,935700.0
2006-03-01,"Phoenix-Mesa-Chandler, AZ Metro Area",Government,234200.0
2006-03-01,"Phoenix-Mesa-Chandler, AZ Metro Area",Total Private,1647400.0
2006-03-01,"Pittsburgh, PA Metro Area",Government,130699.99999999999
2006-03-01,"Pittsburgh, PA Metro Area",Total Private,994300.0
2006-03-01,"Portland-Vancouver-Hillsboro, OR-WA Metro Area",Government,141500.0
2006-03-01,"Portland-Vancouver-Hillsboro, OR-WA Metro Area",Total Private,870000.0
2006-03-01,"Riverside-San Bernardino-Ontario, CA Metro Area",Government,223400.0
2006-03-01,"Riverside-San Bernardino-Ontario, CA Metro Area",Total Private,1059000.0
2006-03-01,"Sacramento-Roseville-Folsom, CA Metro Area",Government,228600.0
2006-03-01,"Sacramento-Roseville-Folsom, CA Metro Area",Total Private,681500.0
2006-03-01,"Salt Lake City, UT Metro Area",Government,89500.0
2006-03-01,"Salt Lake City, UT Metro Area",Total Private,493300.0
2006-03-01,"San Antonio-New Braunfels, TX Metro Area",Government,149000.0
2006-03-01,"San Antonio-New Braunfels, TX Metro Area",Total Private,663600.0
2006-03-01,"San Diego-Chula Vista-Carlsbad, CA Metro Area",Government,219700.0
2006-03-01,"San Diego-Chula Vista-Carlsbad, CA Metro Area",Total Private,1086200.0
2006-03-01,"San Francisco-Oakland-Berkeley, CA Metro Area",Government,320000.0
2006-03-01,"San Francisco-Oakland-Berkeley, CA Metro Area",Total Private,1702300.0
2006-03-01,"San Jose-Sunnyvale-Santa Clara, CA Metro Area",Government,96700.0
2006-03-01,"San Jose-Sunnyvale-Santa Clara, CA Metro Area",Total Private,799600.0
2006-03-01,"St. Louis, MO-IL Metro Area",Government,168300.0
2006-03-01,"St. Louis, MO-IL Metro Area",Total Private,1166100.0
2006-03-01,"Tampa-St. Petersburg-Clearwater, FL Metro Area",Government,150300.0
2006-03-01,"Tampa-St. Petersburg-Clearwater, FL Metro Area",Total Private,1087600.0
2006-03-01,"Yuba City, CA Metro Area",Government,12100.0
2006-03-01,"Yuba City, CA Metro Area",Total Private,29200.0
2006-04-01,"Austin-Round Rock-Georgetown, TX Metro Area",Government,158000.0
2006-04-01,"Austin-Round Rock-Georgetown, TX Metro Area",Total Private,572300.0
2006-04-01,"Charlotte-Concord-Gastonia, NC-SC Metro Area",Government,128800.00000000001
2006-04-01,"Charlotte-Concord-Gastonia, NC-SC Metro Area",Total Private,856600.0
2006-04-01,"Cincinnati, OH-KY-IN Metro Area",Government,135500.0
2006-04-01,"Cincinnati, OH-KY-IN Metro Area",Total Private,897800.0
2006-04-01,"Cleveland-Elyria, OH Metro Area",Government,143100.0
2006-04-01,"Cleveland-Elyria, OH Metro Area",Total Private,931600.0
2006-04-01,"Columbus, OH Metro Area",Government,167900.0
2006-04-01,"Columbus, OH Metro Area",Total Private,780700.0
2006-04-01,"Detroit-Warren-Dearborn, MI Metro Area",Government,237600.0
2006-04-01,"Detroit-Warren-Dearborn, MI Metro Area",Total Private,1775000.0
2006-04-01,"Indianapolis-Carmel-Anderson, IN Metro Area",Government,126200.0
2006-04-01,"Indianapolis-Carmel-Anderson, IN Metro Area",Total Private,814500.0
2006-04-01,"Kansas City, MO-KS Metro Area",Government,146600.0
2006-04-01,"Kansas City, MO-KS Metro Area",Total Private,844000.0
2006-04-01,"Miami-Fort Lauderdale-Pompano Beach, FL Metro Area",Government,325400.0
2006-04-01,"Miami-Fort Lauderdale-Pompano Beach, FL Metro Area",Total Private,2071100.0
2006-04-01,"Orlando-Kissimmee-Sanford, FL Metro Area",Government,115500.0
2006-04-01,"Orlando-Kissimmee-Sanford, FL Metro Area",Total Private,940000.0
2006-04-01,"Phoenix-Mesa-Chandler, AZ Metro Area",Government,234100.0
2006-04-01,"Phoenix-Mesa-Chandler, AZ Metro Area",Total Private,1651400.0
2006-04-01,"Pittsburgh, PA Metro Area",Government,130600.0
2006-04-01,"Pittsburgh, PA Metro Area",Total Private,1005200.0
2006-04-01,"Portland-Vancouver-Hillsboro, OR-WA Metro Area",Government,141500.0
2006-04-01,"Portland-Vancouver-Hillsboro, OR-WA Metro Area",Total Private,877200.0
2006-04-01,"Riverside-San Bernardino-Ontario, CA Metro Area",Government,226100.0
2006-04-01,"Riverside-San Bernardino-Ontario, CA Metro Area",Total Private,1060500.0
2006-04-01,"Sacramento-Roseville-Folsom, CA Metro Area",Government,229000.0
2006-04-01,"Sacramento-Roseville-Folsom, CA Metro Area",Total Private,677900.0
2006-04-01,"Salt Lake City, UT Metro Area",Government,89700.0
2006-04-01,"Salt Lake City, UT Metro Area",Total Private,496800.0
2006-04-01,"San Antonio-New Braunfels, TX Metro Area",Government,151300.0
2006-04-01,"San Antonio-New Braunfels, TX Metro Area",Total Private,667700.0
2006-04-01,"San Diego-Chula Vista-Carlsbad, CA Metro Area",Government,219900.0
2006-04-01,"San Diego-Chula Vista-Carlsbad, CA Metro Area",Total Private,1087100.0
2006-04-01,"San Francisco-Oakland-Berkeley, CA Metro Area",Government,319400.0
2006-04-01,"San Francisco-Oakland-Berkeley, CA Metro Area",Total Private,1704200.0
2006-04-01,"San Jose-Sunnyvale-Santa Clara, CA Metro Area",Government,97300.0
2006-04-01,"San Jose-Sunnyvale-Santa Clara, CA Metro Area",Total Private,799000.0
2006-04-01,"St. Louis, MO-IL Metro Area",Government,169500.0
2006-04-01,"St. Louis, MO-IL Metro Area",Total Private,1180200.0
2006-04-01,"Tampa-St. Petersburg-Clearwater, FL Metro Area",Government,150800.0
2006-04-01,"Tampa-St. Petersburg-Clearwater, FL Metro Area",Total Private,1085400.0
2006-04-01,"Yuba City, CA Metro Area",Government,12100.0
2006-04-01,"Yuba City, CA Metro Area",Total Private,29000.0
2006-05-01,"Austin-Round Rock-Georgetown, TX Metro Area",Government,158300.0
2006-05-01,"Austin-Round Rock-Georgetown, TX Metro Area",Total Private,576500.0
2006-05-01,"Charlotte-Concord-Gastonia, NC-SC Metro Area",Government,129100.0
2006-05-01,"Charlotte-Concord-Gastonia, NC-SC Metro Area",Total Private,863600.0
2006-05-01,"Cincinnati, OH-KY-IN Metro Area",Government,136200.0
2006-05-01,"Cincinnati, OH-KY-IN Metro Area",Total Private,904300.0
2006-05-01,"Cleveland-Elyria, OH Metro Area",Government,144000.0
2006-05-01,"Cleveland-Elyria, OH Metro Area",Total Private,938000.0
2006-05-01,"Columbus, OH Metro Area",Government,168800.0
2006-05-01,"Columbus, OH Metro Area",Total Private,786000.0
2006-05-01,"Detroit-Warren-Dearborn, MI Metro Area",Government,238700.0
2006-05-01,"Detroit-Warren-Dearborn, MI Metro Area",Total Private,1792100.0
2006-05-01,"Indianapolis-Carmel-Anderson, IN Metro Area",Government,127400.0
2006-05-01,"Indianapolis-Carmel-Anderson, IN Metro Area",Total Private,822400.0
2006-05-01,"Kansas City, MO-KS Metro Area",Government,147100.0
2006-05-01,"Kansas City, MO-KS Metro Area",Total Private,848400.0
2006-05-01,"Miami-Fort Lauderdale-Pompano Beach, FL Metro Area",Government,325900.0
2006-05-01,"Miami-Fort Lauderdale-Pompano Beach, FL Metro Area",Total Private,2081100.0
2006-05-01,"Orlando-Kissimmee-Sanford, FL Metro Area",Government,115300.0
2006-05-01,"Orlando-Kissimmee-Sanford, FL Metro Area",Total Private,944500.0
2006-05-01,"Phoenix-Mesa-Chandler, AZ Metro Area",Government,235900.0
2006-05-01,"Phoenix-Mesa-Chandler, AZ Metro Area",Total Private,1657800.0
2006-05-01,"Pittsburgh, PA Metro Area",Government,130400.0
2006-05-01,"Pittsburgh, PA Metro Area",Total Private,1015100.0
2006-05-01,"Portland-Vancouver-Hillsboro, OR-WA Metro Area",Government,143400.0
2006-05-01,"Portland-Vancouver-Hillsboro, OR-WA Metro Area",Total Private,882800.0
2006-05-01,"Riverside-San Bernardino-Ontario, CA Metro Area",Government,226900.0
2006-05-01,"Riverside-San Bernardino-Ontario, CA Metro Area",Total Private,1064300.0
2006-05-01,"Sacramento-Roseville-Folsom, CA Metro Area",Government,229700.0
2006-05-01,"Sacramento-Roseville-Folsom, CA Metro Area",Total Private,687000.0
2006-05-01,"Salt Lake City, UT Metro Area",Government,89200.0
2006-05-01,"Salt Lake City, UT Metro Area",Total Private,500900.0
2006-05-01,"San Antonio-New Braunfels, TX Metro Area",Government,151200.0
2006-05-01,"San Antonio-New Braunfels, TX Metro Area",Total Private,673200.0
2006-05-01,"San Diego-Chula Vista-Carlsbad, CA Metro Area",Government,220000.0
2006-05-01,"San Diego-Chula Vista-Carlsbad, CA Metro Area",Total Private,1095600.0
2006-05-01,"San Francisco-Oakland-Berkeley, CA Metro Area",Government,320100.0
2006-05-01,"San Francisco-Oakland-Berkeley, CA Metro Area",Total Private,1721000.0
2006-05-01,"San Jose-Sunnyvale-Santa Clara, CA Metro Area",Government,97800.0
2006-05-01,"San Jose-Sunnyvale-Santa Clara, CA Metro Area",Total Private,805700.0
2006-05-01,"St. Louis, MO-IL Metro Area",Government,170500.0
2006-05-01,"St. Louis, MO-IL Metro Area",Total Private,1185900.0
2006-05-01,"Tampa-St. Petersburg-Clearwater, FL Metro Area",Government,150300.0
2006-05-01,"Tampa-St. Petersburg-Clearwater, FL Metro Area",Total Private,1088400.0
2006-05-01,"Yuba City, CA Metro Area",Government,12100.0
2006-05-01,"Yuba City, CA Metro Area",Total Private,29900.0
2006-06-01,"Austin-Round Rock-Georgetown, TX Metro Area",Government,154400.0
2006-06-01,"Austin-Round Rock-Georgetown, TX Metro Area",Total Private,583700.0
2006-06-01,"Charlotte-Concord-Gastonia, NC-SC Metro Area",Government,118900.0
2006-06-01,"Charlotte-Concord-Gastonia, NC-SC Metro Area",Total Private,867300.0
2006-06-01,"Cincinnati, OH-KY-IN Metro Area",Government,132300.0
2006-06-01,"Cincinnati, OH-KY-IN Metro Area",Total Private,912600.0
2006-06-01,"Cleveland-Elyria, OH Metro Area",Government,142300.0
2006-06-01,"Cleveland-Elyria, OH Metro Area",Total Private,946500.0
2006-06-01,"Columbus, OH Metro Area",Government,161200.0
2006-06-01,"Columbus, OH Metro Area",Total Private,790600.0
2006-06-01,"Detroit-Warren-Dearborn, MI Metro Area",Government,234300.0
2006-06-01,"Detroit-Warren-Dearborn, MI Metro Area",Total Private,1802100.0
2006-06-01,"Indianapolis-Carmel-Anderson, IN Metro Area",Government,117100.0
2006-06-01,"Indianapolis-Carmel-Anderson, IN Metro Area",Total Private,828900.0
2006-06-01,"Kansas City, MO-KS Metro Area",Government,144600.0
2006-06-01,"Kansas City, MO-KS Metro Area",Total Private,855700.0
2006-06-01,"Miami-Fort Lauderdale-Pompano Beach, FL Metro Area",Government,297700.0
2006-06-01,"Miami-Fort Lauderdale-Pompano Beach, FL Metro Area",Total Private,2085900.0
2006-06-01,"Orlando-Kissimmee-Sanford, FL Metro Area",Government,104400.0
2006-06-01,"Orlando-Kissimmee-Sanford, FL Metro Area",Total Private,946000.0
2006-06-01,"Phoenix-Mesa-Chandler, AZ Metro Area",Government,210300.0
2006-06-01,"Phoenix-Mesa-Chandler, AZ Metro Area",Total Private,1663600.0
2006-06-01,"Pittsburgh, PA Metro Area",Government,129199.99999999999
2006-06-01,"Pittsburgh, PA Metro Area",Total Private,1022400.0
2006-06-01,"Portland-Vancouver-Hillsboro, OR-WA Metro Area",Government,143000.0
2006-06-01,"Portland-Vancouver-Hillsboro, OR-WA Metro Area",Total Private,888400.0
2006-06-01,"Riverside-San Bernardino-Ontario, CA Metro Area",Government,227300.0
2006-06-01,"Riverside-San Bernardino-Ontario, CA Metro Area",Total Private,1068800.0
2006-06-01,"Sacramento-Roseville-Folsom, CA Metro Area",Government,230800.0
2006-06-01,"Sacramento-Roseville-Folsom, CA Metro Area",Total Private,693700.0
2006-06-01,"Salt Lake City, UT Metro Area",Government,89900.0
2006-06-01,"Salt Lake City, UT Metro Area",Total Private,506000.0
2006-06-01,"San Antonio-New Braunfels, TX Metro Area",Government,147800.0
2006-06-01,"San Antonio-New Braunfels, TX Metro Area",Total Private,679400.0
2006-06-01,"San Diego-Chula Vista-Carlsbad, CA Metro Area",Government,221200.0
2006-06-01,"San Diego-Chula Vista-Carlsbad, CA Metro Area",Total Private,1103300.0
2006-06-01,"San Francisco-Oakland-Berkeley, CA Metro Area",Government,318500.0
2006-06-01,"San Francisco-Oakland-Berkeley, CA Metro Area",Total Private,1733000.0
2006-06-01,"San Jose-Sunnyvale-Santa Clara, CA Metro Area",Government,97400.0
2006-06-01,"San Jose-Sunnyvale-Santa Clara, CA Metro Area",Total Private,811900.0
2006-06-01,"St. Louis, MO-IL Metro Area",Government,164700.0
2006-06-01,"St. Louis, MO-IL Metro Area",Total Private,1195000.0
2006-06-01,"Tampa-St. Petersburg-Clearwater, FL Metro Area",Government,138500.0
2006-06-01,"Tampa-St. Petersburg-Clearwater, FL Metro Area",Total Private,1089500.0
2006-06-01,"Yuba City, CA Metro Area",Government,12300.0
2006-06-01,"Yuba City, CA Metro Area",Total Private,30500.0
2006-07-01,"Austin-Round Rock-Georgetown, TX Metro Area",Government,141900.0
2006-07-01,"Austin-Round Rock-Georgetown, TX Metro Area",Total Private,584600.0
2006-07-01,"Charlotte-Concord-Gastonia, NC-SC Metro Area",Government,99900.0
2006-07-01,"Charlotte-Concord-Gastonia, NC-SC Metro Area",Total Private,870600.0
2006-07-01,"Cincinnati, OH-KY-IN Metro Area",Government,124400.0
2006-07-01,"Cincinnati, OH-KY-IN Metro Area",Total Private,910600.0
2006-07-01,"Cleveland-Elyria, OH Metro Area",Government,133900.0
2006-07-01,"Cleveland-Elyria, OH Metro Area",Total Private,942900.0
2006-07-01,"Columbus, OH Metro Area",Government,157000.0
2006-07-01,"Columbus, OH Metro Area",Total Private,788100.0
2006-07-01,"Detroit-Warren-Dearborn, MI Metro Area",Government,207400.0
2006-07-01,"Detroit-Warren-Dearborn, MI Metro Area",Total Private,1747400.0
2006-07-01,"Indianapolis-Carmel-Anderson, IN Metro Area",Government,109500.0
2006-07-01,"Indianapolis-Carmel-Anderson, IN Metro Area",Total Private,822100.0
2006-07-01,"Kansas City, MO-KS Metro Area",Government,132900.0
2006-07-01,"Kansas City, MO-KS Metro Area",Total Private,849400.0
2006-07-01,"Miami-Fort Lauderdale-Pompano Beach, FL Metro Area",Government,293500.0
2006-07-01,"Miami-Fort Lauderdale-Pompano Beach, FL Metro Area",Total Private,2058900.0
2006-07-01,"Orlando-Kissimmee-Sanford, FL Metro Area",Government,102100.0
2006-07-01,"Orlando-Kissimmee-Sanford, FL Metro Area",Total Private,939200.0
2006-07-01,"Phoenix-Mesa-Chandler, AZ Metro Area",Government,206000.0
2006-07-01,"Phoenix-Mesa-Chandler, AZ Metro Area",Total Private,1651100.0
2006-07-01,"Pittsburgh, PA Metro Area",Government,117200.0
2006-07-01,"Pittsburgh, PA Metro Area",Total Private,1019000.0
2006-07-01,"Portland-Vancouver-Hillsboro, OR-WA Metro Area",Government,130600.0
2006-07-01,"Portland-Vancouver-Hillsboro, OR-WA Metro Area",Total Private,891500.0
2006-07-01,"Riverside-San Bernardino-Ontario, CA Metro Area",Government,216100.0
2006-07-01,"Riverside-San Bernardino-Ontario, CA Metro Area",Total Private,1064600.0
2006-07-01,"Sacramento-Roseville-Folsom, CA Metro Area",Government,225600.0
2006-07-01,"Sacramento-Roseville-Folsom, CA Metro Area",Total Private,691900.0
2006-07-01,"Salt Lake City, UT Metro Area",Government,87000.0
2006-07-01,"Salt Lake City, UT Metro Area",Total Private,506000.0
2006-07-01,"San Antonio-New Braunfels, TX Metro Area",Government,140800.0
2006-07-01,"San Antonio-New Braunfels, TX Metro Area",Total Private,679200.0
2006-07-01,"San Diego-Chula Vista-Carlsbad, CA Metro Area",Government,210600.0
2006-07-01,"San Diego-Chula Vista-Carlsbad, CA Metro Area",Total Private,1099100.0
2006-07-01,"San Francisco-Oakland-Berkeley, CA Metro Area",Government,309200.0
2006-07-01,"San Francisco-Oakland-Berkeley, CA Metro Area",Total Private,1727000.0
2006-07-01,"San Jose-Sunnyvale-Santa Clara, CA Metro Area",Government,95100.0
2006-07-01,"San Jose-Sunnyvale-Santa Clara, CA Metro Area",Total Private,811500.0
2006-07-01,"St. Louis, MO-IL Metro Area",Government,148500.0
2006-07-01,"St. Louis, MO-IL Metro Area",Total Private,1188500.0
2006-07-01,"Tampa-St. Petersburg-Clearwater, FL Metro Area",Government,137400.0
2006-07-01,"Tampa-St. Petersburg-Clearwater, FL Metro Area",Total Private,1079200.0
2006-07-01,"Yuba City, CA Metro Area",Government,10600.0
2006-07-01,"Yuba City, CA Metro Area",Total Private,30600.0
2006-08-01,"Austin-Round Rock-Georgetown, TX Metro Area",Government,145500.0
2006-08-01,"Austin-Round Rock-Georgetown, TX Metro Area",Total Private,589000.0
2006-08-01,"Charlotte-Concord-Gastonia, NC-SC Metro Area",Government,117600.0
2006-08-01,"Charlotte-Concord-Gastonia, NC-SC Metro Area",Total Private,874700.0
2006-08-01,"Cincinnati, OH-KY-IN Metro Area",Government,125900.0
2006-08-01,"Cincinnati, OH-KY-IN Metro Area",Total Private,913900.0
2006-08-01,"Cleveland-Elyria, OH Metro Area",Government,133100.0
2006-08-01,"Cleveland-Elyria, OH Metro Area",Total Private,945200.0
2006-08-01,"Columbus, OH Metro Area",Government,156900.0
2006-08-01,"Columbus, OH Metro Area",Total Private,789600.0
2006-08-01,"Detroit-Warren-Dearborn, MI Metro Area",Government,203700.0
2006-08-01,"Detroit-Warren-Dearborn, MI Metro Area",Total Private,1779500.0
2006-08-01,"Indianapolis-Carmel-Anderson, IN Metro Area",Government,114700.0
2006-08-01,"Indianapolis-Carmel-Anderson, IN Metro Area",Total Private,828100.0
2006-08-01,"Kansas City, MO-KS Metro Area",Government,131300.0
2006-08-01,"Kansas City, MO-KS Metro Area",Total Private,855400.0
2006-08-01,"Miami-Fort Lauderdale-Pompano Beach, FL Metro Area",Government,322100.0
2006-08-01,"Miami-Fort Lauderdale-Pompano Beach, FL Metro Area",Total Private,2069600.0
2006-08-01,"Orlando-Kissimmee-Sanford, FL Metro Area",Government,114600.0
2006-08-01,"Orlando-Kissimmee-Sanford, FL Metro Area",Total Private,944500.0
2006-08-01,"Phoenix-Mesa-Chandler, AZ Metro Area",Government,220500.0
2006-08-01,"Phoenix-Mesa-Chandler, AZ Metro Area",Total Private,1661500.0
2006-08-01,"Pittsburgh, PA Metro Area",Government,113600.0
2006-08-01,"Pittsburgh, PA Metro Area",Total Private,1017400.0
2006-08-01,"Portland-Vancouver-Hillsboro, OR-WA Metro Area",Government,128100.0
2006-08-01,"Portland-Vancouver-Hillsboro, OR-WA Metro Area",Total Private,895800.0
2006-08-01,"Riverside-San Bernardino-Ontario, CA Metro Area",Government,212100.0
2006-08-01,"Riverside-San Bernardino-Ontario, CA Metro Area",Total Private,1065300.0
2006-08-01,"Sacramento-Roseville-Folsom, CA Metro Area",Government,223100.0
2006-08-01,"Sacramento-Roseville-Folsom, CA Metro Area",Total Private,695500.0
2006-08-01,"Salt Lake City, UT Metro Area",Government,87000.0
2006-08-01,"Salt Lake City, UT Metro Area",Total Private,511300.0
2006-08-01,"San Antonio-New Braunfels, TX Metro Area",Government,142400.0
2006-08-01,"San Antonio-New Braunfels, TX Metro Area",Total Private,682100.0
2006-08-01,"San Diego-Chula Vista-Carlsbad, CA Metro Area",Government,208200.0
2006-08-01,"San Diego-Chula Vista-Carlsbad, CA Metro Area",Total Private,1105800.0
2006-08-01,"San Francisco-Oakland-Berkeley, CA Metro Area",Government,306900.0
2006-08-01,"San Francisco-Oakland-Berkeley, CA Metro Area",Total Private,1732900.0
2006-08-01,"San Jose-Sunnyvale-Santa Clara, CA Metro Area",Government,93700.0
2006-08-01,"San Jose-Sunnyvale-Santa Clara, CA Metro Area",Total Private,815200.0
2006-08-01,"St. Louis, MO-IL Metro Area",Government,152400.0
2006-08-01,"St. Louis, MO-IL Metro Area",Total Private,1188500.0
2006-08-01,"Tampa-St. Petersburg-Clearwater, FL Metro Area",Government,149200.0
2006-08-01,"Tampa-St. Petersburg-Clearwater, FL Metro Area",Total Private,1084500.0
2006-08-01,"Yuba City, CA Metro Area",Government,11300.0
2006-08-01,"Yuba City, CA Metro Area",Total Private,31000.0
2006-09-01,"Austin-Round Rock-Georgetown, TX Metro Area",Government,159300.0
2006-09-01,"Austin-Round Rock-Georgetown, TX Metro Area",Total Private,590500.0
2006-09-01,"Charlotte-Concord-Gastonia, NC-SC Metro Area",Government,129500.0
2006-09-01,"Charlotte-Concord-Gastonia, NC-SC Metro Area",Total Private,873900.0
2006-09-01,"Cincinnati, OH-KY-IN Metro Area",Government,131300.0
2006-09-01,"Cincinnati, OH-KY-IN Metro Area",Total Private,908200.0
2006-09-01,"Cleveland-Elyria, OH Metro Area",Government,138800.0
2006-09-01,"Cleveland-Elyria, OH Metro Area",Total Private,940200.0
2006-09-01,"Columbus, OH Metro Area",Government,162200.0
2006-09-01,"Columbus, OH Metro Area",Total Private,789500.0
2006-09-01,"Detroit-Warren-Dearborn, MI Metro Area",Government,226800.0
2006-09-01,"Detroit-Warren-Dearborn, MI Metro Area",Total Private,1775600.0
2006-09-01,"Indianapolis-Carmel-Anderson, IN Metro Area",Government,125900.0
2006-09-01,"Indianapolis-Carmel-Anderson, IN Metro Area",Total Private,824900.0
2006-09-01,"Kansas City, MO-KS Metro Area",Government,145500.0
2006-09-01,"Kansas City, MO-KS Metro Area",Total Private,852500.0
2006-09-01,"Miami-Fort Lauderdale-Pompano Beach, FL Metro Area",Government,325800.0
2006-09-01,"Miami-Fort Lauderdale-Pompano Beach, FL Metro Area",Total Private,2075800.0000000002
2006-09-01,"Orlando-Kissimmee-Sanford, FL Metro Area",Government,116100.0
2006-09-01,"Orlando-Kissimmee-Sanford, FL Metro Area",Total Private,948000.0
2006-09-01,"Phoenix-Mesa-Chandler, AZ Metro Area",Government,235400.0
2006-09-01,"Phoenix-Mesa-Chandler, AZ Metro Area",Total Private,1667700.0
2006-09-01,"Pittsburgh, PA Metro Area",Government,126700.0
2006-09-01,"Pittsburgh, PA Metro Area",Total Private,1017700.0
2006-09-01,"Portland-Vancouver-Hillsboro, OR-WA Metro Area",Government,133600.0
2006-09-01,"Portland-Vancouver-Hillsboro, OR-WA Metro Area",Total Private,899400.0
2006-09-01,"Riverside-San Bernardino-Ontario, CA Metro Area",Government,218600.0
2006-09-01,"Riverside-San Bernardino-Ontario, CA Metro Area",Total Private,1067800.0
2006-09-01,"Sacramento-Roseville-Folsom, CA Metro Area",Government,227200.0
2006-09-01,"Sacramento-Roseville-Folsom, CA Metro Area",Total Private,693800.0
2006-09-01,"Salt Lake City, UT Metro Area",Government,89600.0
2006-09-01,"Salt Lake City, UT Metro Area",Total Private,511100.0
2006-09-01,"San Antonio-New Braunfels, TX Metro Area",Government,148400.0
2006-09-01,"San Antonio-New Braunfels, TX Metro Area",Total Private,680700.0
2006-09-01,"San Diego-Chula Vista-Carlsbad, CA Metro Area",Government,214500.0
2006-09-01,"San Diego-Chula Vista-Carlsbad, CA Metro Area",Total Private,1104200.0
2006-09-01,"San Francisco-Oakland-Berkeley, CA Metro Area",Government,314900.0
2006-09-01,"San Francisco-Oakland-Berkeley, CA Metro Area",Total Private,1734300.0
2006-09-01,"San Jose-Sunnyvale-Santa Clara, CA Metro Area",Government,94300.0
2006-09-01,"San Jose-Sunnyvale-Santa Clara, CA Metro Area",Total Private,814700.0
2006-09-01,"St. Louis, MO-IL Metro Area",Government,167900.0
2006-09-01,"St. Louis, MO-IL Metro Area",Total Private,1190600.0
2006-09-01,"Tampa-St. Petersburg-Clearwater, FL Metro Area",Government,152100.0
2006-09-01,"Tampa-St. Petersburg-Clearwater, FL Metro Area",Total Private,1084500.0
2006-09-01,"Yuba City, CA Metro Area",Government,11800.0
2006-09-01,"Yuba City, CA Metro Area",Total Private,30800.0
2006-10-01,"Austin-Round Rock-Georgetown, TX Metro Area",Government,159000.0
2006-10-01,"Austin-Round Rock-Georgetown, TX Metro Area",Total Private,592200.0
2006-10-01,"Charlotte-Concord-Gastonia, NC-SC Metro Area",Government,131300.0
2006-10-01,"Charlotte-Concord-Gastonia, NC-SC Metro Area",Total Private,881100.0
2006-10-01,"Cincinnati, OH-KY-IN Metro Area",Government,134500.0
2006-10-01,"Cincinnati, OH-KY-IN Metro Area",Total Private,902800.0
2006-10-01,"Cleveland-Elyria, OH Metro Area",Government,142000.0
2006-10-01,"Cleveland-Elyria, OH Metro Area",Total Private,938100.0
2006-10-01,"Columbus, OH Metro Area",Government,166900.0
2006-10-01,"Columbus, OH Metro Area",Total Private,793100.0
2006-10-01,"Detroit-Warren-Dearborn, MI Metro Area",Government,233700.0
2006-10-01,"Detroit-Warren-Dearborn, MI Metro Area",Total Private,1762400.0
2006-10-01,"Indianapolis-Carmel-Anderson, IN Metro Area",Government,127800.0
2006-10-01,"Indianapolis-Carmel-Anderson, IN Metro Area",Total Private,825400.0
2006-10-01,"Kansas City, MO-KS Metro Area",Government,146300.0
2006-10-01,"Kansas City, MO-KS Metro Area",Total Private,851500.0
2006-10-01,"Miami-Fort Lauderdale-Pompano Beach, FL Metro Area",Government,327200.0
2006-10-01,"Miami-Fort Lauderdale-Pompano Beach, FL Metro Area",Total Private,2078000.0
2006-10-01,"Orlando-Kissimmee-Sanford, FL Metro Area",Government,116700.0
2006-10-01,"Orlando-Kissimmee-Sanford, FL Metro Area",Total Private,947800.0
2006-10-01,"Phoenix-Mesa-Chandler, AZ Metro Area",Government,239300.0
2006-10-01,"Phoenix-Mesa-Chandler, AZ Metro Area",Total Private,1671000.0
2006-10-01,"Pittsburgh, PA Metro Area",Government,129400.0
2006-10-01,"Pittsburgh, PA Metro Area",Total Private,1019800.0
2006-10-01,"Portland-Vancouver-Hillsboro, OR-WA Metro Area",Government,141100.0
2006-10-01,"Portland-Vancouver-Hillsboro, OR-WA Metro Area",Total Private,901000.0
2006-10-01,"Riverside-San Bernardino-Ontario, CA Metro Area",Government,224900.0
2006-10-01,"Riverside-San Bernardino-Ontario, CA Metro Area",Total Private,1065000.0
2006-10-01,"Sacramento-Roseville-Folsom, CA Metro Area",Government,229700.0
2006-10-01,"Sacramento-Roseville-Folsom, CA Metro Area",Total Private,689100.0
2006-10-01,"Salt Lake City, UT Metro Area",Government,90100.0
2006-10-01,"Salt Lake City, UT Metro Area",Total Private,511200.0
2006-10-01,"San Antonio-New Braunfels, TX Metro Area",Government,151900.0
2006-10-01,"San Antonio-New Braunfels, TX Metro Area",Total Private,678700.0
2006-10-01,"San Diego-Chula Vista-Carlsbad, CA Metro Area",Government,220200.0
2006-10-01,"San Diego-Chula Vista-Carlsbad, CA Metro Area",Total Private,1099200.0
2006-10-01,"San Francisco-Oakland-Berkeley, CA Metro Area",Government,321700.0
2006-10-01,"San Francisco-Oakland-Berkeley, CA Metro Area",Total Private,1735700.0
2006-10-01,"San Jose-Sunnyvale-Santa Clara, CA Metro Area",Government,97700.0
2006-10-01,"San Jose-Sunnyvale-Santa Clara, CA Metro Area",Total Private,813200.0
2006-10-01,"St. Louis, MO-IL Metro Area",Government,169500.0
2006-10-01,"St. Louis, MO-IL Metro Area",Total Private,1191400.0
2006-10-01,"Tampa-St. Petersburg-Clearwater, FL Metro Area",Government,153800.0
2006-10-01,"Tampa-St. Petersburg-Clearwater, FL Metro Area",Total Private,1079800.0
2006-10-01,"Yuba City, CA Metro Area",Government,11900.0
2006-10-01,"Yuba City, CA Metro Area",Total Private,30900.0
2006-11-01,"Austin-Round Rock-Georgetown, TX Metro Area",Government,158800.0
2006-11-01,"Austin-Round Rock-Georgetown, TX Metro Area",Total Private,599300.0
2006-11-01,"Charlotte-Concord-Gastonia, NC-SC Metro Area",Government,133400.0
2006-11-01,"Charlotte-Concord-Gastonia, NC-SC Metro Area",Total Private,886400.0
2006-11-01,"Cincinnati, OH-KY-IN Metro Area",Government,134800.0
2006-11-01,"Cincinnati, OH-KY-IN Metro Area",Total Private,906400.0
2006-11-01,"Cleveland-Elyria, OH Metro Area",Government,143200.0
2006-11-01,"Cleveland-Elyria, OH Metro Area",Total Private,937800.0
2006-11-01,"Columbus, OH Metro Area",Government,168000.0
2006-11-01,"Columbus, OH Metro Area",Total Private,798700.0
2006-11-01,"Detroit-Warren-Dearborn, MI Metro Area",Government,235500.0
2006-11-01,"Detroit-Warren-Dearborn, MI Metro Area",Total Private,1775800.0
2006-11-01,"Indianapolis-Carmel-Anderson, IN Metro Area",Government,128000.0
2006-11-01,"Indianapolis-Carmel-Anderson, IN Metro Area",Total Private,829400.0
2006-11-01,"Kansas City, MO-KS Metro Area",Government,147200.0
2006-11-01,"Kansas City, MO-KS Metro Area",Total Private,855700.0
2006-11-01,"Miami-Fort Lauderdale-Pompano Beach, FL Metro Area",Government,330300.0
2006-11-01,"Miami-Fort Lauderdale-Pompano Beach, FL Metro Area",Total Private,2106500.0
2006-11-01,"Orlando-Kissimmee-Sanford, FL Metro Area",Government,117400.0
2006-11-01,"Orlando-Kissimmee-Sanford, FL Metro Area",Total Private,959100.0
2006-11-01,"Phoenix-Mesa-Chandler, AZ Metro Area",Government,239800.0
2006-11-01,"Phoenix-Mesa-Chandler, AZ Metro Area",Total Private,1685000.0
2006-11-01,"Pittsburgh, PA Metro Area",Government,130699.99999999999
2006-11-01,"Pittsburgh, PA Metro Area",Total Private,1020500.0
2006-11-01,"Portland-Vancouver-Hillsboro, OR-WA Metro Area",Government,143600.0
2006-11-01,"Portland-Vancouver-Hillsboro, OR-WA Metro Area",Total Private,904200.0
2006-11-01,"Riverside-San Bernardino-Ontario, CA Metro Area",Government,226300.0
2006-11-01,"Riverside-San Bernardino-Ontario, CA Metro Area",Total Private,1072300.0
2006-11-01,"Sacramento-Roseville-Folsom, CA Metro Area",Government,231700.0
2006-11-01,"Sacramento-Roseville-Folsom, CA Metro Area",Total Private,690000.0
2006-11-01,"Salt Lake City, UT Metro Area",Government,90100.0
2006-11-01,"Salt Lake City, UT Metro Area",Total Private,517700.00000000006
2006-11-01,"San Antonio-New Braunfels, TX Metro Area",Government,152200.0
2006-11-01,"San Antonio-New Braunfels, TX Metro Area",Total Private,681200.0
2006-11-01,"San Diego-Chula Vista-Carlsbad, CA Metro Area",Government,222900.0
2006-11-01,"San Diego-Chula Vista-Carlsbad, CA Metro Area",Total Private,1106700.0
2006-11-01,"San Francisco-Oakland-Berkeley, CA Metro Area",Government,324700.0
2006-11-01,"San Francisco-Oakland-Berkeley, CA Metro Area",Total Private,1743500.0
2006-11-01,"San Jose-Sunnyvale-Santa Clara, CA Metro Area",Government,97600.0
2006-11-01,"San Jose-Sunnyvale-Santa Clara, CA Metro Area",Total Private,817000.0
2006-11-01,"St. Louis, MO-IL Metro Area",Government,170600.0
2006-11-01,"St. Louis, MO-IL Metro Area",Total Private,1190000.0
2006-11-01,"Tampa-St. Petersburg-Clearwater, FL Metro Area",Government,153500.0
2006-11-01,"Tampa-St. Petersburg-Clearwater, FL Metro Area",Total Private,1087800.0
2006-11-01,"Yuba City, CA Metro Area",Government,12400.0
2006-11-01,"Yuba City, CA Metro Area",Total Private,30900.0
2006-12-01,"Austin-Round Rock-Georgetown, TX Metro Area",Government,158000.0
2006-12-01,"Austin-Round Rock-Georgetown, TX Metro Area",Total Private,605200.0
2006-12-01,"Charlotte-Concord-Gastonia, NC-SC Metro Area",Government,133500.0
2006-12-01,"Charlotte-Concord-Gastonia, NC-SC Metro Area",Total Private,887600.0
2006-12-01,"Cincinnati, OH-KY-IN Metro Area",Government,134600.0
2006-12-01,"Cincinnati, OH-KY-IN Metro Area",Total Private,909200.0
2006-12-01,"Cleveland-Elyria, OH Metro Area",Government,143100.0
2006-12-01,"Cleveland-Elyria, OH Metro Area",Total Private,938100.0
2006-12-01,"Columbus, OH Metro Area",Government,168100.0
2006-12-01,"Columbus, OH Metro Area",Total Private,801100.0
2006-12-01,"Detroit-Warren-Dearborn, MI Metro Area",Government,232700.0
2006-12-01,"Detroit-Warren-Dearborn, MI Metro Area",Total Private,1775500.0
2006-12-01,"Indianapolis-Carmel-Anderson, IN Metro Area",Government,128600.0
2006-12-01,"Indianapolis-Carmel-Anderson, IN Metro Area",Total Private,828500.0
2006-12-01,"Kansas City, MO-KS Metro Area",Government,146200.0
2006-12-01,"Kansas City, MO-KS Metro Area",Total Private,860600.0
2006-12-01,"Miami-Fort Lauderdale-Pompano Beach, FL Metro Area",Government,329600.0
2006-12-01,"Miami-Fort Lauderdale-Pompano Beach, FL Metro Area",Total Private,2133300.0
2006-12-01,"Orlando-Kissimmee-Sanford, FL Metro Area",Government,116600.0
2006-12-01,"Orlando-Kissimmee-Sanford, FL Metro Area",Total Private,967600.0
2006-12-01,"Phoenix-Mesa-Chandler, AZ Metro Area",Government,237300.0
2006-12-01,"Phoenix-Mesa-Chandler, AZ Metro Area",Total Private,1695300.0
2006-12-01,"Pittsburgh, PA Metro Area",Government,130000.0
2006-12-01,"Pittsburgh, PA Metro Area",Total Private,1020800.0
2006-12-01,"Portland-Vancouver-Hillsboro, OR-WA Metro Area",Government,142200.0
2006-12-01,"Portland-Vancouver-Hillsboro, OR-WA Metro Area",Total Private,906100.0
2006-12-01,"Riverside-San Bernardino-Ontario, CA Metro Area",Government,225600.0
2006-12-01,"Riverside-San Bernardino-Ontario, CA Metro Area",Total Private,1075300.0
2006-12-01,"Sacramento-Roseville-Folsom, CA Metro Area",Government,232700.0
2006-12-01,"Sacramento-Roseville-Folsom, CA Metro Area",Total Private,690800.0
2006-12-01,"Salt Lake City, UT Metro Area",Government,90500.0
2006-12-01,"Salt Lake City, UT Metro Area",Total Private,521799.99999999994
2006-12-01,"San Antonio-New Braunfels, TX Metro Area",Government,151700.0
2006-12-01,"San Antonio-New Braunfels, TX Metro Area",Total Private,683900.0
2006-12-01,"San Diego-Chula Vista-Carlsbad, CA Metro Area",Government,223100.0
2006-12-01,"San Diego-Chula Vista-Carlsbad, CA Metro Area",Total Private,1109300.0
2006-12-01,"San Francisco-Oakland-Berkeley, CA Metro Area",Government,321100.0
2006-12-01,"San Francisco-Oakland-Berkeley, CA Metro Area",Total Private,1750500.0
2006-12-01,"San Jose-Sunnyvale-Santa Clara, CA Metro Area",Government,97500.0
2006-12-01,"San Jose-Sunnyvale-Santa Clara, CA Metro Area",Total Private,822900.0
2006-12-01,"St. Louis, MO-IL Metro Area",Government,170700.0
2006-12-01,"St. Louis, MO-IL Metro Area",Total Private,1194800.0
2006-12-01,"Tampa-St. Petersburg-Clearwater, FL Metro Area",Government,152900.0
2006-12-01,"Tampa-St. Petersburg-Clearwater, FL Metro Area",Total Private,1096900.0
2006-12-01,"Yuba City, CA Metro Area",Government,12200.0
2006-12-01,"Yuba City, CA Metro Area",Total Private,30800.0
2007-01-01,"Austin-Round Rock-Georgetown, TX Metro Area",Government,158100.0
2007-01-01,"Austin-Round Rock-Georgetown, TX Metro Area",Total Private,588200.0
2007-01-01,"Charlotte-Concord-Gastonia, NC-SC Metro Area",Government,131900.0
2007-01-01,"Charlotte-Concord-Gastonia, NC-SC Metro Area",Total Private,870200.0
2007-01-01,"Cincinnati, OH-KY-IN Metro Area",Government,131800.0
2007-01-01,"Cincinnati, OH-KY-IN Metro Area",Total Private,887800.0
2007-01-01,"Cleveland-Elyria, OH Metro Area",Government,139800.0
2007-01-01,"Cleveland-Elyria, OH Metro Area",Total Private,912900.0
2007-01-01,"Columbus, OH Metro Area",Government,165400.0
2007-01-01,"Columbus, OH Metro Area",Total Private,779000.0
2007-01-01,"Detroit-Warren-Dearborn, MI Metro Area",Government,228500.0
2007-01-01,"Detroit-Warren-Dearborn, MI Metro Area",Total Private,1708500.0
2007-01-01,"Indianapolis-Carmel-Anderson, IN Metro Area",Government,124500.0
2007-01-01,"Indianapolis-Carmel-Anderson, IN Metro Area",Total Private,803000.0
2007-01-01,"Kansas City, MO-KS Metro Area",Government,145000.0
2007-01-01,"Kansas City, MO-KS Metro Area",Total Private,839100.0
2007-01-01,"Miami-Fort Lauderdale-Pompano Beach, FL Metro Area",Government,326500.0
2007-01-01,"Miami-Fort Lauderdale-Pompano Beach, FL Metro Area",Total Private,2088800.0000000002
2007-01-01,"Orlando-Kissimmee-Sanford, FL Metro Area",Government,117100.0
2007-01-01,"Orlando-Kissimmee-Sanford, FL Metro Area",Total Private,954800.0
2007-01-01,"Phoenix-Mesa-Chandler, AZ Metro Area",Government,230800.0
2007-01-01,"Phoenix-Mesa-Chandler, AZ Metro Area",Total Private,1654500.0
2007-01-01,"Pittsburgh, PA Metro Area",Government,126700.0
2007-01-01,"Pittsburgh, PA Metro Area",Total Private,993700.0
2007-01-01,"Portland-Vancouver-Hillsboro, OR-WA Metro Area",Government,141100.0
2007-01-01,"Portland-Vancouver-Hillsboro, OR-WA Metro Area",Total Private,882100.0
2007-01-01,"Riverside-San Bernardino-Ontario, CA Metro Area",Government,224700.0
2007-01-01,"Riverside-San Bernardino-Ontario, CA Metro Area",Total Private,1056100.0
2007-01-01,"Sacramento-Roseville-Folsom, CA Metro Area",Government,231400.0
2007-01-01,"Sacramento-Roseville-Folsom, CA Metro Area",Total Private,679200.0
2007-01-01,"Salt Lake City, UT Metro Area",Government,89900.0
2007-01-01,"Salt Lake City, UT Metro Area",Total Private,511500.0
2007-01-01,"San Antonio-New Braunfels, TX Metro Area",Government,150100.0
2007-01-01,"San Antonio-New Braunfels, TX Metro Area",Total Private,668100.0
2007-01-01,"San Diego-Chula Vista-Carlsbad, CA Metro Area",Government,221500.0
2007-01-01,"San Diego-Chula Vista-Carlsbad, CA Metro Area",Total Private,1080400.0
2007-01-01,"San Francisco-Oakland-Berkeley, CA Metro Area",Government,319000.0
2007-01-01,"San Francisco-Oakland-Berkeley, CA Metro Area",Total Private,1707800.0
2007-01-01,"San Jose-Sunnyvale-Santa Clara, CA Metro Area",Government,97700.0
2007-01-01,"San Jose-Sunnyvale-Santa Clara, CA Metro Area",Total Private,808600.0
2007-01-01,"St. Louis, MO-IL Metro Area",Government,166800.0
2007-01-01,"St. Louis, MO-IL Metro Area",Total Private,1161800.0
2007-01-01,"Tampa-St. Petersburg-Clearwater, FL Metro Area",Government,152300.0
2007-01-01,"Tampa-St. Petersburg-Clearwater, FL Metro Area",Total Private,1076300.0
2007-01-01,"Yuba City, CA Metro Area",Government,12400.0
2007-01-01,"Yuba City, CA Metro Area",Total Private,29900.0
2007-02-01,"Austin-Round Rock-Georgetown, TX Metro Area",Government,161600.0
2007-02-01,"Austin-Round Rock-Georgetown, TX Metro Area",Total Private,596900.0
2007-02-01,"Charlotte-Concord-Gastonia, NC-SC Metro Area",Government,133500.0
2007-02-01,"Charlotte-Concord-Gastonia, NC-SC Metro Area",Total Private,874500.0
2007-02-01,"Cincinnati, OH-KY-IN Metro Area",Government,134800.0
2007-02-01,"Cincinnati, OH-KY-IN Metro Area",Total Private,885200.0
2007-02-01,"Cleveland-Elyria, OH Metro Area",Government,143300.0
2007-02-01,"Cleveland-Elyria, OH Metro Area",Total Private,909300.0
2007-02-01,"Columbus, OH Metro Area",Government,167400.0
2007-02-01,"Columbus, OH Metro Area",Total Private,774600.0
2007-02-01,"Detroit-Warren-Dearborn, MI Metro Area",Government,231800.0
2007-02-01,"Detroit-Warren-Dearborn, MI Metro Area",Total Private,1717800.0
2007-02-01,"Indianapolis-Carmel-Anderson, IN Metro Area",Government,128100.0
2007-02-01,"Indianapolis-Carmel-Anderson, IN Metro Area",Total Private,798600.0
2007-02-01,"Kansas City, MO-KS Metro Area",Government,148700.0
2007-02-01,"Kansas City, MO-KS Metro Area",Total Private,838900.0
2007-02-01,"Miami-Fort Lauderdale-Pompano Beach, FL Metro Area",Government,327900.0
2007-02-01,"Miami-Fort Lauderdale-Pompano Beach, FL Metro Area",Total Private,2105900.0
2007-02-01,"Orlando-Kissimmee-Sanford, FL Metro Area",Government,118600.0
2007-02-01,"Orlando-Kissimmee-Sanford, FL Metro Area",Total Private,963300.0
2007-02-01,"Phoenix-Mesa-Chandler, AZ Metro Area",Government,240500.0
2007-02-01,"Phoenix-Mesa-Chandler, AZ Metro Area",Total Private,1671200.0
2007-02-01,"Pittsburgh, PA Metro Area",Government,129500.0
2007-02-01,"Pittsburgh, PA Metro Area",Total Private,990500.0
2007-02-01,"Portland-Vancouver-Hillsboro, OR-WA Metro Area",Government,142900.0
2007-02-01,"Portland-Vancouver-Hillsboro, OR-WA Metro Area",Total Private,890100.0
2007-02-01,"Riverside-San Bernardino-Ontario, CA Metro Area",Government,225200.0
2007-02-01,"Riverside-San Bernardino-Ontario, CA Metro Area",Total Private,1060600.0
2007-02-01,"Sacramento-Roseville-Folsom, CA Metro Area",Government,232900.0
2007-02-01,"Sacramento-Roseville-Folsom, CA Metro Area",Total Private,681100.0
2007-02-01,"Salt Lake City, UT Metro Area",Government,90100.0
2007-02-01,"Salt Lake City, UT Metro Area",Total Private,513900.0
2007-02-01,"San Antonio-New Braunfels, TX Metro Area",Government,152400.0
2007-02-01,"San Antonio-New Braunfels, TX Metro Area",Total Private,677000.0
2007-02-01,"San Diego-Chula Vista-Carlsbad, CA Metro Area",Government,223700.0
2007-02-01,"San Diego-Chula Vista-Carlsbad, CA Metro Area",Total Private,1086600.0
2007-02-01,"San Francisco-Oakland-Berkeley, CA Metro Area",Government,323400.0
2007-02-01,"San Francisco-Oakland-Berkeley, CA Metro Area",Total Private,1720100.0
2007-02-01,"San Jose-Sunnyvale-Santa Clara, CA Metro Area",Government,97000.0
2007-02-01,"San Jose-Sunnyvale-Santa Clara, CA Metro Area",Total Private,815300.0
2007-02-01,"St. Louis, MO-IL Metro Area",Government,169900.0
2007-02-01,"St. Louis, MO-IL Metro Area",Total Private,1161400.0
2007-02-01,"Tampa-St. Petersburg-Clearwater, FL Metro Area",Government,153400.0
2007-02-01,"Tampa-St. Petersburg-Clearwater, FL Metro Area",Total Private,1083700.0
2007-02-01,"Yuba City, CA Metro Area",Government,12400.0
2007-02-01,"Yuba City, CA Metro Area",Total Private,30000.0
2007-03-01,"Austin-Round Rock-Georgetown, TX Metro Area",Government,162500.0
2007-03-01,"Austin-Round Rock-Georgetown, TX Metro Area",Total Private,604200.0
2007-03-01,"Charlotte-Concord-Gastonia, NC-SC Metro Area",Government,134000.0
2007-03-01,"Charlotte-Concord-Gastonia, NC-SC Metro Area",Total Private,885100.0
2007-03-01,"Cincinnati, OH-KY-IN Metro Area",Government,136200.0
2007-03-01,"Cincinnati, OH-KY-IN Metro Area",Total Private,896900.0
2007-03-01,"Cleveland-Elyria, OH Metro Area",Government,144700.0
2007-03-01,"Cleveland-Elyria, OH Metro Area",Total Private,916700.0
2007-03-01,"Columbus, OH Metro Area",Government,168600.0
2007-03-01,"Columbus, OH Metro Area",Total Private,781400.0
2007-03-01,"Detroit-Warren-Dearborn, MI Metro Area",Government,234100.0
2007-03-01,"Detroit-Warren-Dearborn, MI Metro Area",Total Private,1719200.0
2007-03-01,"Indianapolis-Carmel-Anderson, IN Metro Area",Government,129100.0
2007-03-01,"Indianapolis-Carmel-Anderson, IN Metro Area",Total Private,813000.0
2007-03-01,"Kansas City, MO-KS Metro Area",Government,150200.0
2007-03-01,"Kansas City, MO-KS Metro Area",Total Private,852500.0
2007-03-01,"Miami-Fort Lauderdale-Pompano Beach, FL Metro Area",Government,330200.0
2007-03-01,"Miami-Fort Lauderdale-Pompano Beach, FL Metro Area",Total Private,2119400.0
2007-03-01,"Orlando-Kissimmee-Sanford, FL Metro Area",Government,119000.0
2007-03-01,"Orlando-Kissimmee-Sanford, FL Metro Area",Total Private,968600.0
2007-03-01,"Phoenix-Mesa-Chandler, AZ Metro Area",Government,241900.0
2007-03-01,"Phoenix-Mesa-Chandler, AZ Metro Area",Total Private,1682700.0
2007-03-01,"Pittsburgh, PA Metro Area",Government,130300.00000000001
2007-03-01,"Pittsburgh, PA Metro Area",Total Private,1002100.0
2007-03-01,"Portland-Vancouver-Hillsboro, OR-WA Metro Area",Government,144100.0
2007-03-01,"Portland-Vancouver-Hillsboro, OR-WA Metro Area",Total Private,895700.0
2007-03-01,"Riverside-San Bernardino-Ontario, CA Metro Area",Government,227600.0
2007-03-01,"Riverside-San Bernardino-Ontario, CA Metro Area",Total Private,1065900.0
2007-03-01,"Sacramento-Roseville-Folsom, CA Metro Area",Government,236000.0
2007-03-01,"Sacramento-Roseville-Folsom, CA Metro Area",Total Private,685000.0
2007-03-01,"Salt Lake City, UT Metro Area",Government,90100.0
2007-03-01,"Salt Lake City, UT Metro Area",Total Private,518299.99999999994
2007-03-01,"San Antonio-New Braunfels, TX Metro Area",Government,152900.0
2007-03-01,"San Antonio-New Braunfels, TX Metro Area",Total Private,682800.0
2007-03-01,"San Diego-Chula Vista-Carlsbad, CA Metro Area",Government,225000.0
2007-03-01,"San Diego-Chula Vista-Carlsbad, CA Metro Area",Total Private,1093100.0
2007-03-01,"San Francisco-Oakland-Berkeley, CA Metro Area",Government,325200.0
2007-03-01,"San Francisco-Oakland-Berkeley, CA Metro Area",Total Private,1729900.0
2007-03-01,"San Jose-Sunnyvale-Santa Clara, CA Metro Area",Government,98300.0
2007-03-01,"San Jose-Sunnyvale-Santa Clara, CA Metro Area",Total Private,820000.0
2007-03-01,"St. Louis, MO-IL Metro Area",Government,170000.0
2007-03-01,"St. Louis, MO-IL Metro Area",Total Private,1177900.0
2007-03-01,"Tampa-St. Petersburg-Clearwater, FL Metro Area",Government,154100.0
2007-03-01,"Tampa-St. Petersburg-Clearwater, FL Metro Area",Total Private,1094500.0
2007-03-01,"Yuba City, CA Metro Area",Government,12400.0
2007-03-01,"Yuba City, CA Metro Area",Total Private,30300.0
2007-04-01,"Austin-Round Rock-Georgetown, TX Metro Area",Government,162600.0
2007-04-01,"Austin-Round Rock-Georgetown, TX Metro Area",Total Private,607100.0
2007-04-01,"Charlotte-Concord-Gastonia, NC-SC Metro Area",Government,132900.0
2007-04-01,"Charlotte-Concord-Gastonia, NC-SC Metro Area",Total Private,886800.0
2007-04-01,"Cincinnati, OH-KY-IN Metro Area",Government,135900.0
2007-04-01,"Cincinnati, OH-KY-IN Metro Area",Total Private,906700.0
2007-04-01,"Cleveland-Elyria, OH Metro Area",Government,145200.0
2007-04-01,"Cleveland-Elyria, OH Metro Area",Total Private,925100.0
2007-04-01,"Columbus, OH Metro Area",Government,169100.0
2007-04-01,"Columbus, OH Metro Area",Total Private,790300.0
2007-04-01,"Detroit-Warren-Dearborn, MI Metro Area",Government,232700.0
2007-04-01,"Detroit-Warren-Dearborn, MI Metro Area",Total Private,1734000.0
2007-04-01,"Indianapolis-Carmel-Anderson, IN Metro Area",Government,128300.00000000001
2007-04-01,"Indianapolis-Carmel-Anderson, IN Metro Area",Total Private,821400.0
2007-04-01,"Kansas City, MO-KS Metro Area",Government,151700.0
2007-04-01,"Kansas City, MO-KS Metro Area",Total Private,856700.0
2007-04-01,"Miami-Fort Lauderdale-Pompano Beach, FL Metro Area",Government,330400.0
2007-04-01,"Miami-Fort Lauderdale-Pompano Beach, FL Metro Area",Total Private,2098200.0
2007-04-01,"Orlando-Kissimmee-Sanford, FL Metro Area",Government,119700.0
2007-04-01,"Orlando-Kissimmee-Sanford, FL Metro Area",Total Private,967900.0
2007-04-01,"Phoenix-Mesa-Chandler, AZ Metro Area",Government,241600.0
2007-04-01,"Phoenix-Mesa-Chandler, AZ Metro Area",Total Private,1676100.0
2007-04-01,"Pittsburgh, PA Metro Area",Government,129800.00000000001
2007-04-01,"Pittsburgh, PA Metro Area",Total Private,1012300.0
2007-04-01,"Portland-Vancouver-Hillsboro, OR-WA Metro Area",Government,144300.0
2007-04-01,"Portland-Vancouver-Hillsboro, OR-WA Metro Area",Total Private,895900.0
2007-04-01,"Riverside-San Bernardino-Ontario, CA Metro Area",Government,228400.0
2007-04-01,"Riverside-San Bernardino-Ontario, CA Metro Area",Total Private,1063000.0
2007-04-01,"Sacramento-Roseville-Folsom, CA Metro Area",Government,236100.0
2007-04-01,"Sacramento-Roseville-Folsom, CA Metro Area",Total Private,682700.0
2007-04-01,"Salt Lake City, UT Metro Area",Government,90500.0
2007-04-01,"Salt Lake City, UT Metro Area",Total Private,520500.0
2007-04-01,"San Antonio-New Braunfels, TX Metro Area",Government,153200.0
2007-04-01,"San Antonio-New Braunfels, TX Metro Area",Total Private,686400.0
2007-04-01,"San Diego-Chula Vista-Carlsbad, CA Metro Area",Government,225100.0
2007-04-01,"San Diego-Chula Vista-Carlsbad, CA Metro Area",Total Private,1091200.0
2007-04-01,"San Francisco-Oakland-Berkeley, CA Metro Area",Government,325100.0
2007-04-01,"San Francisco-Oakland-Berkeley, CA Metro Area",Total Private,1723900.0
2007-04-01,"San Jose-Sunnyvale-Santa Clara, CA Metro Area",Government,98100.0
2007-04-01,"San Jose-Sunnyvale-Santa Clara, CA Metro Area",Total Private,817600.0
2007-04-01,"St. Louis, MO-IL Metro Area",Government,170400.0
2007-04-01,"St. Louis, MO-IL Metro Area",Total Private,1189500.0
2007-04-01,"Tampa-St. Petersburg-Clearwater, FL Metro Area",Government,153800.0
2007-04-01,"Tampa-St. Petersburg-Clearwater, FL Metro Area",Total Private,1089100.0
2007-04-01,"Yuba City, CA Metro Area",Government,12300.0
2007-04-01,"Yuba City, CA Metro Area",Total Private,30600.0
2007-05-01,"Austin-Round Rock-Georgetown, TX Metro Area",Government,163300.0
2007-05-01,"Austin-Round Rock-Georgetown, TX Metro Area",Total Private,611300.0
2007-05-01,"Charlotte-Concord-Gastonia, NC-SC Metro Area",Government,133900.0
2007-05-01,"Charlotte-Concord-Gastonia, NC-SC Metro Area",Total Private,894200.0
2007-05-01,"Cincinnati, OH-KY-IN Metro Area",Government,136000.0
2007-05-01,"Cincinnati, OH-KY-IN Metro Area",Total Private,917900.0
2007-05-01,"Cleveland-Elyria, OH Metro Area",Government,145900.0
2007-05-01,"Cleveland-Elyria, OH Metro Area",Total Private,934200.0
2007-05-01,"Columbus, OH Metro Area",Government,169800.0
2007-05-01,"Columbus, OH Metro Area",Total Private,798000.0
2007-05-01,"Detroit-Warren-Dearborn, MI Metro Area",Government,235400.0
2007-05-01,"Detroit-Warren-Dearborn, MI Metro Area",Total Private,1756200.0
2007-05-01,"Indianapolis-Carmel-Anderson, IN Metro Area",Government,129800.00000000001
2007-05-01,"Indianapolis-Carmel-Anderson, IN Metro Area",Total Private,832300.0
2007-05-01,"Kansas City, MO-KS Metro Area",Government,151000.0
2007-05-01,"Kansas City, MO-KS Metro Area",Total Private,863700.0
2007-05-01,"Miami-Fort Lauderdale-Pompano Beach, FL Metro Area",Government,331200.0
2007-05-01,"Miami-Fort Lauderdale-Pompano Beach, FL Metro Area",Total Private,2105500.0
2007-05-01,"Orlando-Kissimmee-Sanford, FL Metro Area",Government,119400.0
2007-05-01,"Orlando-Kissimmee-Sanford, FL Metro Area",Total Private,969700.0
2007-05-01,"Phoenix-Mesa-Chandler, AZ Metro Area",Government,242400.0
2007-05-01,"Phoenix-Mesa-Chandler, AZ Metro Area",Total Private,1680300.0
2007-05-01,"Pittsburgh, PA Metro Area",Government,128600.0
2007-05-01,"Pittsburgh, PA Metro Area",Total Private,1027599.9999999999
2007-05-01,"Portland-Vancouver-Hillsboro, OR-WA Metro Area",Government,146500.0
2007-05-01,"Portland-Vancouver-Hillsboro, OR-WA Metro Area",Total Private,901100.0
2007-05-01,"Riverside-San Bernardino-Ontario, CA Metro Area",Government,229200.0
2007-05-01,"Riverside-San Bernardino-Ontario, CA Metro Area",Total Private,1068500.0
2007-05-01,"Sacramento-Roseville-Folsom, CA Metro Area",Government,237600.0
2007-05-01,"Sacramento-Roseville-Folsom, CA Metro Area",Total Private,687800.0
2007-05-01,"Salt Lake City, UT Metro Area",Government,90200.0
2007-05-01,"Salt Lake City, UT Metro Area",Total Private,524600.0
2007-05-01,"San Antonio-New Braunfels, TX Metro Area",Government,153600.0
2007-05-01,"San Antonio-New Braunfels, TX Metro Area",Total Private,694000.0
2007-05-01,"San Diego-Chula Vista-Carlsbad, CA Metro Area",Government,225000.0
2007-05-01,"San Diego-Chula Vista-Carlsbad, CA Metro Area",Total Private,1099900.0
2007-05-01,"San Francisco-Oakland-Berkeley, CA Metro Area",Government,327700.0
2007-05-01,"San Francisco-Oakland-Berkeley, CA Metro Area",Total Private,1737500.0
2007-05-01,"San Jose-Sunnyvale-Santa Clara, CA Metro Area",Government,98300.0
2007-05-01,"San Jose-Sunnyvale-Santa Clara, CA Metro Area",Total Private,825100.0
2007-05-01,"St. Louis, MO-IL Metro Area",Government,171500.0
2007-05-01,"St. Louis, MO-IL Metro Area",Total Private,1201300.0
2007-05-01,"Tampa-St. Petersburg-Clearwater, FL Metro Area",Government,152200.0
2007-05-01,"Tampa-St. Petersburg-Clearwater, FL Metro Area",Total Private,1087600.0
2007-05-01,"Yuba City, CA Metro Area",Government,12400.0
2007-05-01,"Yuba City, CA Metro Area",Total Private,30900.0
2007-06-01,"Austin-Round Rock-Georgetown, TX Metro Area",Government,159900.0
2007-06-01,"Austin-Round Rock-Georgetown, TX Metro Area",Total Private,617900.0
2007-06-01,"Charlotte-Concord-Gastonia, NC-SC Metro Area",Government,122900.0
2007-06-01,"Charlotte-Concord-Gastonia, NC-SC Metro Area",Total Private,900900.0
2007-06-01,"Cincinnati, OH-KY-IN Metro Area",Government,130300.00000000001
2007-06-01,"Cincinnati, OH-KY-IN Metro Area",Total Private,923900.0
2007-06-01,"Cleveland-Elyria, OH Metro Area",Government,147300.0
2007-06-01,"Cleveland-Elyria, OH Metro Area",Total Private,942800.0
2007-06-01,"Columbus, OH Metro Area",Government,163700.0
2007-06-01,"Columbus, OH Metro Area",Total Private,802500.0
2007-06-01,"Detroit-Warren-Dearborn, MI Metro Area",Government,231200.0
2007-06-01,"Detroit-Warren-Dearborn, MI Metro Area",Total Private,1764000.0
2007-06-01,"Indianapolis-Carmel-Anderson, IN Metro Area",Government,122000.0
2007-06-01,"Indianapolis-Carmel-Anderson, IN Metro Area",Total Private,836700.0
2007-06-01,"Kansas City, MO-KS Metro Area",Government,149700.0
2007-06-01,"Kansas City, MO-KS Metro Area",Total Private,869800.0
2007-06-01,"Miami-Fort Lauderdale-Pompano Beach, FL Metro Area",Government,302100.0
2007-06-01,"Miami-Fort Lauderdale-Pompano Beach, FL Metro Area",Total Private,2106100.0
2007-06-01,"Orlando-Kissimmee-Sanford, FL Metro Area",Government,108100.0
2007-06-01,"Orlando-Kissimmee-Sanford, FL Metro Area",Total Private,967800.0
2007-06-01,"Phoenix-Mesa-Chandler, AZ Metro Area",Government,219500.0
2007-06-01,"Phoenix-Mesa-Chandler, AZ Metro Area",Total Private,1682800.0
2007-06-01,"Pittsburgh, PA Metro Area",Government,127300.0
2007-06-01,"Pittsburgh, PA Metro Area",Total Private,1037200.0
2007-06-01,"Portland-Vancouver-Hillsboro, OR-WA Metro Area",Government,146500.0
2007-06-01,"Portland-Vancouver-Hillsboro, OR-WA Metro Area",Total Private,902400.0
2007-06-01,"Riverside-San Bernardino-Ontario, CA Metro Area",Government,229000.0
2007-06-01,"Riverside-San Bernardino-Ontario, CA Metro Area",Total Private,1068200.0
2007-06-01,"Sacramento-Roseville-Folsom, CA Metro Area",Government,238800.0
2007-06-01,"Sacramento-Roseville-Folsom, CA Metro Area",Total Private,690700.0
2007-06-01,"Salt Lake City, UT Metro Area",Government,90800.0
2007-06-01,"Salt Lake City, UT Metro Area",Total Private,528300.0
2007-06-01,"San Antonio-New Braunfels, TX Metro Area",Government,149700.0
2007-06-01,"San Antonio-New Braunfels, TX Metro Area",Total Private,700400.0
2007-06-01,"San Diego-Chula Vista-Carlsbad, CA Metro Area",Government,225700.0
2007-06-01,"San Diego-Chula Vista-Carlsbad, CA Metro Area",Total Private,1107700.0
2007-06-01,"San Francisco-Oakland-Berkeley, CA Metro Area",Government,326500.0
2007-06-01,"San Francisco-Oakland-Berkeley, CA Metro Area",Total Private,1747200.0
2007-06-01,"San Jose-Sunnyvale-Santa Clara, CA Metro Area",Government,97800.0
2007-06-01,"San Jose-Sunnyvale-Santa Clara, CA Metro Area",Total Private,833600.0
2007-06-01,"St. Louis, MO-IL Metro Area",Government,165500.0
2007-06-01,"St. Louis, MO-IL Metro Area",Total Private,1204100.0
2007-06-01,"Tampa-St. Petersburg-Clearwater, FL Metro Area",Government,142300.0
2007-06-01,"Tampa-St. Petersburg-Clearwater, FL Metro Area",Total Private,1088200.0
2007-06-01,"Yuba City, CA Metro Area",Government,12400.0
2007-06-01,"Yuba City, CA Metro Area",Total Private,31200.0
2007-07-01,"Austin-Round Rock-Georgetown, TX Metro Area",Government,149000.0
2007-07-01,"Austin-Round Rock-Georgetown, TX Metro Area",Total Private,616800.0
2007-07-01,"Charlotte-Concord-Gastonia, NC-SC Metro Area",Government,104200.0
2007-07-01,"Charlotte-Concord-Gastonia, NC-SC Metro Area",Total Private,897400.0
2007-07-01,"Cincinnati, OH-KY-IN Metro Area",Government,123900.0
2007-07-01,"Cincinnati, OH-KY-IN Metro Area",Total Private,919100.0
2007-07-01,"Cleveland-Elyria, OH Metro Area",Government,139500.0
2007-07-01,"Cleveland-Elyria, OH Metro Area",Total Private,936000.0
2007-07-01,"Columbus, OH Metro Area",Government,157300.0
2007-07-01,"Columbus, OH Metro Area",Total Private,800300.0
2007-07-01,"Detroit-Warren-Dearborn, MI Metro Area",Government,204900.0
2007-07-01,"Detroit-Warren-Dearborn, MI Metro Area",Total Private,1724800.0
2007-07-01,"Indianapolis-Carmel-Anderson, IN Metro Area",Government,113400.0
2007-07-01,"Indianapolis-Carmel-Anderson, IN Metro Area",Total Private,830800.0
2007-07-01,"Kansas City, MO-KS Metro Area",Government,142700.0
2007-07-01,"Kansas City, MO-KS Metro Area",Total Private,867400.0
2007-07-01,"Miami-Fort Lauderdale-Pompano Beach, FL Metro Area",Government,297800.0
2007-07-01,"Miami-Fort Lauderdale-Pompano Beach, FL Metro Area",Total Private,2068800.0000000002
2007-07-01,"Orlando-Kissimmee-Sanford, FL Metro Area",Government,105900.0
2007-07-01,"Orlando-Kissimmee-Sanford, FL Metro Area",Total Private,962100.0
2007-07-01,"Phoenix-Mesa-Chandler, AZ Metro Area",Government,216400.0
2007-07-01,"Phoenix-Mesa-Chandler, AZ Metro Area",Total Private,1669300.0
2007-07-01,"Pittsburgh, PA Metro Area",Government,117600.0
2007-07-01,"Pittsburgh, PA Metro Area",Total Private,1030000.0
2007-07-01,"Portland-Vancouver-Hillsboro, OR-WA Metro Area",Government,134700.0
2007-07-01,"Portland-Vancouver-Hillsboro, OR-WA Metro Area",Total Private,906200.0
2007-07-01,"Riverside-San Bernardino-Ontario, CA Metro Area",Government,217300.0
2007-07-01,"Riverside-San Bernardino-Ontario, CA Metro Area",Total Private,1065900.0
2007-07-01,"Sacramento-Roseville-Folsom, CA Metro Area",Government,231300.0
2007-07-01,"Sacramento-Roseville-Folsom, CA Metro Area",Total Private,692700.0
2007-07-01,"Salt Lake City, UT Metro Area",Government,87300.0
2007-07-01,"Salt Lake City, UT Metro Area",Total Private,527500.0
2007-07-01,"San Antonio-New Braunfels, TX Metro Area",Government,145000.0
2007-07-01,"San Antonio-New Braunfels, TX Metro Area",Total Private,699200.0
2007-07-01,"San Diego-Chula Vista-Carlsbad, CA Metro Area",Government,214900.0
2007-07-01,"San Diego-Chula Vista-Carlsbad, CA Metro Area",Total Private,1109300.0
2007-07-01,"San Francisco-Oakland-Berkeley, CA Metro Area",Government,314100.0
2007-07-01,"San Francisco-Oakland-Berkeley, CA Metro Area",Total Private,1751600.0
2007-07-01,"San Jose-Sunnyvale-Santa Clara, CA Metro Area",Government,95100.0
2007-07-01,"San Jose-Sunnyvale-Santa Clara, CA Metro Area",Total Private,835900.0
2007-07-01,"St. Louis, MO-IL Metro Area",Government,144000.0
2007-07-01,"St. Louis, MO-IL Metro Area",Total Private,1196800.0
2007-07-01,"Tampa-St. Petersburg-Clearwater, FL Metro Area",Government,141300.0
2007-07-01,"Tampa-St. Petersburg-Clearwater, FL Metro Area",Total Private,1071400.0
2007-07-01,"Yuba City, CA Metro Area",Government,10500.0
2007-07-01,"Yuba City, CA Metro Area",Total Private,31200.0
2007-08-01,"Austin-Round Rock-Georgetown, TX Metro Area",Government,150500.0
2007-08-01,"Austin-Round Rock-Georgetown, TX Metro Area",Total Private,619100.0
2007-08-01,"Charlotte-Concord-Gastonia, NC-SC Metro Area",Government,125200.0
2007-08-01,"Charlotte-Concord-Gastonia, NC-SC Metro Area",Total Private,900700.0
2007-08-01,"Cincinnati, OH-KY-IN Metro Area",Government,127400.0
2007-08-01,"Cincinnati, OH-KY-IN Metro Area",Total Private,921300.0
2007-08-01,"Cleveland-Elyria, OH Metro Area",Government,138300.0
2007-08-01,"Cleveland-Elyria, OH Metro Area",Total Private,938600.0
2007-08-01,"Columbus, OH Metro Area",Government,156100.0
2007-08-01,"Columbus, OH Metro Area",Total Private,801500.0
2007-08-01,"Detroit-Warren-Dearborn, MI Metro Area",Government,203700.0
2007-08-01,"Detroit-Warren-Dearborn, MI Metro Area",Total Private,1754600.0
2007-08-01,"Indianapolis-Carmel-Anderson, IN Metro Area",Government,121600.0
2007-08-01,"Indianapolis-Carmel-Anderson, IN Metro Area",Total Private,836400.0
2007-08-01,"Kansas City, MO-KS Metro Area",Government,141800.0
2007-08-01,"Kansas City, MO-KS Metro Area",Total Private,871800.0
2007-08-01,"Miami-Fort Lauderdale-Pompano Beach, FL Metro Area",Government,327800.0
2007-08-01,"Miami-Fort Lauderdale-Pompano Beach, FL Metro Area",Total Private,2078600.0
2007-08-01,"Orlando-Kissimmee-Sanford, FL Metro Area",Government,119200.0
2007-08-01,"Orlando-Kissimmee-Sanford, FL Metro Area",Total Private,962000.0
2007-08-01,"Phoenix-Mesa-Chandler, AZ Metro Area",Government,235700.0
2007-08-01,"Phoenix-Mesa-Chandler, AZ Metro Area",Total Private,1679100.0
2007-08-01,"Pittsburgh, PA Metro Area",Government,116200.0
2007-08-01,"Pittsburgh, PA Metro Area",Total Private,1029000.0
2007-08-01,"Portland-Vancouver-Hillsboro, OR-WA Metro Area",Government,131600.0
2007-08-01,"Portland-Vancouver-Hillsboro, OR-WA Metro Area",Total Private,910500.0
2007-08-01,"Riverside-San Bernardino-Ontario, CA Metro Area",Government,213200.0
2007-08-01,"Riverside-San Bernardino-Ontario, CA Metro Area",Total Private,1065100.0
2007-08-01,"Sacramento-Roseville-Folsom, CA Metro Area",Government,230800.0
2007-08-01,"Sacramento-Roseville-Folsom, CA Metro Area",Total Private,694000.0
2007-08-01,"Salt Lake City, UT Metro Area",Government,87800.0
2007-08-01,"Salt Lake City, UT Metro Area",Total Private,531200.0
2007-08-01,"San Antonio-New Braunfels, TX Metro Area",Government,145800.0
2007-08-01,"San Antonio-New Braunfels, TX Metro Area",Total Private,701500.0
2007-08-01,"San Diego-Chula Vista-Carlsbad, CA Metro Area",Government,212200.0
2007-08-01,"San Diego-Chula Vista-Carlsbad, CA Metro Area",Total Private,1112600.0
2007-08-01,"San Francisco-Oakland-Berkeley, CA Metro Area",Government,313200.0
2007-08-01,"San Francisco-Oakland-Berkeley, CA Metro Area",Total Private,1754800.0
2007-08-01,"San Jose-Sunnyvale-Santa Clara, CA Metro Area",Government,93900.0
2007-08-01,"San Jose-Sunnyvale-Santa Clara, CA Metro Area",Total Private,835600.0
2007-08-01,"St. Louis, MO-IL Metro Area",Government,150800.0
2007-08-01,"St. Louis, MO-IL Metro Area",Total Private,1199600.0
2007-08-01,"Tampa-St. Petersburg-Clearwater, FL Metro Area",Government,151200.0
2007-08-01,"Tampa-St. Petersburg-Clearwater, FL Metro Area",Total Private,1074200.0
2007-08-01,"Yuba City, CA Metro Area",Government,11300.0
2007-08-01,"Yuba City, CA Metro Area",Total Private,31700.0
2007-09-01,"Austin-Round Rock-Georgetown, TX Metro Area",Government,160700.0
2007-09-01,"Austin-Round Rock-Georgetown, TX Metro Area",Total Private,618100.0
2007-09-01,"Charlotte-Concord-Gastonia, NC-SC Metro Area",Government,134100.0
2007-09-01,"Charlotte-Concord-Gastonia, NC-SC Metro Area",Total Private,899300.0
2007-09-01,"Cincinnati, OH-KY-IN Metro Area",Government,131700.0
2007-09-01,"Cincinnati, OH-KY-IN Metro Area",Total Private,916600.0
2007-09-01,"Cleveland-Elyria, OH Metro Area",Government,140100.0
2007-09-01,"Cleveland-Elyria, OH Metro Area",Total Private,933600.0
2007-09-01,"Columbus, OH Metro Area",Government,164600.0
2007-09-01,"Columbus, OH Metro Area",Total Private,798000.0
2007-09-01,"Detroit-Warren-Dearborn, MI Metro Area",Government,220200.0
2007-09-01,"Detroit-Warren-Dearborn, MI Metro Area",Total Private,1748000.0
2007-09-01,"Indianapolis-Carmel-Anderson, IN Metro Area",Government,130100.0
2007-09-01,"Indianapolis-Carmel-Anderson, IN Metro Area",Total Private,833400.0
2007-09-01,"Kansas City, MO-KS Metro Area",Government,148300.0
2007-09-01,"Kansas City, MO-KS Metro Area",Total Private,868100.0
2007-09-01,"Miami-Fort Lauderdale-Pompano Beach, FL Metro Area",Government,331600.0
2007-09-01,"Miami-Fort Lauderdale-Pompano Beach, FL Metro Area",Total Private,2082800.0000000002
2007-09-01,"Orlando-Kissimmee-Sanford, FL Metro Area",Government,119900.0
2007-09-01,"Orlando-Kissimmee-Sanford, FL Metro Area",Total Private,960400.0
2007-09-01,"Phoenix-Mesa-Chandler, AZ Metro Area",Government,246100.0
2007-09-01,"Phoenix-Mesa-Chandler, AZ Metro Area",Total Private,1680100.0
2007-09-01,"Pittsburgh, PA Metro Area",Government,125400.0
2007-09-01,"Pittsburgh, PA Metro Area",Total Private,1026599.9999999999
2007-09-01,"Portland-Vancouver-Hillsboro, OR-WA Metro Area",Government,136100.0
2007-09-01,"Portland-Vancouver-Hillsboro, OR-WA Metro Area",Total Private,912900.0
2007-09-01,"Riverside-San Bernardino-Ontario, CA Metro Area",Government,219200.0
2007-09-01,"Riverside-San Bernardino-Ontario, CA Metro Area",Total Private,1063500.0
2007-09-01,"Sacramento-Roseville-Folsom, CA Metro Area",Government,234000.0
2007-09-01,"Sacramento-Roseville-Folsom, CA Metro Area",Total Private,690500.0
2007-09-01,"Salt Lake City, UT Metro Area",Government,90500.0
2007-09-01,"Salt Lake City, UT Metro Area",Total Private,528800.0
2007-09-01,"San Antonio-New Braunfels, TX Metro Area",Government,152700.0
2007-09-01,"San Antonio-New Braunfels, TX Metro Area",Total Private,698300.0
2007-09-01,"San Diego-Chula Vista-Carlsbad, CA Metro Area",Government,218100.0
2007-09-01,"San Diego-Chula Vista-Carlsbad, CA Metro Area",Total Private,1106100.0
2007-09-01,"San Francisco-Oakland-Berkeley, CA Metro Area",Government,321700.0
2007-09-01,"San Francisco-Oakland-Berkeley, CA Metro Area",Total Private,1752700.0
2007-09-01,"San Jose-Sunnyvale-Santa Clara, CA Metro Area",Government,94900.0
2007-09-01,"San Jose-Sunnyvale-Santa Clara, CA Metro Area",Total Private,833500.0
2007-09-01,"St. Louis, MO-IL Metro Area",Government,168300.0
2007-09-01,"St. Louis, MO-IL Metro Area",Total Private,1198100.0
2007-09-01,"Tampa-St. Petersburg-Clearwater, FL Metro Area",Government,154100.0
2007-09-01,"Tampa-St. Petersburg-Clearwater, FL Metro Area",Total Private,1068100.0
2007-09-01,"Yuba City, CA Metro Area",Government,11600.0
2007-09-01,"Yuba City, CA Metro Area",Total Private,31300.0
2007-10-01,"Austin-Round Rock-Georgetown, TX Metro Area",Government,163100.0
2007-10-01,"Austin-Round Rock-Georgetown, TX Metro Area",Total Private,619400.0
2007-10-01,"Charlotte-Concord-Gastonia, NC-SC Metro Area",Government,136600.0
2007-10-01,"Charlotte-Concord-Gastonia, NC-SC Metro Area",Total Private,904700.0
2007-10-01,"Cincinnati, OH-KY-IN Metro Area",Government,134800.0
2007-10-01,"Cincinnati, OH-KY-IN Metro Area",Total Private,918000.0
2007-10-01,"Cleveland-Elyria, OH Metro Area",Government,143700.0
2007-10-01,"Cleveland-Elyria, OH Metro Area",Total Private,932800.0
2007-10-01,"Columbus, OH Metro Area",Government,168800.0
2007-10-01,"Columbus, OH Metro Area",Total Private,801200.0
2007-10-01,"Detroit-Warren-Dearborn, MI Metro Area",Government,226000.0
2007-10-01,"Detroit-Warren-Dearborn, MI Metro Area",Total Private,1735600.0
2007-10-01,"Indianapolis-Carmel-Anderson, IN Metro Area",Government,131000.0
2007-10-01,"Indianapolis-Carmel-Anderson, IN Metro Area",Total Private,835600.0
2007-10-01,"Kansas City, MO-KS Metro Area",Government,149400.0
2007-10-01,"Kansas City, MO-KS Metro Area",Total Private,865100.0
2007-10-01,"Miami-Fort Lauderdale-Pompano Beach, FL Metro Area",Government,330200.0
2007-10-01,"Miami-Fort Lauderdale-Pompano Beach, FL Metro Area",Total Private,2080300.0000000002
2007-10-01,"Orlando-Kissimmee-Sanford, FL Metro Area",Government,119100.0
2007-10-01,"Orlando-Kissimmee-Sanford, FL Metro Area",Total Private,965300.0
2007-10-01,"Phoenix-Mesa-Chandler, AZ Metro Area",Government,248300.0
2007-10-01,"Phoenix-Mesa-Chandler, AZ Metro Area",Total Private,1687200.0
2007-10-01,"Pittsburgh, PA Metro Area",Government,128400.0
2007-10-01,"Pittsburgh, PA Metro Area",Total Private,1029500.0
2007-10-01,"Portland-Vancouver-Hillsboro, OR-WA Metro Area",Government,145300.0
2007-10-01,"Portland-Vancouver-Hillsboro, OR-WA Metro Area",Total Private,913500.0
2007-10-01,"Riverside-San Bernardino-Ontario, CA Metro Area",Government,228200.0
2007-10-01,"Riverside-San Bernardino-Ontario, CA Metro Area",Total Private,1060700.0
2007-10-01,"Sacramento-Roseville-Folsom, CA Metro Area",Government,236400.0
2007-10-01,"Sacramento-Roseville-Folsom, CA Metro Area",Total Private,685000.0
2007-10-01,"Salt Lake City, UT Metro Area",Government,91100.0
2007-10-01,"Salt Lake City, UT Metro Area",Total Private,529300.0
2007-10-01,"San Antonio-New Braunfels, TX Metro Area",Government,153600.0
2007-10-01,"San Antonio-New Braunfels, TX Metro Area",Total Private,698500.0
2007-10-01,"San Diego-Chula Vista-Carlsbad, CA Metro Area",Government,224400.0
2007-10-01,"San Diego-Chula Vista-Carlsbad, CA Metro Area",Total Private,1099000.0
2007-10-01,"San Francisco-Oakland-Berkeley, CA Metro Area",Government,316800.0
2007-10-01,"San Francisco-Oakland-Berkeley, CA Metro Area",Total Private,1763900.0
2007-10-01,"San Jose-Sunnyvale-Santa Clara, CA Metro Area",Government,98300.0
2007-10-01,"San Jose-Sunnyvale-Santa Clara, CA Metro Area",Total Private,836600.0
2007-10-01,"St. Louis, MO-IL Metro Area",Government,171200.0
2007-10-01,"St. Louis, MO-IL Metro Area",Total Private,1197400.0
2007-10-01,"Tampa-St. Petersburg-Clearwater, FL Metro Area",Government,155400.0
2007-10-01,"Tampa-St. Petersburg-Clearwater, FL Metro Area",Total Private,1064500.0
2007-10-01,"Yuba City, CA Metro Area",Government,11800.0
2007-10-01,"Yuba City, CA Metro Area",Total Private,30400.0
2007-11-01,"Austin-Round Rock-Georgetown, TX Metro Area",Government,164100.0
2007-11-01,"Austin-Round Rock-Georgetown, TX Metro Area",Total Private,623700.0
2007-11-01,"Charlotte-Concord-Gastonia, NC-SC Metro Area",Government,138200.0
2007-11-01,"Charlotte-Concord-Gastonia, NC-SC Metro Area",Total Private,906900.0
2007-11-01,"Cincinnati, OH-KY-IN Metro Area",Government,137000.0
2007-11-01,"Cincinnati, OH-KY-IN Metro Area",Total Private,919100.0
2007-11-01,"Cleveland-Elyria, OH Metro Area",Government,144300.0
2007-11-01,"Cleveland-Elyria, OH Metro Area",Total Private,935100.0
2007-11-01,"Columbus, OH Metro Area",Government,170100.0
2007-11-01,"Columbus, OH Metro Area",Total Private,806600.0
2007-11-01,"Detroit-Warren-Dearborn, MI Metro Area",Government,226500.0
2007-11-01,"Detroit-Warren-Dearborn, MI Metro Area",Total Private,1752600.0
2007-11-01,"Indianapolis-Carmel-Anderson, IN Metro Area",Government,131800.0
2007-11-01,"Indianapolis-Carmel-Anderson, IN Metro Area",Total Private,838300.0
2007-11-01,"Kansas City, MO-KS Metro Area",Government,150800.0
2007-11-01,"Kansas City, MO-KS Metro Area",Total Private,869300.0
2007-11-01,"Miami-Fort Lauderdale-Pompano Beach, FL Metro Area",Government,332600.0
2007-11-01,"Miami-Fort Lauderdale-Pompano Beach, FL Metro Area",Total Private,2108800.0
2007-11-01,"Orlando-Kissimmee-Sanford, FL Metro Area",Government,119200.0
2007-11-01,"Orlando-Kissimmee-Sanford, FL Metro Area",Total Private,976400.0
2007-11-01,"Phoenix-Mesa-Chandler, AZ Metro Area",Government,250700.0
2007-11-01,"Phoenix-Mesa-Chandler, AZ Metro Area",Total Private,1696300.0
2007-11-01,"Pittsburgh, PA Metro Area",Government,129500.0
2007-11-01,"Pittsburgh, PA Metro Area",Total Private,1030300.0
2007-11-01,"Portland-Vancouver-Hillsboro, OR-WA Metro Area",Government,147000.0
2007-11-01,"Portland-Vancouver-Hillsboro, OR-WA Metro Area",Total Private,916600.0
2007-11-01,"Riverside-San Bernardino-Ontario, CA Metro Area",Government,230400.0
2007-11-01,"Riverside-San Bernardino-Ontario, CA Metro Area",Total Private,1067400.0
2007-11-01,"Sacramento-Roseville-Folsom, CA Metro Area",Government,237500.0
2007-11-01,"Sacramento-Roseville-Folsom, CA Metro Area",Total Private,687100.0
2007-11-01,"Salt Lake City, UT Metro Area",Government,91400.0
2007-11-01,"Salt Lake City, UT Metro Area",Total Private,533800.0
2007-11-01,"San Antonio-New Braunfels, TX Metro Area",Government,155000.0
2007-11-01,"San Antonio-New Braunfels, TX Metro Area",Total Private,703600.0
2007-11-01,"San Diego-Chula Vista-Carlsbad, CA Metro Area",Government,225900.0
2007-11-01,"San Diego-Chula Vista-Carlsbad, CA Metro Area",Total Private,1104200.0
2007-11-01,"San Francisco-Oakland-Berkeley, CA Metro Area",Government,319400.0
2007-11-01,"San Francisco-Oakland-Berkeley, CA Metro Area",Total Private,1774600.0
2007-11-01,"San Jose-Sunnyvale-Santa Clara, CA Metro Area",Government,98600.0
2007-11-01,"San Jose-Sunnyvale-Santa Clara, CA Metro Area",Total Private,840000.0
2007-11-01,"St. Louis, MO-IL Metro Area",Government,172400.0
2007-11-01,"St. Louis, MO-IL Metro Area",Total Private,1200400.0
2007-11-01,"Tampa-St. Petersburg-Clearwater, FL Metro Area",Government,155400.0
2007-11-01,"Tampa-St. Petersburg-Clearwater, FL Metro Area",Total Private,1072400.0
2007-11-01,"Yuba City, CA Metro Area",Government,11600.0
2007-11-01,"Yuba City, CA Metro Area",Total Private,30700.0
2007-12-01,"Austin-Round Rock-Georgetown, TX Metro Area",Government,162500.0
2007-12-01,"Austin-Round Rock-Georgetown, TX Metro Area",Total Private,626700.0
2007-12-01,"Charlotte-Concord-Gastonia, NC-SC Metro Area",Government,138500.0
2007-12-01,"Charlotte-Concord-Gastonia, NC-SC Metro Area",Total Private,908600.0
2007-12-01,"Cincinnati, OH-KY-IN Metro Area",Government,136200.0
2007-12-01,"Cincinnati, OH-KY-IN Metro Area",Total Private,921900.0
2007-12-01,"Cleveland-Elyria, OH Metro Area",Government,143300.0
2007-12-01,"Cleveland-Elyria, OH Metro Area",Total Private,934100.0
2007-12-01,"Columbus, OH Metro Area",Government,169500.0
2007-12-01,"Columbus, OH Metro Area",Total Private,806100.0
2007-12-01,"Detroit-Warren-Dearborn, MI Metro Area",Government,225100.0
2007-12-01,"Detroit-Warren-Dearborn, MI Metro Area",Total Private,1746600.0
2007-12-01,"Indianapolis-Carmel-Anderson, IN Metro Area",Government,132000.0
2007-12-01,"Indianapolis-Carmel-Anderson, IN Metro Area",Total Private,836200.0
2007-12-01,"Kansas City, MO-KS Metro Area",Government,149100.0
2007-12-01,"Kansas City, MO-KS Metro Area",Total Private,868000.0
2007-12-01,"Miami-Fort Lauderdale-Pompano Beach, FL Metro Area",Government,333500.0
2007-12-01,"Miami-Fort Lauderdale-Pompano Beach, FL Metro Area",Total Private,2129600.0
2007-12-01,"Orlando-Kissimmee-Sanford, FL Metro Area",Government,118100.0
2007-12-01,"Orlando-Kissimmee-Sanford, FL Metro Area",Total Private,978200.0
2007-12-01,"Phoenix-Mesa-Chandler, AZ Metro Area",Government,250600.0
2007-12-01,"Phoenix-Mesa-Chandler, AZ Metro Area",Total Private,1697600.0
2007-12-01,"Pittsburgh, PA Metro Area",Government,129100.0
2007-12-01,"Pittsburgh, PA Metro Area",Total Private,1027700.0
2007-12-01,"Portland-Vancouver-Hillsboro, OR-WA Metro Area",Government,146900.0
2007-12-01,"Portland-Vancouver-Hillsboro, OR-WA Metro Area",Total Private,915500.0
2007-12-01,"Riverside-San Bernardino-Ontario, CA Metro Area",Government,231500.0
2007-12-01,"Riverside-San Bernardino-Ontario, CA Metro Area",Total Private,1068700.0
2007-12-01,"Sacramento-Roseville-Folsom, CA Metro Area",Government,237700.0
2007-12-01,"Sacramento-Roseville-Folsom, CA Metro Area",Total Private,687600.0
2007-12-01,"Salt Lake City, UT Metro Area",Government,91700.0
2007-12-01,"Salt Lake City, UT Metro Area",Total Private,536200.0
2007-12-01,"San Antonio-New Braunfels, TX Metro Area",Government,156000.0
2007-12-01,"San Antonio-New Braunfels, TX Metro Area",Total Private,706500.0
2007-12-01,"San Diego-Chula Vista-Carlsbad, CA Metro Area",Government,227100.0
2007-12-01,"San Diego-Chula Vista-Carlsbad, CA Metro Area",Total Private,1109200.0
2007-12-01,"San Francisco-Oakland-Berkeley, CA Metro Area",Government,318700.0
2007-12-01,"San Francisco-Oakland-Berkeley, CA Metro Area",Total Private,1781600.0
2007-12-01,"San Jose-Sunnyvale-Santa Clara, CA Metro Area",Government,98300.0
2007-12-01,"San Jose-Sunnyvale-Santa Clara, CA Metro Area",Total Private,841900.0
2007-12-01,"St. Louis, MO-IL Metro Area",Government,172100.0
2007-12-01,"St. Louis, MO-IL Metro Area",Total Private,1202200.0
2007-12-01,"Tampa-St. Petersburg-Clearwater, FL Metro Area",Government,155000.0
2007-12-01,"Tampa-St. Petersburg-Clearwater, FL Metro Area",Total Private,1077300.0
2007-12-01,"Yuba City, CA Metro Area",Government,11900.0
2007-12-01,"Yuba City, CA Metro Area",Total Private,30400.0
2008-01-01,"Austin-Round Rock-Georgetown, TX Metro Area",Government,164100.0
2008-01-01,"Austin-Round Rock-Georgetown, TX Metro Area",Total Private,615200.0
2008-01-01,"Charlotte-Concord-Gastonia, NC-SC Metro Area",Government,137600.0
2008-01-01,"Charlotte-Concord-Gastonia, NC-SC Metro Area",Total Private,881600.0
2008-01-01,"Cincinnati, OH-KY-IN Metro Area",Government,132200.0
2008-01-01,"Cincinnati, OH-KY-IN Metro Area",Total Private,898800.0
2008-01-01,"Cleveland-Elyria, OH Metro Area",Government,141300.0
2008-01-01,"Cleveland-Elyria, OH Metro Area",Total Private,908600.0
2008-01-01,"Columbus, OH Metro Area",Government,165900.0
2008-01-01,"Columbus, OH Metro Area",Total Private,782900.0
2008-01-01,"Detroit-Warren-Dearborn, MI Metro Area",Government,219900.0
2008-01-01,"Detroit-Warren-Dearborn, MI Metro Area",Total Private,1689300.0
2008-01-01,"Indianapolis-Carmel-Anderson, IN Metro Area",Government,128000.0
2008-01-01,"Indianapolis-Carmel-Anderson, IN Metro Area",Total Private,807900.0
2008-01-01,"Kansas City, MO-KS Metro Area",Government,147800.0
2008-01-01,"Kansas City, MO-KS Metro Area",Total Private,849800.0
2008-01-01,"Miami-Fort Lauderdale-Pompano Beach, FL Metro Area",Government,330800.0
2008-01-01,"Miami-Fort Lauderdale-Pompano Beach, FL Metro Area",Total Private,2075500.0
2008-01-01,"Orlando-Kissimmee-Sanford, FL Metro Area",Government,117700.0
2008-01-01,"Orlando-Kissimmee-Sanford, FL Metro Area",Total Private,959900.0
2008-01-01,"Phoenix-Mesa-Chandler, AZ Metro Area",Government,249200.0
2008-01-01,"Phoenix-Mesa-Chandler, AZ Metro Area",Total Private,1652100.0
2008-01-01,"Pittsburgh, PA Metro Area",Government,125400.0
2008-01-01,"Pittsburgh, PA Metro Area",Total Private,1000600.0
2008-01-01,"Portland-Vancouver-Hillsboro, OR-WA Metro Area",Government,145700.0
2008-01-01,"Portland-Vancouver-Hillsboro, OR-WA Metro Area",Total Private,891100.0
2008-01-01,"Riverside-San Bernardino-Ontario, CA Metro Area",Government,230800.0
2008-01-01,"Riverside-San Bernardino-Ontario, CA Metro Area",Total Private,1037099.9999999999
2008-01-01,"Sacramento-Roseville-Folsom, CA Metro Area",Government,237000.0
2008-01-01,"Sacramento-Roseville-Folsom, CA Metro Area",Total Private,668100.0
2008-01-01,"Salt Lake City, UT Metro Area",Government,91400.0
2008-01-01,"Salt Lake City, UT Metro Area",Total Private,522500.0
2008-01-01,"San Antonio-New Braunfels, TX Metro Area",Government,154500.0
2008-01-01,"San Antonio-New Braunfels, TX Metro Area",Total Private,691200.0
2008-01-01,"San Diego-Chula Vista-Carlsbad, CA Metro Area",Government,224200.0
2008-01-01,"San Diego-Chula Vista-Carlsbad, CA Metro Area",Total Private,1081300.0
2008-01-01,"San Francisco-Oakland-Berkeley, CA Metro Area",Government,314900.0
2008-01-01,"San Francisco-Oakland-Berkeley, CA Metro Area",Total Private,1735900.0
2008-01-01,"San Jose-Sunnyvale-Santa Clara, CA Metro Area",Government,99000.0
2008-01-01,"San Jose-Sunnyvale-Santa Clara, CA Metro Area",Total Private,828500.0
2008-01-01,"St. Louis, MO-IL Metro Area",Government,168200.0
2008-01-01,"St. Louis, MO-IL Metro Area",Total Private,1174400.0
2008-01-01,"Tampa-St. Petersburg-Clearwater, FL Metro Area",Government,153400.0
2008-01-01,"Tampa-St. Petersburg-Clearwater, FL Metro Area",Total Private,1053500.0
2008-01-01,"Yuba City, CA Metro Area",Government,11800.0
2008-01-01,"Yuba City, CA Metro Area",Total Private,29400.0
2008-02-01,"Austin-Round Rock-Georgetown, TX Metro Area",Government,167700.0
2008-02-01,"Austin-Round Rock-Georgetown, TX Metro Area",Total Private,619800.0
2008-02-01,"Charlotte-Concord-Gastonia, NC-SC Metro Area",Government,139100.0
2008-02-01,"Charlotte-Concord-Gastonia, NC-SC Metro Area",Total Private,886500.0
2008-02-01,"Cincinnati, OH-KY-IN Metro Area",Government,136500.0
2008-02-01,"Cincinnati, OH-KY-IN Metro Area",Total Private,896100.0
2008-02-01,"Cleveland-Elyria, OH Metro Area",Government,144200.0
2008-02-01,"Cleveland-Elyria, OH Metro Area",Total Private,906200.0
2008-02-01,"Columbus, OH Metro Area",Government,168900.0
2008-02-01,"Columbus, OH Metro Area",Total Private,781300.0
2008-02-01,"Detroit-Warren-Dearborn, MI Metro Area",Government,223900.0
2008-02-01,"Detroit-Warren-Dearborn, MI Metro Area",Total Private,1686800.0
2008-02-01,"Indianapolis-Carmel-Anderson, IN Metro Area",Government,132700.0
2008-02-01,"Indianapolis-Carmel-Anderson, IN Metro Area",Total Private,808400.0
2008-02-01,"Kansas City, MO-KS Metro Area",Government,151100.0
2008-02-01,"Kansas City, MO-KS Metro Area",Total Private,849200.0
2008-02-01,"Miami-Fort Lauderdale-Pompano Beach, FL Metro Area",Government,333300.0
2008-02-01,"Miami-Fort Lauderdale-Pompano Beach, FL Metro Area",Total Private,2087000.0
2008-02-01,"Orlando-Kissimmee-Sanford, FL Metro Area",Government,118600.0
2008-02-01,"Orlando-Kissimmee-Sanford, FL Metro Area",Total Private,969300.0
2008-02-01,"Phoenix-Mesa-Chandler, AZ Metro Area",Government,253600.0
2008-02-01,"Phoenix-Mesa-Chandler, AZ Metro Area",Total Private,1659600.0
2008-02-01,"Pittsburgh, PA Metro Area",Government,128699.99999999999
2008-02-01,"Pittsburgh, PA Metro Area",Total Private,999400.0
2008-02-01,"Portland-Vancouver-Hillsboro, OR-WA Metro Area",Government,147100.0
2008-02-01,"Portland-Vancouver-Hillsboro, OR-WA Metro Area",Total Private,896800.0
2008-02-01,"Riverside-San Bernardino-Ontario, CA Metro Area",Government,231600.0
2008-02-01,"Riverside-San Bernardino-Ontario, CA Metro Area",Total Private,1035599.9999999999
2008-02-01,"Sacramento-Roseville-Folsom, CA Metro Area",Government,238900.0
2008-02-01,"Sacramento-Roseville-Folsom, CA Metro Area",Total Private,669800.0
2008-02-01,"Salt Lake City, UT Metro Area",Government,91700.0
2008-02-01,"Salt Lake City, UT Metro Area",Total Private,523500.0
2008-02-01,"San Antonio-New Braunfels, TX Metro Area",Government,156900.0
2008-02-01,"San Antonio-New Braunfels, TX Metro Area",Total Private,698900.0
2008-02-01,"San Diego-Chula Vista-Carlsbad, CA Metro Area",Government,227500.0
2008-02-01,"San Diego-Chula Vista-Carlsbad, CA Metro Area",Total Private,1086500.0
2008-02-01,"San Francisco-Oakland-Berkeley, CA Metro Area",Government,317700.0
2008-02-01,"San Francisco-Oakland-Berkeley, CA Metro Area",Total Private,1746500.0
2008-02-01,"San Jose-Sunnyvale-Santa Clara, CA Metro Area",Government,98200.0
2008-02-01,"San Jose-Sunnyvale-Santa Clara, CA Metro Area",Total Private,833000.0
2008-02-01,"St. Louis, MO-IL Metro Area",Government,172600.0
2008-02-01,"St. Louis, MO-IL Metro Area",Total Private,1174500.0
2008-02-01,"Tampa-St. Petersburg-Clearwater, FL Metro Area",Government,155800.0
2008-02-01,"Tampa-St. Petersburg-Clearwater, FL Metro Area",Total Private,1059000.0
2008-02-01,"Yuba City, CA Metro Area",Government,12000.0
2008-02-01,"Yuba City, CA Metro Area",Total Private,29500.0
2008-03-01,"Austin-Round Rock-Georgetown, TX Metro Area",Government,169700.0
2008-03-01,"Austin-Round Rock-Georgetown, TX Metro Area",Total Private,620100.0
2008-03-01,"Charlotte-Concord-Gastonia, NC-SC Metro Area",Government,139900.0
2008-03-01,"Charlotte-Concord-Gastonia, NC-SC Metro Area",Total Private,891900.0
2008-03-01,"Cincinnati, OH-KY-IN Metro Area",Government,136500.0
2008-03-01,"Cincinnati, OH-KY-IN Metro Area",Total Private,898800.0
2008-03-01,"Cleveland-Elyria, OH Metro Area",Government,143400.0
2008-03-01,"Cleveland-Elyria, OH Metro Area",Total Private,904800.0
2008-03-01,"Columbus, OH Metro Area",Government,169100.0
2008-03-01,"Columbus, OH Metro Area",Total Private,781000.0
2008-03-01,"Detroit-Warren-Dearborn, MI Metro Area",Government,224400.0
2008-03-01,"Detroit-Warren-Dearborn, MI Metro Area",Total Private,1682000.0
2008-03-01,"Indianapolis-Carmel-Anderson, IN Metro Area",Government,133700.0
2008-03-01,"Indianapolis-Carmel-Anderson, IN Metro Area",Total Private,814100.0
2008-03-01,"Kansas City, MO-KS Metro Area",Government,152900.0
2008-03-01,"Kansas City, MO-KS Metro Area",Total Private,856800.0
2008-03-01,"Miami-Fort Lauderdale-Pompano Beach, FL Metro Area",Government,333000.0
2008-03-01,"Miami-Fort Lauderdale-Pompano Beach, FL Metro Area",Total Private,2093500.0
2008-03-01,"Orlando-Kissimmee-Sanford, FL Metro Area",Government,119700.0
2008-03-01,"Orlando-Kissimmee-Sanford, FL Metro Area",Total Private,971500.0
2008-03-01,"Phoenix-Mesa-Chandler, AZ Metro Area",Government,253500.0
2008-03-01,"Phoenix-Mesa-Chandler, AZ Metro Area",Total Private,1656700.0
2008-03-01,"Pittsburgh, PA Metro Area",Government,129300.00000000001
2008-03-01,"Pittsburgh, PA Metro Area",Total Private,1006300.0
2008-03-01,"Portland-Vancouver-Hillsboro, OR-WA Metro Area",Government,148300.0
2008-03-01,"Portland-Vancouver-Hillsboro, OR-WA Metro Area",Total Private,899100.0
2008-03-01,"Riverside-San Bernardino-Ontario, CA Metro Area",Government,233500.0
2008-03-01,"Riverside-San Bernardino-Ontario, CA Metro Area",Total Private,1034099.9999999999
2008-03-01,"Sacramento-Roseville-Folsom, CA Metro Area",Government,240800.0
2008-03-01,"Sacramento-Roseville-Folsom, CA Metro Area",Total Private,669800.0
2008-03-01,"Salt Lake City, UT Metro Area",Government,92100.0
2008-03-01,"Salt Lake City, UT Metro Area",Total Private,525100.0
2008-03-01,"San Antonio-New Braunfels, TX Metro Area",Government,157400.0
2008-03-01,"San Antonio-New Braunfels, TX Metro Area",Total Private,703500.0
2008-03-01,"San Diego-Chula Vista-Carlsbad, CA Metro Area",Government,228700.0
2008-03-01,"San Diego-Chula Vista-Carlsbad, CA Metro Area",Total Private,1090300.0
2008-03-01,"San Francisco-Oakland-Berkeley, CA Metro Area",Government,319000.0
2008-03-01,"San Francisco-Oakland-Berkeley, CA Metro Area",Total Private,1748200.0
2008-03-01,"San Jose-Sunnyvale-Santa Clara, CA Metro Area",Government,99100.0
2008-03-01,"San Jose-Sunnyvale-Santa Clara, CA Metro Area",Total Private,836000.0
2008-03-01,"St. Louis, MO-IL Metro Area",Government,171700.0
2008-03-01,"St. Louis, MO-IL Metro Area",Total Private,1178900.0
2008-03-01,"Tampa-St. Petersburg-Clearwater, FL Metro Area",Government,155200.0
2008-03-01,"Tampa-St. Petersburg-Clearwater, FL Metro Area",Total Private,1064300.0
2008-03-01,"Yuba City, CA Metro Area",Government,12000.0
2008-03-01,"Yuba City, CA Metro Area",Total Private,29700.0
2008-04-01,"Austin-Round Rock-Georgetown, TX Metro Area",Government,166800.0
2008-04-01,"Austin-Round Rock-Georgetown, TX Metro Area",Total Private,625100.0
2008-04-01,"Charlotte-Concord-Gastonia, NC-SC Metro Area",Government,139800.0
2008-04-01,"Charlotte-Concord-Gastonia, NC-SC Metro Area",Total Private,888900.0
2008-04-01,"Cincinnati, OH-KY-IN Metro Area",Government,136700.0
2008-04-01,"Cincinnati, OH-KY-IN Metro Area",Total Private,912700.0
2008-04-01,"Cleveland-Elyria, OH Metro Area",Government,144000.0
2008-04-01,"Cleveland-Elyria, OH Metro Area",Total Private,916700.0
2008-04-01,"Columbus, OH Metro Area",Government,169600.0
2008-04-01,"Columbus, OH Metro Area",Total Private,790600.0
2008-04-01,"Detroit-Warren-Dearborn, MI Metro Area",Government,224000.0
2008-04-01,"Detroit-Warren-Dearborn, MI Metro Area",Total Private,1686300.0
2008-04-01,"Indianapolis-Carmel-Anderson, IN Metro Area",Government,132500.0
2008-04-01,"Indianapolis-Carmel-Anderson, IN Metro Area",Total Private,822000.0
2008-04-01,"Kansas City, MO-KS Metro Area",Government,153800.0
2008-04-01,"Kansas City, MO-KS Metro Area",Total Private,867500.0
2008-04-01,"Miami-Fort Lauderdale-Pompano Beach, FL Metro Area",Government,331600.0
2008-04-01,"Miami-Fort Lauderdale-Pompano Beach, FL Metro Area",Total Private,2065800.0000000002
2008-04-01,"Orlando-Kissimmee-Sanford, FL Metro Area",Government,119800.0
2008-04-01,"Orlando-Kissimmee-Sanford, FL Metro Area",Total Private,960300.0
2008-04-01,"Phoenix-Mesa-Chandler, AZ Metro Area",Government,253400.0
2008-04-01,"Phoenix-Mesa-Chandler, AZ Metro Area",Total Private,1647900.0
2008-04-01,"Pittsburgh, PA Metro Area",Government,129100.0
2008-04-01,"Pittsburgh, PA Metro Area",Total Private,1021200.0
2008-04-01,"Portland-Vancouver-Hillsboro, OR-WA Metro Area",Government,148600.0
2008-04-01,"Portland-Vancouver-Hillsboro, OR-WA Metro Area",Total Private,902800.0
2008-04-01,"Riverside-San Bernardino-Ontario, CA Metro Area",Government,234600.0
2008-04-01,"Riverside-San Bernardino-Ontario, CA Metro Area",Total Private,1031300.0
2008-04-01,"Sacramento-Roseville-Folsom, CA Metro Area",Government,240000.0
2008-04-01,"Sacramento-Roseville-Folsom, CA Metro Area",Total Private,669300.0
2008-04-01,"Salt Lake City, UT Metro Area",Government,92200.0
2008-04-01,"Salt Lake City, UT Metro Area",Total Private,527100.0
2008-04-01,"San Antonio-New Braunfels, TX Metro Area",Government,157500.0
2008-04-01,"San Antonio-New Braunfels, TX Metro Area",Total Private,708400.0
2008-04-01,"San Diego-Chula Vista-Carlsbad, CA Metro Area",Government,227800.0
2008-04-01,"San Diego-Chula Vista-Carlsbad, CA Metro Area",Total Private,1090900.0
2008-04-01,"San Francisco-Oakland-Berkeley, CA Metro Area",Government,319600.0
2008-04-01,"San Francisco-Oakland-Berkeley, CA Metro Area",Total Private,1750600.0
2008-04-01,"San Jose-Sunnyvale-Santa Clara, CA Metro Area",Government,98400.0
2008-04-01,"San Jose-Sunnyvale-Santa Clara, CA Metro Area",Total Private,834400.0
2008-04-01,"St. Louis, MO-IL Metro Area",Government,172000.0
2008-04-01,"St. Louis, MO-IL Metro Area",Total Private,1190200.0
2008-04-01,"Tampa-St. Petersburg-Clearwater, FL Metro Area",Government,154800.0
2008-04-01,"Tampa-St. Petersburg-Clearwater, FL Metro Area",Total Private,1051700.0
2008-04-01,"Yuba City, CA Metro Area",Government,11700.0
2008-04-01,"Yuba City, CA Metro Area",Total Private,30000.0
2008-05-01,"Austin-Round Rock-Georgetown, TX Metro Area",Government,167500.0
2008-05-01,"Austin-Round Rock-Georgetown, TX Metro Area",Total Private,628300.0
2008-05-01,"Charlotte-Concord-Gastonia, NC-SC Metro Area",Government,140500.0
2008-05-01,"Charlotte-Concord-Gastonia, NC-SC Metro Area",Total Private,893800.0
2008-05-01,"Cincinnati, OH-KY-IN Metro Area",Government,137000.0
2008-05-01,"Cincinnati, OH-KY-IN Metro Area",Total Private,919700.0
2008-05-01,"Cleveland-Elyria, OH Metro Area",Government,146500.0
2008-05-01,"Cleveland-Elyria, OH Metro Area",Total Private,926200.0
2008-05-01,"Columbus, OH Metro Area",Government,171100.0
2008-05-01,"Columbus, OH Metro Area",Total Private,795100.0
2008-05-01,"Detroit-Warren-Dearborn, MI Metro Area",Government,225700.0
2008-05-01,"Detroit-Warren-Dearborn, MI Metro Area",Total Private,1704800.0
2008-05-01,"Indianapolis-Carmel-Anderson, IN Metro Area",Government,134200.0
2008-05-01,"Indianapolis-Carmel-Anderson, IN Metro Area",Total Private,834200.0
2008-05-01,"Kansas City, MO-KS Metro Area",Government,154100.0
2008-05-01,"Kansas City, MO-KS Metro Area",Total Private,867000.0
2008-05-01,"Miami-Fort Lauderdale-Pompano Beach, FL Metro Area",Government,332600.0
2008-05-01,"Miami-Fort Lauderdale-Pompano Beach, FL Metro Area",Total Private,2058900.0
2008-05-01,"Orlando-Kissimmee-Sanford, FL Metro Area",Government,120000.0
2008-05-01,"Orlando-Kissimmee-Sanford, FL Metro Area",Total Private,957500.0
2008-05-01,"Phoenix-Mesa-Chandler, AZ Metro Area",Government,252200.0
2008-05-01,"Phoenix-Mesa-Chandler, AZ Metro Area",Total Private,1642400.0
2008-05-01,"Pittsburgh, PA Metro Area",Government,128300.00000000001
2008-05-01,"Pittsburgh, PA Metro Area",Total Private,1033700.0
2008-05-01,"Portland-Vancouver-Hillsboro, OR-WA Metro Area",Government,150100.0
2008-05-01,"Portland-Vancouver-Hillsboro, OR-WA Metro Area",Total Private,904200.0
2008-05-01,"Riverside-San Bernardino-Ontario, CA Metro Area",Government,235000.0
2008-05-01,"Riverside-San Bernardino-Ontario, CA Metro Area",Total Private,1025900.0000000001
2008-05-01,"Sacramento-Roseville-Folsom, CA Metro Area",Government,242000.0
2008-05-01,"Sacramento-Roseville-Folsom, CA Metro Area",Total Private,670100.0
2008-05-01,"Salt Lake City, UT Metro Area",Government,92200.0
2008-05-01,"Salt Lake City, UT Metro Area",Total Private,527600.0
2008-05-01,"San Antonio-New Braunfels, TX Metro Area",Government,158000.0
2008-05-01,"San Antonio-New Braunfels, TX Metro Area",Total Private,712600.0
2008-05-01,"San Diego-Chula Vista-Carlsbad, CA Metro Area",Government,228800.0
2008-05-01,"San Diego-Chula Vista-Carlsbad, CA Metro Area",Total Private,1094200.0
2008-05-01,"San Francisco-Oakland-Berkeley, CA Metro Area",Government,318900.0
2008-05-01,"San Francisco-Oakland-Berkeley, CA Metro Area",Total Private,1756500.0
2008-05-01,"San Jose-Sunnyvale-Santa Clara, CA Metro Area",Government,99000.0
2008-05-01,"San Jose-Sunnyvale-Santa Clara, CA Metro Area",Total Private,837600.0
2008-05-01,"St. Louis, MO-IL Metro Area",Government,174000.0
2008-05-01,"St. Louis, MO-IL Metro Area",Total Private,1201000.0
2008-05-01,"Tampa-St. Petersburg-Clearwater, FL Metro Area",Government,153200.0
2008-05-01,"Tampa-St. Petersburg-Clearwater, FL Metro Area",Total Private,1048000.0
2008-05-01,"Yuba City, CA Metro Area",Government,11700.0
2008-05-01,"Yuba City, CA Metro Area",Total Private,30400.0
2008-06-01,"Austin-Round Rock-Georgetown, TX Metro Area",Government,165400.0
2008-06-01,"Austin-Round Rock-Georgetown, TX Metro Area",Total Private,630400.0
2008-06-01,"Charlotte-Concord-Gastonia, NC-SC Metro Area",Government,131600.0
2008-06-01,"Charlotte-Concord-Gastonia, NC-SC Metro Area",Total Private,894700.0
2008-06-01,"Cincinnati, OH-KY-IN Metro Area",Government,129900.0
2008-06-01,"Cincinnati, OH-KY-IN Metro Area",Total Private,921100.0
2008-06-01,"Cleveland-Elyria, OH Metro Area",Government,147200.0
2008-06-01,"Cleveland-Elyria, OH Metro Area",Total Private,928500.0
2008-06-01,"Columbus, OH Metro Area",Government,164100.0
2008-06-01,"Columbus, OH Metro Area",Total Private,796300.0
2008-06-01,"Detroit-Warren-Dearborn, MI Metro Area",Government,222700.0
2008-06-01,"Detroit-Warren-Dearborn, MI Metro Area",Total Private,1716200.0
2008-06-01,"Indianapolis-Carmel-Anderson, IN Metro Area",Government,126700.0
2008-06-01,"Indianapolis-Carmel-Anderson, IN Metro Area",Total Private,834600.0
2008-06-01,"Kansas City, MO-KS Metro Area",Government,152800.0
2008-06-01,"Kansas City, MO-KS Metro Area",Total Private,871200.0
2008-06-01,"Miami-Fort Lauderdale-Pompano Beach, FL Metro Area",Government,303200.0
2008-06-01,"Miami-Fort Lauderdale-Pompano Beach, FL Metro Area",Total Private,2044600.0
2008-06-01,"Orlando-Kissimmee-Sanford, FL Metro Area",Government,107800.0
2008-06-01,"Orlando-Kissimmee-Sanford, FL Metro Area",Total Private,952700.0
2008-06-01,"Phoenix-Mesa-Chandler, AZ Metro Area",Government,224400.0
2008-06-01,"Phoenix-Mesa-Chandler, AZ Metro Area",Total Private,1631200.0
2008-06-01,"Pittsburgh, PA Metro Area",Government,126600.0
2008-06-01,"Pittsburgh, PA Metro Area",Total Private,1038800.0
2008-06-01,"Portland-Vancouver-Hillsboro, OR-WA Metro Area",Government,149800.0
2008-06-01,"Portland-Vancouver-Hillsboro, OR-WA Metro Area",Total Private,902500.0
2008-06-01,"Riverside-San Bernardino-Ontario, CA Metro Area",Government,233800.0
2008-06-01,"Riverside-San Bernardino-Ontario, CA Metro Area",Total Private,1023600.0
2008-06-01,"Sacramento-Roseville-Folsom, CA Metro Area",Government,241900.0
2008-06-01,"Sacramento-Roseville-Folsom, CA Metro Area",Total Private,671200.0
2008-06-01,"Salt Lake City, UT Metro Area",Government,92800.0
2008-06-01,"Salt Lake City, UT Metro Area",Total Private,529000.0
2008-06-01,"San Antonio-New Braunfels, TX Metro Area",Government,156000.0
2008-06-01,"San Antonio-New Braunfels, TX Metro Area",Total Private,715200.0
2008-06-01,"San Diego-Chula Vista-Carlsbad, CA Metro Area",Government,230100.0
2008-06-01,"San Diego-Chula Vista-Carlsbad, CA Metro Area",Total Private,1096900.0
2008-06-01,"San Francisco-Oakland-Berkeley, CA Metro Area",Government,320800.0
2008-06-01,"San Francisco-Oakland-Berkeley, CA Metro Area",Total Private,1759600.0
2008-06-01,"San Jose-Sunnyvale-Santa Clara, CA Metro Area",Government,98600.0
2008-06-01,"San Jose-Sunnyvale-Santa Clara, CA Metro Area",Total Private,841000.0
2008-06-01,"St. Louis, MO-IL Metro Area",Government,167700.0
2008-06-01,"St. Louis, MO-IL Metro Area",Total Private,1206500.0
2008-06-01,"Tampa-St. Petersburg-Clearwater, FL Metro Area",Government,142700.0
2008-06-01,"Tampa-St. Petersburg-Clearwater, FL Metro Area",Total Private,1042599.9999999999
2008-06-01,"Yuba City, CA Metro Area",Government,12000.0
2008-06-01,"Yuba City, CA Metro Area",Total Private,30200.0
2008-07-01,"Austin-Round Rock-Georgetown, TX Metro Area",Government,154400.0
2008-07-01,"Austin-Round Rock-Georgetown, TX Metro Area",Total Private,628600.0
2008-07-01,"Charlotte-Concord-Gastonia, NC-SC Metro Area",Government,111500.0
2008-07-01,"Charlotte-Concord-Gastonia, NC-SC Metro Area",Total Private,888000.0
2008-07-01,"Cincinnati, OH-KY-IN Metro Area",Government,125400.0
2008-07-01,"Cincinnati, OH-KY-IN Metro Area",Total Private,920000.0
2008-07-01,"Cleveland-Elyria, OH Metro Area",Government,139500.0
2008-07-01,"Cleveland-Elyria, OH Metro Area",Total Private,924800.0
2008-07-01,"Columbus, OH Metro Area",Government,158200.0
2008-07-01,"Columbus, OH Metro Area",Total Private,797200.0
2008-07-01,"Detroit-Warren-Dearborn, MI Metro Area",Government,202400.0
2008-07-01,"Detroit-Warren-Dearborn, MI Metro Area",Total Private,1666000.0
2008-07-01,"Indianapolis-Carmel-Anderson, IN Metro Area",Government,121700.0
2008-07-01,"Indianapolis-Carmel-Anderson, IN Metro Area",Total Private,830900.0
2008-07-01,"Kansas City, MO-KS Metro Area",Government,142300.0
2008-07-01,"Kansas City, MO-KS Metro Area",Total Private,870800.0
2008-07-01,"Miami-Fort Lauderdale-Pompano Beach, FL Metro Area",Government,298600.0
2008-07-01,"Miami-Fort Lauderdale-Pompano Beach, FL Metro Area",Total Private,2001900.0
2008-07-01,"Orlando-Kissimmee-Sanford, FL Metro Area",Government,105600.0
2008-07-01,"Orlando-Kissimmee-Sanford, FL Metro Area",Total Private,945500.0
2008-07-01,"Phoenix-Mesa-Chandler, AZ Metro Area",Government,212700.0
2008-07-01,"Phoenix-Mesa-Chandler, AZ Metro Area",Total Private,1609800.0
2008-07-01,"Pittsburgh, PA Metro Area",Government,118400.0
2008-07-01,"Pittsburgh, PA Metro Area",Total Private,1032800.0
2008-07-01,"Portland-Vancouver-Hillsboro, OR-WA Metro Area",Government,141100.0
2008-07-01,"Portland-Vancouver-Hillsboro, OR-WA Metro Area",Total Private,904900.0
2008-07-01,"Riverside-San Bernardino-Ontario, CA Metro Area",Government,222000.0
2008-07-01,"Riverside-San Bernardino-Ontario, CA Metro Area",Total Private,1011000.0
2008-07-01,"Sacramento-Roseville-Folsom, CA Metro Area",Government,236100.0
2008-07-01,"Sacramento-Roseville-Folsom, CA Metro Area",Total Private,668700.0
2008-07-01,"Salt Lake City, UT Metro Area",Government,89000.0
2008-07-01,"Salt Lake City, UT Metro Area",Total Private,528500.0
2008-07-01,"San Antonio-New Braunfels, TX Metro Area",Government,149700.0
2008-07-01,"San Antonio-New Braunfels, TX Metro Area",Total Private,713200.0
2008-07-01,"San Diego-Chula Vista-Carlsbad, CA Metro Area",Government,216700.0
2008-07-01,"San Diego-Chula Vista-Carlsbad, CA Metro Area",Total Private,1098600.0
2008-07-01,"San Francisco-Oakland-Berkeley, CA Metro Area",Government,310400.0
2008-07-01,"San Francisco-Oakland-Berkeley, CA Metro Area",Total Private,1760100.0
2008-07-01,"San Jose-Sunnyvale-Santa Clara, CA Metro Area",Government,94000.0
2008-07-01,"San Jose-Sunnyvale-Santa Clara, CA Metro Area",Total Private,839700.0
2008-07-01,"St. Louis, MO-IL Metro Area",Government,147000.0
2008-07-01,"St. Louis, MO-IL Metro Area",Total Private,1193800.0
2008-07-01,"Tampa-St. Petersburg-Clearwater, FL Metro Area",Government,141400.0
2008-07-01,"Tampa-St. Petersburg-Clearwater, FL Metro Area",Total Private,1026700.0
2008-07-01,"Yuba City, CA Metro Area",Government,10400.0
2008-07-01,"Yuba City, CA Metro Area",Total Private,29900.0
2008-08-01,"Austin-Round Rock-Georgetown, TX Metro Area",Government,155400.0
2008-08-01,"Austin-Round Rock-Georgetown, TX Metro Area",Total Private,631200.0
2008-08-01,"Charlotte-Concord-Gastonia, NC-SC Metro Area",Government,132400.0
2008-08-01,"Charlotte-Concord-Gastonia, NC-SC Metro Area",Total Private,888900.0
2008-08-01,"Cincinnati, OH-KY-IN Metro Area",Government,128900.0
2008-08-01,"Cincinnati, OH-KY-IN Metro Area",Total Private,919400.0
2008-08-01,"Cleveland-Elyria, OH Metro Area",Government,137900.0
2008-08-01,"Cleveland-Elyria, OH Metro Area",Total Private,924600.0
2008-08-01,"Columbus, OH Metro Area",Government,157600.0
2008-08-01,"Columbus, OH Metro Area",Total Private,797600.0
2008-08-01,"Detroit-Warren-Dearborn, MI Metro Area",Government,203500.0
2008-08-01,"Detroit-Warren-Dearborn, MI Metro Area",Total Private,1685200.0
2008-08-01,"Indianapolis-Carmel-Anderson, IN Metro Area",Government,129500.0
2008-08-01,"Indianapolis-Carmel-Anderson, IN Metro Area",Total Private,835400.0
2008-08-01,"Kansas City, MO-KS Metro Area",Government,143200.0
2008-08-01,"Kansas City, MO-KS Metro Area",Total Private,868900.0
2008-08-01,"Miami-Fort Lauderdale-Pompano Beach, FL Metro Area",Government,325400.0
2008-08-01,"Miami-Fort Lauderdale-Pompano Beach, FL Metro Area",Total Private,2000500.0
2008-08-01,"Orlando-Kissimmee-Sanford, FL Metro Area",Government,117700.0
2008-08-01,"Orlando-Kissimmee-Sanford, FL Metro Area",Total Private,941300.0
2008-08-01,"Phoenix-Mesa-Chandler, AZ Metro Area",Government,239300.0
2008-08-01,"Phoenix-Mesa-Chandler, AZ Metro Area",Total Private,1614200.0
2008-08-01,"Pittsburgh, PA Metro Area",Government,117100.0
2008-08-01,"Pittsburgh, PA Metro Area",Total Private,1030599.9999999999
2008-08-01,"Portland-Vancouver-Hillsboro, OR-WA Metro Area",Government,138300.0
2008-08-01,"Portland-Vancouver-Hillsboro, OR-WA Metro Area",Total Private,905100.0
2008-08-01,"Riverside-San Bernardino-Ontario, CA Metro Area",Government,222200.0
2008-08-01,"Riverside-San Bernardino-Ontario, CA Metro Area",Total Private,1008000.0
2008-08-01,"Sacramento-Roseville-Folsom, CA Metro Area",Government,232300.0
2008-08-01,"Sacramento-Roseville-Folsom, CA Metro Area",Total Private,667900.0
2008-08-01,"Salt Lake City, UT Metro Area",Government,90100.0
2008-08-01,"Salt Lake City, UT Metro Area",Total Private,531200.0
2008-08-01,"San Antonio-New Braunfels, TX Metro Area",Government,150800.0
2008-08-01,"San Antonio-New Braunfels, TX Metro Area",Total Private,713800.0
2008-08-01,"San Diego-Chula Vista-Carlsbad, CA Metro Area",Government,215300.0
2008-08-01,"San Diego-Chula Vista-Carlsbad, CA Metro Area",Total Private,1099900.0
2008-08-01,"San Francisco-Oakland-Berkeley, CA Metro Area",Government,306700.0
2008-08-01,"San Francisco-Oakland-Berkeley, CA Metro Area",Total Private,1757600.0
2008-08-01,"San Jose-Sunnyvale-Santa Clara, CA Metro Area",Government,94500.0
2008-08-01,"San Jose-Sunnyvale-Santa Clara, CA Metro Area",Total Private,843000.0
2008-08-01,"St. Louis, MO-IL Metro Area",Government,154400.0
2008-08-01,"St. Louis, MO-IL Metro Area",Total Private,1195700.0
2008-08-01,"Tampa-St. Petersburg-Clearwater, FL Metro Area",Government,152500.0
2008-08-01,"Tampa-St. Petersburg-Clearwater, FL Metro Area",Total Private,1026099.9999999999
2008-08-01,"Yuba City, CA Metro Area",Government,10900.0
2008-08-01,"Yuba City, CA Metro Area",Total Private,29800.0
2008-09-01,"Austin-Round Rock-Georgetown, TX Metro Area",Government,167600.0
2008-09-01,"Austin-Round Rock-Georgetown, TX Metro Area",Total Private,628000.0
2008-09-01,"Charlotte-Concord-Gastonia, NC-SC Metro Area",Government,143000.0
2008-09-01,"Charlotte-Concord-Gastonia, NC-SC Metro Area",Total Private,883600.0
2008-09-01,"Cincinnati, OH-KY-IN Metro Area",Government,132800.0
2008-09-01,"Cincinnati, OH-KY-IN Metro Area",Total Private,907600.0
2008-09-01,"Cleveland-Elyria, OH Metro Area",Government,140200.0
2008-09-01,"Cleveland-Elyria, OH Metro Area",Total Private,920600.0
2008-09-01,"Columbus, OH Metro Area",Government,164300.0
2008-09-01,"Columbus, OH Metro Area",Total Private,792600.0
2008-09-01,"Detroit-Warren-Dearborn, MI Metro Area",Government,217400.0
2008-09-01,"Detroit-Warren-Dearborn, MI Metro Area",Total Private,1678300.0
2008-09-01,"Indianapolis-Carmel-Anderson, IN Metro Area",Government,133300.0
2008-09-01,"Indianapolis-Carmel-Anderson, IN Metro Area",Total Private,830100.0
2008-09-01,"Kansas City, MO-KS Metro Area",Government,151000.0
2008-09-01,"Kansas City, MO-KS Metro Area",Total Private,863500.0
2008-09-01,"Miami-Fort Lauderdale-Pompano Beach, FL Metro Area",Government,327200.0
2008-09-01,"Miami-Fort Lauderdale-Pompano Beach, FL Metro Area",Total Private,1994500.0
2008-09-01,"Orlando-Kissimmee-Sanford, FL Metro Area",Government,118800.0
2008-09-01,"Orlando-Kissimmee-Sanford, FL Metro Area",Total Private,933600.0
2008-09-01,"Phoenix-Mesa-Chandler, AZ Metro Area",Government,251500.0
2008-09-01,"Phoenix-Mesa-Chandler, AZ Metro Area",Total Private,1606900.0
2008-09-01,"Pittsburgh, PA Metro Area",Government,126400.0
2008-09-01,"Pittsburgh, PA Metro Area",Total Private,1028400.0000000001
2008-09-01,"Portland-Vancouver-Hillsboro, OR-WA Metro Area",Government,142800.0
2008-09-01,"Portland-Vancouver-Hillsboro, OR-WA Metro Area",Total Private,905900.0
2008-09-01,"Riverside-San Bernardino-Ontario, CA Metro Area",Government,223700.0
2008-09-01,"Riverside-San Bernardino-Ontario, CA Metro Area",Total Private,1004700.0
2008-09-01,"Sacramento-Roseville-Folsom, CA Metro Area",Government,234500.0
2008-09-01,"Sacramento-Roseville-Folsom, CA Metro Area",Total Private,663500.0
2008-09-01,"Salt Lake City, UT Metro Area",Government,93600.0
2008-09-01,"Salt Lake City, UT Metro Area",Total Private,527200.0
2008-09-01,"San Antonio-New Braunfels, TX Metro Area",Government,155000.0
2008-09-01,"San Antonio-New Braunfels, TX Metro Area",Total Private,709600.0
2008-09-01,"San Diego-Chula Vista-Carlsbad, CA Metro Area",Government,220100.0
2008-09-01,"San Diego-Chula Vista-Carlsbad, CA Metro Area",Total Private,1091100.0
2008-09-01,"San Francisco-Oakland-Berkeley, CA Metro Area",Government,311400.0
2008-09-01,"San Francisco-Oakland-Berkeley, CA Metro Area",Total Private,1751100.0
2008-09-01,"San Jose-Sunnyvale-Santa Clara, CA Metro Area",Government,98000.0
2008-09-01,"San Jose-Sunnyvale-Santa Clara, CA Metro Area",Total Private,838300.0
2008-09-01,"St. Louis, MO-IL Metro Area",Government,171100.0
2008-09-01,"St. Louis, MO-IL Metro Area",Total Private,1189300.0
2008-09-01,"Tampa-St. Petersburg-Clearwater, FL Metro Area",Government,155700.0
2008-09-01,"Tampa-St. Petersburg-Clearwater, FL Metro Area",Total Private,1017800.0
2008-09-01,"Yuba City, CA Metro Area",Government,11600.0
2008-09-01,"Yuba City, CA Metro Area",Total Private,29400.0
2008-10-01,"Austin-Round Rock-Georgetown, TX Metro Area",Government,167300.0
2008-10-01,"Austin-Round Rock-Georgetown, TX Metro Area",Total Private,628900.0
2008-10-01,"Charlotte-Concord-Gastonia, NC-SC Metro Area",Government,142800.0
2008-10-01,"Charlotte-Concord-Gastonia, NC-SC Metro Area",Total Private,880400.0
2008-10-01,"Cincinnati, OH-KY-IN Metro Area",Government,136300.0
2008-10-01,"Cincinnati, OH-KY-IN Metro Area",Total Private,904700.0
2008-10-01,"Cleveland-Elyria, OH Metro Area",Government,143600.0
2008-10-01,"Cleveland-Elyria, OH Metro Area",Total Private,915200.0
2008-10-01,"Columbus, OH Metro Area",Government,169600.0
2008-10-01,"Columbus, OH Metro Area",Total Private,794000.0
2008-10-01,"Detroit-Warren-Dearborn, MI Metro Area",Government,223200.0
2008-10-01,"Detroit-Warren-Dearborn, MI Metro Area",Total Private,1672300.0
2008-10-01,"Indianapolis-Carmel-Anderson, IN Metro Area",Government,134400.0
2008-10-01,"Indianapolis-Carmel-Anderson, IN Metro Area",Total Private,828800.0
2008-10-01,"Kansas City, MO-KS Metro Area",Government,152400.0
2008-10-01,"Kansas City, MO-KS Metro Area",Total Private,863100.0
2008-10-01,"Miami-Fort Lauderdale-Pompano Beach, FL Metro Area",Government,326600.0
2008-10-01,"Miami-Fort Lauderdale-Pompano Beach, FL Metro Area",Total Private,1988400.0
2008-10-01,"Orlando-Kissimmee-Sanford, FL Metro Area",Government,118800.0
2008-10-01,"Orlando-Kissimmee-Sanford, FL Metro Area",Total Private,929600.0
2008-10-01,"Phoenix-Mesa-Chandler, AZ Metro Area",Government,253500.0
2008-10-01,"Phoenix-Mesa-Chandler, AZ Metro Area",Total Private,1599500.0
2008-10-01,"Pittsburgh, PA Metro Area",Government,129800.00000000001
2008-10-01,"Pittsburgh, PA Metro Area",Total Private,1030400.0000000001
2008-10-01,"Portland-Vancouver-Hillsboro, OR-WA Metro Area",Government,149500.0
2008-10-01,"Portland-Vancouver-Hillsboro, OR-WA Metro Area",Total Private,898300.0
2008-10-01,"Riverside-San Bernardino-Ontario, CA Metro Area",Government,233600.0
2008-10-01,"Riverside-San Bernardino-Ontario, CA Metro Area",Total Private,999200.0
2008-10-01,"Sacramento-Roseville-Folsom, CA Metro Area",Government,237500.0
2008-10-01,"Sacramento-Roseville-Folsom, CA Metro Area",Total Private,657000.0
2008-10-01,"Salt Lake City, UT Metro Area",Government,93900.0
2008-10-01,"Salt Lake City, UT Metro Area",Total Private,524900.0
2008-10-01,"San Antonio-New Braunfels, TX Metro Area",Government,160000.0
2008-10-01,"San Antonio-New Braunfels, TX Metro Area",Total Private,706400.0
2008-10-01,"San Diego-Chula Vista-Carlsbad, CA Metro Area",Government,226800.0
2008-10-01,"San Diego-Chula Vista-Carlsbad, CA Metro Area",Total Private,1083400.0
2008-10-01,"San Francisco-Oakland-Berkeley, CA Metro Area",Government,315400.0
2008-10-01,"San Francisco-Oakland-Berkeley, CA Metro Area",Total Private,1749100.0
2008-10-01,"San Jose-Sunnyvale-Santa Clara, CA Metro Area",Government,98700.0
2008-10-01,"San Jose-Sunnyvale-Santa Clara, CA Metro Area",Total Private,833600.0
2008-10-01,"St. Louis, MO-IL Metro Area",Government,173900.0
2008-10-01,"St. Louis, MO-IL Metro Area",Total Private,1180800.0
2008-10-01,"Tampa-St. Petersburg-Clearwater, FL Metro Area",Government,156400.0
2008-10-01,"Tampa-St. Petersburg-Clearwater, FL Metro Area",Total Private,1011600.0
2008-10-01,"Yuba City, CA Metro Area",Government,11600.0
2008-10-01,"Yuba City, CA Metro Area",Total Private,28900.0
2008-11-01,"Austin-Round Rock-Georgetown, TX Metro Area",Government,169500.0
2008-11-01,"Austin-Round Rock-Georgetown, TX Metro Area",Total Private,629300.0
2008-11-01,"Charlotte-Concord-Gastonia, NC-SC Metro Area",Government,144300.0
2008-11-01,"Charlotte-Concord-Gastonia, NC-SC Metro Area",Total Private,872400.0
2008-11-01,"Cincinnati, OH-KY-IN Metro Area",Government,138300.0
2008-11-01,"Cincinnati, OH-KY-IN Metro Area",Total Private,898000.0
2008-11-01,"Cleveland-Elyria, OH Metro Area",Government,143600.0
2008-11-01,"Cleveland-Elyria, OH Metro Area",Total Private,908900.0
2008-11-01,"Columbus, OH Metro Area",Government,169800.0
2008-11-01,"Columbus, OH Metro Area",Total Private,792200.0
2008-11-01,"Detroit-Warren-Dearborn, MI Metro Area",Government,224100.0
2008-11-01,"Detroit-Warren-Dearborn, MI Metro Area",Total Private,1663000.0
2008-11-01,"Indianapolis-Carmel-Anderson, IN Metro Area",Government,134700.0
2008-11-01,"Indianapolis-Carmel-Anderson, IN Metro Area",Total Private,823000.0
2008-11-01,"Kansas City, MO-KS Metro Area",Government,152500.0
2008-11-01,"Kansas City, MO-KS Metro Area",Total Private,857700.0
2008-11-01,"Miami-Fort Lauderdale-Pompano Beach, FL Metro Area",Government,328600.0
2008-11-01,"Miami-Fort Lauderdale-Pompano Beach, FL Metro Area",Total Private,1998600.0
2008-11-01,"Orlando-Kissimmee-Sanford, FL Metro Area",Government,119500.0
2008-11-01,"Orlando-Kissimmee-Sanford, FL Metro Area",Total Private,926800.0
2008-11-01,"Phoenix-Mesa-Chandler, AZ Metro Area",Government,254900.0
2008-11-01,"Phoenix-Mesa-Chandler, AZ Metro Area",Total Private,1595300.0
2008-11-01,"Pittsburgh, PA Metro Area",Government,130199.99999999999
2008-11-01,"Pittsburgh, PA Metro Area",Total Private,1026900.0000000001
2008-11-01,"Portland-Vancouver-Hillsboro, OR-WA Metro Area",Government,151800.0
2008-11-01,"Portland-Vancouver-Hillsboro, OR-WA Metro Area",Total Private,890000.0
2008-11-01,"Riverside-San Bernardino-Ontario, CA Metro Area",Government,235400.0
2008-11-01,"Riverside-San Bernardino-Ontario, CA Metro Area",Total Private,998200.0
2008-11-01,"Sacramento-Roseville-Folsom, CA Metro Area",Government,238900.0
2008-11-01,"Sacramento-Roseville-Folsom, CA Metro Area",Total Private,654200.0
2008-11-01,"Salt Lake City, UT Metro Area",Government,94200.0
2008-11-01,"Salt Lake City, UT Metro Area",Total Private,522799.99999999994
2008-11-01,"San Antonio-New Braunfels, TX Metro Area",Government,160600.0
2008-11-01,"San Antonio-New Braunfels, TX Metro Area",Total Private,707100.0
2008-11-01,"San Diego-Chula Vista-Carlsbad, CA Metro Area",Government,228000.0
2008-11-01,"San Diego-Chula Vista-Carlsbad, CA Metro Area",Total Private,1081500.0
2008-11-01,"San Francisco-Oakland-Berkeley, CA Metro Area",Government,316900.0
2008-11-01,"San Francisco-Oakland-Berkeley, CA Metro Area",Total Private,1740500.0
2008-11-01,"San Jose-Sunnyvale-Santa Clara, CA Metro Area",Government,98300.0
2008-11-01,"San Jose-Sunnyvale-Santa Clara, CA Metro Area",Total Private,829700.0
2008-11-01,"St. Louis, MO-IL Metro Area",Government,174000.0
2008-11-01,"St. Louis, MO-IL Metro Area",Total Private,1173200.0
2008-11-01,"Tampa-St. Petersburg-Clearwater, FL Metro Area",Government,157000.0
2008-11-01,"Tampa-St. Petersburg-Clearwater, FL Metro Area",Total Private,1010300.0
2008-11-01,"Yuba City, CA Metro Area",Government,11800.0
2008-11-01,"Yuba City, CA Metro Area",Total Private,28900.0
2008-12-01,"Austin-Round Rock-Georgetown, TX Metro Area",Government,168300.0
2008-12-01,"Austin-Round Rock-Georgetown, TX Metro Area",Total Private,627500.0
2008-12-01,"Charlotte-Concord-Gastonia, NC-SC Metro Area",Government,144900.0
2008-12-01,"Charlotte-Concord-Gastonia, NC-SC Metro Area",Total Private,868600.0
2008-12-01,"Cincinnati, OH-KY-IN Metro Area",Government,137500.0
2008-12-01,"Cincinnati, OH-KY-IN Metro Area",Total Private,896400.0
2008-12-01,"Cleveland-Elyria, OH Metro Area",Government,142300.0
2008-12-01,"Cleveland-Elyria, OH Metro Area",Total Private,902500.0
2008-12-01,"Columbus, OH Metro Area",Government,168600.0
2008-12-01,"Columbus, OH Metro Area",Total Private,789300.0
2008-12-01,"Detroit-Warren-Dearborn, MI Metro Area",Government,221000.0
2008-12-01,"Detroit-Warren-Dearborn, MI Metro Area",Total Private,1646900.0
2008-12-01,"Indianapolis-Carmel-Anderson, IN Metro Area",Government,134600.0
2008-12-01,"Indianapolis-Carmel-Anderson, IN Metro Area",Total Private,814400.0
2008-12-01,"Kansas City, MO-KS Metro Area",Government,152400.0
2008-12-01,"Kansas City, MO-KS Metro Area",Total Private,852700.0
2008-12-01,"Miami-Fort Lauderdale-Pompano Beach, FL Metro Area",Government,329800.0
2008-12-01,"Miami-Fort Lauderdale-Pompano Beach, FL Metro Area",Total Private,2005900.0
2008-12-01,"Orlando-Kissimmee-Sanford, FL Metro Area",Government,119400.0
2008-12-01,"Orlando-Kissimmee-Sanford, FL Metro Area",Total Private,924900.0
2008-12-01,"Phoenix-Mesa-Chandler, AZ Metro Area",Government,253300.0
2008-12-01,"Phoenix-Mesa-Chandler, AZ Metro Area",Total Private,1584500.0
2008-12-01,"Pittsburgh, PA Metro Area",Government,129000.0
2008-12-01,"Pittsburgh, PA Metro Area",Total Private,1020700.0
2008-12-01,"Portland-Vancouver-Hillsboro, OR-WA Metro Area",Government,150800.0
2008-12-01,"Portland-Vancouver-Hillsboro, OR-WA Metro Area",Total Private,878600.0
2008-12-01,"Riverside-San Bernardino-Ontario, CA Metro Area",Government,236000.0
2008-12-01,"Riverside-San Bernardino-Ontario, CA Metro Area",Total Private,992500.0
2008-12-01,"Sacramento-Roseville-Folsom, CA Metro Area",Government,238900.0
2008-12-01,"Sacramento-Roseville-Folsom, CA Metro Area",Total Private,652400.0
2008-12-01,"Salt Lake City, UT Metro Area",Government,94300.0
2008-12-01,"Salt Lake City, UT Metro Area",Total Private,522200.00000000006
2008-12-01,"San Antonio-New Braunfels, TX Metro Area",Government,160100.0
2008-12-01,"San Antonio-New Braunfels, TX Metro Area",Total Private,706000.0
2008-12-01,"San Diego-Chula Vista-Carlsbad, CA Metro Area",Government,227400.0
2008-12-01,"San Diego-Chula Vista-Carlsbad, CA Metro Area",Total Private,1078800.0
2008-12-01,"San Francisco-Oakland-Berkeley, CA Metro Area",Government,315000.0
2008-12-01,"San Francisco-Oakland-Berkeley, CA Metro Area",Total Private,1738200.0
2008-12-01,"San Jose-Sunnyvale-Santa Clara, CA Metro Area",Government,97800.0
2008-12-01,"San Jose-Sunnyvale-Santa Clara, CA Metro Area",Total Private,826700.0
2008-12-01,"St. Louis, MO-IL Metro Area",Government,173400.0
2008-12-01,"St. Louis, MO-IL Metro Area",Total Private,1167200.0
2008-12-01,"Tampa-St. Petersburg-Clearwater, FL Metro Area",Government,158000.0
2008-12-01,"Tampa-St. Petersburg-Clearwater, FL Metro Area",Total Private,1011100.0
2008-12-01,"Yuba City, CA Metro Area",Government,11500.0
2008-12-01,"Yuba City, CA Metro Area",Total Private,28500.0
2009-01-01,"Austin-Round Rock-Georgetown, TX Metro Area",Government,169000.0
2009-01-01,"Austin-Round Rock-Georgetown, TX Metro Area",Total Private,607000.0
2009-01-01,"Charlotte-Concord-Gastonia, NC-SC Metro Area",Government,142900.0
2009-01-01,"Charlotte-Concord-Gastonia, NC-SC Metro Area",Total Private,833600.0
2009-01-01,"Cincinnati, OH-KY-IN Metro Area",Government,134200.0
2009-01-01,"Cincinnati, OH-KY-IN Metro Area",Total Private,862500.0
2009-01-01,"Cleveland-Elyria, OH Metro Area",Government,140400.0
2009-01-01,"Cleveland-Elyria, OH Metro Area",Total Private,868700.0
2009-01-01,"Columbus, OH Metro Area",Government,165200.0
2009-01-01,"Columbus, OH Metro Area",Total Private,761800.0
2009-01-01,"Detroit-Warren-Dearborn, MI Metro Area",Government,216600.0
2009-01-01,"Detroit-Warren-Dearborn, MI Metro Area",Total Private,1536900.0
2009-01-01,"Indianapolis-Carmel-Anderson, IN Metro Area",Government,131400.0
2009-01-01,"Indianapolis-Carmel-Anderson, IN Metro Area",Total Private,782300.0
2009-01-01,"Kansas City, MO-KS Metro Area",Government,150500.0
2009-01-01,"Kansas City, MO-KS Metro Area",Total Private,828300.0
2009-01-01,"Miami-Fort Lauderdale-Pompano Beach, FL Metro Area",Government,327900.0
2009-01-01,"Miami-Fort Lauderdale-Pompano Beach, FL Metro Area",Total Private,1937200.0
2009-01-01,"Orlando-Kissimmee-Sanford, FL Metro Area",Government,118300.0
2009-01-01,"Orlando-Kissimmee-Sanford, FL Metro Area",Total Private,899900.0
2009-01-01,"Phoenix-Mesa-Chandler, AZ Metro Area",Government,245400.0
2009-01-01,"Phoenix-Mesa-Chandler, AZ Metro Area",Total Private,1532300.0
2009-01-01,"Pittsburgh, PA Metro Area",Government,125200.0
2009-01-01,"Pittsburgh, PA Metro Area",Total Private,987300.0
2009-01-01,"Portland-Vancouver-Hillsboro, OR-WA Metro Area",Government,149000.0
2009-01-01,"Portland-Vancouver-Hillsboro, OR-WA Metro Area",Total Private,850900.0
2009-01-01,"Riverside-San Bernardino-Ontario, CA Metro Area",Government,235600.0
2009-01-01,"Riverside-San Bernardino-Ontario, CA Metro Area",Total Private,963400.0
2009-01-01,"Sacramento-Roseville-Folsom, CA Metro Area",Government,238700.0
2009-01-01,"Sacramento-Roseville-Folsom, CA Metro Area",Total Private,633400.0
2009-01-01,"Salt Lake City, UT Metro Area",Government,93400.0
2009-01-01,"Salt Lake City, UT Metro Area",Total Private,502200.0
2009-01-01,"San Antonio-New Braunfels, TX Metro Area",Government,158600.0
2009-01-01,"San Antonio-New Braunfels, TX Metro Area",Total Private,683900.0
2009-01-01,"San Diego-Chula Vista-Carlsbad, CA Metro Area",Government,226200.0
2009-01-01,"San Diego-Chula Vista-Carlsbad, CA Metro Area",Total Private,1042900.0000000001
2009-01-01,"San Francisco-Oakland-Berkeley, CA Metro Area",Government,313000.0
2009-01-01,"San Francisco-Oakland-Berkeley, CA Metro Area",Total Private,1680200.0
2009-01-01,"San Jose-Sunnyvale-Santa Clara, CA Metro Area",Government,97400.0
2009-01-01,"San Jose-Sunnyvale-Santa Clara, CA Metro Area",Total Private,801300.0
2009-01-01,"St. Louis, MO-IL Metro Area",Government,170400.0
2009-01-01,"St. Louis, MO-IL Metro Area",Total Private,1131000.0
2009-01-01,"Tampa-St. Petersburg-Clearwater, FL Metro Area",Government,155600.0
2009-01-01,"Tampa-St. Petersburg-Clearwater, FL Metro Area",Total Private,983600.0
2009-01-01,"Yuba City, CA Metro Area",Government,11600.0
2009-01-01,"Yuba City, CA Metro Area",Total Private,27700.0
2009-02-01,"Austin-Round Rock-Georgetown, TX Metro Area",Government,172200.0
2009-02-01,"Austin-Round Rock-Georgetown, TX Metro Area",Total Private,604200.0
2009-02-01,"Charlotte-Concord-Gastonia, NC-SC Metro Area",Government,143600.0
2009-02-01,"Charlotte-Concord-Gastonia, NC-SC Metro Area",Total Private,831100.0
2009-02-01,"Cincinnati, OH-KY-IN Metro Area",Government,136900.0
2009-02-01,"Cincinnati, OH-KY-IN Metro Area",Total Private,856300.0
2009-02-01,"Cleveland-Elyria, OH Metro Area",Government,142700.0
2009-02-01,"Cleveland-Elyria, OH Metro Area",Total Private,863400.0
2009-02-01,"Columbus, OH Metro Area",Government,167900.0
2009-02-01,"Columbus, OH Metro Area",Total Private,755100.0
2009-02-01,"Detroit-Warren-Dearborn, MI Metro Area",Government,220400.0
2009-02-01,"Detroit-Warren-Dearborn, MI Metro Area",Total Private,1541700.0
2009-02-01,"Indianapolis-Carmel-Anderson, IN Metro Area",Government,134200.0
2009-02-01,"Indianapolis-Carmel-Anderson, IN Metro Area",Total Private,777600.0
2009-02-01,"Kansas City, MO-KS Metro Area",Government,154400.0
2009-02-01,"Kansas City, MO-KS Metro Area",Total Private,821700.0
2009-02-01,"Miami-Fort Lauderdale-Pompano Beach, FL Metro Area",Government,326300.0
2009-02-01,"Miami-Fort Lauderdale-Pompano Beach, FL Metro Area",Total Private,1933300.0
2009-02-01,"Orlando-Kissimmee-Sanford, FL Metro Area",Government,119300.0
2009-02-01,"Orlando-Kissimmee-Sanford, FL Metro Area",Total Private,898600.0
2009-02-01,"Phoenix-Mesa-Chandler, AZ Metro Area",Government,251700.0
2009-02-01,"Phoenix-Mesa-Chandler, AZ Metro Area",Total Private,1521200.0
2009-02-01,"Pittsburgh, PA Metro Area",Government,128800.00000000001
2009-02-01,"Pittsburgh, PA Metro Area",Total Private,982900.0
2009-02-01,"Portland-Vancouver-Hillsboro, OR-WA Metro Area",Government,151000.0
2009-02-01,"Portland-Vancouver-Hillsboro, OR-WA Metro Area",Total Private,845500.0
2009-02-01,"Riverside-San Bernardino-Ontario, CA Metro Area",Government,235500.0
2009-02-01,"Riverside-San Bernardino-Ontario, CA Metro Area",Total Private,953300.0
2009-02-01,"Sacramento-Roseville-Folsom, CA Metro Area",Government,240400.0
2009-02-01,"Sacramento-Roseville-Folsom, CA Metro Area",Total Private,626700.0
2009-02-01,"Salt Lake City, UT Metro Area",Government,93900.0
2009-02-01,"Salt Lake City, UT Metro Area",Total Private,498300.0
2009-02-01,"San Antonio-New Braunfels, TX Metro Area",Government,161200.0
2009-02-01,"San Antonio-New Braunfels, TX Metro Area",Total Private,686100.0
2009-02-01,"San Diego-Chula Vista-Carlsbad, CA Metro Area",Government,226900.0
2009-02-01,"San Diego-Chula Vista-Carlsbad, CA Metro Area",Total Private,1038099.9999999999
2009-02-01,"San Francisco-Oakland-Berkeley, CA Metro Area",Government,315500.0
2009-02-01,"San Francisco-Oakland-Berkeley, CA Metro Area",Total Private,1668200.0
2009-02-01,"San Jose-Sunnyvale-Santa Clara, CA Metro Area",Government,96800.0
2009-02-01,"San Jose-Sunnyvale-Santa Clara, CA Metro Area",Total Private,793500.0
2009-02-01,"St. Louis, MO-IL Metro Area",Government,172700.0
2009-02-01,"St. Louis, MO-IL Metro Area",Total Private,1126800.0
2009-02-01,"Tampa-St. Petersburg-Clearwater, FL Metro Area",Government,158100.0
2009-02-01,"Tampa-St. Petersburg-Clearwater, FL Metro Area",Total Private,981700.0
2009-02-01,"Yuba City, CA Metro Area",Government,11600.0
2009-02-01,"Yuba City, CA Metro Area",Total Private,27600.0
2009-03-01,"Austin-Round Rock-Georgetown, TX Metro Area",Government,172800.0
2009-03-01,"Austin-Round Rock-Georgetown, TX Metro Area",Total Private,604100.0
2009-03-01,"Charlotte-Concord-Gastonia, NC-SC Metro Area",Government,144200.0
2009-03-01,"Charlotte-Concord-Gastonia, NC-SC Metro Area",Total Private,828400.0
2009-03-01,"Cincinnati, OH-KY-IN Metro Area",Government,136700.0
2009-03-01,"Cincinnati, OH-KY-IN Metro Area",Total Private,855900.0
2009-03-01,"Cleveland-Elyria, OH Metro Area",Government,142600.0
2009-03-01,"Cleveland-Elyria, OH Metro Area",Total Private,860800.0
2009-03-01,"Columbus, OH Metro Area",Government,168600.0
2009-03-01,"Columbus, OH Metro Area",Total Private,754700.0
2009-03-01,"Detroit-Warren-Dearborn, MI Metro Area",Government,221400.0
2009-03-01,"Detroit-Warren-Dearborn, MI Metro Area",Total Private,1537800.0
2009-03-01,"Indianapolis-Carmel-Anderson, IN Metro Area",Government,134700.0
2009-03-01,"Indianapolis-Carmel-Anderson, IN Metro Area",Total Private,778100.0
2009-03-01,"Kansas City, MO-KS Metro Area",Government,154600.0
2009-03-01,"Kansas City, MO-KS Metro Area",Total Private,824100.0
2009-03-01,"Miami-Fort Lauderdale-Pompano Beach, FL Metro Area",Government,326500.0
2009-03-01,"Miami-Fort Lauderdale-Pompano Beach, FL Metro Area",Total Private,1927800.0
2009-03-01,"Orlando-Kissimmee-Sanford, FL Metro Area",Government,119400.0
2009-03-01,"Orlando-Kissimmee-Sanford, FL Metro Area",Total Private,896000.0
2009-03-01,"Phoenix-Mesa-Chandler, AZ Metro Area",Government,250800.0
2009-03-01,"Phoenix-Mesa-Chandler, AZ Metro Area",Total Private,1515000.0
2009-03-01,"Pittsburgh, PA Metro Area",Government,129199.99999999999
2009-03-01,"Pittsburgh, PA Metro Area",Total Private,985300.0
2009-03-01,"Portland-Vancouver-Hillsboro, OR-WA Metro Area",Government,151800.0
2009-03-01,"Portland-Vancouver-Hillsboro, OR-WA Metro Area",Total Private,839300.0
2009-03-01,"Riverside-San Bernardino-Ontario, CA Metro Area",Government,237700.0
2009-03-01,"Riverside-San Bernardino-Ontario, CA Metro Area",Total Private,950500.0
2009-03-01,"Sacramento-Roseville-Folsom, CA Metro Area",Government,242200.0
2009-03-01,"Sacramento-Roseville-Folsom, CA Metro Area",Total Private,623300.0
2009-03-01,"Salt Lake City, UT Metro Area",Government,93700.0
2009-03-01,"Salt Lake City, UT Metro Area",Total Private,497200.0
2009-03-01,"San Antonio-New Braunfels, TX Metro Area",Government,161500.0
2009-03-01,"San Antonio-New Braunfels, TX Metro Area",Total Private,687000.0
2009-03-01,"San Diego-Chula Vista-Carlsbad, CA Metro Area",Government,228600.0
2009-03-01,"San Diego-Chula Vista-Carlsbad, CA Metro Area",Total Private,1033599.9999999999
2009-03-01,"San Francisco-Oakland-Berkeley, CA Metro Area",Government,316900.0
2009-03-01,"San Francisco-Oakland-Berkeley, CA Metro Area",Total Private,1659400.0
2009-03-01,"San Jose-Sunnyvale-Santa Clara, CA Metro Area",Government,97600.0
2009-03-01,"San Jose-Sunnyvale-Santa Clara, CA Metro Area",Total Private,788900.0
2009-03-01,"St. Louis, MO-IL Metro Area",Government,173300.0
2009-03-01,"St. Louis, MO-IL Metro Area",Total Private,1128000.0
2009-03-01,"Tampa-St. Petersburg-Clearwater, FL Metro Area",Government,157400.0
2009-03-01,"Tampa-St. Petersburg-Clearwater, FL Metro Area",Total Private,982600.0
2009-03-01,"Yuba City, CA Metro Area",Government,11700.0
2009-03-01,"Yuba City, CA Metro Area",Total Private,27700.0
2009-04-01,"Austin-Round Rock-Georgetown, TX Metro Area",Government,174100.0
2009-04-01,"Austin-Round Rock-Georgetown, TX Metro Area",Total Private,604200.0
2009-04-01,"Charlotte-Concord-Gastonia, NC-SC Metro Area",Government,144600.0
2009-04-01,"Charlotte-Concord-Gastonia, NC-SC Metro Area",Total Private,820900.0
2009-04-01,"Cincinnati, OH-KY-IN Metro Area",Government,137700.0
2009-04-01,"Cincinnati, OH-KY-IN Metro Area",Total Private,857400.0
2009-04-01,"Cleveland-Elyria, OH Metro Area",Government,143100.0
2009-04-01,"Cleveland-Elyria, OH Metro Area",Total Private,861800.0
2009-04-01,"Columbus, OH Metro Area",Government,170100.0
2009-04-01,"Columbus, OH Metro Area",Total Private,757400.0
2009-04-01,"Detroit-Warren-Dearborn, MI Metro Area",Government,223000.0
2009-04-01,"Detroit-Warren-Dearborn, MI Metro Area",Total Private,1536200.0
2009-04-01,"Indianapolis-Carmel-Anderson, IN Metro Area",Government,132700.0
2009-04-01,"Indianapolis-Carmel-Anderson, IN Metro Area",Total Private,781200.0
2009-04-01,"Kansas City, MO-KS Metro Area",Government,156300.0
2009-04-01,"Kansas City, MO-KS Metro Area",Total Private,828500.0
2009-04-01,"Miami-Fort Lauderdale-Pompano Beach, FL Metro Area",Government,327000.0
2009-04-01,"Miami-Fort Lauderdale-Pompano Beach, FL Metro Area",Total Private,1905500.0
2009-04-01,"Orlando-Kissimmee-Sanford, FL Metro Area",Government,119300.0
2009-04-01,"Orlando-Kissimmee-Sanford, FL Metro Area",Total Private,890200.0
2009-04-01,"Phoenix-Mesa-Chandler, AZ Metro Area",Government,250900.0
2009-04-01,"Phoenix-Mesa-Chandler, AZ Metro Area",Total Private,1500900.0
2009-04-01,"Pittsburgh, PA Metro Area",Government,130300.00000000001
2009-04-01,"Pittsburgh, PA Metro Area",Total Private,993000.0
2009-04-01,"Portland-Vancouver-Hillsboro, OR-WA Metro Area",Government,151900.0
2009-04-01,"Portland-Vancouver-Hillsboro, OR-WA Metro Area",Total Private,838200.0
2009-04-01,"Riverside-San Bernardino-Ontario, CA Metro Area",Government,240800.0
2009-04-01,"Riverside-San Bernardino-Ontario, CA Metro Area",Total Private,941900.0
2009-04-01,"Sacramento-Roseville-Folsom, CA Metro Area",Government,242600.0
2009-04-01,"Sacramento-Roseville-Folsom, CA Metro Area",Total Private,620400.0
2009-04-01,"Salt Lake City, UT Metro Area",Government,94400.0
2009-04-01,"Salt Lake City, UT Metro Area",Total Private,494000.0
2009-04-01,"San Antonio-New Braunfels, TX Metro Area",Government,163400.0
2009-04-01,"San Antonio-New Braunfels, TX Metro Area",Total Private,686500.0
2009-04-01,"San Diego-Chula Vista-Carlsbad, CA Metro Area",Government,229800.0
2009-04-01,"San Diego-Chula Vista-Carlsbad, CA Metro Area",Total Private,1025099.9999999999
2009-04-01,"San Francisco-Oakland-Berkeley, CA Metro Area",Government,318100.0
2009-04-01,"San Francisco-Oakland-Berkeley, CA Metro Area",Total Private,1650400.0
2009-04-01,"San Jose-Sunnyvale-Santa Clara, CA Metro Area",Government,99500.0
2009-04-01,"San Jose-Sunnyvale-Santa Clara, CA Metro Area",Total Private,781400.0
2009-04-01,"St. Louis, MO-IL Metro Area",Government,177200.0
2009-04-01,"St. Louis, MO-IL Metro Area",Total Private,1132800.0
2009-04-01,"Tampa-St. Petersburg-Clearwater, FL Metro Area",Government,158400.0
2009-04-01,"Tampa-St. Petersburg-Clearwater, FL Metro Area",Total Private,974300.0
2009-04-01,"Yuba City, CA Metro Area",Government,11800.0
2009-04-01,"Yuba City, CA Metro Area",Total Private,27800.0
2009-05-01,"Austin-Round Rock-Georgetown, TX Metro Area",Government,174600.0
2009-05-01,"Austin-Round Rock-Georgetown, TX Metro Area",Total Private,605900.0
2009-05-01,"Charlotte-Concord-Gastonia, NC-SC Metro Area",Government,144200.0
2009-05-01,"Charlotte-Concord-Gastonia, NC-SC Metro Area",Total Private,823200.0
2009-05-01,"Cincinnati, OH-KY-IN Metro Area",Government,137000.0
2009-05-01,"Cincinnati, OH-KY-IN Metro Area",Total Private,863700.0
2009-05-01,"Cleveland-Elyria, OH Metro Area",Government,144100.0
2009-05-01,"Cleveland-Elyria, OH Metro Area",Total Private,864400.0
2009-05-01,"Columbus, OH Metro Area",Government,170500.0
2009-05-01,"Columbus, OH Metro Area",Total Private,760800.0
2009-05-01,"Detroit-Warren-Dearborn, MI Metro Area",Government,221400.0
2009-05-01,"Detroit-Warren-Dearborn, MI Metro Area",Total Private,1529700.0
2009-05-01,"Indianapolis-Carmel-Anderson, IN Metro Area",Government,133700.0
2009-05-01,"Indianapolis-Carmel-Anderson, IN Metro Area",Total Private,785300.0
2009-05-01,"Kansas City, MO-KS Metro Area",Government,157000.0
2009-05-01,"Kansas City, MO-KS Metro Area",Total Private,828600.0
2009-05-01,"Miami-Fort Lauderdale-Pompano Beach, FL Metro Area",Government,325400.0
2009-05-01,"Miami-Fort Lauderdale-Pompano Beach, FL Metro Area",Total Private,1898000.0
2009-05-01,"Orlando-Kissimmee-Sanford, FL Metro Area",Government,117600.0
2009-05-01,"Orlando-Kissimmee-Sanford, FL Metro Area",Total Private,887800.0
2009-05-01,"Phoenix-Mesa-Chandler, AZ Metro Area",Government,247000.0
2009-05-01,"Phoenix-Mesa-Chandler, AZ Metro Area",Total Private,1492500.0
2009-05-01,"Pittsburgh, PA Metro Area",Government,129199.99999999999
2009-05-01,"Pittsburgh, PA Metro Area",Total Private,1002300.0
2009-05-01,"Portland-Vancouver-Hillsboro, OR-WA Metro Area",Government,152700.0
2009-05-01,"Portland-Vancouver-Hillsboro, OR-WA Metro Area",Total Private,837800.0
2009-05-01,"Riverside-San Bernardino-Ontario, CA Metro Area",Government,241000.0
2009-05-01,"Riverside-San Bernardino-Ontario, CA Metro Area",Total Private,938400.0
2009-05-01,"Sacramento-Roseville-Folsom, CA Metro Area",Government,242800.0
2009-05-01,"Sacramento-Roseville-Folsom, CA Metro Area",Total Private,621200.0
2009-05-01,"Salt Lake City, UT Metro Area",Government,94100.0
2009-05-01,"Salt Lake City, UT Metro Area",Total Private,494800.0
2009-05-01,"San Antonio-New Braunfels, TX Metro Area",Government,162600.0
2009-05-01,"San Antonio-New Braunfels, TX Metro Area",Total Private,689300.0
2009-05-01,"San Diego-Chula Vista-Carlsbad, CA Metro Area",Government,229500.0
2009-05-01,"San Diego-Chula Vista-Carlsbad, CA Metro Area",Total Private,1027000.0
2009-05-01,"San Francisco-Oakland-Berkeley, CA Metro Area",Government,316100.0
2009-05-01,"San Francisco-Oakland-Berkeley, CA Metro Area",Total Private,1649300.0
2009-05-01,"San Jose-Sunnyvale-Santa Clara, CA Metro Area",Government,100200.0
2009-05-01,"San Jose-Sunnyvale-Santa Clara, CA Metro Area",Total Private,780900.0
2009-05-01,"St. Louis, MO-IL Metro Area",Government,177400.0
2009-05-01,"St. Louis, MO-IL Metro Area",Total Private,1137400.0
2009-05-01,"Tampa-St. Petersburg-Clearwater, FL Metro Area",Government,155600.0
2009-05-01,"Tampa-St. Petersburg-Clearwater, FL Metro Area",Total Private,969700.0
2009-05-01,"Yuba City, CA Metro Area",Government,12000.0
2009-05-01,"Yuba City, CA Metro Area",Total Private,28200.0
2009-06-01,"Austin-Round Rock-Georgetown, TX Metro Area",Government,172100.0
2009-06-01,"Austin-Round Rock-Georgetown, TX Metro Area",Total Private,606200.0
2009-06-01,"Charlotte-Concord-Gastonia, NC-SC Metro Area",Government,137200.0
2009-06-01,"Charlotte-Concord-Gastonia, NC-SC Metro Area",Total Private,820500.0
2009-06-01,"Cincinnati, OH-KY-IN Metro Area",Government,130600.0
2009-06-01,"Cincinnati, OH-KY-IN Metro Area",Total Private,864300.0
2009-06-01,"Cleveland-Elyria, OH Metro Area",Government,142800.0
2009-06-01,"Cleveland-Elyria, OH Metro Area",Total Private,863900.0
2009-06-01,"Columbus, OH Metro Area",Government,162700.0
2009-06-01,"Columbus, OH Metro Area",Total Private,760100.0
2009-06-01,"Detroit-Warren-Dearborn, MI Metro Area",Government,219000.0
2009-06-01,"Detroit-Warren-Dearborn, MI Metro Area",Total Private,1521700.0
2009-06-01,"Indianapolis-Carmel-Anderson, IN Metro Area",Government,123400.0
2009-06-01,"Indianapolis-Carmel-Anderson, IN Metro Area",Total Private,788000.0
2009-06-01,"Kansas City, MO-KS Metro Area",Government,154300.0
2009-06-01,"Kansas City, MO-KS Metro Area",Total Private,831900.0
2009-06-01,"Miami-Fort Lauderdale-Pompano Beach, FL Metro Area",Government,297300.0
2009-06-01,"Miami-Fort Lauderdale-Pompano Beach, FL Metro Area",Total Private,1888700.0
2009-06-01,"Orlando-Kissimmee-Sanford, FL Metro Area",Government,106700.0
2009-06-01,"Orlando-Kissimmee-Sanford, FL Metro Area",Total Private,881800.0
2009-06-01,"Phoenix-Mesa-Chandler, AZ Metro Area",Government,216800.0
2009-06-01,"Phoenix-Mesa-Chandler, AZ Metro Area",Total Private,1478200.0
2009-06-01,"Pittsburgh, PA Metro Area",Government,127700.0
2009-06-01,"Pittsburgh, PA Metro Area",Total Private,1005100.0
2009-06-01,"Portland-Vancouver-Hillsboro, OR-WA Metro Area",Government,151100.0
2009-06-01,"Portland-Vancouver-Hillsboro, OR-WA Metro Area",Total Private,835200.0
2009-06-01,"Riverside-San Bernardino-Ontario, CA Metro Area",Government,239400.0
2009-06-01,"Riverside-San Bernardino-Ontario, CA Metro Area",Total Private,933700.0
2009-06-01,"Sacramento-Roseville-Folsom, CA Metro Area",Government,240700.0
2009-06-01,"Sacramento-Roseville-Folsom, CA Metro Area",Total Private,621300.0
2009-06-01,"Salt Lake City, UT Metro Area",Government,94300.0
2009-06-01,"Salt Lake City, UT Metro Area",Total Private,494300.0
2009-06-01,"San Antonio-New Braunfels, TX Metro Area",Government,160300.0
2009-06-01,"San Antonio-New Braunfels, TX Metro Area",Total Private,692800.0
2009-06-01,"San Diego-Chula Vista-Carlsbad, CA Metro Area",Government,230000.0
2009-06-01,"San Diego-Chula Vista-Carlsbad, CA Metro Area",Total Private,1025500.0
2009-06-01,"San Francisco-Oakland-Berkeley, CA Metro Area",Government,316300.0
2009-06-01,"San Francisco-Oakland-Berkeley, CA Metro Area",Total Private,1646400.0
2009-06-01,"San Jose-Sunnyvale-Santa Clara, CA Metro Area",Government,100300.0
2009-06-01,"San Jose-Sunnyvale-Santa Clara, CA Metro Area",Total Private,780700.0
2009-06-01,"St. Louis, MO-IL Metro Area",Government,172400.0
2009-06-01,"St. Louis, MO-IL Metro Area",Total Private,1135900.0
2009-06-01,"Tampa-St. Petersburg-Clearwater, FL Metro Area",Government,145500.0
2009-06-01,"Tampa-St. Petersburg-Clearwater, FL Metro Area",Total Private,963900.0
2009-06-01,"Yuba City, CA Metro Area",Government,11500.0
2009-06-01,"Yuba City, CA Metro Area",Total Private,28100.0
2009-07-01,"Austin-Round Rock-Georgetown, TX Metro Area",Government,159200.0
2009-07-01,"Austin-Round Rock-Georgetown, TX Metro Area",Total Private,604400.0
2009-07-01,"Charlotte-Concord-Gastonia, NC-SC Metro Area",Government,115200.0
2009-07-01,"Charlotte-Concord-Gastonia, NC-SC Metro Area",Total Private,817000.0
2009-07-01,"Cincinnati, OH-KY-IN Metro Area",Government,123200.0
2009-07-01,"Cincinnati, OH-KY-IN Metro Area",Total Private,861500.0
2009-07-01,"Cleveland-Elyria, OH Metro Area",Government,135900.0
2009-07-01,"Cleveland-Elyria, OH Metro Area",Total Private,860000.0
2009-07-01,"Columbus, OH Metro Area",Government,156000.0
2009-07-01,"Columbus, OH Metro Area",Total Private,757800.0
2009-07-01,"Detroit-Warren-Dearborn, MI Metro Area",Government,197600.0
2009-07-01,"Detroit-Warren-Dearborn, MI Metro Area",Total Private,1510400.0
2009-07-01,"Indianapolis-Carmel-Anderson, IN Metro Area",Government,118700.0
2009-07-01,"Indianapolis-Carmel-Anderson, IN Metro Area",Total Private,781400.0
2009-07-01,"Kansas City, MO-KS Metro Area",Government,143000.0
2009-07-01,"Kansas City, MO-KS Metro Area",Total Private,829100.0
2009-07-01,"Miami-Fort Lauderdale-Pompano Beach, FL Metro Area",Government,294800.0
2009-07-01,"Miami-Fort Lauderdale-Pompano Beach, FL Metro Area",Total Private,1857800.0
2009-07-01,"Orlando-Kissimmee-Sanford, FL Metro Area",Government,105300.0
2009-07-01,"Orlando-Kissimmee-Sanford, FL Metro Area",Total Private,872200.0
2009-07-01,"Phoenix-Mesa-Chandler, AZ Metro Area",Government,209800.0
2009-07-01,"Phoenix-Mesa-Chandler, AZ Metro Area",Total Private,1462100.0
2009-07-01,"Pittsburgh, PA Metro Area",Government,119400.0
2009-07-01,"Pittsburgh, PA Metro Area",Total Private,996800.0
2009-07-01,"Portland-Vancouver-Hillsboro, OR-WA Metro Area",Government,141000.0
2009-07-01,"Portland-Vancouver-Hillsboro, OR-WA Metro Area",Total Private,834100.0
2009-07-01,"Riverside-San Bernardino-Ontario, CA Metro Area",Government,225800.0
2009-07-01,"Riverside-San Bernardino-Ontario, CA Metro Area",Total Private,920800.0
2009-07-01,"Sacramento-Roseville-Folsom, CA Metro Area",Government,225500.0
2009-07-01,"Sacramento-Roseville-Folsom, CA Metro Area",Total Private,619300.0
2009-07-01,"Salt Lake City, UT Metro Area",Government,90300.0
2009-07-01,"Salt Lake City, UT Metro Area",Total Private,491800.0
2009-07-01,"San Antonio-New Braunfels, TX Metro Area",Government,153900.0
2009-07-01,"San Antonio-New Braunfels, TX Metro Area",Total Private,688800.0
2009-07-01,"San Diego-Chula Vista-Carlsbad, CA Metro Area",Government,214500.0
2009-07-01,"San Diego-Chula Vista-Carlsbad, CA Metro Area",Total Private,1018100.0
2009-07-01,"San Francisco-Oakland-Berkeley, CA Metro Area",Government,300400.0
2009-07-01,"San Francisco-Oakland-Berkeley, CA Metro Area",Total Private,1637400.0
2009-07-01,"San Jose-Sunnyvale-Santa Clara, CA Metro Area",Government,85100.0
2009-07-01,"San Jose-Sunnyvale-Santa Clara, CA Metro Area",Total Private,772900.0
2009-07-01,"St. Louis, MO-IL Metro Area",Government,149200.0
2009-07-01,"St. Louis, MO-IL Metro Area",Total Private,1129500.0
2009-07-01,"Tampa-St. Petersburg-Clearwater, FL Metro Area",Government,144700.0
2009-07-01,"Tampa-St. Petersburg-Clearwater, FL Metro Area",Total Private,950900.0
2009-07-01,"Yuba City, CA Metro Area",Government,10800.0
2009-07-01,"Yuba City, CA Metro Area",Total Private,28100.0
2009-08-01,"Austin-Round Rock-Georgetown, TX Metro Area",Government,159500.0
2009-08-01,"Austin-Round Rock-Georgetown, TX Metro Area",Total Private,605300.0
2009-08-01,"Charlotte-Concord-Gastonia, NC-SC Metro Area",Government,136400.0
2009-08-01,"Charlotte-Concord-Gastonia, NC-SC Metro Area",Total Private,815600.0
2009-08-01,"Cincinnati, OH-KY-IN Metro Area",Government,128300.00000000001
2009-08-01,"Cincinnati, OH-KY-IN Metro Area",Total Private,861800.0
2009-08-01,"Cleveland-Elyria, OH Metro Area",Government,134500.0
2009-08-01,"Cleveland-Elyria, OH Metro Area",Total Private,857900.0
2009-08-01,"Columbus, OH Metro Area",Government,155200.0
2009-08-01,"Columbus, OH Metro Area",Total Private,758100.0
2009-08-01,"Detroit-Warren-Dearborn, MI Metro Area",Government,197300.0
2009-08-01,"Detroit-Warren-Dearborn, MI Metro Area",Total Private,1520900.0
2009-08-01,"Indianapolis-Carmel-Anderson, IN Metro Area",Government,126600.0
2009-08-01,"Indianapolis-Carmel-Anderson, IN Metro Area",Total Private,784800.0
2009-08-01,"Kansas City, MO-KS Metro Area",Government,142300.0
2009-08-01,"Kansas City, MO-KS Metro Area",Total Private,828300.0
2009-08-01,"Miami-Fort Lauderdale-Pompano Beach, FL Metro Area",Government,316600.0
2009-08-01,"Miami-Fort Lauderdale-Pompano Beach, FL Metro Area",Total Private,1859400.0
2009-08-01,"Orlando-Kissimmee-Sanford, FL Metro Area",Government,115500.0
2009-08-01,"Orlando-Kissimmee-Sanford, FL Metro Area",Total Private,870300.0
2009-08-01,"Phoenix-Mesa-Chandler, AZ Metro Area",Government,223600.0
2009-08-01,"Phoenix-Mesa-Chandler, AZ Metro Area",Total Private,1460600.0
2009-08-01,"Pittsburgh, PA Metro Area",Government,117900.0
2009-08-01,"Pittsburgh, PA Metro Area",Total Private,993900.0
2009-08-01,"Portland-Vancouver-Hillsboro, OR-WA Metro Area",Government,138200.0
2009-08-01,"Portland-Vancouver-Hillsboro, OR-WA Metro Area",Total Private,833300.0
2009-08-01,"Riverside-San Bernardino-Ontario, CA Metro Area",Government,228700.0
2009-08-01,"Riverside-San Bernardino-Ontario, CA Metro Area",Total Private,916800.0
2009-08-01,"Sacramento-Roseville-Folsom, CA Metro Area",Government,222200.0
2009-08-01,"Sacramento-Roseville-Folsom, CA Metro Area",Total Private,617600.0
2009-08-01,"Salt Lake City, UT Metro Area",Government,91100.0
2009-08-01,"Salt Lake City, UT Metro Area",Total Private,492900.0
2009-08-01,"San Antonio-New Braunfels, TX Metro Area",Government,153900.0
2009-08-01,"San Antonio-New Braunfels, TX Metro Area",Total Private,688300.0
2009-08-01,"San Diego-Chula Vista-Carlsbad, CA Metro Area",Government,212200.0
2009-08-01,"San Diego-Chula Vista-Carlsbad, CA Metro Area",Total Private,1020400.0
2009-08-01,"San Francisco-Oakland-Berkeley, CA Metro Area",Government,288100.0
2009-08-01,"San Francisco-Oakland-Berkeley, CA Metro Area",Total Private,1633300.0
2009-08-01,"San Jose-Sunnyvale-Santa Clara, CA Metro Area",Government,88800.0
2009-08-01,"San Jose-Sunnyvale-Santa Clara, CA Metro Area",Total Private,772800.0
2009-08-01,"St. Louis, MO-IL Metro Area",Government,157300.0
2009-08-01,"St. Louis, MO-IL Metro Area",Total Private,1128700.0
2009-08-01,"Tampa-St. Petersburg-Clearwater, FL Metro Area",Government,154300.0
2009-08-01,"Tampa-St. Petersburg-Clearwater, FL Metro Area",Total Private,950600.0
2009-08-01,"Yuba City, CA Metro Area",Government,10500.0
2009-08-01,"Yuba City, CA Metro Area",Total Private,28400.0
2009-09-01,"Austin-Round Rock-Georgetown, TX Metro Area",Government,171000.0
2009-09-01,"Austin-Round Rock-Georgetown, TX Metro Area",Total Private,600100.0
2009-09-01,"Charlotte-Concord-Gastonia, NC-SC Metro Area",Government,142300.0
2009-09-01,"Charlotte-Concord-Gastonia, NC-SC Metro Area",Total Private,811800.0
2009-09-01,"Cincinnati, OH-KY-IN Metro Area",Government,132700.0
2009-09-01,"Cincinnati, OH-KY-IN Metro Area",Total Private,854400.0
2009-09-01,"Cleveland-Elyria, OH Metro Area",Government,138200.0
2009-09-01,"Cleveland-Elyria, OH Metro Area",Total Private,855900.0
2009-09-01,"Columbus, OH Metro Area",Government,164200.0
2009-09-01,"Columbus, OH Metro Area",Total Private,752500.0
2009-09-01,"Detroit-Warren-Dearborn, MI Metro Area",Government,211600.0
2009-09-01,"Detroit-Warren-Dearborn, MI Metro Area",Total Private,1524100.0
2009-09-01,"Indianapolis-Carmel-Anderson, IN Metro Area",Government,131300.0
2009-09-01,"Indianapolis-Carmel-Anderson, IN Metro Area",Total Private,783400.0
2009-09-01,"Kansas City, MO-KS Metro Area",Government,152000.0
2009-09-01,"Kansas City, MO-KS Metro Area",Total Private,820000.0
2009-09-01,"Miami-Fort Lauderdale-Pompano Beach, FL Metro Area",Government,319100.0
2009-09-01,"Miami-Fort Lauderdale-Pompano Beach, FL Metro Area",Total Private,1859000.0
2009-09-01,"Orlando-Kissimmee-Sanford, FL Metro Area",Government,116400.0
2009-09-01,"Orlando-Kissimmee-Sanford, FL Metro Area",Total Private,868200.0
2009-09-01,"Phoenix-Mesa-Chandler, AZ Metro Area",Government,241700.0
2009-09-01,"Phoenix-Mesa-Chandler, AZ Metro Area",Total Private,1454700.0
2009-09-01,"Pittsburgh, PA Metro Area",Government,126900.0
2009-09-01,"Pittsburgh, PA Metro Area",Total Private,992600.0
2009-09-01,"Portland-Vancouver-Hillsboro, OR-WA Metro Area",Government,140300.0
2009-09-01,"Portland-Vancouver-Hillsboro, OR-WA Metro Area",Total Private,835700.0
2009-09-01,"Riverside-San Bernardino-Ontario, CA Metro Area",Government,226600.0
2009-09-01,"Riverside-San Bernardino-Ontario, CA Metro Area",Total Private,914800.0
2009-09-01,"Sacramento-Roseville-Folsom, CA Metro Area",Government,225900.0
2009-09-01,"Sacramento-Roseville-Folsom, CA Metro Area",Total Private,612300.0
2009-09-01,"Salt Lake City, UT Metro Area",Government,94400.0
2009-09-01,"Salt Lake City, UT Metro Area",Total Private,491800.0
2009-09-01,"San Antonio-New Braunfels, TX Metro Area",Government,159800.0
2009-09-01,"San Antonio-New Braunfels, TX Metro Area",Total Private,683400.0
2009-09-01,"San Diego-Chula Vista-Carlsbad, CA Metro Area",Government,216100.0
2009-09-01,"San Diego-Chula Vista-Carlsbad, CA Metro Area",Total Private,1011900.0
2009-09-01,"San Francisco-Oakland-Berkeley, CA Metro Area",Government,299700.0
2009-09-01,"San Francisco-Oakland-Berkeley, CA Metro Area",Total Private,1627300.0
2009-09-01,"San Jose-Sunnyvale-Santa Clara, CA Metro Area",Government,96000.0
2009-09-01,"San Jose-Sunnyvale-Santa Clara, CA Metro Area",Total Private,768200.0
2009-09-01,"St. Louis, MO-IL Metro Area",Government,173300.0
2009-09-01,"St. Louis, MO-IL Metro Area",Total Private,1121800.0
2009-09-01,"Tampa-St. Petersburg-Clearwater, FL Metro Area",Government,155300.0
2009-09-01,"Tampa-St. Petersburg-Clearwater, FL Metro Area",Total Private,947700.0
2009-09-01,"Yuba City, CA Metro Area",Government,10700.0
2009-09-01,"Yuba City, CA Metro Area",Total Private,28100.0
2009-10-01,"Austin-Round Rock-Georgetown, TX Metro Area",Government,171900.0
2009-10-01,"Austin-Round Rock-Georgetown, TX Metro Area",Total Private,601900.0
2009-10-01,"Charlotte-Concord-Gastonia, NC-SC Metro Area",Government,143000.0
2009-10-01,"Charlotte-Concord-Gastonia, NC-SC Metro Area",Total Private,810700.0
2009-10-01,"Cincinnati, OH-KY-IN Metro Area",Government,135700.0
2009-10-01,"Cincinnati, OH-KY-IN Metro Area",Total Private,852500.0
2009-10-01,"Cleveland-Elyria, OH Metro Area",Government,141100.0
2009-10-01,"Cleveland-Elyria, OH Metro Area",Total Private,854700.0
2009-10-01,"Columbus, OH Metro Area",Government,169700.0
2009-10-01,"Columbus, OH Metro Area",Total Private,755200.0
2009-10-01,"Detroit-Warren-Dearborn, MI Metro Area",Government,216800.0
2009-10-01,"Detroit-Warren-Dearborn, MI Metro Area",Total Private,1529600.0
2009-10-01,"Indianapolis-Carmel-Anderson, IN Metro Area",Government,132500.0
2009-10-01,"Indianapolis-Carmel-Anderson, IN Metro Area",Total Private,783000.0
2009-10-01,"Kansas City, MO-KS Metro Area",Government,152800.0
2009-10-01,"Kansas City, MO-KS Metro Area",Total Private,818700.0
2009-10-01,"Miami-Fort Lauderdale-Pompano Beach, FL Metro Area",Government,321000.0
2009-10-01,"Miami-Fort Lauderdale-Pompano Beach, FL Metro Area",Total Private,1869900.0
2009-10-01,"Orlando-Kissimmee-Sanford, FL Metro Area",Government,117100.0
2009-10-01,"Orlando-Kissimmee-Sanford, FL Metro Area",Total Private,869600.0
2009-10-01,"Phoenix-Mesa-Chandler, AZ Metro Area",Government,244700.0
2009-10-01,"Phoenix-Mesa-Chandler, AZ Metro Area",Total Private,1459500.0
2009-10-01,"Pittsburgh, PA Metro Area",Government,130100.0
2009-10-01,"Pittsburgh, PA Metro Area",Total Private,994900.0
2009-10-01,"Portland-Vancouver-Hillsboro, OR-WA Metro Area",Government,149300.0
2009-10-01,"Portland-Vancouver-Hillsboro, OR-WA Metro Area",Total Private,834600.0
2009-10-01,"Riverside-San Bernardino-Ontario, CA Metro Area",Government,236000.0
2009-10-01,"Riverside-San Bernardino-Ontario, CA Metro Area",Total Private,919000.0
2009-10-01,"Sacramento-Roseville-Folsom, CA Metro Area",Government,234600.0
2009-10-01,"Sacramento-Roseville-Folsom, CA Metro Area",Total Private,611500.0
2009-10-01,"Salt Lake City, UT Metro Area",Government,94800.0
2009-10-01,"Salt Lake City, UT Metro Area",Total Private,492900.0
2009-10-01,"San Antonio-New Braunfels, TX Metro Area",Government,164100.0
2009-10-01,"San Antonio-New Braunfels, TX Metro Area",Total Private,683500.0
2009-10-01,"San Diego-Chula Vista-Carlsbad, CA Metro Area",Government,226300.0
2009-10-01,"San Diego-Chula Vista-Carlsbad, CA Metro Area",Total Private,1012600.0
2009-10-01,"San Francisco-Oakland-Berkeley, CA Metro Area",Government,306100.0
2009-10-01,"San Francisco-Oakland-Berkeley, CA Metro Area",Total Private,1639100.0
2009-10-01,"San Jose-Sunnyvale-Santa Clara, CA Metro Area",Government,98500.0
2009-10-01,"San Jose-Sunnyvale-Santa Clara, CA Metro Area",Total Private,773000.0
2009-10-01,"St. Louis, MO-IL Metro Area",Government,174300.0
2009-10-01,"St. Louis, MO-IL Metro Area",Total Private,1119100.0
2009-10-01,"Tampa-St. Petersburg-Clearwater, FL Metro Area",Government,156400.0
2009-10-01,"Tampa-St. Petersburg-Clearwater, FL Metro Area",Total Private,947600.0
2009-10-01,"Yuba City, CA Metro Area",Government,10900.0
2009-10-01,"Yuba City, CA Metro Area",Total Private,28000.0
2009-11-01,"Austin-Round Rock-Georgetown, TX Metro Area",Government,174300.0
2009-11-01,"Austin-Round Rock-Georgetown, TX Metro Area",Total Private,603500.0
2009-11-01,"Charlotte-Concord-Gastonia, NC-SC Metro Area",Government,143900.0
2009-11-01,"Charlotte-Concord-Gastonia, NC-SC Metro Area",Total Private,810800.0
2009-11-01,"Cincinnati, OH-KY-IN Metro Area",Government,136100.0
2009-11-01,"Cincinnati, OH-KY-IN Metro Area",Total Private,853600.0
2009-11-01,"Cleveland-Elyria, OH Metro Area",Government,141300.0
2009-11-01,"Cleveland-Elyria, OH Metro Area",Total Private,855800.0
2009-11-01,"Columbus, OH Metro Area",Government,170100.0
2009-11-01,"Columbus, OH Metro Area",Total Private,756600.0
2009-11-01,"Detroit-Warren-Dearborn, MI Metro Area",Government,217100.0
2009-11-01,"Detroit-Warren-Dearborn, MI Metro Area",Total Private,1528300.0
2009-11-01,"Indianapolis-Carmel-Anderson, IN Metro Area",Government,132200.0
2009-11-01,"Indianapolis-Carmel-Anderson, IN Metro Area",Total Private,786500.0
2009-11-01,"Kansas City, MO-KS Metro Area",Government,152500.0
2009-11-01,"Kansas City, MO-KS Metro Area",Total Private,817900.0
2009-11-01,"Miami-Fort Lauderdale-Pompano Beach, FL Metro Area",Government,321900.0
2009-11-01,"Miami-Fort Lauderdale-Pompano Beach, FL Metro Area",Total Private,1891900.0
2009-11-01,"Orlando-Kissimmee-Sanford, FL Metro Area",Government,117700.0
2009-11-01,"Orlando-Kissimmee-Sanford, FL Metro Area",Total Private,875200.0
2009-11-01,"Phoenix-Mesa-Chandler, AZ Metro Area",Government,245200.0
2009-11-01,"Phoenix-Mesa-Chandler, AZ Metro Area",Total Private,1471300.0
2009-11-01,"Pittsburgh, PA Metro Area",Government,131600.0
2009-11-01,"Pittsburgh, PA Metro Area",Total Private,995300.0
2009-11-01,"Portland-Vancouver-Hillsboro, OR-WA Metro Area",Government,150900.0
2009-11-01,"Portland-Vancouver-Hillsboro, OR-WA Metro Area",Total Private,833100.0
2009-11-01,"Riverside-San Bernardino-Ontario, CA Metro Area",Government,238000.0
2009-11-01,"Riverside-San Bernardino-Ontario, CA Metro Area",Total Private,925700.0
2009-11-01,"Sacramento-Roseville-Folsom, CA Metro Area",Government,235000.0
2009-11-01,"Sacramento-Roseville-Folsom, CA Metro Area",Total Private,611800.0
2009-11-01,"Salt Lake City, UT Metro Area",Government,94600.0
2009-11-01,"Salt Lake City, UT Metro Area",Total Private,494100.0
2009-11-01,"San Antonio-New Braunfels, TX Metro Area",Government,164600.0
2009-11-01,"San Antonio-New Braunfels, TX Metro Area",Total Private,687000.0
2009-11-01,"San Diego-Chula Vista-Carlsbad, CA Metro Area",Government,227600.0
2009-11-01,"San Diego-Chula Vista-Carlsbad, CA Metro Area",Total Private,1017600.0
2009-11-01,"San Francisco-Oakland-Berkeley, CA Metro Area",Government,306100.0
2009-11-01,"San Francisco-Oakland-Berkeley, CA Metro Area",Total Private,1640500.0
2009-11-01,"San Jose-Sunnyvale-Santa Clara, CA Metro Area",Government,99300.0
2009-11-01,"San Jose-Sunnyvale-Santa Clara, CA Metro Area",Total Private,775600.0
2009-11-01,"St. Louis, MO-IL Metro Area",Government,173900.0
2009-11-01,"St. Louis, MO-IL Metro Area",Total Private,1116300.0
2009-11-01,"Tampa-St. Petersburg-Clearwater, FL Metro Area",Government,156200.0
2009-11-01,"Tampa-St. Petersburg-Clearwater, FL Metro Area",Total Private,951000.0
2009-11-01,"Yuba City, CA Metro Area",Government,11000.0
2009-11-01,"Yuba City, CA Metro Area",Total Private,27800.0
2009-12-01,"Austin-Round Rock-Georgetown, TX Metro Area",Government,172900.0
2009-12-01,"Austin-Round Rock-Georgetown, TX Metro Area",Total Private,604700.0
2009-12-01,"Charlotte-Concord-Gastonia, NC-SC Metro Area",Government,143900.0
2009-12-01,"Charlotte-Concord-Gastonia, NC-SC Metro Area",Total Private,810500.0
2009-12-01,"Cincinnati, OH-KY-IN Metro Area",Government,135300.0
2009-12-01,"Cincinnati, OH-KY-IN Metro Area",Total Private,854400.0
2009-12-01,"Cleveland-Elyria, OH Metro Area",Government,139900.0
2009-12-01,"Cleveland-Elyria, OH Metro Area",Total Private,854600.0
2009-12-01,"Columbus, OH Metro Area",Government,168400.0
2009-12-01,"Columbus, OH Metro Area",Total Private,755200.0
2009-12-01,"Detroit-Warren-Dearborn, MI Metro Area",Government,214700.0
2009-12-01,"Detroit-Warren-Dearborn, MI Metro Area",Total Private,1526600.0
2009-12-01,"Indianapolis-Carmel-Anderson, IN Metro Area",Government,132500.0
2009-12-01,"Indianapolis-Carmel-Anderson, IN Metro Area",Total Private,783300.0
2009-12-01,"Kansas City, MO-KS Metro Area",Government,152100.0
2009-12-01,"Kansas City, MO-KS Metro Area",Total Private,816000.0
2009-12-01,"Miami-Fort Lauderdale-Pompano Beach, FL Metro Area",Government,321700.0
2009-12-01,"Miami-Fort Lauderdale-Pompano Beach, FL Metro Area",Total Private,1904700.0
2009-12-01,"Orlando-Kissimmee-Sanford, FL Metro Area",Government,116500.0
2009-12-01,"Orlando-Kissimmee-Sanford, FL Metro Area",Total Private,877000.0
2009-12-01,"Phoenix-Mesa-Chandler, AZ Metro Area",Government,242600.0
2009-12-01,"Phoenix-Mesa-Chandler, AZ Metro Area",Total Private,1473800.0
2009-12-01,"Pittsburgh, PA Metro Area",Government,130900.0
2009-12-01,"Pittsburgh, PA Metro Area",Total Private,994100.0
2009-12-01,"Portland-Vancouver-Hillsboro, OR-WA Metro Area",Government,149900.0
2009-12-01,"Portland-Vancouver-Hillsboro, OR-WA Metro Area",Total Private,831800.0
2009-12-01,"Riverside-San Bernardino-Ontario, CA Metro Area",Government,237500.0
2009-12-01,"Riverside-San Bernardino-Ontario, CA Metro Area",Total Private,926300.0
2009-12-01,"Sacramento-Roseville-Folsom, CA Metro Area",Government,233200.0
2009-12-01,"Sacramento-Roseville-Folsom, CA Metro Area",Total Private,611800.0
2009-12-01,"Salt Lake City, UT Metro Area",Government,94800.0
2009-12-01,"Salt Lake City, UT Metro Area",Total Private,496300.0
2009-12-01,"San Antonio-New Braunfels, TX Metro Area",Government,163900.0
2009-12-01,"San Antonio-New Braunfels, TX Metro Area",Total Private,688700.0
2009-12-01,"San Diego-Chula Vista-Carlsbad, CA Metro Area",Government,226600.0
2009-12-01,"San Diego-Chula Vista-Carlsbad, CA Metro Area",Total Private,1020100.0
2009-12-01,"San Francisco-Oakland-Berkeley, CA Metro Area",Government,302200.0
2009-12-01,"San Francisco-Oakland-Berkeley, CA Metro Area",Total Private,1643400.0
2009-12-01,"San Jose-Sunnyvale-Santa Clara, CA Metro Area",Government,98100.0
2009-12-01,"San Jose-Sunnyvale-Santa Clara, CA Metro Area",Total Private,776100.0
2009-12-01,"St. Louis, MO-IL Metro Area",Government,173800.0
2009-12-01,"St. Louis, MO-IL Metro Area",Total Private,1116100.0
2009-12-01,"Tampa-St. Petersburg-Clearwater, FL Metro Area",Government,155600.0
2009-12-01,"Tampa-St. Petersburg-Clearwater, FL Metro Area",Total Private,954000.0
2009-12-01,"Yuba City, CA Metro Area",Government,10700.0
2009-12-01,"Yuba City, CA Metro Area",Total Private,27300.0
2010-01-01,"Austin-Round Rock-Georgetown, TX Metro Area",Government,173000.0
2010-01-01,"Austin-Round Rock-Georgetown, TX Metro Area",Total Private,593100.0
2010-01-01,"Charlotte-Concord-Gastonia, NC-SC Metro Area",Government,144600.0
2010-01-01,"Charlotte-Concord-Gastonia, NC-SC Metro Area",Total Private,791300.0
2010-01-01,"Cincinnati, OH-KY-IN Metro Area",Government,132800.0
2010-01-01,"Cincinnati, OH-KY-IN Metro Area",Total Private,827100.0
2010-01-01,"Cleveland-Elyria, OH Metro Area",Government,137700.0
2010-01-01,"Cleveland-Elyria, OH Metro Area",Total Private,831400.0
2010-01-01,"Columbus, OH Metro Area",Government,165300.0
2010-01-01,"Columbus, OH Metro Area",Total Private,734600.0
2010-01-01,"Detroit-Warren-Dearborn, MI Metro Area",Government,209600.0
2010-01-01,"Detroit-Warren-Dearborn, MI Metro Area",Total Private,1486700.0
2010-01-01,"Indianapolis-Carmel-Anderson, IN Metro Area",Government,131000.0
2010-01-01,"Indianapolis-Carmel-Anderson, IN Metro Area",Total Private,758300.0
2010-01-01,"Kansas City, MO-KS Metro Area",Government,149300.0
2010-01-01,"Kansas City, MO-KS Metro Area",Total Private,793400.0
2010-01-01,"Miami-Fort Lauderdale-Pompano Beach, FL Metro Area",Government,318300.0
2010-01-01,"Miami-Fort Lauderdale-Pompano Beach, FL Metro Area",Total Private,1862300.0
2010-01-01,"Orlando-Kissimmee-Sanford, FL Metro Area",Government,116600.0
2010-01-01,"Orlando-Kissimmee-Sanford, FL Metro Area",Total Private,859800.0
2010-01-01,"Phoenix-Mesa-Chandler, AZ Metro Area",Government,238300.0
2010-01-01,"Phoenix-Mesa-Chandler, AZ Metro Area",Total Private,1439100.0
2010-01-01,"Pittsburgh, PA Metro Area",Government,125700.0
2010-01-01,"Pittsburgh, PA Metro Area",Total Private,965200.0
2010-01-01,"Portland-Vancouver-Hillsboro, OR-WA Metro Area",Government,148600.0
2010-01-01,"Portland-Vancouver-Hillsboro, OR-WA Metro Area",Total Private,812100.0
2010-01-01,"Riverside-San Bernardino-Ontario, CA Metro Area",Government,236800.0
2010-01-01,"Riverside-San Bernardino-Ontario, CA Metro Area",Total Private,905500.0
2010-01-01,"Sacramento-Roseville-Folsom, CA Metro Area",Government,231000.0
2010-01-01,"Sacramento-Roseville-Folsom, CA Metro Area",Total Private,597000.0
2010-01-01,"Salt Lake City, UT Metro Area",Government,94300.0
2010-01-01,"Salt Lake City, UT Metro Area",Total Private,482600.0
2010-01-01,"San Antonio-New Braunfels, TX Metro Area",Government,160800.0
2010-01-01,"San Antonio-New Braunfels, TX Metro Area",Total Private,675600.0
2010-01-01,"San Diego-Chula Vista-Carlsbad, CA Metro Area",Government,224600.0
2010-01-01,"San Diego-Chula Vista-Carlsbad, CA Metro Area",Total Private,992700.0
2010-01-01,"San Francisco-Oakland-Berkeley, CA Metro Area",Government,300000.0
2010-01-01,"San Francisco-Oakland-Berkeley, CA Metro Area",Total Private,1600000.0
2010-01-01,"San Jose-Sunnyvale-Santa Clara, CA Metro Area",Government,96000.0
2010-01-01,"San Jose-Sunnyvale-Santa Clara, CA Metro Area",Total Private,763500.0
2010-01-01,"St. Louis, MO-IL Metro Area",Government,169500.0
2010-01-01,"St. Louis, MO-IL Metro Area",Total Private,1092500.0
2010-01-01,"Tampa-St. Petersburg-Clearwater, FL Metro Area",Government,154500.0
2010-01-01,"Tampa-St. Petersburg-Clearwater, FL Metro Area",Total Private,935400.0
2010-01-01,"Yuba City, CA Metro Area",Government,10500.0
2010-01-01,"Yuba City, CA Metro Area",Total Private,26700.0
2010-02-01,"Austin-Round Rock-Georgetown, TX Metro Area",Government,175300.0
2010-02-01,"Austin-Round Rock-Georgetown, TX Metro Area",Total Private,596600.0
2010-02-01,"Charlotte-Concord-Gastonia, NC-SC Metro Area",Government,145900.0
2010-02-01,"Charlotte-Concord-Gastonia, NC-SC Metro Area",Total Private,792700.0
2010-02-01,"Cincinnati, OH-KY-IN Metro Area",Government,135200.0
2010-02-01,"Cincinnati, OH-KY-IN Metro Area",Total Private,825100.0
2010-02-01,"Cleveland-Elyria, OH Metro Area",Government,140400.0
2010-02-01,"Cleveland-Elyria, OH Metro Area",Total Private,829300.0
2010-02-01,"Columbus, OH Metro Area",Government,167800.0
2010-02-01,"Columbus, OH Metro Area",Total Private,733400.0
2010-02-01,"Detroit-Warren-Dearborn, MI Metro Area",Government,213700.0
2010-02-01,"Detroit-Warren-Dearborn, MI Metro Area",Total Private,1486700.0
2010-02-01,"Indianapolis-Carmel-Anderson, IN Metro Area",Government,133000.0
2010-02-01,"Indianapolis-Carmel-Anderson, IN Metro Area",Total Private,756500.0
2010-02-01,"Kansas City, MO-KS Metro Area",Government,152500.0
2010-02-01,"Kansas City, MO-KS Metro Area",Total Private,793000.0
2010-02-01,"Miami-Fort Lauderdale-Pompano Beach, FL Metro Area",Government,318800.0
2010-02-01,"Miami-Fort Lauderdale-Pompano Beach, FL Metro Area",Total Private,1873600.0
2010-02-01,"Orlando-Kissimmee-Sanford, FL Metro Area",Government,116800.0
2010-02-01,"Orlando-Kissimmee-Sanford, FL Metro Area",Total Private,865600.0
2010-02-01,"Phoenix-Mesa-Chandler, AZ Metro Area",Government,244600.0
2010-02-01,"Phoenix-Mesa-Chandler, AZ Metro Area",Total Private,1445300.0
2010-02-01,"Pittsburgh, PA Metro Area",Government,129600.0
2010-02-01,"Pittsburgh, PA Metro Area",Total Private,959100.0
2010-02-01,"Portland-Vancouver-Hillsboro, OR-WA Metro Area",Government,150000.0
2010-02-01,"Portland-Vancouver-Hillsboro, OR-WA Metro Area",Total Private,814900.0
2010-02-01,"Riverside-San Bernardino-Ontario, CA Metro Area",Government,237400.0
2010-02-01,"Riverside-San Bernardino-Ontario, CA Metro Area",Total Private,905900.0
2010-02-01,"Sacramento-Roseville-Folsom, CA Metro Area",Government,232000.0
2010-02-01,"Sacramento-Roseville-Folsom, CA Metro Area",Total Private,595400.0
2010-02-01,"Salt Lake City, UT Metro Area",Government,94200.0
2010-02-01,"Salt Lake City, UT Metro Area",Total Private,482300.0
2010-02-01,"San Antonio-New Braunfels, TX Metro Area",Government,163800.0
2010-02-01,"San Antonio-New Braunfels, TX Metro Area",Total Private,680600.0
2010-02-01,"San Diego-Chula Vista-Carlsbad, CA Metro Area",Government,225700.0
2010-02-01,"San Diego-Chula Vista-Carlsbad, CA Metro Area",Total Private,995200.0
2010-02-01,"San Francisco-Oakland-Berkeley, CA Metro Area",Government,302000.0
2010-02-01,"San Francisco-Oakland-Berkeley, CA Metro Area",Total Private,1600500.0
2010-02-01,"San Jose-Sunnyvale-Santa Clara, CA Metro Area",Government,96200.0
2010-02-01,"San Jose-Sunnyvale-Santa Clara, CA Metro Area",Total Private,764700.0
2010-02-01,"St. Louis, MO-IL Metro Area",Government,172300.0
2010-02-01,"St. Louis, MO-IL Metro Area",Total Private,1097600.0
2010-02-01,"Tampa-St. Petersburg-Clearwater, FL Metro Area",Government,157400.0
2010-02-01,"Tampa-St. Petersburg-Clearwater, FL Metro Area",Total Private,941500.0
2010-02-01,"Yuba City, CA Metro Area",Government,10600.0
2010-02-01,"Yuba City, CA Metro Area",Total Private,26500.0
2010-03-01,"Austin-Round Rock-Georgetown, TX Metro Area",Government,178000.0
2010-03-01,"Austin-Round Rock-Georgetown, TX Metro Area",Total Private,602500.0
2010-03-01,"Charlotte-Concord-Gastonia, NC-SC Metro Area",Government,147100.0
2010-03-01,"Charlotte-Concord-Gastonia, NC-SC Metro Area",Total Private,801000.0
2010-03-01,"Cincinnati, OH-KY-IN Metro Area",Government,136200.0
2010-03-01,"Cincinnati, OH-KY-IN Metro Area",Total Private,834700.0
2010-03-01,"Cleveland-Elyria, OH Metro Area",Government,139900.0
2010-03-01,"Cleveland-Elyria, OH Metro Area",Total Private,832900.0
2010-03-01,"Columbus, OH Metro Area",Government,168400.0
2010-03-01,"Columbus, OH Metro Area",Total Private,738300.0
2010-03-01,"Detroit-Warren-Dearborn, MI Metro Area",Government,214300.0
2010-03-01,"Detroit-Warren-Dearborn, MI Metro Area",Total Private,1489400.0
2010-03-01,"Indianapolis-Carmel-Anderson, IN Metro Area",Government,133200.0
2010-03-01,"Indianapolis-Carmel-Anderson, IN Metro Area",Total Private,765700.0
2010-03-01,"Kansas City, MO-KS Metro Area",Government,154100.0
2010-03-01,"Kansas City, MO-KS Metro Area",Total Private,800000.0
2010-03-01,"Miami-Fort Lauderdale-Pompano Beach, FL Metro Area",Government,318700.0
2010-03-01,"Miami-Fort Lauderdale-Pompano Beach, FL Metro Area",Total Private,1881300.0
2010-03-01,"Orlando-Kissimmee-Sanford, FL Metro Area",Government,117000.0
2010-03-01,"Orlando-Kissimmee-Sanford, FL Metro Area",Total Private,873000.0
2010-03-01,"Phoenix-Mesa-Chandler, AZ Metro Area",Government,243300.0
2010-03-01,"Phoenix-Mesa-Chandler, AZ Metro Area",Total Private,1456800.0
2010-03-01,"Pittsburgh, PA Metro Area",Government,130600.0
2010-03-01,"Pittsburgh, PA Metro Area",Total Private,972400.0
2010-03-01,"Portland-Vancouver-Hillsboro, OR-WA Metro Area",Government,150400.0
2010-03-01,"Portland-Vancouver-Hillsboro, OR-WA Metro Area",Total Private,819200.0
2010-03-01,"Riverside-San Bernardino-Ontario, CA Metro Area",Government,239700.0
2010-03-01,"Riverside-San Bernardino-Ontario, CA Metro Area",Total Private,910100.0
2010-03-01,"Sacramento-Roseville-Folsom, CA Metro Area",Government,233600.0
2010-03-01,"Sacramento-Roseville-Folsom, CA Metro Area",Total Private,596900.0
2010-03-01,"Salt Lake City, UT Metro Area",Government,94200.0
2010-03-01,"Salt Lake City, UT Metro Area",Total Private,486500.0
2010-03-01,"San Antonio-New Braunfels, TX Metro Area",Government,164700.0
2010-03-01,"San Antonio-New Braunfels, TX Metro Area",Total Private,686600.0
2010-03-01,"San Diego-Chula Vista-Carlsbad, CA Metro Area",Government,227400.0
2010-03-01,"San Diego-Chula Vista-Carlsbad, CA Metro Area",Total Private,998400.0
2010-03-01,"San Francisco-Oakland-Berkeley, CA Metro Area",Government,303500.0
2010-03-01,"San Francisco-Oakland-Berkeley, CA Metro Area",Total Private,1607000.0
2010-03-01,"San Jose-Sunnyvale-Santa Clara, CA Metro Area",Government,97600.0
2010-03-01,"San Jose-Sunnyvale-Santa Clara, CA Metro Area",Total Private,767600.0
2010-03-01,"St. Louis, MO-IL Metro Area",Government,172400.0
2010-03-01,"St. Louis, MO-IL Metro Area",Total Private,1108500.0
2010-03-01,"Tampa-St. Petersburg-Clearwater, FL Metro Area",Government,157000.0
2010-03-01,"Tampa-St. Petersburg-Clearwater, FL Metro Area",Total Private,950400.0
2010-03-01,"Yuba City, CA Metro Area",Government,10700.0
2010-03-01,"Yuba City, CA Metro Area",Total Private,26700.0
2010-04-01,"Austin-Round Rock-Georgetown, TX Metro Area",Government,177300.0
2010-04-01,"Austin-Round Rock-Georgetown, TX Metro Area",Total Private,606600.0
2010-04-01,"Charlotte-Concord-Gastonia, NC-SC Metro Area",Government,147500.0
2010-04-01,"Charlotte-Concord-Gastonia, NC-SC Metro Area",Total Private,807800.0
2010-04-01,"Cincinnati, OH-KY-IN Metro Area",Government,137300.0
2010-04-01,"Cincinnati, OH-KY-IN Metro Area",Total Private,848400.0
2010-04-01,"Cleveland-Elyria, OH Metro Area",Government,140500.0
2010-04-01,"Cleveland-Elyria, OH Metro Area",Total Private,845700.0
2010-04-01,"Columbus, OH Metro Area",Government,170400.0
2010-04-01,"Columbus, OH Metro Area",Total Private,748800.0
2010-04-01,"Detroit-Warren-Dearborn, MI Metro Area",Government,215900.0
2010-04-01,"Detroit-Warren-Dearborn, MI Metro Area",Total Private,1511800.0
2010-04-01,"Indianapolis-Carmel-Anderson, IN Metro Area",Government,133200.0
2010-04-01,"Indianapolis-Carmel-Anderson, IN Metro Area",Total Private,780300.0
2010-04-01,"Kansas City, MO-KS Metro Area",Government,156000.0
2010-04-01,"Kansas City, MO-KS Metro Area",Total Private,817300.0
2010-04-01,"Miami-Fort Lauderdale-Pompano Beach, FL Metro Area",Government,319800.0
2010-04-01,"Miami-Fort Lauderdale-Pompano Beach, FL Metro Area",Total Private,1879500.0
2010-04-01,"Orlando-Kissimmee-Sanford, FL Metro Area",Government,117900.0
2010-04-01,"Orlando-Kissimmee-Sanford, FL Metro Area",Total Private,878200.0
2010-04-01,"Phoenix-Mesa-Chandler, AZ Metro Area",Government,244100.0
2010-04-01,"Phoenix-Mesa-Chandler, AZ Metro Area",Total Private,1461000.0
2010-04-01,"Pittsburgh, PA Metro Area",Government,131400.0
2010-04-01,"Pittsburgh, PA Metro Area",Total Private,990800.0
2010-04-01,"Portland-Vancouver-Hillsboro, OR-WA Metro Area",Government,149600.0
2010-04-01,"Portland-Vancouver-Hillsboro, OR-WA Metro Area",Total Private,828200.0
2010-04-01,"Riverside-San Bernardino-Ontario, CA Metro Area",Government,241800.0
2010-04-01,"Riverside-San Bernardino-Ontario, CA Metro Area",Total Private,915900.0
2010-04-01,"Sacramento-Roseville-Folsom, CA Metro Area",Government,236400.0
2010-04-01,"Sacramento-Roseville-Folsom, CA Metro Area",Total Private,598500.0
2010-04-01,"Salt Lake City, UT Metro Area",Government,94900.0
2010-04-01,"Salt Lake City, UT Metro Area",Total Private,489100.0
2010-04-01,"San Antonio-New Braunfels, TX Metro Area",Government,165800.0
2010-04-01,"San Antonio-New Braunfels, TX Metro Area",Total Private,689800.0
2010-04-01,"San Diego-Chula Vista-Carlsbad, CA Metro Area",Government,234800.0
2010-04-01,"San Diego-Chula Vista-Carlsbad, CA Metro Area",Total Private,1004300.0
2010-04-01,"San Francisco-Oakland-Berkeley, CA Metro Area",Government,309000.0
2010-04-01,"San Francisco-Oakland-Berkeley, CA Metro Area",Total Private,1615400.0
2010-04-01,"San Jose-Sunnyvale-Santa Clara, CA Metro Area",Government,99400.0
2010-04-01,"San Jose-Sunnyvale-Santa Clara, CA Metro Area",Total Private,773200.0
2010-04-01,"St. Louis, MO-IL Metro Area",Government,174700.0
2010-04-01,"St. Louis, MO-IL Metro Area",Total Private,1119300.0
2010-04-01,"Tampa-St. Petersburg-Clearwater, FL Metro Area",Government,156400.0
2010-04-01,"Tampa-St. Petersburg-Clearwater, FL Metro Area",Total Private,950600.0
2010-04-01,"Yuba City, CA Metro Area",Government,10700.0
2010-04-01,"Yuba City, CA Metro Area",Total Private,27200.0
2010-05-01,"Austin-Round Rock-Georgetown, TX Metro Area",Government,179300.0
2010-05-01,"Austin-Round Rock-Georgetown, TX Metro Area",Total Private,609700.0
2010-05-01,"Charlotte-Concord-Gastonia, NC-SC Metro Area",Government,151400.0
2010-05-01,"Charlotte-Concord-Gastonia, NC-SC Metro Area",Total Private,813900.0
2010-05-01,"Cincinnati, OH-KY-IN Metro Area",Government,139800.0
2010-05-01,"Cincinnati, OH-KY-IN Metro Area",Total Private,855900.0
2010-05-01,"Cleveland-Elyria, OH Metro Area",Government,144600.0
2010-05-01,"Cleveland-Elyria, OH Metro Area",Total Private,853900.0
2010-05-01,"Columbus, OH Metro Area",Government,174000.0
2010-05-01,"Columbus, OH Metro Area",Total Private,753400.0
2010-05-01,"Detroit-Warren-Dearborn, MI Metro Area",Government,218900.0
2010-05-01,"Detroit-Warren-Dearborn, MI Metro Area",Total Private,1533300.0
2010-05-01,"Indianapolis-Carmel-Anderson, IN Metro Area",Government,136800.0
2010-05-01,"Indianapolis-Carmel-Anderson, IN Metro Area",Total Private,785800.0
2010-05-01,"Kansas City, MO-KS Metro Area",Government,158600.0
2010-05-01,"Kansas City, MO-KS Metro Area",Total Private,821100.0
2010-05-01,"Miami-Fort Lauderdale-Pompano Beach, FL Metro Area",Government,329200.0
2010-05-01,"Miami-Fort Lauderdale-Pompano Beach, FL Metro Area",Total Private,1878600.0
2010-05-01,"Orlando-Kissimmee-Sanford, FL Metro Area",Government,120700.0
2010-05-01,"Orlando-Kissimmee-Sanford, FL Metro Area",Total Private,880400.0
2010-05-01,"Phoenix-Mesa-Chandler, AZ Metro Area",Government,250800.0
2010-05-01,"Phoenix-Mesa-Chandler, AZ Metro Area",Total Private,1458600.0
2010-05-01,"Pittsburgh, PA Metro Area",Government,133300.0
2010-05-01,"Pittsburgh, PA Metro Area",Total Private,1000900.0
2010-05-01,"Portland-Vancouver-Hillsboro, OR-WA Metro Area",Government,153400.0
2010-05-01,"Portland-Vancouver-Hillsboro, OR-WA Metro Area",Total Private,830600.0
2010-05-01,"Riverside-San Bernardino-Ontario, CA Metro Area",Government,244700.0
2010-05-01,"Riverside-San Bernardino-Ontario, CA Metro Area",Total Private,917000.0
2010-05-01,"Sacramento-Roseville-Folsom, CA Metro Area",Government,240100.0
2010-05-01,"Sacramento-Roseville-Folsom, CA Metro Area",Total Private,600300.0
2010-05-01,"Salt Lake City, UT Metro Area",Government,96600.0
2010-05-01,"Salt Lake City, UT Metro Area",Total Private,490300.0
2010-05-01,"San Antonio-New Braunfels, TX Metro Area",Government,168500.0
2010-05-01,"San Antonio-New Braunfels, TX Metro Area",Total Private,694500.0
2010-05-01,"San Diego-Chula Vista-Carlsbad, CA Metro Area",Government,240700.0
2010-05-01,"San Diego-Chula Vista-Carlsbad, CA Metro Area",Total Private,1009500.0
2010-05-01,"San Francisco-Oakland-Berkeley, CA Metro Area",Government,315300.0
2010-05-01,"San Francisco-Oakland-Berkeley, CA Metro Area",Total Private,1621100.0
2010-05-01,"San Jose-Sunnyvale-Santa Clara, CA Metro Area",Government,100900.0
2010-05-01,"San Jose-Sunnyvale-Santa Clara, CA Metro Area",Total Private,778300.0
2010-05-01,"St. Louis, MO-IL Metro Area",Government,178600.0
2010-05-01,"St. Louis, MO-IL Metro Area",Total Private,1124100.0
2010-05-01,"Tampa-St. Petersburg-Clearwater, FL Metro Area",Government,161300.0
2010-05-01,"Tampa-St. Petersburg-Clearwater, FL Metro Area",Total Private,951800.0
2010-05-01,"Yuba City, CA Metro Area",Government,10900.0
2010-05-01,"Yuba City, CA Metro Area",Total Private,27200.0
2010-06-01,"Austin-Round Rock-Georgetown, TX Metro Area",Government,177400.0
2010-06-01,"Austin-Round Rock-Georgetown, TX Metro Area",Total Private,613800.0
2010-06-01,"Charlotte-Concord-Gastonia, NC-SC Metro Area",Government,138600.0
2010-06-01,"Charlotte-Concord-Gastonia, NC-SC Metro Area",Total Private,817600.0
2010-06-01,"Cincinnati, OH-KY-IN Metro Area",Government,131300.0
2010-06-01,"Cincinnati, OH-KY-IN Metro Area",Total Private,860000.0
2010-06-01,"Cleveland-Elyria, OH Metro Area",Government,141000.0
2010-06-01,"Cleveland-Elyria, OH Metro Area",Total Private,859000.0
2010-06-01,"Columbus, OH Metro Area",Government,164500.0
2010-06-01,"Columbus, OH Metro Area",Total Private,756600.0
2010-06-01,"Detroit-Warren-Dearborn, MI Metro Area",Government,213700.0
2010-06-01,"Detroit-Warren-Dearborn, MI Metro Area",Total Private,1546300.0
2010-06-01,"Indianapolis-Carmel-Anderson, IN Metro Area",Government,126700.0
2010-06-01,"Indianapolis-Carmel-Anderson, IN Metro Area",Total Private,789700.0
2010-06-01,"Kansas City, MO-KS Metro Area",Government,155600.0
2010-06-01,"Kansas City, MO-KS Metro Area",Total Private,824800.0
2010-06-01,"Miami-Fort Lauderdale-Pompano Beach, FL Metro Area",Government,295600.0
2010-06-01,"Miami-Fort Lauderdale-Pompano Beach, FL Metro Area",Total Private,1876600.0
2010-06-01,"Orlando-Kissimmee-Sanford, FL Metro Area",Government,108000.0
2010-06-01,"Orlando-Kissimmee-Sanford, FL Metro Area",Total Private,881500.0
2010-06-01,"Phoenix-Mesa-Chandler, AZ Metro Area",Government,214600.0
2010-06-01,"Phoenix-Mesa-Chandler, AZ Metro Area",Total Private,1450900.0
2010-06-01,"Pittsburgh, PA Metro Area",Government,131100.0
2010-06-01,"Pittsburgh, PA Metro Area",Total Private,1011300.0
2010-06-01,"Portland-Vancouver-Hillsboro, OR-WA Metro Area",Government,153300.0
2010-06-01,"Portland-Vancouver-Hillsboro, OR-WA Metro Area",Total Private,832800.0
2010-06-01,"Riverside-San Bernardino-Ontario, CA Metro Area",Government,241600.0
2010-06-01,"Riverside-San Bernardino-Ontario, CA Metro Area",Total Private,916800.0
2010-06-01,"Sacramento-Roseville-Folsom, CA Metro Area",Government,237100.0
2010-06-01,"Sacramento-Roseville-Folsom, CA Metro Area",Total Private,604900.0
2010-06-01,"Salt Lake City, UT Metro Area",Government,95600.0
2010-06-01,"Salt Lake City, UT Metro Area",Total Private,492900.0
2010-06-01,"San Antonio-New Braunfels, TX Metro Area",Government,164200.0
2010-06-01,"San Antonio-New Braunfels, TX Metro Area",Total Private,698500.0
2010-06-01,"San Diego-Chula Vista-Carlsbad, CA Metro Area",Government,238000.0
2010-06-01,"San Diego-Chula Vista-Carlsbad, CA Metro Area",Total Private,1014000.0
2010-06-01,"San Francisco-Oakland-Berkeley, CA Metro Area",Government,310800.0
2010-06-01,"San Francisco-Oakland-Berkeley, CA Metro Area",Total Private,1627900.0
2010-06-01,"San Jose-Sunnyvale-Santa Clara, CA Metro Area",Government,96600.0
2010-06-01,"San Jose-Sunnyvale-Santa Clara, CA Metro Area",Total Private,784600.0
2010-06-01,"St. Louis, MO-IL Metro Area",Government,167700.0
2010-06-01,"St. Louis, MO-IL Metro Area",Total Private,1126900.0
2010-06-01,"Tampa-St. Petersburg-Clearwater, FL Metro Area",Government,148000.0
2010-06-01,"Tampa-St. Petersburg-Clearwater, FL Metro Area",Total Private,952400.0
2010-06-01,"Yuba City, CA Metro Area",Government,11200.0
2010-06-01,"Yuba City, CA Metro Area",Total Private,27400.0
2010-07-01,"Austin-Round Rock-Georgetown, TX Metro Area",Government,163200.0
2010-07-01,"Austin-Round Rock-Georgetown, TX Metro Area",Total Private,614900.0
2010-07-01,"Charlotte-Concord-Gastonia, NC-SC Metro Area",Government,116000.0
2010-07-01,"Charlotte-Concord-Gastonia, NC-SC Metro Area",Total Private,817900.0
2010-07-01,"Cincinnati, OH-KY-IN Metro Area",Government,122100.0
2010-07-01,"Cincinnati, OH-KY-IN Metro Area",Total Private,858700.0
2010-07-01,"Cleveland-Elyria, OH Metro Area",Government,134500.0
2010-07-01,"Cleveland-Elyria, OH Metro Area",Total Private,861700.0
2010-07-01,"Columbus, OH Metro Area",Government,156000.0
2010-07-01,"Columbus, OH Metro Area",Total Private,760000.0
2010-07-01,"Detroit-Warren-Dearborn, MI Metro Area",Government,194000.0
2010-07-01,"Detroit-Warren-Dearborn, MI Metro Area",Total Private,1531400.0
2010-07-01,"Indianapolis-Carmel-Anderson, IN Metro Area",Government,118900.0
2010-07-01,"Indianapolis-Carmel-Anderson, IN Metro Area",Total Private,788700.0
2010-07-01,"Kansas City, MO-KS Metro Area",Government,137000.0
2010-07-01,"Kansas City, MO-KS Metro Area",Total Private,824000.0
2010-07-01,"Miami-Fort Lauderdale-Pompano Beach, FL Metro Area",Government,289100.0
2010-07-01,"Miami-Fort Lauderdale-Pompano Beach, FL Metro Area",Total Private,1861300.0
2010-07-01,"Orlando-Kissimmee-Sanford, FL Metro Area",Government,106500.0
2010-07-01,"Orlando-Kissimmee-Sanford, FL Metro Area",Total Private,878100.0
2010-07-01,"Phoenix-Mesa-Chandler, AZ Metro Area",Government,207000.0
2010-07-01,"Phoenix-Mesa-Chandler, AZ Metro Area",Total Private,1441100.0
2010-07-01,"Pittsburgh, PA Metro Area",Government,120200.0
2010-07-01,"Pittsburgh, PA Metro Area",Total Private,1010200.0
2010-07-01,"Portland-Vancouver-Hillsboro, OR-WA Metro Area",Government,139600.0
2010-07-01,"Portland-Vancouver-Hillsboro, OR-WA Metro Area",Total Private,836500.0
2010-07-01,"Riverside-San Bernardino-Ontario, CA Metro Area",Government,221500.0
2010-07-01,"Riverside-San Bernardino-Ontario, CA Metro Area",Total Private,910000.0
2010-07-01,"Sacramento-Roseville-Folsom, CA Metro Area",Government,222700.0
2010-07-01,"Sacramento-Roseville-Folsom, CA Metro Area",Total Private,606400.0
2010-07-01,"Salt Lake City, UT Metro Area",Government,92000.0
2010-07-01,"Salt Lake City, UT Metro Area",Total Private,494400.0
2010-07-01,"San Antonio-New Braunfels, TX Metro Area",Government,155700.0
2010-07-01,"San Antonio-New Braunfels, TX Metro Area",Total Private,695900.0
2010-07-01,"San Diego-Chula Vista-Carlsbad, CA Metro Area",Government,225600.0
2010-07-01,"San Diego-Chula Vista-Carlsbad, CA Metro Area",Total Private,1014900.0
2010-07-01,"San Francisco-Oakland-Berkeley, CA Metro Area",Government,286300.0
2010-07-01,"San Francisco-Oakland-Berkeley, CA Metro Area",Total Private,1632900.0
2010-07-01,"San Jose-Sunnyvale-Santa Clara, CA Metro Area",Government,85000.0
2010-07-01,"San Jose-Sunnyvale-Santa Clara, CA Metro Area",Total Private,784700.0
2010-07-01,"St. Louis, MO-IL Metro Area",Government,145300.0
2010-07-01,"St. Louis, MO-IL Metro Area",Total Private,1126400.0
2010-07-01,"Tampa-St. Petersburg-Clearwater, FL Metro Area",Government,146600.0
2010-07-01,"Tampa-St. Petersburg-Clearwater, FL Metro Area",Total Private,946600.0
2010-07-01,"Yuba City, CA Metro Area",Government,9200.0
2010-07-01,"Yuba City, CA Metro Area",Total Private,27500.0
2010-08-01,"Austin-Round Rock-Georgetown, TX Metro Area",Government,163300.0
2010-08-01,"Austin-Round Rock-Georgetown, TX Metro Area",Total Private,617800.0
2010-08-01,"Charlotte-Concord-Gastonia, NC-SC Metro Area",Government,135000.0
2010-08-01,"Charlotte-Concord-Gastonia, NC-SC Metro Area",Total Private,820600.0
2010-08-01,"Cincinnati, OH-KY-IN Metro Area",Government,125900.0
2010-08-01,"Cincinnati, OH-KY-IN Metro Area",Total Private,859300.0
2010-08-01,"Cleveland-Elyria, OH Metro Area",Government,132100.0
2010-08-01,"Cleveland-Elyria, OH Metro Area",Total Private,863600.0
2010-08-01,"Columbus, OH Metro Area",Government,155700.0
2010-08-01,"Columbus, OH Metro Area",Total Private,762900.0
2010-08-01,"Detroit-Warren-Dearborn, MI Metro Area",Government,189100.0
2010-08-01,"Detroit-Warren-Dearborn, MI Metro Area",Total Private,1540400.0
2010-08-01,"Indianapolis-Carmel-Anderson, IN Metro Area",Government,125400.0
2010-08-01,"Indianapolis-Carmel-Anderson, IN Metro Area",Total Private,793600.0
2010-08-01,"Kansas City, MO-KS Metro Area",Government,135900.0
2010-08-01,"Kansas City, MO-KS Metro Area",Total Private,826100.0
2010-08-01,"Miami-Fort Lauderdale-Pompano Beach, FL Metro Area",Government,310200.0
2010-08-01,"Miami-Fort Lauderdale-Pompano Beach, FL Metro Area",Total Private,1868600.0
2010-08-01,"Orlando-Kissimmee-Sanford, FL Metro Area",Government,116600.0
2010-08-01,"Orlando-Kissimmee-Sanford, FL Metro Area",Total Private,877800.0
2010-08-01,"Phoenix-Mesa-Chandler, AZ Metro Area",Government,223200.0
2010-08-01,"Phoenix-Mesa-Chandler, AZ Metro Area",Total Private,1447400.0
2010-08-01,"Pittsburgh, PA Metro Area",Government,117800.0
2010-08-01,"Pittsburgh, PA Metro Area",Total Private,1009700.0
2010-08-01,"Portland-Vancouver-Hillsboro, OR-WA Metro Area",Government,137300.0
2010-08-01,"Portland-Vancouver-Hillsboro, OR-WA Metro Area",Total Private,839300.0
2010-08-01,"Riverside-San Bernardino-Ontario, CA Metro Area",Government,226000.0
2010-08-01,"Riverside-San Bernardino-Ontario, CA Metro Area",Total Private,912400.0
2010-08-01,"Sacramento-Roseville-Folsom, CA Metro Area",Government,219300.0
2010-08-01,"Sacramento-Roseville-Folsom, CA Metro Area",Total Private,607300.0
2010-08-01,"Salt Lake City, UT Metro Area",Government,92400.0
2010-08-01,"Salt Lake City, UT Metro Area",Total Private,495300.0
2010-08-01,"San Antonio-New Braunfels, TX Metro Area",Government,157700.0
2010-08-01,"San Antonio-New Braunfels, TX Metro Area",Total Private,695500.0
2010-08-01,"San Diego-Chula Vista-Carlsbad, CA Metro Area",Government,223800.0
2010-08-01,"San Diego-Chula Vista-Carlsbad, CA Metro Area",Total Private,1019600.0
2010-08-01,"San Francisco-Oakland-Berkeley, CA Metro Area",Government,282700.0
2010-08-01,"San Francisco-Oakland-Berkeley, CA Metro Area",Total Private,1630100.0
2010-08-01,"San Jose-Sunnyvale-Santa Clara, CA Metro Area",Government,83500.0
2010-08-01,"San Jose-Sunnyvale-Santa Clara, CA Metro Area",Total Private,787100.0
2010-08-01,"St. Louis, MO-IL Metro Area",Government,156400.0
2010-08-01,"St. Louis, MO-IL Metro Area",Total Private,1128300.0
2010-08-01,"Tampa-St. Petersburg-Clearwater, FL Metro Area",Government,153900.0
2010-08-01,"Tampa-St. Petersburg-Clearwater, FL Metro Area",Total Private,949900.0
2010-08-01,"Yuba City, CA Metro Area",Government,9900.0
2010-08-01,"Yuba City, CA Metro Area",Total Private,27800.0
2010-09-01,"Austin-Round Rock-Georgetown, TX Metro Area",Government,171300.0
2010-09-01,"Austin-Round Rock-Georgetown, TX Metro Area",Total Private,616200.0
2010-09-01,"Charlotte-Concord-Gastonia, NC-SC Metro Area",Government,139600.0
2010-09-01,"Charlotte-Concord-Gastonia, NC-SC Metro Area",Total Private,820100.0
2010-09-01,"Cincinnati, OH-KY-IN Metro Area",Government,130000.0
2010-09-01,"Cincinnati, OH-KY-IN Metro Area",Total Private,853700.0
2010-09-01,"Cleveland-Elyria, OH Metro Area",Government,135000.0
2010-09-01,"Cleveland-Elyria, OH Metro Area",Total Private,860400.0
2010-09-01,"Columbus, OH Metro Area",Government,164500.0
2010-09-01,"Columbus, OH Metro Area",Total Private,758900.0
2010-09-01,"Detroit-Warren-Dearborn, MI Metro Area",Government,202900.0
2010-09-01,"Detroit-Warren-Dearborn, MI Metro Area",Total Private,1549700.0
2010-09-01,"Indianapolis-Carmel-Anderson, IN Metro Area",Government,129000.0
2010-09-01,"Indianapolis-Carmel-Anderson, IN Metro Area",Total Private,787900.0
2010-09-01,"Kansas City, MO-KS Metro Area",Government,149900.0
2010-09-01,"Kansas City, MO-KS Metro Area",Total Private,822700.0
2010-09-01,"Miami-Fort Lauderdale-Pompano Beach, FL Metro Area",Government,311500.0
2010-09-01,"Miami-Fort Lauderdale-Pompano Beach, FL Metro Area",Total Private,1869800.0
2010-09-01,"Orlando-Kissimmee-Sanford, FL Metro Area",Government,116300.0
2010-09-01,"Orlando-Kissimmee-Sanford, FL Metro Area",Total Private,874100.0
2010-09-01,"Phoenix-Mesa-Chandler, AZ Metro Area",Government,236000.0
2010-09-01,"Phoenix-Mesa-Chandler, AZ Metro Area",Total Private,1446300.0
2010-09-01,"Pittsburgh, PA Metro Area",Government,127200.0
2010-09-01,"Pittsburgh, PA Metro Area",Total Private,1008500.0
2010-09-01,"Portland-Vancouver-Hillsboro, OR-WA Metro Area",Government,139500.0
2010-09-01,"Portland-Vancouver-Hillsboro, OR-WA Metro Area",Total Private,844000.0
2010-09-01,"Riverside-San Bernardino-Ontario, CA Metro Area",Government,225700.0
2010-09-01,"Riverside-San Bernardino-Ontario, CA Metro Area",Total Private,913700.0
2010-09-01,"Sacramento-Roseville-Folsom, CA Metro Area",Government,224100.0
2010-09-01,"Sacramento-Roseville-Folsom, CA Metro Area",Total Private,603900.0
2010-09-01,"Salt Lake City, UT Metro Area",Government,96100.0
2010-09-01,"Salt Lake City, UT Metro Area",Total Private,494400.0
2010-09-01,"San Antonio-New Braunfels, TX Metro Area",Government,163000.0
2010-09-01,"San Antonio-New Braunfels, TX Metro Area",Total Private,690700.0
2010-09-01,"San Diego-Chula Vista-Carlsbad, CA Metro Area",Government,227600.0
2010-09-01,"San Diego-Chula Vista-Carlsbad, CA Metro Area",Total Private,1014000.0
2010-09-01,"San Francisco-Oakland-Berkeley, CA Metro Area",Government,298800.0
2010-09-01,"San Francisco-Oakland-Berkeley, CA Metro Area",Total Private,1630000.0
2010-09-01,"San Jose-Sunnyvale-Santa Clara, CA Metro Area",Government,89900.0
2010-09-01,"San Jose-Sunnyvale-Santa Clara, CA Metro Area",Total Private,784700.0
2010-09-01,"St. Louis, MO-IL Metro Area",Government,168500.0
2010-09-01,"St. Louis, MO-IL Metro Area",Total Private,1125800.0
2010-09-01,"Tampa-St. Petersburg-Clearwater, FL Metro Area",Government,155700.0
2010-09-01,"Tampa-St. Petersburg-Clearwater, FL Metro Area",Total Private,946700.0
2010-09-01,"Yuba City, CA Metro Area",Government,10300.0
2010-09-01,"Yuba City, CA Metro Area",Total Private,27800.0
2010-10-01,"Austin-Round Rock-Georgetown, TX Metro Area",Government,174500.0
2010-10-01,"Austin-Round Rock-Georgetown, TX Metro Area",Total Private,622700.0
2010-10-01,"Charlotte-Concord-Gastonia, NC-SC Metro Area",Government,145600.0
2010-10-01,"Charlotte-Concord-Gastonia, NC-SC Metro Area",Total Private,825900.0
2010-10-01,"Cincinnati, OH-KY-IN Metro Area",Government,132800.0
2010-10-01,"Cincinnati, OH-KY-IN Metro Area",Total Private,857600.0
2010-10-01,"Cleveland-Elyria, OH Metro Area",Government,138900.0
2010-10-01,"Cleveland-Elyria, OH Metro Area",Total Private,863200.0
2010-10-01,"Columbus, OH Metro Area",Government,169600.0
2010-10-01,"Columbus, OH Metro Area",Total Private,764200.0
2010-10-01,"Detroit-Warren-Dearborn, MI Metro Area",Government,207300.0
2010-10-01,"Detroit-Warren-Dearborn, MI Metro Area",Total Private,1561700.0
2010-10-01,"Indianapolis-Carmel-Anderson, IN Metro Area",Government,131000.0
2010-10-01,"Indianapolis-Carmel-Anderson, IN Metro Area",Total Private,794900.0
2010-10-01,"Kansas City, MO-KS Metro Area",Government,150000.0
2010-10-01,"Kansas City, MO-KS Metro Area",Total Private,828200.0
2010-10-01,"Miami-Fort Lauderdale-Pompano Beach, FL Metro Area",Government,313600.0
2010-10-01,"Miami-Fort Lauderdale-Pompano Beach, FL Metro Area",Total Private,1889700.0
2010-10-01,"Orlando-Kissimmee-Sanford, FL Metro Area",Government,117700.0
2010-10-01,"Orlando-Kissimmee-Sanford, FL Metro Area",Total Private,880900.0
2010-10-01,"Phoenix-Mesa-Chandler, AZ Metro Area",Government,238600.0
2010-10-01,"Phoenix-Mesa-Chandler, AZ Metro Area",Total Private,1468000.0
2010-10-01,"Pittsburgh, PA Metro Area",Government,130199.99999999999
2010-10-01,"Pittsburgh, PA Metro Area",Total Private,1013300.0
2010-10-01,"Portland-Vancouver-Hillsboro, OR-WA Metro Area",Government,148400.0
2010-10-01,"Portland-Vancouver-Hillsboro, OR-WA Metro Area",Total Private,850000.0
2010-10-01,"Riverside-San Bernardino-Ontario, CA Metro Area",Government,233100.0
2010-10-01,"Riverside-San Bernardino-Ontario, CA Metro Area",Total Private,919900.0
2010-10-01,"Sacramento-Roseville-Folsom, CA Metro Area",Government,230000.0
2010-10-01,"Sacramento-Roseville-Folsom, CA Metro Area",Total Private,603600.0
2010-10-01,"Salt Lake City, UT Metro Area",Government,96900.0
2010-10-01,"Salt Lake City, UT Metro Area",Total Private,497600.0
2010-10-01,"San Antonio-New Braunfels, TX Metro Area",Government,166900.0
2010-10-01,"San Antonio-New Braunfels, TX Metro Area",Total Private,694200.0
2010-10-01,"San Diego-Chula Vista-Carlsbad, CA Metro Area",Government,231900.0
2010-10-01,"San Diego-Chula Vista-Carlsbad, CA Metro Area",Total Private,1015200.0
2010-10-01,"San Francisco-Oakland-Berkeley, CA Metro Area",Government,302200.0
2010-10-01,"San Francisco-Oakland-Berkeley, CA Metro Area",Total Private,1639600.0
2010-10-01,"San Jose-Sunnyvale-Santa Clara, CA Metro Area",Government,95400.0
2010-10-01,"San Jose-Sunnyvale-Santa Clara, CA Metro Area",Total Private,790200.0
2010-10-01,"St. Louis, MO-IL Metro Area",Government,170400.0
2010-10-01,"St. Louis, MO-IL Metro Area",Total Private,1132100.0
2010-10-01,"Tampa-St. Petersburg-Clearwater, FL Metro Area",Government,156400.0
2010-10-01,"Tampa-St. Petersburg-Clearwater, FL Metro Area",Total Private,957500.0
2010-10-01,"Yuba City, CA Metro Area",Government,10600.0
2010-10-01,"Yuba City, CA Metro Area",Total Private,27600.0
2010-11-01,"Austin-Round Rock-Georgetown, TX Metro Area",Government,175800.0
2010-11-01,"Austin-Round Rock-Georgetown, TX Metro Area",Total Private,626900.0
2010-11-01,"Charlotte-Concord-Gastonia, NC-SC Metro Area",Government,146300.0
2010-11-01,"Charlotte-Concord-Gastonia, NC-SC Metro Area",Total Private,829200.0
2010-11-01,"Cincinnati, OH-KY-IN Metro Area",Government,134500.0
2010-11-01,"Cincinnati, OH-KY-IN Metro Area",Total Private,857700.0
2010-11-01,"Cleveland-Elyria, OH Metro Area",Government,139000.0
2010-11-01,"Cleveland-Elyria, OH Metro Area",Total Private,864500.0
2010-11-01,"Columbus, OH Metro Area",Government,170100.0
2010-11-01,"Columbus, OH Metro Area",Total Private,768200.0
2010-11-01,"Detroit-Warren-Dearborn, MI Metro Area",Government,206700.0
2010-11-01,"Detroit-Warren-Dearborn, MI Metro Area",Total Private,1566000.0
2010-11-01,"Indianapolis-Carmel-Anderson, IN Metro Area",Government,131300.0
2010-11-01,"Indianapolis-Carmel-Anderson, IN Metro Area",Total Private,796000.0
2010-11-01,"Kansas City, MO-KS Metro Area",Government,150200.0
2010-11-01,"Kansas City, MO-KS Metro Area",Total Private,827800.0
2010-11-01,"Miami-Fort Lauderdale-Pompano Beach, FL Metro Area",Government,314100.0
2010-11-01,"Miami-Fort Lauderdale-Pompano Beach, FL Metro Area",Total Private,1915300.0
2010-11-01,"Orlando-Kissimmee-Sanford, FL Metro Area",Government,117800.0
2010-11-01,"Orlando-Kissimmee-Sanford, FL Metro Area",Total Private,887100.0
2010-11-01,"Phoenix-Mesa-Chandler, AZ Metro Area",Government,240000.0
2010-11-01,"Phoenix-Mesa-Chandler, AZ Metro Area",Total Private,1483700.0
2010-11-01,"Pittsburgh, PA Metro Area",Government,130500.0
2010-11-01,"Pittsburgh, PA Metro Area",Total Private,1014200.0
2010-11-01,"Portland-Vancouver-Hillsboro, OR-WA Metro Area",Government,150400.0
2010-11-01,"Portland-Vancouver-Hillsboro, OR-WA Metro Area",Total Private,849800.0
2010-11-01,"Riverside-San Bernardino-Ontario, CA Metro Area",Government,233700.0
2010-11-01,"Riverside-San Bernardino-Ontario, CA Metro Area",Total Private,933100.0
2010-11-01,"Sacramento-Roseville-Folsom, CA Metro Area",Government,230800.0
2010-11-01,"Sacramento-Roseville-Folsom, CA Metro Area",Total Private,603700.0
2010-11-01,"Salt Lake City, UT Metro Area",Government,96900.0
2010-11-01,"Salt Lake City, UT Metro Area",Total Private,500400.0
2010-11-01,"San Antonio-New Braunfels, TX Metro Area",Government,166800.0
2010-11-01,"San Antonio-New Braunfels, TX Metro Area",Total Private,695800.0
2010-11-01,"San Diego-Chula Vista-Carlsbad, CA Metro Area",Government,233300.0
2010-11-01,"San Diego-Chula Vista-Carlsbad, CA Metro Area",Total Private,1018400.0
2010-11-01,"San Francisco-Oakland-Berkeley, CA Metro Area",Government,305300.0
2010-11-01,"San Francisco-Oakland-Berkeley, CA Metro Area",Total Private,1639000.0
2010-11-01,"San Jose-Sunnyvale-Santa Clara, CA Metro Area",Government,97000.0
2010-11-01,"San Jose-Sunnyvale-Santa Clara, CA Metro Area",Total Private,793000.0
2010-11-01,"St. Louis, MO-IL Metro Area",Government,170600.0
2010-11-01,"St. Louis, MO-IL Metro Area",Total Private,1130500.0
2010-11-01,"Tampa-St. Petersburg-Clearwater, FL Metro Area",Government,156700.0
2010-11-01,"Tampa-St. Petersburg-Clearwater, FL Metro Area",Total Private,962700.0
2010-11-01,"Yuba City, CA Metro Area",Government,10600.0
2010-11-01,"Yuba City, CA Metro Area",Total Private,27500.0
2010-12-01,"Austin-Round Rock-Georgetown, TX Metro Area",Government,173600.0
2010-12-01,"Austin-Round Rock-Georgetown, TX Metro Area",Total Private,629000.0
2010-12-01,"Charlotte-Concord-Gastonia, NC-SC Metro Area",Government,146500.0
2010-12-01,"Charlotte-Concord-Gastonia, NC-SC Metro Area",Total Private,829700.0
2010-12-01,"Cincinnati, OH-KY-IN Metro Area",Government,134200.0
2010-12-01,"Cincinnati, OH-KY-IN Metro Area",Total Private,856500.0
2010-12-01,"Cleveland-Elyria, OH Metro Area",Government,138100.0
2010-12-01,"Cleveland-Elyria, OH Metro Area",Total Private,863400.0
2010-12-01,"Columbus, OH Metro Area",Government,170400.0
2010-12-01,"Columbus, OH Metro Area",Total Private,767300.0
2010-12-01,"Detroit-Warren-Dearborn, MI Metro Area",Government,205100.0
2010-12-01,"Detroit-Warren-Dearborn, MI Metro Area",Total Private,1564400.0
2010-12-01,"Indianapolis-Carmel-Anderson, IN Metro Area",Government,130400.0
2010-12-01,"Indianapolis-Carmel-Anderson, IN Metro Area",Total Private,794300.0
2010-12-01,"Kansas City, MO-KS Metro Area",Government,149500.0
2010-12-01,"Kansas City, MO-KS Metro Area",Total Private,828200.0
2010-12-01,"Miami-Fort Lauderdale-Pompano Beach, FL Metro Area",Government,313400.0
2010-12-01,"Miami-Fort Lauderdale-Pompano Beach, FL Metro Area",Total Private,1933700.0
2010-12-01,"Orlando-Kissimmee-Sanford, FL Metro Area",Government,116500.0
2010-12-01,"Orlando-Kissimmee-Sanford, FL Metro Area",Total Private,889800.0
2010-12-01,"Phoenix-Mesa-Chandler, AZ Metro Area",Government,237200.0
2010-12-01,"Phoenix-Mesa-Chandler, AZ Metro Area",Total Private,1491600.0
2010-12-01,"Pittsburgh, PA Metro Area",Government,130100.0
2010-12-01,"Pittsburgh, PA Metro Area",Total Private,1013700.0
2010-12-01,"Portland-Vancouver-Hillsboro, OR-WA Metro Area",Government,147900.0
2010-12-01,"Portland-Vancouver-Hillsboro, OR-WA Metro Area",Total Private,851900.0
2010-12-01,"Riverside-San Bernardino-Ontario, CA Metro Area",Government,230000.0
2010-12-01,"Riverside-San Bernardino-Ontario, CA Metro Area",Total Private,939000.0
2010-12-01,"Sacramento-Roseville-Folsom, CA Metro Area",Government,226000.0
2010-12-01,"Sacramento-Roseville-Folsom, CA Metro Area",Total Private,606300.0
2010-12-01,"Salt Lake City, UT Metro Area",Government,96100.0
2010-12-01,"Salt Lake City, UT Metro Area",Total Private,502400.0
2010-12-01,"San Antonio-New Braunfels, TX Metro Area",Government,166200.0
2010-12-01,"San Antonio-New Braunfels, TX Metro Area",Total Private,698500.0
2010-12-01,"San Diego-Chula Vista-Carlsbad, CA Metro Area",Government,232200.0
2010-12-01,"San Diego-Chula Vista-Carlsbad, CA Metro Area",Total Private,1023800.0
2010-12-01,"San Francisco-Oakland-Berkeley, CA Metro Area",Government,303600.0
2010-12-01,"San Francisco-Oakland-Berkeley, CA Metro Area",Total Private,1646000.0
2010-12-01,"San Jose-Sunnyvale-Santa Clara, CA Metro Area",Government,96100.0
2010-12-01,"San Jose-Sunnyvale-Santa Clara, CA Metro Area",Total Private,796000.0
2010-12-01,"St. Louis, MO-IL Metro Area",Government,169900.0
2010-12-01,"St. Louis, MO-IL Metro Area",Total Private,1129200.0
2010-12-01,"Tampa-St. Petersburg-Clearwater, FL Metro Area",Government,155200.0
2010-12-01,"Tampa-St. Petersburg-Clearwater, FL Metro Area",Total Private,969100.0
2010-12-01,"Yuba City, CA Metro Area",Government,10500.0
2010-12-01,"Yuba City, CA Metro Area",Total Private,27500.0
2011-01-01,"Austin-Round Rock-Georgetown, TX Metro Area",Government,172500.0
2011-01-01,"Austin-Round Rock-Georgetown, TX Metro Area",Total Private,617500.0
2011-01-01,"Charlotte-Concord-Gastonia, NC-SC Metro Area",Government,143300.0
2011-01-01,"Charlotte-Concord-Gastonia, NC-SC Metro Area",Total Private,810800.0
2011-01-01,"Cincinnati, OH-KY-IN Metro Area",Government,130500.0
2011-01-01,"Cincinnati, OH-KY-IN Metro Area",Total Private,834400.0
2011-01-01,"Cleveland-Elyria, OH Metro Area",Government,132600.0
2011-01-01,"Cleveland-Elyria, OH Metro Area",Total Private,838800.0
2011-01-01,"Columbus, OH Metro Area",Government,164300.0
2011-01-01,"Columbus, OH Metro Area",Total Private,747900.0
2011-01-01,"Detroit-Warren-Dearborn, MI Metro Area",Government,199200.0
2011-01-01,"Detroit-Warren-Dearborn, MI Metro Area",Total Private,1534100.0
2011-01-01,"Indianapolis-Carmel-Anderson, IN Metro Area",Government,129400.0
2011-01-01,"Indianapolis-Carmel-Anderson, IN Metro Area",Total Private,771600.0
2011-01-01,"Kansas City, MO-KS Metro Area",Government,147800.0
2011-01-01,"Kansas City, MO-KS Metro Area",Total Private,803500.0
2011-01-01,"Miami-Fort Lauderdale-Pompano Beach, FL Metro Area",Government,312100.0
2011-01-01,"Miami-Fort Lauderdale-Pompano Beach, FL Metro Area",Total Private,1899800.0
2011-01-01,"Orlando-Kissimmee-Sanford, FL Metro Area",Government,116300.0
2011-01-01,"Orlando-Kissimmee-Sanford, FL Metro Area",Total Private,873800.0
2011-01-01,"Phoenix-Mesa-Chandler, AZ Metro Area",Government,232500.0
2011-01-01,"Phoenix-Mesa-Chandler, AZ Metro Area",Total Private,1461100.0
2011-01-01,"Pittsburgh, PA Metro Area",Government,126600.0
2011-01-01,"Pittsburgh, PA Metro Area",Total Private,989900.0
2011-01-01,"Portland-Vancouver-Hillsboro, OR-WA Metro Area",Government,148300.0
2011-01-01,"Portland-Vancouver-Hillsboro, OR-WA Metro Area",Total Private,830900.0
2011-01-01,"Riverside-San Bernardino-Ontario, CA Metro Area",Government,231300.0
2011-01-01,"Riverside-San Bernardino-Ontario, CA Metro Area",Total Private,913500.0
2011-01-01,"Sacramento-Roseville-Folsom, CA Metro Area",Government,227300.0
2011-01-01,"Sacramento-Roseville-Folsom, CA Metro Area",Total Private,593600.0
2011-01-01,"Salt Lake City, UT Metro Area",Government,95200.0
2011-01-01,"Salt Lake City, UT Metro Area",Total Private,490300.0
2011-01-01,"San Antonio-New Braunfels, TX Metro Area",Government,163200.0
2011-01-01,"San Antonio-New Braunfels, TX Metro Area",Total Private,686500.0
2011-01-01,"San Diego-Chula Vista-Carlsbad, CA Metro Area",Government,230100.0
2011-01-01,"San Diego-Chula Vista-Carlsbad, CA Metro Area",Total Private,1003300.0
2011-01-01,"San Francisco-Oakland-Berkeley, CA Metro Area",Government,301000.0
2011-01-01,"San Francisco-Oakland-Berkeley, CA Metro Area",Total Private,1616200.0
2011-01-01,"San Jose-Sunnyvale-Santa Clara, CA Metro Area",Government,94600.0
2011-01-01,"San Jose-Sunnyvale-Santa Clara, CA Metro Area",Total Private,783600.0
2011-01-01,"St. Louis, MO-IL Metro Area",Government,166800.0
2011-01-01,"St. Louis, MO-IL Metro Area",Total Private,1107400.0
2011-01-01,"Tampa-St. Petersburg-Clearwater, FL Metro Area",Government,154900.0
2011-01-01,"Tampa-St. Petersburg-Clearwater, FL Metro Area",Total Private,952100.0
2011-01-01,"Yuba City, CA Metro Area",Government,10400.0
2011-01-01,"Yuba City, CA Metro Area",Total Private,26500.0
2011-02-01,"Austin-Round Rock-Georgetown, TX Metro Area",Government,176000.0
2011-02-01,"Austin-Round Rock-Georgetown, TX Metro Area",Total Private,622100.0
2011-02-01,"Charlotte-Concord-Gastonia, NC-SC Metro Area",Government,144500.0
2011-02-01,"Charlotte-Concord-Gastonia, NC-SC Metro Area",Total Private,820000.0
2011-02-01,"Cincinnati, OH-KY-IN Metro Area",Government,132900.0
2011-02-01,"Cincinnati, OH-KY-IN Metro Area",Total Private,835600.0
2011-02-01,"Cleveland-Elyria, OH Metro Area",Government,137000.0
2011-02-01,"Cleveland-Elyria, OH Metro Area",Total Private,840500.0
2011-02-01,"Columbus, OH Metro Area",Government,166500.0
2011-02-01,"Columbus, OH Metro Area",Total Private,750500.0
2011-02-01,"Detroit-Warren-Dearborn, MI Metro Area",Government,203500.0
2011-02-01,"Detroit-Warren-Dearborn, MI Metro Area",Total Private,1538200.0
2011-02-01,"Indianapolis-Carmel-Anderson, IN Metro Area",Government,130199.99999999999
2011-02-01,"Indianapolis-Carmel-Anderson, IN Metro Area",Total Private,772500.0
2011-02-01,"Kansas City, MO-KS Metro Area",Government,150100.0
2011-02-01,"Kansas City, MO-KS Metro Area",Total Private,804000.0
2011-02-01,"Miami-Fort Lauderdale-Pompano Beach, FL Metro Area",Government,313600.0
2011-02-01,"Miami-Fort Lauderdale-Pompano Beach, FL Metro Area",Total Private,1910800.0
2011-02-01,"Orlando-Kissimmee-Sanford, FL Metro Area",Government,118000.0
2011-02-01,"Orlando-Kissimmee-Sanford, FL Metro Area",Total Private,879000.0
2011-02-01,"Phoenix-Mesa-Chandler, AZ Metro Area",Government,238300.0
2011-02-01,"Phoenix-Mesa-Chandler, AZ Metro Area",Total Private,1470100.0
2011-02-01,"Pittsburgh, PA Metro Area",Government,129300.00000000001
2011-02-01,"Pittsburgh, PA Metro Area",Total Private,989100.0
2011-02-01,"Portland-Vancouver-Hillsboro, OR-WA Metro Area",Government,149300.0
2011-02-01,"Portland-Vancouver-Hillsboro, OR-WA Metro Area",Total Private,836900.0
2011-02-01,"Riverside-San Bernardino-Ontario, CA Metro Area",Government,231600.0
2011-02-01,"Riverside-San Bernardino-Ontario, CA Metro Area",Total Private,917800.0
2011-02-01,"Sacramento-Roseville-Folsom, CA Metro Area",Government,229100.0
2011-02-01,"Sacramento-Roseville-Folsom, CA Metro Area",Total Private,594300.0
2011-02-01,"Salt Lake City, UT Metro Area",Government,95300.0
2011-02-01,"Salt Lake City, UT Metro Area",Total Private,491700.0
2011-02-01,"San Antonio-New Braunfels, TX Metro Area",Government,165700.0
2011-02-01,"San Antonio-New Braunfels, TX Metro Area",Total Private,691100.0
2011-02-01,"San Diego-Chula Vista-Carlsbad, CA Metro Area",Government,232900.0
2011-02-01,"San Diego-Chula Vista-Carlsbad, CA Metro Area",Total Private,1008100.0
2011-02-01,"San Francisco-Oakland-Berkeley, CA Metro Area",Government,303700.0
2011-02-01,"San Francisco-Oakland-Berkeley, CA Metro Area",Total Private,1621600.0
2011-02-01,"San Jose-Sunnyvale-Santa Clara, CA Metro Area",Government,95300.0
2011-02-01,"San Jose-Sunnyvale-Santa Clara, CA Metro Area",Total Private,788400.0
2011-02-01,"St. Louis, MO-IL Metro Area",Government,168500.0
2011-02-01,"St. Louis, MO-IL Metro Area",Total Private,1109700.0
2011-02-01,"Tampa-St. Petersburg-Clearwater, FL Metro Area",Government,157400.0
2011-02-01,"Tampa-St. Petersburg-Clearwater, FL Metro Area",Total Private,958100.0
2011-02-01,"Yuba City, CA Metro Area",Government,10400.0
2011-02-01,"Yuba City, CA Metro Area",Total Private,26600.0
2011-03-01,"Austin-Round Rock-Georgetown, TX Metro Area",Government,176100.0
2011-03-01,"Austin-Round Rock-Georgetown, TX Metro Area",Total Private,629200.0
2011-03-01,"Charlotte-Concord-Gastonia, NC-SC Metro Area",Government,145400.0
2011-03-01,"Charlotte-Concord-Gastonia, NC-SC Metro Area",Total Private,827400.0
2011-03-01,"Cincinnati, OH-KY-IN Metro Area",Government,133800.0
2011-03-01,"Cincinnati, OH-KY-IN Metro Area",Total Private,844300.0
2011-03-01,"Cleveland-Elyria, OH Metro Area",Government,137500.0
2011-03-01,"Cleveland-Elyria, OH Metro Area",Total Private,844300.0
2011-03-01,"Columbus, OH Metro Area",Government,167600.0
2011-03-01,"Columbus, OH Metro Area",Total Private,755000.0
2011-03-01,"Detroit-Warren-Dearborn, MI Metro Area",Government,203600.0
2011-03-01,"Detroit-Warren-Dearborn, MI Metro Area",Total Private,1549900.0
2011-03-01,"Indianapolis-Carmel-Anderson, IN Metro Area",Government,130600.0
2011-03-01,"Indianapolis-Carmel-Anderson, IN Metro Area",Total Private,782600.0
2011-03-01,"Kansas City, MO-KS Metro Area",Government,152800.0
2011-03-01,"Kansas City, MO-KS Metro Area",Total Private,814100.0
2011-03-01,"Miami-Fort Lauderdale-Pompano Beach, FL Metro Area",Government,312100.0
2011-03-01,"Miami-Fort Lauderdale-Pompano Beach, FL Metro Area",Total Private,1918300.0
2011-03-01,"Orlando-Kissimmee-Sanford, FL Metro Area",Government,118200.0
2011-03-01,"Orlando-Kissimmee-Sanford, FL Metro Area",Total Private,885000.0
2011-03-01,"Phoenix-Mesa-Chandler, AZ Metro Area",Government,238200.0
2011-03-01,"Phoenix-Mesa-Chandler, AZ Metro Area",Total Private,1480500.0
2011-03-01,"Pittsburgh, PA Metro Area",Government,130000.0
2011-03-01,"Pittsburgh, PA Metro Area",Total Private,998400.0
2011-03-01,"Portland-Vancouver-Hillsboro, OR-WA Metro Area",Government,149200.0
2011-03-01,"Portland-Vancouver-Hillsboro, OR-WA Metro Area",Total Private,840700.0
2011-03-01,"Riverside-San Bernardino-Ontario, CA Metro Area",Government,233400.0
2011-03-01,"Riverside-San Bernardino-Ontario, CA Metro Area",Total Private,920400.0
2011-03-01,"Sacramento-Roseville-Folsom, CA Metro Area",Government,230300.0
2011-03-01,"Sacramento-Roseville-Folsom, CA Metro Area",Total Private,594700.0
2011-03-01,"Salt Lake City, UT Metro Area",Government,95400.0
2011-03-01,"Salt Lake City, UT Metro Area",Total Private,494600.0
2011-03-01,"San Antonio-New Braunfels, TX Metro Area",Government,165200.0
2011-03-01,"San Antonio-New Braunfels, TX Metro Area",Total Private,699800.0
2011-03-01,"San Diego-Chula Vista-Carlsbad, CA Metro Area",Government,233800.0
2011-03-01,"San Diego-Chula Vista-Carlsbad, CA Metro Area",Total Private,1010800.0
2011-03-01,"San Francisco-Oakland-Berkeley, CA Metro Area",Government,306100.0
2011-03-01,"San Francisco-Oakland-Berkeley, CA Metro Area",Total Private,1624300.0
2011-03-01,"San Jose-Sunnyvale-Santa Clara, CA Metro Area",Government,95700.0
2011-03-01,"San Jose-Sunnyvale-Santa Clara, CA Metro Area",Total Private,791500.0
2011-03-01,"St. Louis, MO-IL Metro Area",Government,169200.0
2011-03-01,"St. Louis, MO-IL Metro Area",Total Private,1122000.0
2011-03-01,"Tampa-St. Petersburg-Clearwater, FL Metro Area",Government,157100.0
2011-03-01,"Tampa-St. Petersburg-Clearwater, FL Metro Area",Total Private,966700.0
2011-03-01,"Yuba City, CA Metro Area",Government,10700.0
2011-03-01,"Yuba City, CA Metro Area",Total Private,26600.0
2011-04-01,"Austin-Round Rock-Georgetown, TX Metro Area",Government,176600.0
2011-04-01,"Austin-Round Rock-Georgetown, TX Metro Area",Total Private,636900.0
2011-04-01,"Charlotte-Concord-Gastonia, NC-SC Metro Area",Government,146000.0
2011-04-01,"Charlotte-Concord-Gastonia, NC-SC Metro Area",Total Private,832600.0
2011-04-01,"Cincinnati, OH-KY-IN Metro Area",Government,134100.0
2011-04-01,"Cincinnati, OH-KY-IN Metro Area",Total Private,859300.0
2011-04-01,"Cleveland-Elyria, OH Metro Area",Government,138400.0
2011-04-01,"Cleveland-Elyria, OH Metro Area",Total Private,860400.0
2011-04-01,"Columbus, OH Metro Area",Government,170500.0
2011-04-01,"Columbus, OH Metro Area",Total Private,768700.0
2011-04-01,"Detroit-Warren-Dearborn, MI Metro Area",Government,203600.0
2011-04-01,"Detroit-Warren-Dearborn, MI Metro Area",Total Private,1574200.0
2011-04-01,"Indianapolis-Carmel-Anderson, IN Metro Area",Government,130600.0
2011-04-01,"Indianapolis-Carmel-Anderson, IN Metro Area",Total Private,795300.0
2011-04-01,"Kansas City, MO-KS Metro Area",Government,153400.0
2011-04-01,"Kansas City, MO-KS Metro Area",Total Private,824100.0
2011-04-01,"Miami-Fort Lauderdale-Pompano Beach, FL Metro Area",Government,312000.0
2011-04-01,"Miami-Fort Lauderdale-Pompano Beach, FL Metro Area",Total Private,1930800.0
2011-04-01,"Orlando-Kissimmee-Sanford, FL Metro Area",Government,117400.0
2011-04-01,"Orlando-Kissimmee-Sanford, FL Metro Area",Total Private,891000.0
2011-04-01,"Phoenix-Mesa-Chandler, AZ Metro Area",Government,238700.0
2011-04-01,"Phoenix-Mesa-Chandler, AZ Metro Area",Total Private,1488900.0
2011-04-01,"Pittsburgh, PA Metro Area",Government,129500.0
2011-04-01,"Pittsburgh, PA Metro Area",Total Private,1013600.0
2011-04-01,"Portland-Vancouver-Hillsboro, OR-WA Metro Area",Government,150900.0
2011-04-01,"Portland-Vancouver-Hillsboro, OR-WA Metro Area",Total Private,849200.0
2011-04-01,"Riverside-San Bernardino-Ontario, CA Metro Area",Government,233400.0
2011-04-01,"Riverside-San Bernardino-Ontario, CA Metro Area",Total Private,924300.0
2011-04-01,"Sacramento-Roseville-Folsom, CA Metro Area",Government,230900.0
2011-04-01,"Sacramento-Roseville-Folsom, CA Metro Area",Total Private,597900.0
2011-04-01,"Salt Lake City, UT Metro Area",Government,96300.0
2011-04-01,"Salt Lake City, UT Metro Area",Total Private,498500.0
2011-04-01,"San Antonio-New Braunfels, TX Metro Area",Government,165400.0
2011-04-01,"San Antonio-New Braunfels, TX Metro Area",Total Private,705600.0
2011-04-01,"San Diego-Chula Vista-Carlsbad, CA Metro Area",Government,233800.0
2011-04-01,"San Diego-Chula Vista-Carlsbad, CA Metro Area",Total Private,1013700.0
2011-04-01,"San Francisco-Oakland-Berkeley, CA Metro Area",Government,306700.0
2011-04-01,"San Francisco-Oakland-Berkeley, CA Metro Area",Total Private,1642200.0
2011-04-01,"San Jose-Sunnyvale-Santa Clara, CA Metro Area",Government,96500.0
2011-04-01,"San Jose-Sunnyvale-Santa Clara, CA Metro Area",Total Private,794500.0
2011-04-01,"St. Louis, MO-IL Metro Area",Government,170500.0
2011-04-01,"St. Louis, MO-IL Metro Area",Total Private,1141900.0
2011-04-01,"Tampa-St. Petersburg-Clearwater, FL Metro Area",Government,156300.0
2011-04-01,"Tampa-St. Petersburg-Clearwater, FL Metro Area",Total Private,971300.0
2011-04-01,"Yuba City, CA Metro Area",Government,10500.0
2011-04-01,"Yuba City, CA Metro Area",Total Private,26900.0
2011-05-01,"Austin-Round Rock-Georgetown, TX Metro Area",Government,176300.0
2011-05-01,"Austin-Round Rock-Georgetown, TX Metro Area",Total Private,638600.0
2011-05-01,"Charlotte-Concord-Gastonia, NC-SC Metro Area",Government,146100.0
2011-05-01,"Charlotte-Concord-Gastonia, NC-SC Metro Area",Total Private,836400.0
2011-05-01,"Cincinnati, OH-KY-IN Metro Area",Government,132900.0
2011-05-01,"Cincinnati, OH-KY-IN Metro Area",Total Private,866900.0
2011-05-01,"Cleveland-Elyria, OH Metro Area",Government,138100.0
2011-05-01,"Cleveland-Elyria, OH Metro Area",Total Private,868200.0
2011-05-01,"Columbus, OH Metro Area",Government,171500.0
2011-05-01,"Columbus, OH Metro Area",Total Private,774500.0
2011-05-01,"Detroit-Warren-Dearborn, MI Metro Area",Government,201000.0
2011-05-01,"Detroit-Warren-Dearborn, MI Metro Area",Total Private,1594400.0
2011-05-01,"Indianapolis-Carmel-Anderson, IN Metro Area",Government,131000.0
2011-05-01,"Indianapolis-Carmel-Anderson, IN Metro Area",Total Private,802700.0
2011-05-01,"Kansas City, MO-KS Metro Area",Government,152800.0
2011-05-01,"Kansas City, MO-KS Metro Area",Total Private,829900.0
2011-05-01,"Miami-Fort Lauderdale-Pompano Beach, FL Metro Area",Government,310100.0
2011-05-01,"Miami-Fort Lauderdale-Pompano Beach, FL Metro Area",Total Private,1927000.0
2011-05-01,"Orlando-Kissimmee-Sanford, FL Metro Area",Government,116600.0
2011-05-01,"Orlando-Kissimmee-Sanford, FL Metro Area",Total Private,891300.0
2011-05-01,"Phoenix-Mesa-Chandler, AZ Metro Area",Government,238400.0
2011-05-01,"Phoenix-Mesa-Chandler, AZ Metro Area",Total Private,1486300.0
2011-05-01,"Pittsburgh, PA Metro Area",Government,127800.0
2011-05-01,"Pittsburgh, PA Metro Area",Total Private,1025200.0
2011-05-01,"Portland-Vancouver-Hillsboro, OR-WA Metro Area",Government,151400.0
2011-05-01,"Portland-Vancouver-Hillsboro, OR-WA Metro Area",Total Private,850700.0
2011-05-01,"Riverside-San Bernardino-Ontario, CA Metro Area",Government,233600.0
2011-05-01,"Riverside-San Bernardino-Ontario, CA Metro Area",Total Private,924000.0
2011-05-01,"Sacramento-Roseville-Folsom, CA Metro Area",Government,229500.0
2011-05-01,"Sacramento-Roseville-Folsom, CA Metro Area",Total Private,601000.0
2011-05-01,"Salt Lake City, UT Metro Area",Government,96400.0
2011-05-01,"Salt Lake City, UT Metro Area",Total Private,498800.0
2011-05-01,"San Antonio-New Braunfels, TX Metro Area",Government,165500.0
2011-05-01,"San Antonio-New Braunfels, TX Metro Area",Total Private,708900.0
2011-05-01,"San Diego-Chula Vista-Carlsbad, CA Metro Area",Government,232700.0
2011-05-01,"San Diego-Chula Vista-Carlsbad, CA Metro Area",Total Private,1017400.0
2011-05-01,"San Francisco-Oakland-Berkeley, CA Metro Area",Government,306900.0
2011-05-01,"San Francisco-Oakland-Berkeley, CA Metro Area",Total Private,1650400.0
2011-05-01,"San Jose-Sunnyvale-Santa Clara, CA Metro Area",Government,96800.0
2011-05-01,"San Jose-Sunnyvale-Santa Clara, CA Metro Area",Total Private,797500.0
2011-05-01,"St. Louis, MO-IL Metro Area",Government,171200.0
2011-05-01,"St. Louis, MO-IL Metro Area",Total Private,1146500.0
2011-05-01,"Tampa-St. Petersburg-Clearwater, FL Metro Area",Government,154500.0
2011-05-01,"Tampa-St. Petersburg-Clearwater, FL Metro Area",Total Private,969200.0
2011-05-01,"Yuba City, CA Metro Area",Government,10800.0
2011-05-01,"Yuba City, CA Metro Area",Total Private,27200.0
2011-06-01,"Austin-Round Rock-Georgetown, TX Metro Area",Government,174500.0
2011-06-01,"Austin-Round Rock-Georgetown, TX Metro Area",Total Private,642000.0
2011-06-01,"Charlotte-Concord-Gastonia, NC-SC Metro Area",Government,135800.0
2011-06-01,"Charlotte-Concord-Gastonia, NC-SC Metro Area",Total Private,841200.0
2011-06-01,"Cincinnati, OH-KY-IN Metro Area",Government,126500.0
2011-06-01,"Cincinnati, OH-KY-IN Metro Area",Total Private,870600.0
2011-06-01,"Cleveland-Elyria, OH Metro Area",Government,137300.0
2011-06-01,"Cleveland-Elyria, OH Metro Area",Total Private,870600.0
2011-06-01,"Columbus, OH Metro Area",Government,163500.0
2011-06-01,"Columbus, OH Metro Area",Total Private,776000.0
2011-06-01,"Detroit-Warren-Dearborn, MI Metro Area",Government,199600.0
2011-06-01,"Detroit-Warren-Dearborn, MI Metro Area",Total Private,1603200.0
2011-06-01,"Indianapolis-Carmel-Anderson, IN Metro Area",Government,121900.0
2011-06-01,"Indianapolis-Carmel-Anderson, IN Metro Area",Total Private,802900.0
2011-06-01,"Kansas City, MO-KS Metro Area",Government,150600.0
2011-06-01,"Kansas City, MO-KS Metro Area",Total Private,832500.0
2011-06-01,"Miami-Fort Lauderdale-Pompano Beach, FL Metro Area",Government,283600.0
2011-06-01,"Miami-Fort Lauderdale-Pompano Beach, FL Metro Area",Total Private,1919100.0
2011-06-01,"Orlando-Kissimmee-Sanford, FL Metro Area",Government,105700.0
2011-06-01,"Orlando-Kissimmee-Sanford, FL Metro Area",Total Private,890700.0
2011-06-01,"Phoenix-Mesa-Chandler, AZ Metro Area",Government,202900.0
2011-06-01,"Phoenix-Mesa-Chandler, AZ Metro Area",Total Private,1477700.0
2011-06-01,"Pittsburgh, PA Metro Area",Government,125900.0
2011-06-01,"Pittsburgh, PA Metro Area",Total Private,1034800.0
2011-06-01,"Portland-Vancouver-Hillsboro, OR-WA Metro Area",Government,148900.0
2011-06-01,"Portland-Vancouver-Hillsboro, OR-WA Metro Area",Total Private,854000.0
2011-06-01,"Riverside-San Bernardino-Ontario, CA Metro Area",Government,230800.0
2011-06-01,"Riverside-San Bernardino-Ontario, CA Metro Area",Total Private,920700.0
2011-06-01,"Sacramento-Roseville-Folsom, CA Metro Area",Government,228300.0
2011-06-01,"Sacramento-Roseville-Folsom, CA Metro Area",Total Private,603600.0
2011-06-01,"Salt Lake City, UT Metro Area",Government,96500.0
2011-06-01,"Salt Lake City, UT Metro Area",Total Private,501300.0
2011-06-01,"San Antonio-New Braunfels, TX Metro Area",Government,162900.0
2011-06-01,"San Antonio-New Braunfels, TX Metro Area",Total Private,712700.0
2011-06-01,"San Diego-Chula Vista-Carlsbad, CA Metro Area",Government,233600.0
2011-06-01,"San Diego-Chula Vista-Carlsbad, CA Metro Area",Total Private,1020400.0
2011-06-01,"San Francisco-Oakland-Berkeley, CA Metro Area",Government,305200.0
2011-06-01,"San Francisco-Oakland-Berkeley, CA Metro Area",Total Private,1654300.0
2011-06-01,"San Jose-Sunnyvale-Santa Clara, CA Metro Area",Government,96200.0
2011-06-01,"San Jose-Sunnyvale-Santa Clara, CA Metro Area",Total Private,804000.0
2011-06-01,"St. Louis, MO-IL Metro Area",Government,162500.0
2011-06-01,"St. Louis, MO-IL Metro Area",Total Private,1146300.0
2011-06-01,"Tampa-St. Petersburg-Clearwater, FL Metro Area",Government,144300.0
2011-06-01,"Tampa-St. Petersburg-Clearwater, FL Metro Area",Total Private,966700.0
2011-06-01,"Yuba City, CA Metro Area",Government,10900.0
2011-06-01,"Yuba City, CA Metro Area",Total Private,27500.0
2011-07-01,"Austin-Round Rock-Georgetown, TX Metro Area",Government,160900.0
2011-07-01,"Austin-Round Rock-Georgetown, TX Metro Area",Total Private,644500.0
2011-07-01,"Charlotte-Concord-Gastonia, NC-SC Metro Area",Government,115200.0
2011-07-01,"Charlotte-Concord-Gastonia, NC-SC Metro Area",Total Private,841200.0
2011-07-01,"Cincinnati, OH-KY-IN Metro Area",Government,121300.0
2011-07-01,"Cincinnati, OH-KY-IN Metro Area",Total Private,874100.0
2011-07-01,"Cleveland-Elyria, OH Metro Area",Government,131500.0
2011-07-01,"Cleveland-Elyria, OH Metro Area",Total Private,877400.0
2011-07-01,"Columbus, OH Metro Area",Government,157000.0
2011-07-01,"Columbus, OH Metro Area",Total Private,781600.0
2011-07-01,"Detroit-Warren-Dearborn, MI Metro Area",Government,183300.0
2011-07-01,"Detroit-Warren-Dearborn, MI Metro Area",Total Private,1589500.0
2011-07-01,"Indianapolis-Carmel-Anderson, IN Metro Area",Government,117000.0
2011-07-01,"Indianapolis-Carmel-Anderson, IN Metro Area",Total Private,808100.0
2011-07-01,"Kansas City, MO-KS Metro Area",Government,138100.0
2011-07-01,"Kansas City, MO-KS Metro Area",Total Private,834600.0
2011-07-01,"Miami-Fort Lauderdale-Pompano Beach, FL Metro Area",Government,280500.0
2011-07-01,"Miami-Fort Lauderdale-Pompano Beach, FL Metro Area",Total Private,1906200.0
2011-07-01,"Orlando-Kissimmee-Sanford, FL Metro Area",Government,104700.0
2011-07-01,"Orlando-Kissimmee-Sanford, FL Metro Area",Total Private,890100.0
2011-07-01,"Phoenix-Mesa-Chandler, AZ Metro Area",Government,192400.0
2011-07-01,"Phoenix-Mesa-Chandler, AZ Metro Area",Total Private,1473700.0
2011-07-01,"Pittsburgh, PA Metro Area",Government,115400.0
2011-07-01,"Pittsburgh, PA Metro Area",Total Private,1028900.0000000001
2011-07-01,"Portland-Vancouver-Hillsboro, OR-WA Metro Area",Government,137100.0
2011-07-01,"Portland-Vancouver-Hillsboro, OR-WA Metro Area",Total Private,860300.0
2011-07-01,"Riverside-San Bernardino-Ontario, CA Metro Area",Government,214000.0
2011-07-01,"Riverside-San Bernardino-Ontario, CA Metro Area",Total Private,921200.0
2011-07-01,"Sacramento-Roseville-Folsom, CA Metro Area",Government,214100.0
2011-07-01,"Sacramento-Roseville-Folsom, CA Metro Area",Total Private,609200.0
2011-07-01,"Salt Lake City, UT Metro Area",Government,92700.0
2011-07-01,"Salt Lake City, UT Metro Area",Total Private,503600.0
2011-07-01,"San Antonio-New Braunfels, TX Metro Area",Government,156500.0
2011-07-01,"San Antonio-New Braunfels, TX Metro Area",Total Private,714900.0
2011-07-01,"San Diego-Chula Vista-Carlsbad, CA Metro Area",Government,219700.0
2011-07-01,"San Diego-Chula Vista-Carlsbad, CA Metro Area",Total Private,1024099.9999999999
2011-07-01,"San Francisco-Oakland-Berkeley, CA Metro Area",Government,290400.0
2011-07-01,"San Francisco-Oakland-Berkeley, CA Metro Area",Total Private,1667700.0
2011-07-01,"San Jose-Sunnyvale-Santa Clara, CA Metro Area",Government,81300.0
2011-07-01,"San Jose-Sunnyvale-Santa Clara, CA Metro Area",Total Private,809200.0
2011-07-01,"St. Louis, MO-IL Metro Area",Government,142400.0
2011-07-01,"St. Louis, MO-IL Metro Area",Total Private,1146600.0
2011-07-01,"Tampa-St. Petersburg-Clearwater, FL Metro Area",Government,142600.0
2011-07-01,"Tampa-St. Petersburg-Clearwater, FL Metro Area",Total Private,965400.0
2011-07-01,"Yuba City, CA Metro Area",Government,9300.0
2011-07-01,"Yuba City, CA Metro Area",Total Private,27700.0
2011-08-01,"Austin-Round Rock-Georgetown, TX Metro Area",Government,160500.0
2011-08-01,"Austin-Round Rock-Georgetown, TX Metro Area",Total Private,649600.0
2011-08-01,"Charlotte-Concord-Gastonia, NC-SC Metro Area",Government,136400.0
2011-08-01,"Charlotte-Concord-Gastonia, NC-SC Metro Area",Total Private,844300.0
2011-08-01,"Cincinnati, OH-KY-IN Metro Area",Government,127300.0
2011-08-01,"Cincinnati, OH-KY-IN Metro Area",Total Private,875500.0
2011-08-01,"Cleveland-Elyria, OH Metro Area",Government,130100.0
2011-08-01,"Cleveland-Elyria, OH Metro Area",Total Private,881700.0
2011-08-01,"Columbus, OH Metro Area",Government,157800.0
2011-08-01,"Columbus, OH Metro Area",Total Private,784800.0
2011-08-01,"Detroit-Warren-Dearborn, MI Metro Area",Government,182200.0
2011-08-01,"Detroit-Warren-Dearborn, MI Metro Area",Total Private,1606000.0
2011-08-01,"Indianapolis-Carmel-Anderson, IN Metro Area",Government,123400.0
2011-08-01,"Indianapolis-Carmel-Anderson, IN Metro Area",Total Private,813000.0
2011-08-01,"Kansas City, MO-KS Metro Area",Government,136400.0
2011-08-01,"Kansas City, MO-KS Metro Area",Total Private,836100.0
2011-08-01,"Miami-Fort Lauderdale-Pompano Beach, FL Metro Area",Government,303500.0
2011-08-01,"Miami-Fort Lauderdale-Pompano Beach, FL Metro Area",Total Private,1914100.0
2011-08-01,"Orlando-Kissimmee-Sanford, FL Metro Area",Government,114900.0
2011-08-01,"Orlando-Kissimmee-Sanford, FL Metro Area",Total Private,890400.0
2011-08-01,"Phoenix-Mesa-Chandler, AZ Metro Area",Government,219000.0
2011-08-01,"Phoenix-Mesa-Chandler, AZ Metro Area",Total Private,1483900.0
2011-08-01,"Pittsburgh, PA Metro Area",Government,113300.0
2011-08-01,"Pittsburgh, PA Metro Area",Total Private,1027099.9999999999
2011-08-01,"Portland-Vancouver-Hillsboro, OR-WA Metro Area",Government,134800.0
2011-08-01,"Portland-Vancouver-Hillsboro, OR-WA Metro Area",Total Private,863200.0
2011-08-01,"Riverside-San Bernardino-Ontario, CA Metro Area",Government,217800.0
2011-08-01,"Riverside-San Bernardino-Ontario, CA Metro Area",Total Private,925400.0
2011-08-01,"Sacramento-Roseville-Folsom, CA Metro Area",Government,215000.0
2011-08-01,"Sacramento-Roseville-Folsom, CA Metro Area",Total Private,612900.0
2011-08-01,"Salt Lake City, UT Metro Area",Government,93200.0
2011-08-01,"Salt Lake City, UT Metro Area",Total Private,507100.0
2011-08-01,"San Antonio-New Braunfels, TX Metro Area",Government,156300.0
2011-08-01,"San Antonio-New Braunfels, TX Metro Area",Total Private,717100.0
2011-08-01,"San Diego-Chula Vista-Carlsbad, CA Metro Area",Government,217200.0
2011-08-01,"San Diego-Chula Vista-Carlsbad, CA Metro Area",Total Private,1029400.0000000001
2011-08-01,"San Francisco-Oakland-Berkeley, CA Metro Area",Government,290300.0
2011-08-01,"San Francisco-Oakland-Berkeley, CA Metro Area",Total Private,1671600.0
2011-08-01,"San Jose-Sunnyvale-Santa Clara, CA Metro Area",Government,82400.0
2011-08-01,"San Jose-Sunnyvale-Santa Clara, CA Metro Area",Total Private,812000.0
2011-08-01,"St. Louis, MO-IL Metro Area",Government,151000.0
2011-08-01,"St. Louis, MO-IL Metro Area",Total Private,1147300.0
2011-08-01,"Tampa-St. Petersburg-Clearwater, FL Metro Area",Government,151800.0
2011-08-01,"Tampa-St. Petersburg-Clearwater, FL Metro Area",Total Private,970400.0
2011-08-01,"Yuba City, CA Metro Area",Government,10300.0
2011-08-01,"Yuba City, CA Metro Area",Total Private,28000.0
2011-09-01,"Austin-Round Rock-Georgetown, TX Metro Area",Government,169400.0
2011-09-01,"Austin-Round Rock-Georgetown, TX Metro Area",Total Private,649700.0
2011-09-01,"Charlotte-Concord-Gastonia, NC-SC Metro Area",Government,140300.0
2011-09-01,"Charlotte-Concord-Gastonia, NC-SC Metro Area",Total Private,845400.0
2011-09-01,"Cincinnati, OH-KY-IN Metro Area",Government,130300.00000000001
2011-09-01,"Cincinnati, OH-KY-IN Metro Area",Total Private,871100.0
2011-09-01,"Cleveland-Elyria, OH Metro Area",Government,133300.0
2011-09-01,"Cleveland-Elyria, OH Metro Area",Total Private,874100.0
2011-09-01,"Columbus, OH Metro Area",Government,166900.0
2011-09-01,"Columbus, OH Metro Area",Total Private,784900.0
2011-09-01,"Detroit-Warren-Dearborn, MI Metro Area",Government,197500.0
2011-09-01,"Detroit-Warren-Dearborn, MI Metro Area",Total Private,1610900.0
2011-09-01,"Indianapolis-Carmel-Anderson, IN Metro Area",Government,128100.0
2011-09-01,"Indianapolis-Carmel-Anderson, IN Metro Area",Total Private,815300.0
2011-09-01,"Kansas City, MO-KS Metro Area",Government,147400.0
2011-09-01,"Kansas City, MO-KS Metro Area",Total Private,834700.0
2011-09-01,"Miami-Fort Lauderdale-Pompano Beach, FL Metro Area",Government,306500.0
2011-09-01,"Miami-Fort Lauderdale-Pompano Beach, FL Metro Area",Total Private,1924600.0
2011-09-01,"Orlando-Kissimmee-Sanford, FL Metro Area",Government,116300.0
2011-09-01,"Orlando-Kissimmee-Sanford, FL Metro Area",Total Private,894400.0
2011-09-01,"Phoenix-Mesa-Chandler, AZ Metro Area",Government,234200.0
2011-09-01,"Phoenix-Mesa-Chandler, AZ Metro Area",Total Private,1491100.0
2011-09-01,"Pittsburgh, PA Metro Area",Government,121600.0
2011-09-01,"Pittsburgh, PA Metro Area",Total Private,1032000.0
2011-09-01,"Portland-Vancouver-Hillsboro, OR-WA Metro Area",Government,137100.0
2011-09-01,"Portland-Vancouver-Hillsboro, OR-WA Metro Area",Total Private,867000.0
2011-09-01,"Riverside-San Bernardino-Ontario, CA Metro Area",Government,220000.0
2011-09-01,"Riverside-San Bernardino-Ontario, CA Metro Area",Total Private,929700.0
2011-09-01,"Sacramento-Roseville-Folsom, CA Metro Area",Government,219200.0
2011-09-01,"Sacramento-Roseville-Folsom, CA Metro Area",Total Private,612900.0
2011-09-01,"Salt Lake City, UT Metro Area",Government,96400.0
2011-09-01,"Salt Lake City, UT Metro Area",Total Private,507300.0
2011-09-01,"San Antonio-New Braunfels, TX Metro Area",Government,161300.0
2011-09-01,"San Antonio-New Braunfels, TX Metro Area",Total Private,714800.0
2011-09-01,"San Diego-Chula Vista-Carlsbad, CA Metro Area",Government,223200.0
2011-09-01,"San Diego-Chula Vista-Carlsbad, CA Metro Area",Total Private,1027800.0
2011-09-01,"San Francisco-Oakland-Berkeley, CA Metro Area",Government,293000.0
2011-09-01,"San Francisco-Oakland-Berkeley, CA Metro Area",Total Private,1679800.0
2011-09-01,"San Jose-Sunnyvale-Santa Clara, CA Metro Area",Government,90900.0
2011-09-01,"San Jose-Sunnyvale-Santa Clara, CA Metro Area",Total Private,809600.0
2011-09-01,"St. Louis, MO-IL Metro Area",Government,167600.0
2011-09-01,"St. Louis, MO-IL Metro Area",Total Private,1143100.0
2011-09-01,"Tampa-St. Petersburg-Clearwater, FL Metro Area",Government,155200.0
2011-09-01,"Tampa-St. Petersburg-Clearwater, FL Metro Area",Total Private,974100.0
2011-09-01,"Yuba City, CA Metro Area",Government,10400.0
2011-09-01,"Yuba City, CA Metro Area",Total Private,27900.0
2011-10-01,"Austin-Round Rock-Georgetown, TX Metro Area",Government,170000.0
2011-10-01,"Austin-Round Rock-Georgetown, TX Metro Area",Total Private,651700.0
2011-10-01,"Charlotte-Concord-Gastonia, NC-SC Metro Area",Government,144400.0
2011-10-01,"Charlotte-Concord-Gastonia, NC-SC Metro Area",Total Private,846700.0
2011-10-01,"Cincinnati, OH-KY-IN Metro Area",Government,132900.0
2011-10-01,"Cincinnati, OH-KY-IN Metro Area",Total Private,870100.0
2011-10-01,"Cleveland-Elyria, OH Metro Area",Government,134800.0
2011-10-01,"Cleveland-Elyria, OH Metro Area",Total Private,875100.0
2011-10-01,"Columbus, OH Metro Area",Government,168600.0
2011-10-01,"Columbus, OH Metro Area",Total Private,789400.0
2011-10-01,"Detroit-Warren-Dearborn, MI Metro Area",Government,200600.0
2011-10-01,"Detroit-Warren-Dearborn, MI Metro Area",Total Private,1622300.0
2011-10-01,"Indianapolis-Carmel-Anderson, IN Metro Area",Government,129100.0
2011-10-01,"Indianapolis-Carmel-Anderson, IN Metro Area",Total Private,817100.0
2011-10-01,"Kansas City, MO-KS Metro Area",Government,148000.0
2011-10-01,"Kansas City, MO-KS Metro Area",Total Private,838600.0
2011-10-01,"Miami-Fort Lauderdale-Pompano Beach, FL Metro Area",Government,309700.0
2011-10-01,"Miami-Fort Lauderdale-Pompano Beach, FL Metro Area",Total Private,1939600.0
2011-10-01,"Orlando-Kissimmee-Sanford, FL Metro Area",Government,117600.0
2011-10-01,"Orlando-Kissimmee-Sanford, FL Metro Area",Total Private,895700.0
2011-10-01,"Phoenix-Mesa-Chandler, AZ Metro Area",Government,237300.0
2011-10-01,"Phoenix-Mesa-Chandler, AZ Metro Area",Total Private,1501900.0
2011-10-01,"Pittsburgh, PA Metro Area",Government,124600.0
2011-10-01,"Pittsburgh, PA Metro Area",Total Private,1036000.0
2011-10-01,"Portland-Vancouver-Hillsboro, OR-WA Metro Area",Government,146800.0
2011-10-01,"Portland-Vancouver-Hillsboro, OR-WA Metro Area",Total Private,867400.0
2011-10-01,"Riverside-San Bernardino-Ontario, CA Metro Area",Government,227900.0
2011-10-01,"Riverside-San Bernardino-Ontario, CA Metro Area",Total Private,933100.0
2011-10-01,"Sacramento-Roseville-Folsom, CA Metro Area",Government,225200.0
2011-10-01,"Sacramento-Roseville-Folsom, CA Metro Area",Total Private,611500.0
2011-10-01,"Salt Lake City, UT Metro Area",Government,96100.0
2011-10-01,"Salt Lake City, UT Metro Area",Total Private,508700.0
2011-10-01,"San Antonio-New Braunfels, TX Metro Area",Government,163900.0
2011-10-01,"San Antonio-New Braunfels, TX Metro Area",Total Private,713600.0
2011-10-01,"San Diego-Chula Vista-Carlsbad, CA Metro Area",Government,229600.0
2011-10-01,"San Diego-Chula Vista-Carlsbad, CA Metro Area",Total Private,1026700.0
2011-10-01,"San Francisco-Oakland-Berkeley, CA Metro Area",Government,299700.0
2011-10-01,"San Francisco-Oakland-Berkeley, CA Metro Area",Total Private,1686100.0
2011-10-01,"San Jose-Sunnyvale-Santa Clara, CA Metro Area",Government,93800.0
2011-10-01,"San Jose-Sunnyvale-Santa Clara, CA Metro Area",Total Private,815500.0
2011-10-01,"St. Louis, MO-IL Metro Area",Government,167900.0
2011-10-01,"St. Louis, MO-IL Metro Area",Total Private,1144300.0
2011-10-01,"Tampa-St. Petersburg-Clearwater, FL Metro Area",Government,155400.0
2011-10-01,"Tampa-St. Petersburg-Clearwater, FL Metro Area",Total Private,977600.0
2011-10-01,"Yuba City, CA Metro Area",Government,10500.0
2011-10-01,"Yuba City, CA Metro Area",Total Private,27500.0
2011-11-01,"Austin-Round Rock-Georgetown, TX Metro Area",Government,171400.0
2011-11-01,"Austin-Round Rock-Georgetown, TX Metro Area",Total Private,656800.0
2011-11-01,"Charlotte-Concord-Gastonia, NC-SC Metro Area",Government,147400.0
2011-11-01,"Charlotte-Concord-Gastonia, NC-SC Metro Area",Total Private,851000.0
2011-11-01,"Cincinnati, OH-KY-IN Metro Area",Government,132500.0
2011-11-01,"Cincinnati, OH-KY-IN Metro Area",Total Private,873000.0
2011-11-01,"Cleveland-Elyria, OH Metro Area",Government,136200.0
2011-11-01,"Cleveland-Elyria, OH Metro Area",Total Private,880300.0
2011-11-01,"Columbus, OH Metro Area",Government,169900.0
2011-11-01,"Columbus, OH Metro Area",Total Private,795000.0
2011-11-01,"Detroit-Warren-Dearborn, MI Metro Area",Government,201600.0
2011-11-01,"Detroit-Warren-Dearborn, MI Metro Area",Total Private,1628400.0
2011-11-01,"Indianapolis-Carmel-Anderson, IN Metro Area",Government,129199.99999999999
2011-11-01,"Indianapolis-Carmel-Anderson, IN Metro Area",Total Private,819200.0
2011-11-01,"Kansas City, MO-KS Metro Area",Government,148300.0
2011-11-01,"Kansas City, MO-KS Metro Area",Total Private,842700.0
2011-11-01,"Miami-Fort Lauderdale-Pompano Beach, FL Metro Area",Government,308200.0
2011-11-01,"Miami-Fort Lauderdale-Pompano Beach, FL Metro Area",Total Private,1969400.0
2011-11-01,"Orlando-Kissimmee-Sanford, FL Metro Area",Government,118100.0
2011-11-01,"Orlando-Kissimmee-Sanford, FL Metro Area",Total Private,905900.0
2011-11-01,"Phoenix-Mesa-Chandler, AZ Metro Area",Government,238200.0
2011-11-01,"Phoenix-Mesa-Chandler, AZ Metro Area",Total Private,1520800.0
2011-11-01,"Pittsburgh, PA Metro Area",Government,125700.0
2011-11-01,"Pittsburgh, PA Metro Area",Total Private,1037500.0
2011-11-01,"Portland-Vancouver-Hillsboro, OR-WA Metro Area",Government,148400.0
2011-11-01,"Portland-Vancouver-Hillsboro, OR-WA Metro Area",Total Private,870500.0
2011-11-01,"Riverside-San Bernardino-Ontario, CA Metro Area",Government,229100.0
2011-11-01,"Riverside-San Bernardino-Ontario, CA Metro Area",Total Private,947400.0
2011-11-01,"Sacramento-Roseville-Folsom, CA Metro Area",Government,225200.0
2011-11-01,"Sacramento-Roseville-Folsom, CA Metro Area",Total Private,615600.0
2011-11-01,"Salt Lake City, UT Metro Area",Government,96700.0
2011-11-01,"Salt Lake City, UT Metro Area",Total Private,512600.0
2011-11-01,"San Antonio-New Braunfels, TX Metro Area",Government,163600.0
2011-11-01,"San Antonio-New Braunfels, TX Metro Area",Total Private,717000.0
2011-11-01,"San Diego-Chula Vista-Carlsbad, CA Metro Area",Government,231100.0
2011-11-01,"San Diego-Chula Vista-Carlsbad, CA Metro Area",Total Private,1034800.0
2011-11-01,"San Francisco-Oakland-Berkeley, CA Metro Area",Government,300800.0
2011-11-01,"San Francisco-Oakland-Berkeley, CA Metro Area",Total Private,1693600.0
2011-11-01,"San Jose-Sunnyvale-Santa Clara, CA Metro Area",Government,94400.0
2011-11-01,"San Jose-Sunnyvale-Santa Clara, CA Metro Area",Total Private,817600.0
2011-11-01,"St. Louis, MO-IL Metro Area",Government,167900.0
2011-11-01,"St. Louis, MO-IL Metro Area",Total Private,1141700.0
2011-11-01,"Tampa-St. Petersburg-Clearwater, FL Metro Area",Government,155000.0
2011-11-01,"Tampa-St. Petersburg-Clearwater, FL Metro Area",Total Private,985400.0
2011-11-01,"Yuba City, CA Metro Area",Government,10600.0
2011-11-01,"Yuba City, CA Metro Area",Total Private,27300.0
2011-12-01,"Austin-Round Rock-Georgetown, TX Metro Area",Government,169600.0
2011-12-01,"Austin-Round Rock-Georgetown, TX Metro Area",Total Private,659900.0
2011-12-01,"Charlotte-Concord-Gastonia, NC-SC Metro Area",Government,147000.0
2011-12-01,"Charlotte-Concord-Gastonia, NC-SC Metro Area",Total Private,851900.0
2011-12-01,"Cincinnati, OH-KY-IN Metro Area",Government,129600.0
2011-12-01,"Cincinnati, OH-KY-IN Metro Area",Total Private,875300.0
2011-12-01,"Cleveland-Elyria, OH Metro Area",Government,135900.0
2011-12-01,"Cleveland-Elyria, OH Metro Area",Total Private,879200.0
2011-12-01,"Columbus, OH Metro Area",Government,168400.0
2011-12-01,"Columbus, OH Metro Area",Total Private,795700.0
2011-12-01,"Detroit-Warren-Dearborn, MI Metro Area",Government,199400.0
2011-12-01,"Detroit-Warren-Dearborn, MI Metro Area",Total Private,1625100.0
2011-12-01,"Indianapolis-Carmel-Anderson, IN Metro Area",Government,129600.0
2011-12-01,"Indianapolis-Carmel-Anderson, IN Metro Area",Total Private,821100.0
2011-12-01,"Kansas City, MO-KS Metro Area",Government,148300.0
2011-12-01,"Kansas City, MO-KS Metro Area",Total Private,841700.0
2011-12-01,"Miami-Fort Lauderdale-Pompano Beach, FL Metro Area",Government,308700.0
2011-12-01,"Miami-Fort Lauderdale-Pompano Beach, FL Metro Area",Total Private,1988500.0
2011-12-01,"Orlando-Kissimmee-Sanford, FL Metro Area",Government,117200.0
2011-12-01,"Orlando-Kissimmee-Sanford, FL Metro Area",Total Private,909000.0
2011-12-01,"Phoenix-Mesa-Chandler, AZ Metro Area",Government,233900.0
2011-12-01,"Phoenix-Mesa-Chandler, AZ Metro Area",Total Private,1528800.0
2011-12-01,"Pittsburgh, PA Metro Area",Government,125500.0
2011-12-01,"Pittsburgh, PA Metro Area",Total Private,1034500.0
2011-12-01,"Portland-Vancouver-Hillsboro, OR-WA Metro Area",Government,146700.0
2011-12-01,"Portland-Vancouver-Hillsboro, OR-WA Metro Area",Total Private,872200.0
2011-12-01,"Riverside-San Bernardino-Ontario, CA Metro Area",Government,226800.0
2011-12-01,"Riverside-San Bernardino-Ontario, CA Metro Area",Total Private,950000.0
2011-12-01,"Sacramento-Roseville-Folsom, CA Metro Area",Government,221000.0
2011-12-01,"Sacramento-Roseville-Folsom, CA Metro Area",Total Private,617400.0
2011-12-01,"Salt Lake City, UT Metro Area",Government,96900.0
2011-12-01,"Salt Lake City, UT Metro Area",Total Private,513700.00000000006
2011-12-01,"San Antonio-New Braunfels, TX Metro Area",Government,163700.0
2011-12-01,"San Antonio-New Braunfels, TX Metro Area",Total Private,719400.0
2011-12-01,"San Diego-Chula Vista-Carlsbad, CA Metro Area",Government,229800.0
2011-12-01,"San Diego-Chula Vista-Carlsbad, CA Metro Area",Total Private,1039099.9999999999
2011-12-01,"San Francisco-Oakland-Berkeley, CA Metro Area",Government,298700.0
2011-12-01,"San Francisco-Oakland-Berkeley, CA Metro Area",Total Private,1701500.0
2011-12-01,"San Jose-Sunnyvale-Santa Clara, CA Metro Area",Government,94400.0
2011-12-01,"San Jose-Sunnyvale-Santa Clara, CA Metro Area",Total Private,820700.0
2011-12-01,"St. Louis, MO-IL Metro Area",Government,168100.0
2011-12-01,"St. Louis, MO-IL Metro Area",Total Private,1141700.0
2011-12-01,"Tampa-St. Petersburg-Clearwater, FL Metro Area",Government,155100.0
2011-12-01,"Tampa-St. Petersburg-Clearwater, FL Metro Area",Total Private,991000.0
2011-12-01,"Yuba City, CA Metro Area",Government,10500.0
2011-12-01,"Yuba City, CA Metro Area",Total Private,27500.0
2012-01-01,"Austin-Round Rock-Georgetown, TX Metro Area",Government,170700.0
2012-01-01,"Austin-Round Rock-Georgetown, TX Metro Area",Total Private,649600.0
2012-01-01,"Charlotte-Concord-Gastonia, NC-SC Metro Area",Government,144800.0
2012-01-01,"Charlotte-Concord-Gastonia, NC-SC Metro Area",Total Private,839100.0
2012-01-01,"Cincinnati, OH-KY-IN Metro Area",Government,125900.0
2012-01-01,"Cincinnati, OH-KY-IN Metro Area",Total Private,853600.0
2012-01-01,"Cleveland-Elyria, OH Metro Area",Government,131900.0
2012-01-01,"Cleveland-Elyria, OH Metro Area",Total Private,855200.0
2012-01-01,"Columbus, OH Metro Area",Government,165200.0
2012-01-01,"Columbus, OH Metro Area",Total Private,775700.0
2012-01-01,"Detroit-Warren-Dearborn, MI Metro Area",Government,194400.0
2012-01-01,"Detroit-Warren-Dearborn, MI Metro Area",Total Private,1599200.0
2012-01-01,"Indianapolis-Carmel-Anderson, IN Metro Area",Government,127300.0
2012-01-01,"Indianapolis-Carmel-Anderson, IN Metro Area",Total Private,799700.0
2012-01-01,"Kansas City, MO-KS Metro Area",Government,145100.0
2012-01-01,"Kansas City, MO-KS Metro Area",Total Private,824200.0
2012-01-01,"Miami-Fort Lauderdale-Pompano Beach, FL Metro Area",Government,305300.0
2012-01-01,"Miami-Fort Lauderdale-Pompano Beach, FL Metro Area",Total Private,1955900.0
2012-01-01,"Orlando-Kissimmee-Sanford, FL Metro Area",Government,117600.0
2012-01-01,"Orlando-Kissimmee-Sanford, FL Metro Area",Total Private,895100.0
2012-01-01,"Phoenix-Mesa-Chandler, AZ Metro Area",Government,231100.0
2012-01-01,"Phoenix-Mesa-Chandler, AZ Metro Area",Total Private,1501300.0
2012-01-01,"Pittsburgh, PA Metro Area",Government,119500.0
2012-01-01,"Pittsburgh, PA Metro Area",Total Private,1011000.0
2012-01-01,"Portland-Vancouver-Hillsboro, OR-WA Metro Area",Government,146500.0
2012-01-01,"Portland-Vancouver-Hillsboro, OR-WA Metro Area",Total Private,853700.0
2012-01-01,"Riverside-San Bernardino-Ontario, CA Metro Area",Government,228100.0
2012-01-01,"Riverside-San Bernardino-Ontario, CA Metro Area",Total Private,937300.0
2012-01-01,"Sacramento-Roseville-Folsom, CA Metro Area",Government,221700.0
2012-01-01,"Sacramento-Roseville-Folsom, CA Metro Area",Total Private,605300.0
2012-01-01,"Salt Lake City, UT Metro Area",Government,96800.0
2012-01-01,"Salt Lake City, UT Metro Area",Total Private,504300.0
2012-01-01,"San Antonio-New Braunfels, TX Metro Area",Government,161100.0
2012-01-01,"San Antonio-New Braunfels, TX Metro Area",Total Private,706700.0
2012-01-01,"San Diego-Chula Vista-Carlsbad, CA Metro Area",Government,226700.0
2012-01-01,"San Diego-Chula Vista-Carlsbad, CA Metro Area",Total Private,1017900.0
2012-01-01,"San Francisco-Oakland-Berkeley, CA Metro Area",Government,296200.0
2012-01-01,"San Francisco-Oakland-Berkeley, CA Metro Area",Total Private,1670200.0
2012-01-01,"San Jose-Sunnyvale-Santa Clara, CA Metro Area",Government,91700.0
2012-01-01,"San Jose-Sunnyvale-Santa Clara, CA Metro Area",Total Private,810600.0
2012-01-01,"St. Louis, MO-IL Metro Area",Government,163600.0
2012-01-01,"St. Louis, MO-IL Metro Area",Total Private,1113900.0
2012-01-01,"Tampa-St. Petersburg-Clearwater, FL Metro Area",Government,154600.0
2012-01-01,"Tampa-St. Petersburg-Clearwater, FL Metro Area",Total Private,978300.0
2012-01-01,"Yuba City, CA Metro Area",Government,10400.0
2012-01-01,"Yuba City, CA Metro Area",Total Private,26900.0
2012-02-01,"Austin-Round Rock-Georgetown, TX Metro Area",Government,172700.0
2012-02-01,"Austin-Round Rock-Georgetown, TX Metro Area",Total Private,654000.0
2012-02-01,"Charlotte-Concord-Gastonia, NC-SC Metro Area",Government,146200.0
2012-02-01,"Charlotte-Concord-Gastonia, NC-SC Metro Area",Total Private,843100.0
2012-02-01,"Cincinnati, OH-KY-IN Metro Area",Government,132100.0
2012-02-01,"Cincinnati, OH-KY-IN Metro Area",Total Private,854500.0
2012-02-01,"Cleveland-Elyria, OH Metro Area",Government,135800.0
2012-02-01,"Cleveland-Elyria, OH Metro Area",Total Private,858700.0
2012-02-01,"Columbus, OH Metro Area",Government,168100.0
2012-02-01,"Columbus, OH Metro Area",Total Private,779600.0
2012-02-01,"Detroit-Warren-Dearborn, MI Metro Area",Government,198200.0
2012-02-01,"Detroit-Warren-Dearborn, MI Metro Area",Total Private,1602400.0
2012-02-01,"Indianapolis-Carmel-Anderson, IN Metro Area",Government,129800.00000000001
2012-02-01,"Indianapolis-Carmel-Anderson, IN Metro Area",Total Private,807400.0
2012-02-01,"Kansas City, MO-KS Metro Area",Government,148800.0
2012-02-01,"Kansas City, MO-KS Metro Area",Total Private,825600.0
2012-02-01,"Miami-Fort Lauderdale-Pompano Beach, FL Metro Area",Government,306600.0
2012-02-01,"Miami-Fort Lauderdale-Pompano Beach, FL Metro Area",Total Private,1967700.0
2012-02-01,"Orlando-Kissimmee-Sanford, FL Metro Area",Government,119400.0
2012-02-01,"Orlando-Kissimmee-Sanford, FL Metro Area",Total Private,903200.0
2012-02-01,"Phoenix-Mesa-Chandler, AZ Metro Area",Government,237600.0
2012-02-01,"Phoenix-Mesa-Chandler, AZ Metro Area",Total Private,1509300.0
2012-02-01,"Pittsburgh, PA Metro Area",Government,124200.0
2012-02-01,"Pittsburgh, PA Metro Area",Total Private,1013500.0
2012-02-01,"Portland-Vancouver-Hillsboro, OR-WA Metro Area",Government,148000.0
2012-02-01,"Portland-Vancouver-Hillsboro, OR-WA Metro Area",Total Private,859100.0
2012-02-01,"Riverside-San Bernardino-Ontario, CA Metro Area",Government,228100.0
2012-02-01,"Riverside-San Bernardino-Ontario, CA Metro Area",Total Private,939500.0
2012-02-01,"Sacramento-Roseville-Folsom, CA Metro Area",Government,223900.0
2012-02-01,"Sacramento-Roseville-Folsom, CA Metro Area",Total Private,608600.0
2012-02-01,"Salt Lake City, UT Metro Area",Government,97200.0
2012-02-01,"Salt Lake City, UT Metro Area",Total Private,506800.0
2012-02-01,"San Antonio-New Braunfels, TX Metro Area",Government,163100.0
2012-02-01,"San Antonio-New Braunfels, TX Metro Area",Total Private,713100.0
2012-02-01,"San Diego-Chula Vista-Carlsbad, CA Metro Area",Government,229400.0
2012-02-01,"San Diego-Chula Vista-Carlsbad, CA Metro Area",Total Private,1024200.0
2012-02-01,"San Francisco-Oakland-Berkeley, CA Metro Area",Government,299100.0
2012-02-01,"San Francisco-Oakland-Berkeley, CA Metro Area",Total Private,1680600.0
2012-02-01,"San Jose-Sunnyvale-Santa Clara, CA Metro Area",Government,92900.0
2012-02-01,"San Jose-Sunnyvale-Santa Clara, CA Metro Area",Total Private,815800.0
2012-02-01,"St. Louis, MO-IL Metro Area",Government,166500.0
2012-02-01,"St. Louis, MO-IL Metro Area",Total Private,1118700.0
2012-02-01,"Tampa-St. Petersburg-Clearwater, FL Metro Area",Government,155100.0
2012-02-01,"Tampa-St. Petersburg-Clearwater, FL Metro Area",Total Private,986600.0
2012-02-01,"Yuba City, CA Metro Area",Government,10500.0
2012-02-01,"Yuba City, CA Metro Area",Total Private,27000.0
2012-03-01,"Austin-Round Rock-Georgetown, TX Metro Area",Government,172900.0
2012-03-01,"Austin-Round Rock-Georgetown, TX Metro Area",Total Private,660800.0
2012-03-01,"Charlotte-Concord-Gastonia, NC-SC Metro Area",Government,147500.0
2012-03-01,"Charlotte-Concord-Gastonia, NC-SC Metro Area",Total Private,853200.0
2012-03-01,"Cincinnati, OH-KY-IN Metro Area",Government,133300.0
2012-03-01,"Cincinnati, OH-KY-IN Metro Area",Total Private,863200.0
2012-03-01,"Cleveland-Elyria, OH Metro Area",Government,136400.0
2012-03-01,"Cleveland-Elyria, OH Metro Area",Total Private,866500.0
2012-03-01,"Columbus, OH Metro Area",Government,168000.0
2012-03-01,"Columbus, OH Metro Area",Total Private,785100.0
2012-03-01,"Detroit-Warren-Dearborn, MI Metro Area",Government,198500.0
2012-03-01,"Detroit-Warren-Dearborn, MI Metro Area",Total Private,1616500.0
2012-03-01,"Indianapolis-Carmel-Anderson, IN Metro Area",Government,129000.0
2012-03-01,"Indianapolis-Carmel-Anderson, IN Metro Area",Total Private,813800.0
2012-03-01,"Kansas City, MO-KS Metro Area",Government,150000.0
2012-03-01,"Kansas City, MO-KS Metro Area",Total Private,835100.0
2012-03-01,"Miami-Fort Lauderdale-Pompano Beach, FL Metro Area",Government,305600.0
2012-03-01,"Miami-Fort Lauderdale-Pompano Beach, FL Metro Area",Total Private,1981100.0
2012-03-01,"Orlando-Kissimmee-Sanford, FL Metro Area",Government,119900.0
2012-03-01,"Orlando-Kissimmee-Sanford, FL Metro Area",Total Private,912400.0
2012-03-01,"Phoenix-Mesa-Chandler, AZ Metro Area",Government,237900.0
2012-03-01,"Phoenix-Mesa-Chandler, AZ Metro Area",Total Private,1521700.0
2012-03-01,"Pittsburgh, PA Metro Area",Government,124500.0
2012-03-01,"Pittsburgh, PA Metro Area",Total Private,1026599.9999999999
2012-03-01,"Portland-Vancouver-Hillsboro, OR-WA Metro Area",Government,148000.0
2012-03-01,"Portland-Vancouver-Hillsboro, OR-WA Metro Area",Total Private,863900.0
2012-03-01,"Riverside-San Bernardino-Ontario, CA Metro Area",Government,229600.0
2012-03-01,"Riverside-San Bernardino-Ontario, CA Metro Area",Total Private,943800.0
2012-03-01,"Sacramento-Roseville-Folsom, CA Metro Area",Government,226200.0
2012-03-01,"Sacramento-Roseville-Folsom, CA Metro Area",Total Private,610200.0
2012-03-01,"Salt Lake City, UT Metro Area",Government,97300.0
2012-03-01,"Salt Lake City, UT Metro Area",Total Private,510200.0
2012-03-01,"San Antonio-New Braunfels, TX Metro Area",Government,163200.0
2012-03-01,"San Antonio-New Braunfels, TX Metro Area",Total Private,720200.0
2012-03-01,"San Diego-Chula Vista-Carlsbad, CA Metro Area",Government,230900.0
2012-03-01,"San Diego-Chula Vista-Carlsbad, CA Metro Area",Total Private,1029800.0
2012-03-01,"San Francisco-Oakland-Berkeley, CA Metro Area",Government,301800.0
2012-03-01,"San Francisco-Oakland-Berkeley, CA Metro Area",Total Private,1690100.0
2012-03-01,"San Jose-Sunnyvale-Santa Clara, CA Metro Area",Government,94000.0
2012-03-01,"San Jose-Sunnyvale-Santa Clara, CA Metro Area",Total Private,821500.0
2012-03-01,"St. Louis, MO-IL Metro Area",Government,167400.0
2012-03-01,"St. Louis, MO-IL Metro Area",Total Private,1130000.0
2012-03-01,"Tampa-St. Petersburg-Clearwater, FL Metro Area",Government,154800.0
2012-03-01,"Tampa-St. Petersburg-Clearwater, FL Metro Area",Total Private,994400.0
2012-03-01,"Yuba City, CA Metro Area",Government,10700.0
2012-03-01,"Yuba City, CA Metro Area",Total Private,27300.0
2012-04-01,"Austin-Round Rock-Georgetown, TX Metro Area",Government,173400.0
2012-04-01,"Austin-Round Rock-Georgetown, TX Metro Area",Total Private,665000.0
2012-04-01,"Charlotte-Concord-Gastonia, NC-SC Metro Area",Government,148100.0
2012-04-01,"Charlotte-Concord-Gastonia, NC-SC Metro Area",Total Private,856900.0
2012-04-01,"Cincinnati, OH-KY-IN Metro Area",Government,133600.0
2012-04-01,"Cincinnati, OH-KY-IN Metro Area",Total Private,874900.0
2012-04-01,"Cleveland-Elyria, OH Metro Area",Government,136700.0
2012-04-01,"Cleveland-Elyria, OH Metro Area",Total Private,879500.0
2012-04-01,"Columbus, OH Metro Area",Government,167500.0
2012-04-01,"Columbus, OH Metro Area",Total Private,794300.0
2012-04-01,"Detroit-Warren-Dearborn, MI Metro Area",Government,198000.0
2012-04-01,"Detroit-Warren-Dearborn, MI Metro Area",Total Private,1622600.0
2012-04-01,"Indianapolis-Carmel-Anderson, IN Metro Area",Government,128300.00000000001
2012-04-01,"Indianapolis-Carmel-Anderson, IN Metro Area",Total Private,821300.0
2012-04-01,"Kansas City, MO-KS Metro Area",Government,150700.0
2012-04-01,"Kansas City, MO-KS Metro Area",Total Private,842800.0
2012-04-01,"Miami-Fort Lauderdale-Pompano Beach, FL Metro Area",Government,305600.0
2012-04-01,"Miami-Fort Lauderdale-Pompano Beach, FL Metro Area",Total Private,1981700.0
2012-04-01,"Orlando-Kissimmee-Sanford, FL Metro Area",Government,118200.0
2012-04-01,"Orlando-Kissimmee-Sanford, FL Metro Area",Total Private,913000.0
2012-04-01,"Phoenix-Mesa-Chandler, AZ Metro Area",Government,238500.0
2012-04-01,"Phoenix-Mesa-Chandler, AZ Metro Area",Total Private,1522400.0
2012-04-01,"Pittsburgh, PA Metro Area",Government,124300.0
2012-04-01,"Pittsburgh, PA Metro Area",Total Private,1036500.0
2012-04-01,"Portland-Vancouver-Hillsboro, OR-WA Metro Area",Government,147900.0
2012-04-01,"Portland-Vancouver-Hillsboro, OR-WA Metro Area",Total Private,870600.0
2012-04-01,"Riverside-San Bernardino-Ontario, CA Metro Area",Government,229800.0
2012-04-01,"Riverside-San Bernardino-Ontario, CA Metro Area",Total Private,953600.0
2012-04-01,"Sacramento-Roseville-Folsom, CA Metro Area",Government,226500.0
2012-04-01,"Sacramento-Roseville-Folsom, CA Metro Area",Total Private,620200.0
2012-04-01,"Salt Lake City, UT Metro Area",Government,98600.0
2012-04-01,"Salt Lake City, UT Metro Area",Total Private,518700.00000000006
2012-04-01,"San Antonio-New Braunfels, TX Metro Area",Government,163700.0
2012-04-01,"San Antonio-New Braunfels, TX Metro Area",Total Private,724700.0
2012-04-01,"San Diego-Chula Vista-Carlsbad, CA Metro Area",Government,230800.0
2012-04-01,"San Diego-Chula Vista-Carlsbad, CA Metro Area",Total Private,1047500.0
2012-04-01,"San Francisco-Oakland-Berkeley, CA Metro Area",Government,302000.0
2012-04-01,"San Francisco-Oakland-Berkeley, CA Metro Area",Total Private,1714300.0
2012-04-01,"San Jose-Sunnyvale-Santa Clara, CA Metro Area",Government,94200.0
2012-04-01,"San Jose-Sunnyvale-Santa Clara, CA Metro Area",Total Private,829900.0
2012-04-01,"St. Louis, MO-IL Metro Area",Government,168400.0
2012-04-01,"St. Louis, MO-IL Metro Area",Total Private,1141400.0
2012-04-01,"Tampa-St. Petersburg-Clearwater, FL Metro Area",Government,155700.0
2012-04-01,"Tampa-St. Petersburg-Clearwater, FL Metro Area",Total Private,997100.0
2012-04-01,"Yuba City, CA Metro Area",Government,10600.0
2012-04-01,"Yuba City, CA Metro Area",Total Private,27600.0
2012-05-01,"Austin-Round Rock-Georgetown, TX Metro Area",Government,173500.0
2012-05-01,"Austin-Round Rock-Georgetown, TX Metro Area",Total Private,669900.0
2012-05-01,"Charlotte-Concord-Gastonia, NC-SC Metro Area",Government,149100.0
2012-05-01,"Charlotte-Concord-Gastonia, NC-SC Metro Area",Total Private,865300.0
2012-05-01,"Cincinnati, OH-KY-IN Metro Area",Government,134100.0
2012-05-01,"Cincinnati, OH-KY-IN Metro Area",Total Private,885200.0
2012-05-01,"Cleveland-Elyria, OH Metro Area",Government,137900.0
2012-05-01,"Cleveland-Elyria, OH Metro Area",Total Private,889400.0
2012-05-01,"Columbus, OH Metro Area",Government,169900.0
2012-05-01,"Columbus, OH Metro Area",Total Private,801700.0
2012-05-01,"Detroit-Warren-Dearborn, MI Metro Area",Government,196200.0
2012-05-01,"Detroit-Warren-Dearborn, MI Metro Area",Total Private,1646800.0
2012-05-01,"Indianapolis-Carmel-Anderson, IN Metro Area",Government,129400.0
2012-05-01,"Indianapolis-Carmel-Anderson, IN Metro Area",Total Private,830300.0
2012-05-01,"Kansas City, MO-KS Metro Area",Government,151100.0
2012-05-01,"Kansas City, MO-KS Metro Area",Total Private,848200.0
2012-05-01,"Miami-Fort Lauderdale-Pompano Beach, FL Metro Area",Government,304700.0
2012-05-01,"Miami-Fort Lauderdale-Pompano Beach, FL Metro Area",Total Private,1983700.0
2012-05-01,"Orlando-Kissimmee-Sanford, FL Metro Area",Government,117200.0
2012-05-01,"Orlando-Kissimmee-Sanford, FL Metro Area",Total Private,914700.0
2012-05-01,"Phoenix-Mesa-Chandler, AZ Metro Area",Government,233500.0
2012-05-01,"Phoenix-Mesa-Chandler, AZ Metro Area",Total Private,1524800.0
2012-05-01,"Pittsburgh, PA Metro Area",Government,124200.0
2012-05-01,"Pittsburgh, PA Metro Area",Total Private,1044599.9999999999
2012-05-01,"Portland-Vancouver-Hillsboro, OR-WA Metro Area",Government,149200.0
2012-05-01,"Portland-Vancouver-Hillsboro, OR-WA Metro Area",Total Private,875600.0
2012-05-01,"Riverside-San Bernardino-Ontario, CA Metro Area",Government,230100.0
2012-05-01,"Riverside-San Bernardino-Ontario, CA Metro Area",Total Private,956700.0
2012-05-01,"Sacramento-Roseville-Folsom, CA Metro Area",Government,226600.0
2012-05-01,"Sacramento-Roseville-Folsom, CA Metro Area",Total Private,625300.0
2012-05-01,"Salt Lake City, UT Metro Area",Government,98200.0
2012-05-01,"Salt Lake City, UT Metro Area",Total Private,523600.0
2012-05-01,"San Antonio-New Braunfels, TX Metro Area",Government,163300.0
2012-05-01,"San Antonio-New Braunfels, TX Metro Area",Total Private,730700.0
2012-05-01,"San Diego-Chula Vista-Carlsbad, CA Metro Area",Government,231300.0
2012-05-01,"San Diego-Chula Vista-Carlsbad, CA Metro Area",Total Private,1056400.0
2012-05-01,"San Francisco-Oakland-Berkeley, CA Metro Area",Government,302300.0
2012-05-01,"San Francisco-Oakland-Berkeley, CA Metro Area",Total Private,1729200.0
2012-05-01,"San Jose-Sunnyvale-Santa Clara, CA Metro Area",Government,94200.0
2012-05-01,"San Jose-Sunnyvale-Santa Clara, CA Metro Area",Total Private,835900.0
2012-05-01,"St. Louis, MO-IL Metro Area",Government,169400.0
2012-05-01,"St. Louis, MO-IL Metro Area",Total Private,1148500.0
2012-05-01,"Tampa-St. Petersburg-Clearwater, FL Metro Area",Government,154700.0
2012-05-01,"Tampa-St. Petersburg-Clearwater, FL Metro Area",Total Private,997100.0
2012-05-01,"Yuba City, CA Metro Area",Government,10600.0
2012-05-01,"Yuba City, CA Metro Area",Total Private,27900.0
2012-06-01,"Austin-Round Rock-Georgetown, TX Metro Area",Government,171400.0
2012-06-01,"Austin-Round Rock-Georgetown, TX Metro Area",Total Private,676800.0
2012-06-01,"Charlotte-Concord-Gastonia, NC-SC Metro Area",Government,132700.0
2012-06-01,"Charlotte-Concord-Gastonia, NC-SC Metro Area",Total Private,870500.0
2012-06-01,"Cincinnati, OH-KY-IN Metro Area",Government,127500.0
2012-06-01,"Cincinnati, OH-KY-IN Metro Area",Total Private,891800.0
2012-06-01,"Cleveland-Elyria, OH Metro Area",Government,136700.0
2012-06-01,"Cleveland-Elyria, OH Metro Area",Total Private,896200.0
2012-06-01,"Columbus, OH Metro Area",Government,161400.0
2012-06-01,"Columbus, OH Metro Area",Total Private,807500.0
2012-06-01,"Detroit-Warren-Dearborn, MI Metro Area",Government,195800.0
2012-06-01,"Detroit-Warren-Dearborn, MI Metro Area",Total Private,1656500.0
2012-06-01,"Indianapolis-Carmel-Anderson, IN Metro Area",Government,120200.0
2012-06-01,"Indianapolis-Carmel-Anderson, IN Metro Area",Total Private,835900.0
2012-06-01,"Kansas City, MO-KS Metro Area",Government,147300.0
2012-06-01,"Kansas City, MO-KS Metro Area",Total Private,854300.0
2012-06-01,"Miami-Fort Lauderdale-Pompano Beach, FL Metro Area",Government,279400.0
2012-06-01,"Miami-Fort Lauderdale-Pompano Beach, FL Metro Area",Total Private,1978200.0
2012-06-01,"Orlando-Kissimmee-Sanford, FL Metro Area",Government,106500.0
2012-06-01,"Orlando-Kissimmee-Sanford, FL Metro Area",Total Private,915500.0
2012-06-01,"Phoenix-Mesa-Chandler, AZ Metro Area",Government,206600.0
2012-06-01,"Phoenix-Mesa-Chandler, AZ Metro Area",Total Private,1521200.0
2012-06-01,"Pittsburgh, PA Metro Area",Government,121200.0
2012-06-01,"Pittsburgh, PA Metro Area",Total Private,1049900.0
2012-06-01,"Portland-Vancouver-Hillsboro, OR-WA Metro Area",Government,148400.0
2012-06-01,"Portland-Vancouver-Hillsboro, OR-WA Metro Area",Total Private,878300.0
2012-06-01,"Riverside-San Bernardino-Ontario, CA Metro Area",Government,226100.0
2012-06-01,"Riverside-San Bernardino-Ontario, CA Metro Area",Total Private,959800.0
2012-06-01,"Sacramento-Roseville-Folsom, CA Metro Area",Government,227700.0
2012-06-01,"Sacramento-Roseville-Folsom, CA Metro Area",Total Private,632100.0
2012-06-01,"Salt Lake City, UT Metro Area",Government,98200.0
2012-06-01,"Salt Lake City, UT Metro Area",Total Private,526200.0
2012-06-01,"San Antonio-New Braunfels, TX Metro Area",Government,159600.0
2012-06-01,"San Antonio-New Braunfels, TX Metro Area",Total Private,739200.0
2012-06-01,"San Diego-Chula Vista-Carlsbad, CA Metro Area",Government,232100.0
2012-06-01,"San Diego-Chula Vista-Carlsbad, CA Metro Area",Total Private,1063600.0
2012-06-01,"San Francisco-Oakland-Berkeley, CA Metro Area",Government,301100.0
2012-06-01,"San Francisco-Oakland-Berkeley, CA Metro Area",Total Private,1741700.0
2012-06-01,"San Jose-Sunnyvale-Santa Clara, CA Metro Area",Government,94900.0
2012-06-01,"San Jose-Sunnyvale-Santa Clara, CA Metro Area",Total Private,843500.0
2012-06-01,"St. Louis, MO-IL Metro Area",Government,160800.0
2012-06-01,"St. Louis, MO-IL Metro Area",Total Private,1149700.0
2012-06-01,"Tampa-St. Petersburg-Clearwater, FL Metro Area",Government,144100.0
2012-06-01,"Tampa-St. Petersburg-Clearwater, FL Metro Area",Total Private,995800.0
2012-06-01,"Yuba City, CA Metro Area",Government,11000.0
2012-06-01,"Yuba City, CA Metro Area",Total Private,28200.0
2012-07-01,"Austin-Round Rock-Georgetown, TX Metro Area",Government,160100.0
2012-07-01,"Austin-Round Rock-Georgetown, TX Metro Area",Total Private,676500.0
2012-07-01,"Charlotte-Concord-Gastonia, NC-SC Metro Area",Government,116800.0
2012-07-01,"Charlotte-Concord-Gastonia, NC-SC Metro Area",Total Private,867300.0
2012-07-01,"Cincinnati, OH-KY-IN Metro Area",Government,121500.0
2012-07-01,"Cincinnati, OH-KY-IN Metro Area",Total Private,888400.0
2012-07-01,"Cleveland-Elyria, OH Metro Area",Government,131600.0
2012-07-01,"Cleveland-Elyria, OH Metro Area",Total Private,894200.0
2012-07-01,"Columbus, OH Metro Area",Government,153400.0
2012-07-01,"Columbus, OH Metro Area",Total Private,807100.0
2012-07-01,"Detroit-Warren-Dearborn, MI Metro Area",Government,178700.0
2012-07-01,"Detroit-Warren-Dearborn, MI Metro Area",Total Private,1645700.0
2012-07-01,"Indianapolis-Carmel-Anderson, IN Metro Area",Government,114800.0
2012-07-01,"Indianapolis-Carmel-Anderson, IN Metro Area",Total Private,833200.0
2012-07-01,"Kansas City, MO-KS Metro Area",Government,135100.0
2012-07-01,"Kansas City, MO-KS Metro Area",Total Private,850100.0
2012-07-01,"Miami-Fort Lauderdale-Pompano Beach, FL Metro Area",Government,276700.0
2012-07-01,"Miami-Fort Lauderdale-Pompano Beach, FL Metro Area",Total Private,1959200.0
2012-07-01,"Orlando-Kissimmee-Sanford, FL Metro Area",Government,106000.0
2012-07-01,"Orlando-Kissimmee-Sanford, FL Metro Area",Total Private,912700.0
2012-07-01,"Phoenix-Mesa-Chandler, AZ Metro Area",Government,196500.0
2012-07-01,"Phoenix-Mesa-Chandler, AZ Metro Area",Total Private,1511200.0
2012-07-01,"Pittsburgh, PA Metro Area",Government,112600.0
2012-07-01,"Pittsburgh, PA Metro Area",Total Private,1042300.0
2012-07-01,"Portland-Vancouver-Hillsboro, OR-WA Metro Area",Government,136800.0
2012-07-01,"Portland-Vancouver-Hillsboro, OR-WA Metro Area",Total Private,881800.0
2012-07-01,"Riverside-San Bernardino-Ontario, CA Metro Area",Government,209200.0
2012-07-01,"Riverside-San Bernardino-Ontario, CA Metro Area",Total Private,957600.0
2012-07-01,"Sacramento-Roseville-Folsom, CA Metro Area",Government,212400.0
2012-07-01,"Sacramento-Roseville-Folsom, CA Metro Area",Total Private,633500.0
2012-07-01,"Salt Lake City, UT Metro Area",Government,93600.0
2012-07-01,"Salt Lake City, UT Metro Area",Total Private,522700.00000000006
2012-07-01,"San Antonio-New Braunfels, TX Metro Area",Government,154000.0
2012-07-01,"San Antonio-New Braunfels, TX Metro Area",Total Private,737600.0
2012-07-01,"San Diego-Chula Vista-Carlsbad, CA Metro Area",Government,218100.0
2012-07-01,"San Diego-Chula Vista-Carlsbad, CA Metro Area",Total Private,1062400.0
2012-07-01,"San Francisco-Oakland-Berkeley, CA Metro Area",Government,290700.0
2012-07-01,"San Francisco-Oakland-Berkeley, CA Metro Area",Total Private,1745500.0
2012-07-01,"San Jose-Sunnyvale-Santa Clara, CA Metro Area",Government,81100.0
2012-07-01,"San Jose-Sunnyvale-Santa Clara, CA Metro Area",Total Private,846800.0
2012-07-01,"St. Louis, MO-IL Metro Area",Government,140400.0
2012-07-01,"St. Louis, MO-IL Metro Area",Total Private,1146200.0
2012-07-01,"Tampa-St. Petersburg-Clearwater, FL Metro Area",Government,142800.0
2012-07-01,"Tampa-St. Petersburg-Clearwater, FL Metro Area",Total Private,989400.0
2012-07-01,"Yuba City, CA Metro Area",Government,9500.0
2012-07-01,"Yuba City, CA Metro Area",Total Private,28200.0
2012-08-01,"Austin-Round Rock-Georgetown, TX Metro Area",Government,159200.0
2012-08-01,"Austin-Round Rock-Georgetown, TX Metro Area",Total Private,683300.0
2012-08-01,"Charlotte-Concord-Gastonia, NC-SC Metro Area",Government,136400.0
2012-08-01,"Charlotte-Concord-Gastonia, NC-SC Metro Area",Total Private,869100.0
2012-08-01,"Cincinnati, OH-KY-IN Metro Area",Government,124600.0
2012-08-01,"Cincinnati, OH-KY-IN Metro Area",Total Private,890700.0
2012-08-01,"Cleveland-Elyria, OH Metro Area",Government,130199.99999999999
2012-08-01,"Cleveland-Elyria, OH Metro Area",Total Private,895300.0
2012-08-01,"Columbus, OH Metro Area",Government,154500.0
2012-08-01,"Columbus, OH Metro Area",Total Private,809100.0
2012-08-01,"Detroit-Warren-Dearborn, MI Metro Area",Government,178500.0
2012-08-01,"Detroit-Warren-Dearborn, MI Metro Area",Total Private,1659100.0
2012-08-01,"Indianapolis-Carmel-Anderson, IN Metro Area",Government,125000.0
2012-08-01,"Indianapolis-Carmel-Anderson, IN Metro Area",Total Private,838700.0
2012-08-01,"Kansas City, MO-KS Metro Area",Government,138800.0
2012-08-01,"Kansas City, MO-KS Metro Area",Total Private,854200.0
2012-08-01,"Miami-Fort Lauderdale-Pompano Beach, FL Metro Area",Government,298200.0
2012-08-01,"Miami-Fort Lauderdale-Pompano Beach, FL Metro Area",Total Private,1967700.0
2012-08-01,"Orlando-Kissimmee-Sanford, FL Metro Area",Government,117100.0
2012-08-01,"Orlando-Kissimmee-Sanford, FL Metro Area",Total Private,912600.0
2012-08-01,"Phoenix-Mesa-Chandler, AZ Metro Area",Government,221200.0
2012-08-01,"Phoenix-Mesa-Chandler, AZ Metro Area",Total Private,1526400.0
2012-08-01,"Pittsburgh, PA Metro Area",Government,111700.0
2012-08-01,"Pittsburgh, PA Metro Area",Total Private,1038700.0
2012-08-01,"Portland-Vancouver-Hillsboro, OR-WA Metro Area",Government,134700.0
2012-08-01,"Portland-Vancouver-Hillsboro, OR-WA Metro Area",Total Private,885800.0
2012-08-01,"Riverside-San Bernardino-Ontario, CA Metro Area",Government,215000.0
2012-08-01,"Riverside-San Bernardino-Ontario, CA Metro Area",Total Private,962200.0
2012-08-01,"Sacramento-Roseville-Folsom, CA Metro Area",Government,212900.0
2012-08-01,"Sacramento-Roseville-Folsom, CA Metro Area",Total Private,636300.0
2012-08-01,"Salt Lake City, UT Metro Area",Government,93500.0
2012-08-01,"Salt Lake City, UT Metro Area",Total Private,527500.0
2012-08-01,"San Antonio-New Braunfels, TX Metro Area",Government,156200.0
2012-08-01,"San Antonio-New Braunfels, TX Metro Area",Total Private,742300.0
2012-08-01,"San Diego-Chula Vista-Carlsbad, CA Metro Area",Government,219000.0
2012-08-01,"San Diego-Chula Vista-Carlsbad, CA Metro Area",Total Private,1067500.0
2012-08-01,"San Francisco-Oakland-Berkeley, CA Metro Area",Government,288800.0
2012-08-01,"San Francisco-Oakland-Berkeley, CA Metro Area",Total Private,1754500.0
2012-08-01,"San Jose-Sunnyvale-Santa Clara, CA Metro Area",Government,83100.0
2012-08-01,"San Jose-Sunnyvale-Santa Clara, CA Metro Area",Total Private,850400.0
2012-08-01,"St. Louis, MO-IL Metro Area",Government,148900.0
2012-08-01,"St. Louis, MO-IL Metro Area",Total Private,1147700.0
2012-08-01,"Tampa-St. Petersburg-Clearwater, FL Metro Area",Government,150900.0
2012-08-01,"Tampa-St. Petersburg-Clearwater, FL Metro Area",Total Private,995900.0
2012-08-01,"Yuba City, CA Metro Area",Government,9900.0
2012-08-01,"Yuba City, CA Metro Area",Total Private,28500.0
2012-09-01,"Austin-Round Rock-Georgetown, TX Metro Area",Government,169500.0
2012-09-01,"Austin-Round Rock-Georgetown, TX Metro Area",Total Private,683400.0
2012-09-01,"Charlotte-Concord-Gastonia, NC-SC Metro Area",Government,143600.0
2012-09-01,"Charlotte-Concord-Gastonia, NC-SC Metro Area",Total Private,868000.0
2012-09-01,"Cincinnati, OH-KY-IN Metro Area",Government,129699.99999999999
2012-09-01,"Cincinnati, OH-KY-IN Metro Area",Total Private,887200.0
2012-09-01,"Cleveland-Elyria, OH Metro Area",Government,134100.0
2012-09-01,"Cleveland-Elyria, OH Metro Area",Total Private,889700.0
2012-09-01,"Columbus, OH Metro Area",Government,166200.0
2012-09-01,"Columbus, OH Metro Area",Total Private,806900.0
2012-09-01,"Detroit-Warren-Dearborn, MI Metro Area",Government,193200.0
2012-09-01,"Detroit-Warren-Dearborn, MI Metro Area",Total Private,1652600.0
2012-09-01,"Indianapolis-Carmel-Anderson, IN Metro Area",Government,128900.0
2012-09-01,"Indianapolis-Carmel-Anderson, IN Metro Area",Total Private,839300.0
2012-09-01,"Kansas City, MO-KS Metro Area",Government,146800.0
2012-09-01,"Kansas City, MO-KS Metro Area",Total Private,847700.0
2012-09-01,"Miami-Fort Lauderdale-Pompano Beach, FL Metro Area",Government,302400.0
2012-09-01,"Miami-Fort Lauderdale-Pompano Beach, FL Metro Area",Total Private,1975700.0
2012-09-01,"Orlando-Kissimmee-Sanford, FL Metro Area",Government,117200.0
2012-09-01,"Orlando-Kissimmee-Sanford, FL Metro Area",Total Private,915100.0
2012-09-01,"Phoenix-Mesa-Chandler, AZ Metro Area",Government,237500.0
2012-09-01,"Phoenix-Mesa-Chandler, AZ Metro Area",Total Private,1531900.0
2012-09-01,"Pittsburgh, PA Metro Area",Government,120000.0
2012-09-01,"Pittsburgh, PA Metro Area",Total Private,1040099.9999999999
2012-09-01,"Portland-Vancouver-Hillsboro, OR-WA Metro Area",Government,137200.0
2012-09-01,"Portland-Vancouver-Hillsboro, OR-WA Metro Area",Total Private,887500.0
2012-09-01,"Riverside-San Bernardino-Ontario, CA Metro Area",Government,216700.0
2012-09-01,"Riverside-San Bernardino-Ontario, CA Metro Area",Total Private,965600.0
2012-09-01,"Sacramento-Roseville-Folsom, CA Metro Area",Government,216000.0
2012-09-01,"Sacramento-Roseville-Folsom, CA Metro Area",Total Private,633400.0
2012-09-01,"Salt Lake City, UT Metro Area",Government,97700.0
2012-09-01,"Salt Lake City, UT Metro Area",Total Private,527300.0
2012-09-01,"San Antonio-New Braunfels, TX Metro Area",Government,162000.0
2012-09-01,"San Antonio-New Braunfels, TX Metro Area",Total Private,737800.0
2012-09-01,"San Diego-Chula Vista-Carlsbad, CA Metro Area",Government,223000.0
2012-09-01,"San Diego-Chula Vista-Carlsbad, CA Metro Area",Total Private,1063600.0
2012-09-01,"San Francisco-Oakland-Berkeley, CA Metro Area",Government,292400.0
2012-09-01,"San Francisco-Oakland-Berkeley, CA Metro Area",Total Private,1755600.0
2012-09-01,"San Jose-Sunnyvale-Santa Clara, CA Metro Area",Government,90200.0
2012-09-01,"San Jose-Sunnyvale-Santa Clara, CA Metro Area",Total Private,847100.0
2012-09-01,"St. Louis, MO-IL Metro Area",Government,164500.0
2012-09-01,"St. Louis, MO-IL Metro Area",Total Private,1143500.0
2012-09-01,"Tampa-St. Petersburg-Clearwater, FL Metro Area",Government,152800.0
2012-09-01,"Tampa-St. Petersburg-Clearwater, FL Metro Area",Total Private,994100.0
2012-09-01,"Yuba City, CA Metro Area",Government,9800.0
2012-09-01,"Yuba City, CA Metro Area",Total Private,28700.0
2012-10-01,"Austin-Round Rock-Georgetown, TX Metro Area",Government,171500.0
2012-10-01,"Austin-Round Rock-Georgetown, TX Metro Area",Total Private,688900.0
2012-10-01,"Charlotte-Concord-Gastonia, NC-SC Metro Area",Government,149900.0
2012-10-01,"Charlotte-Concord-Gastonia, NC-SC Metro Area",Total Private,872300.0
2012-10-01,"Cincinnati, OH-KY-IN Metro Area",Government,132400.0
2012-10-01,"Cincinnati, OH-KY-IN Metro Area",Total Private,889500.0
2012-10-01,"Cleveland-Elyria, OH Metro Area",Government,135500.0
2012-10-01,"Cleveland-Elyria, OH Metro Area",Total Private,895900.0
2012-10-01,"Columbus, OH Metro Area",Government,171200.0
2012-10-01,"Columbus, OH Metro Area",Total Private,816100.0
2012-10-01,"Detroit-Warren-Dearborn, MI Metro Area",Government,194500.0
2012-10-01,"Detroit-Warren-Dearborn, MI Metro Area",Total Private,1664300.0
2012-10-01,"Indianapolis-Carmel-Anderson, IN Metro Area",Government,128699.99999999999
2012-10-01,"Indianapolis-Carmel-Anderson, IN Metro Area",Total Private,840900.0
2012-10-01,"Kansas City, MO-KS Metro Area",Government,148300.0
2012-10-01,"Kansas City, MO-KS Metro Area",Total Private,852400.0
2012-10-01,"Miami-Fort Lauderdale-Pompano Beach, FL Metro Area",Government,305500.0
2012-10-01,"Miami-Fort Lauderdale-Pompano Beach, FL Metro Area",Total Private,1999400.0
2012-10-01,"Orlando-Kissimmee-Sanford, FL Metro Area",Government,118600.0
2012-10-01,"Orlando-Kissimmee-Sanford, FL Metro Area",Total Private,925800.0
2012-10-01,"Phoenix-Mesa-Chandler, AZ Metro Area",Government,239000.0
2012-10-01,"Phoenix-Mesa-Chandler, AZ Metro Area",Total Private,1547500.0
2012-10-01,"Pittsburgh, PA Metro Area",Government,122600.0
2012-10-01,"Pittsburgh, PA Metro Area",Total Private,1046900.0000000001
2012-10-01,"Portland-Vancouver-Hillsboro, OR-WA Metro Area",Government,146300.0
2012-10-01,"Portland-Vancouver-Hillsboro, OR-WA Metro Area",Total Private,891100.0
2012-10-01,"Riverside-San Bernardino-Ontario, CA Metro Area",Government,226500.0
2012-10-01,"Riverside-San Bernardino-Ontario, CA Metro Area",Total Private,974700.0
2012-10-01,"Sacramento-Roseville-Folsom, CA Metro Area",Government,222200.0
2012-10-01,"Sacramento-Roseville-Folsom, CA Metro Area",Total Private,632800.0
2012-10-01,"Salt Lake City, UT Metro Area",Government,99000.0
2012-10-01,"Salt Lake City, UT Metro Area",Total Private,530100.0
2012-10-01,"San Antonio-New Braunfels, TX Metro Area",Government,164200.0
2012-10-01,"San Antonio-New Braunfels, TX Metro Area",Total Private,739700.0
2012-10-01,"San Diego-Chula Vista-Carlsbad, CA Metro Area",Government,229400.0
2012-10-01,"San Diego-Chula Vista-Carlsbad, CA Metro Area",Total Private,1068200.0
2012-10-01,"San Francisco-Oakland-Berkeley, CA Metro Area",Government,296800.0
2012-10-01,"San Francisco-Oakland-Berkeley, CA Metro Area",Total Private,1768400.0
2012-10-01,"San Jose-Sunnyvale-Santa Clara, CA Metro Area",Government,93500.0
2012-10-01,"San Jose-Sunnyvale-Santa Clara, CA Metro Area",Total Private,853900.0
2012-10-01,"St. Louis, MO-IL Metro Area",Government,165600.0
2012-10-01,"St. Louis, MO-IL Metro Area",Total Private,1148800.0
2012-10-01,"Tampa-St. Petersburg-Clearwater, FL Metro Area",Government,153200.0
2012-10-01,"Tampa-St. Petersburg-Clearwater, FL Metro Area",Total Private,1002000.0
2012-10-01,"Yuba City, CA Metro Area",Government,10100.0
2012-10-01,"Yuba City, CA Metro Area",Total Private,28400.0
2012-11-01,"Austin-Round Rock-Georgetown, TX Metro Area",Government,174000.0
2012-11-01,"Austin-Round Rock-Georgetown, TX Metro Area",Total Private,697100.0
2012-11-01,"Charlotte-Concord-Gastonia, NC-SC Metro Area",Government,151300.0
2012-11-01,"Charlotte-Concord-Gastonia, NC-SC Metro Area",Total Private,877100.0
2012-11-01,"Cincinnati, OH-KY-IN Metro Area",Government,132900.0
2012-11-01,"Cincinnati, OH-KY-IN Metro Area",Total Private,888100.0
2012-11-01,"Cleveland-Elyria, OH Metro Area",Government,135500.0
2012-11-01,"Cleveland-Elyria, OH Metro Area",Total Private,899400.0
2012-11-01,"Columbus, OH Metro Area",Government,172500.0
2012-11-01,"Columbus, OH Metro Area",Total Private,822200.0
2012-11-01,"Detroit-Warren-Dearborn, MI Metro Area",Government,195600.0
2012-11-01,"Detroit-Warren-Dearborn, MI Metro Area",Total Private,1671200.0
2012-11-01,"Indianapolis-Carmel-Anderson, IN Metro Area",Government,128800.00000000001
2012-11-01,"Indianapolis-Carmel-Anderson, IN Metro Area",Total Private,844000.0
2012-11-01,"Kansas City, MO-KS Metro Area",Government,148300.0
2012-11-01,"Kansas City, MO-KS Metro Area",Total Private,855000.0
2012-11-01,"Miami-Fort Lauderdale-Pompano Beach, FL Metro Area",Government,305600.0
2012-11-01,"Miami-Fort Lauderdale-Pompano Beach, FL Metro Area",Total Private,2030800.0
2012-11-01,"Orlando-Kissimmee-Sanford, FL Metro Area",Government,119400.0
2012-11-01,"Orlando-Kissimmee-Sanford, FL Metro Area",Total Private,937900.0
2012-11-01,"Phoenix-Mesa-Chandler, AZ Metro Area",Government,240400.0
2012-11-01,"Phoenix-Mesa-Chandler, AZ Metro Area",Total Private,1570100.0
2012-11-01,"Pittsburgh, PA Metro Area",Government,123700.0
2012-11-01,"Pittsburgh, PA Metro Area",Total Private,1047200.0
2012-11-01,"Portland-Vancouver-Hillsboro, OR-WA Metro Area",Government,147800.0
2012-11-01,"Portland-Vancouver-Hillsboro, OR-WA Metro Area",Total Private,893100.0
2012-11-01,"Riverside-San Bernardino-Ontario, CA Metro Area",Government,229000.0
2012-11-01,"Riverside-San Bernardino-Ontario, CA Metro Area",Total Private,990500.0
2012-11-01,"Sacramento-Roseville-Folsom, CA Metro Area",Government,223100.0
2012-11-01,"Sacramento-Roseville-Folsom, CA Metro Area",Total Private,638500.0
2012-11-01,"Salt Lake City, UT Metro Area",Government,98800.0
2012-11-01,"Salt Lake City, UT Metro Area",Total Private,536800.0
2012-11-01,"San Antonio-New Braunfels, TX Metro Area",Government,164300.0
2012-11-01,"San Antonio-New Braunfels, TX Metro Area",Total Private,744800.0
2012-11-01,"San Diego-Chula Vista-Carlsbad, CA Metro Area",Government,232100.0
2012-11-01,"San Diego-Chula Vista-Carlsbad, CA Metro Area",Total Private,1077100.0
2012-11-01,"San Francisco-Oakland-Berkeley, CA Metro Area",Government,301500.0
2012-11-01,"San Francisco-Oakland-Berkeley, CA Metro Area",Total Private,1777600.0
2012-11-01,"San Jose-Sunnyvale-Santa Clara, CA Metro Area",Government,94100.0
2012-11-01,"San Jose-Sunnyvale-Santa Clara, CA Metro Area",Total Private,859000.0
2012-11-01,"St. Louis, MO-IL Metro Area",Government,165600.0
2012-11-01,"St. Louis, MO-IL Metro Area",Total Private,1149300.0
2012-11-01,"Tampa-St. Petersburg-Clearwater, FL Metro Area",Government,154200.0
2012-11-01,"Tampa-St. Petersburg-Clearwater, FL Metro Area",Total Private,1012000.0
2012-11-01,"Yuba City, CA Metro Area",Government,10200.0
2012-11-01,"Yuba City, CA Metro Area",Total Private,28300.0
2012-12-01,"Austin-Round Rock-Georgetown, TX Metro Area",Government,171700.0
2012-12-01,"Austin-Round Rock-Georgetown, TX Metro Area",Total Private,698500.0
2012-12-01,"Charlotte-Concord-Gastonia, NC-SC Metro Area",Government,150900.0
2012-12-01,"Charlotte-Concord-Gastonia, NC-SC Metro Area",Total Private,879000.0
2012-12-01,"Cincinnati, OH-KY-IN Metro Area",Government,128800.00000000001
2012-12-01,"Cincinnati, OH-KY-IN Metro Area",Total Private,889300.0
2012-12-01,"Cleveland-Elyria, OH Metro Area",Government,134700.0
2012-12-01,"Cleveland-Elyria, OH Metro Area",Total Private,897300.0
2012-12-01,"Columbus, OH Metro Area",Government,171200.0
2012-12-01,"Columbus, OH Metro Area",Total Private,821900.0
2012-12-01,"Detroit-Warren-Dearborn, MI Metro Area",Government,193800.0
2012-12-01,"Detroit-Warren-Dearborn, MI Metro Area",Total Private,1672000.0
2012-12-01,"Indianapolis-Carmel-Anderson, IN Metro Area",Government,128500.0
2012-12-01,"Indianapolis-Carmel-Anderson, IN Metro Area",Total Private,843500.0
2012-12-01,"Kansas City, MO-KS Metro Area",Government,147900.0
2012-12-01,"Kansas City, MO-KS Metro Area",Total Private,851800.0
2012-12-01,"Miami-Fort Lauderdale-Pompano Beach, FL Metro Area",Government,305400.0
2012-12-01,"Miami-Fort Lauderdale-Pompano Beach, FL Metro Area",Total Private,2043400.0
2012-12-01,"Orlando-Kissimmee-Sanford, FL Metro Area",Government,118400.0
2012-12-01,"Orlando-Kissimmee-Sanford, FL Metro Area",Total Private,939500.0
2012-12-01,"Phoenix-Mesa-Chandler, AZ Metro Area",Government,239500.0
2012-12-01,"Phoenix-Mesa-Chandler, AZ Metro Area",Total Private,1578700.0
2012-12-01,"Pittsburgh, PA Metro Area",Government,123300.0
2012-12-01,"Pittsburgh, PA Metro Area",Total Private,1042400.0000000001
2012-12-01,"Portland-Vancouver-Hillsboro, OR-WA Metro Area",Government,146300.0
2012-12-01,"Portland-Vancouver-Hillsboro, OR-WA Metro Area",Total Private,893000.0
2012-12-01,"Riverside-San Bernardino-Ontario, CA Metro Area",Government,227000.0
2012-12-01,"Riverside-San Bernardino-Ontario, CA Metro Area",Total Private,989800.0
2012-12-01,"Sacramento-Roseville-Folsom, CA Metro Area",Government,218800.0
2012-12-01,"Sacramento-Roseville-Folsom, CA Metro Area",Total Private,640400.0
2012-12-01,"Salt Lake City, UT Metro Area",Government,98100.0
2012-12-01,"Salt Lake City, UT Metro Area",Total Private,537700.0
2012-12-01,"San Antonio-New Braunfels, TX Metro Area",Government,164300.0
2012-12-01,"San Antonio-New Braunfels, TX Metro Area",Total Private,747900.0
2012-12-01,"San Diego-Chula Vista-Carlsbad, CA Metro Area",Government,231200.0
2012-12-01,"San Diego-Chula Vista-Carlsbad, CA Metro Area",Total Private,1081100.0
2012-12-01,"San Francisco-Oakland-Berkeley, CA Metro Area",Government,300000.0
2012-12-01,"San Francisco-Oakland-Berkeley, CA Metro Area",Total Private,1786500.0
2012-12-01,"San Jose-Sunnyvale-Santa Clara, CA Metro Area",Government,93300.0
2012-12-01,"San Jose-Sunnyvale-Santa Clara, CA Metro Area",Total Private,862500.0
2012-12-01,"St. Louis, MO-IL Metro Area",Government,165900.0
2012-12-01,"St. Louis, MO-IL Metro Area",Total Private,1150800.0
2012-12-01,"Tampa-St. Petersburg-Clearwater, FL Metro Area",Government,153800.0
2012-12-01,"Tampa-St. Petersburg-Clearwater, FL Metro Area",Total Private,1018500.0
2012-12-01,"Yuba City, CA Metro Area",Government,10200.0
2012-12-01,"Yuba City, CA Metro Area",Total Private,28000.0
2013-01-01,"Austin-Round Rock-Georgetown, TX Metro Area",Government,172500.0
2013-01-01,"Austin-Round Rock-Georgetown, TX Metro Area",Total Private,683700.0
2013-01-01,"Charlotte-Concord-Gastonia, NC-SC Metro Area",Government,148700.0
2013-01-01,"Charlotte-Concord-Gastonia, NC-SC Metro Area",Total Private,859500.0
2013-01-01,"Cincinnati, OH-KY-IN Metro Area",Government,126400.0
2013-01-01,"Cincinnati, OH-KY-IN Metro Area",Total Private,864400.0
2013-01-01,"Cleveland-Elyria, OH Metro Area",Government,133300.0
2013-01-01,"Cleveland-Elyria, OH Metro Area",Total Private,868900.0
2013-01-01,"Columbus, OH Metro Area",Government,165600.0
2013-01-01,"Columbus, OH Metro Area",Total Private,800900.0
2013-01-01,"Detroit-Warren-Dearborn, MI Metro Area",Government,188600.0
2013-01-01,"Detroit-Warren-Dearborn, MI Metro Area",Total Private,1640100.0
2013-01-01,"Indianapolis-Carmel-Anderson, IN Metro Area",Government,124900.0
2013-01-01,"Indianapolis-Carmel-Anderson, IN Metro Area",Total Private,819800.0
2013-01-01,"Kansas City, MO-KS Metro Area",Government,144100.0
2013-01-01,"Kansas City, MO-KS Metro Area",Total Private,834300.0
2013-01-01,"Miami-Fort Lauderdale-Pompano Beach, FL Metro Area",Government,303300.0
2013-01-01,"Miami-Fort Lauderdale-Pompano Beach, FL Metro Area",Total Private,2008700.0
2013-01-01,"Orlando-Kissimmee-Sanford, FL Metro Area",Government,117700.0
2013-01-01,"Orlando-Kissimmee-Sanford, FL Metro Area",Total Private,920600.0
2013-01-01,"Phoenix-Mesa-Chandler, AZ Metro Area",Government,234700.0
2013-01-01,"Phoenix-Mesa-Chandler, AZ Metro Area",Total Private,1545000.0
2013-01-01,"Pittsburgh, PA Metro Area",Government,118400.0
2013-01-01,"Pittsburgh, PA Metro Area",Total Private,1015300.0
2013-01-01,"Portland-Vancouver-Hillsboro, OR-WA Metro Area",Government,145100.0
2013-01-01,"Portland-Vancouver-Hillsboro, OR-WA Metro Area",Total Private,871900.0
2013-01-01,"Riverside-San Bernardino-Ontario, CA Metro Area",Government,226900.0
2013-01-01,"Riverside-San Bernardino-Ontario, CA Metro Area",Total Private,981300.0
2013-01-01,"Sacramento-Roseville-Folsom, CA Metro Area",Government,220700.0
2013-01-01,"Sacramento-Roseville-Folsom, CA Metro Area",Total Private,634700.0
2013-01-01,"Salt Lake City, UT Metro Area",Government,97600.0
2013-01-01,"Salt Lake City, UT Metro Area",Total Private,527100.0
2013-01-01,"San Antonio-New Braunfels, TX Metro Area",Government,161900.0
2013-01-01,"San Antonio-New Braunfels, TX Metro Area",Total Private,732800.0
2013-01-01,"San Diego-Chula Vista-Carlsbad, CA Metro Area",Government,227600.0
2013-01-01,"San Diego-Chula Vista-Carlsbad, CA Metro Area",Total Private,1060600.0
2013-01-01,"San Francisco-Oakland-Berkeley, CA Metro Area",Government,295700.0
2013-01-01,"San Francisco-Oakland-Berkeley, CA Metro Area",Total Private,1747800.0
2013-01-01,"San Jose-Sunnyvale-Santa Clara, CA Metro Area",Government,92600.0
2013-01-01,"San Jose-Sunnyvale-Santa Clara, CA Metro Area",Total Private,849200.0
2013-01-01,"St. Louis, MO-IL Metro Area",Government,161500.0
2013-01-01,"St. Louis, MO-IL Metro Area",Total Private,1123800.0
2013-01-01,"Tampa-St. Petersburg-Clearwater, FL Metro Area",Government,154300.0
2013-01-01,"Tampa-St. Petersburg-Clearwater, FL Metro Area",Total Private,1000800.0
2013-01-01,"Yuba City, CA Metro Area",Government,10100.0
2013-01-01,"Yuba City, CA Metro Area",Total Private,27900.0
2013-02-01,"Austin-Round Rock-Georgetown, TX Metro Area",Government,175000.0
2013-02-01,"Austin-Round Rock-Georgetown, TX Metro Area",Total Private,690900.0
2013-02-01,"Charlotte-Concord-Gastonia, NC-SC Metro Area",Government,149700.0
2013-02-01,"Charlotte-Concord-Gastonia, NC-SC Metro Area",Total Private,865400.0
2013-02-01,"Cincinnati, OH-KY-IN Metro Area",Government,132400.0
2013-02-01,"Cincinnati, OH-KY-IN Metro Area",Total Private,867700.0
2013-02-01,"Cleveland-Elyria, OH Metro Area",Government,134100.0
2013-02-01,"Cleveland-Elyria, OH Metro Area",Total Private,870800.0
2013-02-01,"Columbus, OH Metro Area",Government,167700.0
2013-02-01,"Columbus, OH Metro Area",Total Private,800900.0
2013-02-01,"Detroit-Warren-Dearborn, MI Metro Area",Government,192100.0
2013-02-01,"Detroit-Warren-Dearborn, MI Metro Area",Total Private,1645400.0
2013-02-01,"Indianapolis-Carmel-Anderson, IN Metro Area",Government,128699.99999999999
2013-02-01,"Indianapolis-Carmel-Anderson, IN Metro Area",Total Private,823300.0
2013-02-01,"Kansas City, MO-KS Metro Area",Government,147700.0
2013-02-01,"Kansas City, MO-KS Metro Area",Total Private,834500.0
2013-02-01,"Miami-Fort Lauderdale-Pompano Beach, FL Metro Area",Government,306200.0
2013-02-01,"Miami-Fort Lauderdale-Pompano Beach, FL Metro Area",Total Private,2025400.0
2013-02-01,"Orlando-Kissimmee-Sanford, FL Metro Area",Government,119400.0
2013-02-01,"Orlando-Kissimmee-Sanford, FL Metro Area",Total Private,933000.0
2013-02-01,"Phoenix-Mesa-Chandler, AZ Metro Area",Government,239900.0
2013-02-01,"Phoenix-Mesa-Chandler, AZ Metro Area",Total Private,1558000.0
2013-02-01,"Pittsburgh, PA Metro Area",Government,122800.0
2013-02-01,"Pittsburgh, PA Metro Area",Total Private,1018100.0
2013-02-01,"Portland-Vancouver-Hillsboro, OR-WA Metro Area",Government,147300.0
2013-02-01,"Portland-Vancouver-Hillsboro, OR-WA Metro Area",Total Private,879700.0
2013-02-01,"Riverside-San Bernardino-Ontario, CA Metro Area",Government,227200.0
2013-02-01,"Riverside-San Bernardino-Ontario, CA Metro Area",Total Private,987900.0
2013-02-01,"Sacramento-Roseville-Folsom, CA Metro Area",Government,222500.0
2013-02-01,"Sacramento-Roseville-Folsom, CA Metro Area",Total Private,638900.0
2013-02-01,"Salt Lake City, UT Metro Area",Government,98000.0
2013-02-01,"Salt Lake City, UT Metro Area",Total Private,530500.0
2013-02-01,"San Antonio-New Braunfels, TX Metro Area",Government,164200.0
2013-02-01,"San Antonio-New Braunfels, TX Metro Area",Total Private,741800.0
2013-02-01,"San Diego-Chula Vista-Carlsbad, CA Metro Area",Government,230000.0
2013-02-01,"San Diego-Chula Vista-Carlsbad, CA Metro Area",Total Private,1066500.0
2013-02-01,"San Francisco-Oakland-Berkeley, CA Metro Area",Government,297800.0
2013-02-01,"San Francisco-Oakland-Berkeley, CA Metro Area",Total Private,1763700.0
2013-02-01,"San Jose-Sunnyvale-Santa Clara, CA Metro Area",Government,94000.0
2013-02-01,"San Jose-Sunnyvale-Santa Clara, CA Metro Area",Total Private,856000.0
2013-02-01,"St. Louis, MO-IL Metro Area",Government,164500.0
2013-02-01,"St. Louis, MO-IL Metro Area",Total Private,1128600.0
2013-02-01,"Tampa-St. Petersburg-Clearwater, FL Metro Area",Government,155500.0
2013-02-01,"Tampa-St. Petersburg-Clearwater, FL Metro Area",Total Private,1010000.0
2013-02-01,"Yuba City, CA Metro Area",Government,10100.0
2013-02-01,"Yuba City, CA Metro Area",Total Private,28000.0
2013-03-01,"Austin-Round Rock-Georgetown, TX Metro Area",Government,175500.0
2013-03-01,"Austin-Round Rock-Georgetown, TX Metro Area",Total Private,697000.0
2013-03-01,"Charlotte-Concord-Gastonia, NC-SC Metro Area",Government,151000.0
2013-03-01,"Charlotte-Concord-Gastonia, NC-SC Metro Area",Total Private,872300.0
2013-03-01,"Cincinnati, OH-KY-IN Metro Area",Government,132000.0
2013-03-01,"Cincinnati, OH-KY-IN Metro Area",Total Private,874800.0
2013-03-01,"Cleveland-Elyria, OH Metro Area",Government,133700.0
2013-03-01,"Cleveland-Elyria, OH Metro Area",Total Private,876200.0
2013-03-01,"Columbus, OH Metro Area",Government,167600.0
2013-03-01,"Columbus, OH Metro Area",Total Private,804600.0
2013-03-01,"Detroit-Warren-Dearborn, MI Metro Area",Government,192000.0
2013-03-01,"Detroit-Warren-Dearborn, MI Metro Area",Total Private,1656300.0
2013-03-01,"Indianapolis-Carmel-Anderson, IN Metro Area",Government,129199.99999999999
2013-03-01,"Indianapolis-Carmel-Anderson, IN Metro Area",Total Private,830200.0
2013-03-01,"Kansas City, MO-KS Metro Area",Government,148400.0
2013-03-01,"Kansas City, MO-KS Metro Area",Total Private,840500.0
2013-03-01,"Miami-Fort Lauderdale-Pompano Beach, FL Metro Area",Government,306500.0
2013-03-01,"Miami-Fort Lauderdale-Pompano Beach, FL Metro Area",Total Private,2036200.0
2013-03-01,"Orlando-Kissimmee-Sanford, FL Metro Area",Government,119800.0
2013-03-01,"Orlando-Kissimmee-Sanford, FL Metro Area",Total Private,940500.0
2013-03-01,"Phoenix-Mesa-Chandler, AZ Metro Area",Government,239200.0
2013-03-01,"Phoenix-Mesa-Chandler, AZ Metro Area",Total Private,1568500.0
2013-03-01,"Pittsburgh, PA Metro Area",Government,122900.0
2013-03-01,"Pittsburgh, PA Metro Area",Total Private,1025099.9999999999
2013-03-01,"Portland-Vancouver-Hillsboro, OR-WA Metro Area",Government,147100.0
2013-03-01,"Portland-Vancouver-Hillsboro, OR-WA Metro Area",Total Private,884400.0
2013-03-01,"Riverside-San Bernardino-Ontario, CA Metro Area",Government,228600.0
2013-03-01,"Riverside-San Bernardino-Ontario, CA Metro Area",Total Private,993000.0
2013-03-01,"Sacramento-Roseville-Folsom, CA Metro Area",Government,224700.0
2013-03-01,"Sacramento-Roseville-Folsom, CA Metro Area",Total Private,640400.0
2013-03-01,"Salt Lake City, UT Metro Area",Government,97800.0
2013-03-01,"Salt Lake City, UT Metro Area",Total Private,534100.0
2013-03-01,"San Antonio-New Braunfels, TX Metro Area",Government,164200.0
2013-03-01,"San Antonio-New Braunfels, TX Metro Area",Total Private,747900.0
2013-03-01,"San Diego-Chula Vista-Carlsbad, CA Metro Area",Government,232400.0
2013-03-01,"San Diego-Chula Vista-Carlsbad, CA Metro Area",Total Private,1071500.0
2013-03-01,"San Francisco-Oakland-Berkeley, CA Metro Area",Government,301700.0
2013-03-01,"San Francisco-Oakland-Berkeley, CA Metro Area",Total Private,1771200.0
2013-03-01,"San Jose-Sunnyvale-Santa Clara, CA Metro Area",Government,93100.0
2013-03-01,"San Jose-Sunnyvale-Santa Clara, CA Metro Area",Total Private,861800.0
2013-03-01,"St. Louis, MO-IL Metro Area",Government,165200.0
2013-03-01,"St. Louis, MO-IL Metro Area",Total Private,1134900.0
2013-03-01,"Tampa-St. Petersburg-Clearwater, FL Metro Area",Government,155400.0
2013-03-01,"Tampa-St. Petersburg-Clearwater, FL Metro Area",Total Private,1018700.0
2013-03-01,"Yuba City, CA Metro Area",Government,10300.0
2013-03-01,"Yuba City, CA Metro Area",Total Private,28400.0
2013-04-01,"Austin-Round Rock-Georgetown, TX Metro Area",Government,175700.0
2013-04-01,"Austin-Round Rock-Georgetown, TX Metro Area",Total Private,703800.0
2013-04-01,"Charlotte-Concord-Gastonia, NC-SC Metro Area",Government,151100.0
2013-04-01,"Charlotte-Concord-Gastonia, NC-SC Metro Area",Total Private,877700.0
2013-04-01,"Cincinnati, OH-KY-IN Metro Area",Government,135200.0
2013-04-01,"Cincinnati, OH-KY-IN Metro Area",Total Private,891100.0
2013-04-01,"Cleveland-Elyria, OH Metro Area",Government,134600.0
2013-04-01,"Cleveland-Elyria, OH Metro Area",Total Private,889300.0
2013-04-01,"Columbus, OH Metro Area",Government,169600.0
2013-04-01,"Columbus, OH Metro Area",Total Private,817100.0
2013-04-01,"Detroit-Warren-Dearborn, MI Metro Area",Government,191500.0
2013-04-01,"Detroit-Warren-Dearborn, MI Metro Area",Total Private,1662900.0
2013-04-01,"Indianapolis-Carmel-Anderson, IN Metro Area",Government,128699.99999999999
2013-04-01,"Indianapolis-Carmel-Anderson, IN Metro Area",Total Private,838300.0
2013-04-01,"Kansas City, MO-KS Metro Area",Government,150700.0
2013-04-01,"Kansas City, MO-KS Metro Area",Total Private,851100.0
2013-04-01,"Miami-Fort Lauderdale-Pompano Beach, FL Metro Area",Government,306200.0
2013-04-01,"Miami-Fort Lauderdale-Pompano Beach, FL Metro Area",Total Private,2037300.0
2013-04-01,"Orlando-Kissimmee-Sanford, FL Metro Area",Government,119900.0
2013-04-01,"Orlando-Kissimmee-Sanford, FL Metro Area",Total Private,940800.0
2013-04-01,"Phoenix-Mesa-Chandler, AZ Metro Area",Government,239900.0
2013-04-01,"Phoenix-Mesa-Chandler, AZ Metro Area",Total Private,1573500.0
2013-04-01,"Pittsburgh, PA Metro Area",Government,123000.0
2013-04-01,"Pittsburgh, PA Metro Area",Total Private,1035400.0000000001
2013-04-01,"Portland-Vancouver-Hillsboro, OR-WA Metro Area",Government,147500.0
2013-04-01,"Portland-Vancouver-Hillsboro, OR-WA Metro Area",Total Private,894000.0
2013-04-01,"Riverside-San Bernardino-Ontario, CA Metro Area",Government,228500.0
2013-04-01,"Riverside-San Bernardino-Ontario, CA Metro Area",Total Private,998500.0
2013-04-01,"Sacramento-Roseville-Folsom, CA Metro Area",Government,224800.0
2013-04-01,"Sacramento-Roseville-Folsom, CA Metro Area",Total Private,642400.0
2013-04-01,"Salt Lake City, UT Metro Area",Government,99600.0
2013-04-01,"Salt Lake City, UT Metro Area",Total Private,536700.0
2013-04-01,"San Antonio-New Braunfels, TX Metro Area",Government,164900.0
2013-04-01,"San Antonio-New Braunfels, TX Metro Area",Total Private,752700.0
2013-04-01,"San Diego-Chula Vista-Carlsbad, CA Metro Area",Government,231900.0
2013-04-01,"San Diego-Chula Vista-Carlsbad, CA Metro Area",Total Private,1077500.0
2013-04-01,"San Francisco-Oakland-Berkeley, CA Metro Area",Government,302600.0
2013-04-01,"San Francisco-Oakland-Berkeley, CA Metro Area",Total Private,1782900.0
2013-04-01,"San Jose-Sunnyvale-Santa Clara, CA Metro Area",Government,94300.0
2013-04-01,"San Jose-Sunnyvale-Santa Clara, CA Metro Area",Total Private,865800.0
2013-04-01,"St. Louis, MO-IL Metro Area",Government,169900.0
2013-04-01,"St. Louis, MO-IL Metro Area",Total Private,1147400.0
2013-04-01,"Tampa-St. Petersburg-Clearwater, FL Metro Area",Government,155400.0
2013-04-01,"Tampa-St. Petersburg-Clearwater, FL Metro Area",Total Private,1022300.0
2013-04-01,"Yuba City, CA Metro Area",Government,10300.0
2013-04-01,"Yuba City, CA Metro Area",Total Private,28300.0
2013-05-01,"Austin-Round Rock-Georgetown, TX Metro Area",Government,176000.0
2013-05-01,"Austin-Round Rock-Georgetown, TX Metro Area",Total Private,708700.0
2013-05-01,"Charlotte-Concord-Gastonia, NC-SC Metro Area",Government,151700.0
2013-05-01,"Charlotte-Concord-Gastonia, NC-SC Metro Area",Total Private,884700.0
2013-05-01,"Cincinnati, OH-KY-IN Metro Area",Government,134300.0
2013-05-01,"Cincinnati, OH-KY-IN Metro Area",Total Private,902500.0
2013-05-01,"Cleveland-Elyria, OH Metro Area",Government,136400.0
2013-05-01,"Cleveland-Elyria, OH Metro Area",Total Private,900800.0
2013-05-01,"Columbus, OH Metro Area",Government,170900.0
2013-05-01,"Columbus, OH Metro Area",Total Private,826200.0
2013-05-01,"Detroit-Warren-Dearborn, MI Metro Area",Government,189200.0
2013-05-01,"Detroit-Warren-Dearborn, MI Metro Area",Total Private,1693500.0
2013-05-01,"Indianapolis-Carmel-Anderson, IN Metro Area",Government,129000.0
2013-05-01,"Indianapolis-Carmel-Anderson, IN Metro Area",Total Private,846800.0
2013-05-01,"Kansas City, MO-KS Metro Area",Government,150200.0
2013-05-01,"Kansas City, MO-KS Metro Area",Total Private,858400.0
2013-05-01,"Miami-Fort Lauderdale-Pompano Beach, FL Metro Area",Government,306100.0
2013-05-01,"Miami-Fort Lauderdale-Pompano Beach, FL Metro Area",Total Private,2040000.0
2013-05-01,"Orlando-Kissimmee-Sanford, FL Metro Area",Government,119000.0
2013-05-01,"Orlando-Kissimmee-Sanford, FL Metro Area",Total Private,946000.0
2013-05-01,"Phoenix-Mesa-Chandler, AZ Metro Area",Government,236700.0
2013-05-01,"Phoenix-Mesa-Chandler, AZ Metro Area",Total Private,1574500.0
2013-05-01,"Pittsburgh, PA Metro Area",Government,123600.0
2013-05-01,"Pittsburgh, PA Metro Area",Total Private,1044300.0
2013-05-01,"Portland-Vancouver-Hillsboro, OR-WA Metro Area",Government,148400.0
2013-05-01,"Portland-Vancouver-Hillsboro, OR-WA Metro Area",Total Private,900100.0
2013-05-01,"Riverside-San Bernardino-Ontario, CA Metro Area",Government,229600.0
2013-05-01,"Riverside-San Bernardino-Ontario, CA Metro Area",Total Private,1001100.0
2013-05-01,"Sacramento-Roseville-Folsom, CA Metro Area",Government,226000.0
2013-05-01,"Sacramento-Roseville-Folsom, CA Metro Area",Total Private,645000.0
2013-05-01,"Salt Lake City, UT Metro Area",Government,100100.0
2013-05-01,"Salt Lake City, UT Metro Area",Total Private,537500.0
2013-05-01,"San Antonio-New Braunfels, TX Metro Area",Government,164600.0
2013-05-01,"San Antonio-New Braunfels, TX Metro Area",Total Private,757900.0
2013-05-01,"San Diego-Chula Vista-Carlsbad, CA Metro Area",Government,232300.0
2013-05-01,"San Diego-Chula Vista-Carlsbad, CA Metro Area",Total Private,1082200.0
2013-05-01,"San Francisco-Oakland-Berkeley, CA Metro Area",Government,302600.0
2013-05-01,"San Francisco-Oakland-Berkeley, CA Metro Area",Total Private,1794000.0
2013-05-01,"San Jose-Sunnyvale-Santa Clara, CA Metro Area",Government,95700.0
2013-05-01,"San Jose-Sunnyvale-Santa Clara, CA Metro Area",Total Private,870500.0
2013-05-01,"St. Louis, MO-IL Metro Area",Government,170600.0
2013-05-01,"St. Louis, MO-IL Metro Area",Total Private,1157300.0
2013-05-01,"Tampa-St. Petersburg-Clearwater, FL Metro Area",Government,153500.0
2013-05-01,"Tampa-St. Petersburg-Clearwater, FL Metro Area",Total Private,1025400.0000000001
2013-05-01,"Yuba City, CA Metro Area",Government,10300.0
2013-05-01,"Yuba City, CA Metro Area",Total Private,28700.0
2013-06-01,"Austin-Round Rock-Georgetown, TX Metro Area",Government,174400.0
2013-06-01,"Austin-Round Rock-Georgetown, TX Metro Area",Total Private,715400.0
2013-06-01,"Charlotte-Concord-Gastonia, NC-SC Metro Area",Government,135500.0
2013-06-01,"Charlotte-Concord-Gastonia, NC-SC Metro Area",Total Private,890600.0
2013-06-01,"Cincinnati, OH-KY-IN Metro Area",Government,127200.0
2013-06-01,"Cincinnati, OH-KY-IN Metro Area",Total Private,907200.0
2013-06-01,"Cleveland-Elyria, OH Metro Area",Government,134600.0
2013-06-01,"Cleveland-Elyria, OH Metro Area",Total Private,908100.0
2013-06-01,"Columbus, OH Metro Area",Government,159300.0
2013-06-01,"Columbus, OH Metro Area",Total Private,830400.0
2013-06-01,"Detroit-Warren-Dearborn, MI Metro Area",Government,189000.0
2013-06-01,"Detroit-Warren-Dearborn, MI Metro Area",Total Private,1703600.0
2013-06-01,"Indianapolis-Carmel-Anderson, IN Metro Area",Government,119900.0
2013-06-01,"Indianapolis-Carmel-Anderson, IN Metro Area",Total Private,853300.0
2013-06-01,"Kansas City, MO-KS Metro Area",Government,147100.0
2013-06-01,"Kansas City, MO-KS Metro Area",Total Private,865700.0
2013-06-01,"Miami-Fort Lauderdale-Pompano Beach, FL Metro Area",Government,280300.0
2013-06-01,"Miami-Fort Lauderdale-Pompano Beach, FL Metro Area",Total Private,2038000.0
2013-06-01,"Orlando-Kissimmee-Sanford, FL Metro Area",Government,107900.0
2013-06-01,"Orlando-Kissimmee-Sanford, FL Metro Area",Total Private,950200.0
2013-06-01,"Phoenix-Mesa-Chandler, AZ Metro Area",Government,207200.0
2013-06-01,"Phoenix-Mesa-Chandler, AZ Metro Area",Total Private,1570200.0
2013-06-01,"Pittsburgh, PA Metro Area",Government,119100.0
2013-06-01,"Pittsburgh, PA Metro Area",Total Private,1050700.0
2013-06-01,"Portland-Vancouver-Hillsboro, OR-WA Metro Area",Government,148600.0
2013-06-01,"Portland-Vancouver-Hillsboro, OR-WA Metro Area",Total Private,902500.0
2013-06-01,"Riverside-San Bernardino-Ontario, CA Metro Area",Government,227800.0
2013-06-01,"Riverside-San Bernardino-Ontario, CA Metro Area",Total Private,1002100.0
2013-06-01,"Sacramento-Roseville-Folsom, CA Metro Area",Government,226400.0
2013-06-01,"Sacramento-Roseville-Folsom, CA Metro Area",Total Private,647900.0
2013-06-01,"Salt Lake City, UT Metro Area",Government,100500.0
2013-06-01,"Salt Lake City, UT Metro Area",Total Private,538700.0
2013-06-01,"San Antonio-New Braunfels, TX Metro Area",Government,162300.0
2013-06-01,"San Antonio-New Braunfels, TX Metro Area",Total Private,766300.0
2013-06-01,"San Diego-Chula Vista-Carlsbad, CA Metro Area",Government,234000.0
2013-06-01,"San Diego-Chula Vista-Carlsbad, CA Metro Area",Total Private,1086600.0
2013-06-01,"San Francisco-Oakland-Berkeley, CA Metro Area",Government,298000.0
2013-06-01,"San Francisco-Oakland-Berkeley, CA Metro Area",Total Private,1800400.0
2013-06-01,"San Jose-Sunnyvale-Santa Clara, CA Metro Area",Government,94400.0
2013-06-01,"San Jose-Sunnyvale-Santa Clara, CA Metro Area",Total Private,877600.0
2013-06-01,"St. Louis, MO-IL Metro Area",Government,162000.0
2013-06-01,"St. Louis, MO-IL Metro Area",Total Private,1158800.0
2013-06-01,"Tampa-St. Petersburg-Clearwater, FL Metro Area",Government,143100.0
2013-06-01,"Tampa-St. Petersburg-Clearwater, FL Metro Area",Total Private,1023600.0
2013-06-01,"Yuba City, CA Metro Area",Government,10400.0
2013-06-01,"Yuba City, CA Metro Area",Total Private,28800.0
2013-07-01,"Austin-Round Rock-Georgetown, TX Metro Area",Government,163600.0
2013-07-01,"Austin-Round Rock-Georgetown, TX Metro Area",Total Private,716000.0
2013-07-01,"Charlotte-Concord-Gastonia, NC-SC Metro Area",Government,119700.0
2013-07-01,"Charlotte-Concord-Gastonia, NC-SC Metro Area",Total Private,890100.0
2013-07-01,"Cincinnati, OH-KY-IN Metro Area",Government,120000.0
2013-07-01,"Cincinnati, OH-KY-IN Metro Area",Total Private,904900.0
2013-07-01,"Cleveland-Elyria, OH Metro Area",Government,128600.0
2013-07-01,"Cleveland-Elyria, OH Metro Area",Total Private,904800.0
2013-07-01,"Columbus, OH Metro Area",Government,154800.0
2013-07-01,"Columbus, OH Metro Area",Total Private,831700.0
2013-07-01,"Detroit-Warren-Dearborn, MI Metro Area",Government,172800.0
2013-07-01,"Detroit-Warren-Dearborn, MI Metro Area",Total Private,1675300.0
2013-07-01,"Indianapolis-Carmel-Anderson, IN Metro Area",Government,112100.0
2013-07-01,"Indianapolis-Carmel-Anderson, IN Metro Area",Total Private,853000.0
2013-07-01,"Kansas City, MO-KS Metro Area",Government,133500.0
2013-07-01,"Kansas City, MO-KS Metro Area",Total Private,863700.0
2013-07-01,"Miami-Fort Lauderdale-Pompano Beach, FL Metro Area",Government,277900.0
2013-07-01,"Miami-Fort Lauderdale-Pompano Beach, FL Metro Area",Total Private,2023600.0
2013-07-01,"Orlando-Kissimmee-Sanford, FL Metro Area",Government,107100.0
2013-07-01,"Orlando-Kissimmee-Sanford, FL Metro Area",Total Private,948100.0
2013-07-01,"Phoenix-Mesa-Chandler, AZ Metro Area",Government,197900.0
2013-07-01,"Phoenix-Mesa-Chandler, AZ Metro Area",Total Private,1564300.0
2013-07-01,"Pittsburgh, PA Metro Area",Government,110500.0
2013-07-01,"Pittsburgh, PA Metro Area",Total Private,1046300.0
2013-07-01,"Portland-Vancouver-Hillsboro, OR-WA Metro Area",Government,134800.0
2013-07-01,"Portland-Vancouver-Hillsboro, OR-WA Metro Area",Total Private,908500.0
2013-07-01,"Riverside-San Bernardino-Ontario, CA Metro Area",Government,211000.0
2013-07-01,"Riverside-San Bernardino-Ontario, CA Metro Area",Total Private,999600.0
2013-07-01,"Sacramento-Roseville-Folsom, CA Metro Area",Government,214800.0
2013-07-01,"Sacramento-Roseville-Folsom, CA Metro Area",Total Private,649800.0
2013-07-01,"Salt Lake City, UT Metro Area",Government,95500.0
2013-07-01,"Salt Lake City, UT Metro Area",Total Private,539000.0
2013-07-01,"San Antonio-New Braunfels, TX Metro Area",Government,157800.0
2013-07-01,"San Antonio-New Braunfels, TX Metro Area",Total Private,766700.0
2013-07-01,"San Diego-Chula Vista-Carlsbad, CA Metro Area",Government,220500.0
2013-07-01,"San Diego-Chula Vista-Carlsbad, CA Metro Area",Total Private,1089100.0
2013-07-01,"San Francisco-Oakland-Berkeley, CA Metro Area",Government,287500.0
2013-07-01,"San Francisco-Oakland-Berkeley, CA Metro Area",Total Private,1805900.0
2013-07-01,"San Jose-Sunnyvale-Santa Clara, CA Metro Area",Government,78600.0
2013-07-01,"San Jose-Sunnyvale-Santa Clara, CA Metro Area",Total Private,882800.0
2013-07-01,"St. Louis, MO-IL Metro Area",Government,140900.0
2013-07-01,"St. Louis, MO-IL Metro Area",Total Private,1159100.0
2013-07-01,"Tampa-St. Petersburg-Clearwater, FL Metro Area",Government,141900.0
2013-07-01,"Tampa-St. Petersburg-Clearwater, FL Metro Area",Total Private,1021100.0
2013-07-01,"Yuba City, CA Metro Area",Government,9000.0
2013-07-01,"Yuba City, CA Metro Area",Total Private,28900.0
2013-08-01,"Austin-Round Rock-Georgetown, TX Metro Area",Government,161400.0
2013-08-01,"Austin-Round Rock-Georgetown, TX Metro Area",Total Private,721500.0
2013-08-01,"Charlotte-Concord-Gastonia, NC-SC Metro Area",Government,136400.0
2013-08-01,"Charlotte-Concord-Gastonia, NC-SC Metro Area",Total Private,893600.0
2013-08-01,"Cincinnati, OH-KY-IN Metro Area",Government,127800.0
2013-08-01,"Cincinnati, OH-KY-IN Metro Area",Total Private,906600.0
2013-08-01,"Cleveland-Elyria, OH Metro Area",Government,130300.00000000001
2013-08-01,"Cleveland-Elyria, OH Metro Area",Total Private,909700.0
2013-08-01,"Columbus, OH Metro Area",Government,157100.0
2013-08-01,"Columbus, OH Metro Area",Total Private,834900.0
2013-08-01,"Detroit-Warren-Dearborn, MI Metro Area",Government,171300.0
2013-08-01,"Detroit-Warren-Dearborn, MI Metro Area",Total Private,1698300.0
2013-08-01,"Indianapolis-Carmel-Anderson, IN Metro Area",Government,126100.0
2013-08-01,"Indianapolis-Carmel-Anderson, IN Metro Area",Total Private,858700.0
2013-08-01,"Kansas City, MO-KS Metro Area",Government,134600.0
2013-08-01,"Kansas City, MO-KS Metro Area",Total Private,869200.0
2013-08-01,"Miami-Fort Lauderdale-Pompano Beach, FL Metro Area",Government,298600.0
2013-08-01,"Miami-Fort Lauderdale-Pompano Beach, FL Metro Area",Total Private,2035500.0
2013-08-01,"Orlando-Kissimmee-Sanford, FL Metro Area",Government,118400.0
2013-08-01,"Orlando-Kissimmee-Sanford, FL Metro Area",Total Private,952300.0
2013-08-01,"Phoenix-Mesa-Chandler, AZ Metro Area",Government,220900.0
2013-08-01,"Phoenix-Mesa-Chandler, AZ Metro Area",Total Private,1578100.0
2013-08-01,"Pittsburgh, PA Metro Area",Government,110100.0
2013-08-01,"Pittsburgh, PA Metro Area",Total Private,1042300.0
2013-08-01,"Portland-Vancouver-Hillsboro, OR-WA Metro Area",Government,134000.0
2013-08-01,"Portland-Vancouver-Hillsboro, OR-WA Metro Area",Total Private,914700.0
2013-08-01,"Riverside-San Bernardino-Ontario, CA Metro Area",Government,216600.0
2013-08-01,"Riverside-San Bernardino-Ontario, CA Metro Area",Total Private,1009200.0
2013-08-01,"Sacramento-Roseville-Folsom, CA Metro Area",Government,216100.0
2013-08-01,"Sacramento-Roseville-Folsom, CA Metro Area",Total Private,653500.0
2013-08-01,"Salt Lake City, UT Metro Area",Government,95200.0
2013-08-01,"Salt Lake City, UT Metro Area",Total Private,542500.0
2013-08-01,"San Antonio-New Braunfels, TX Metro Area",Government,157800.0
2013-08-01,"San Antonio-New Braunfels, TX Metro Area",Total Private,768800.0
2013-08-01,"San Diego-Chula Vista-Carlsbad, CA Metro Area",Government,220900.0
2013-08-01,"San Diego-Chula Vista-Carlsbad, CA Metro Area",Total Private,1093900.0
2013-08-01,"San Francisco-Oakland-Berkeley, CA Metro Area",Government,288600.0
2013-08-01,"San Francisco-Oakland-Berkeley, CA Metro Area",Total Private,1815700.0
2013-08-01,"San Jose-Sunnyvale-Santa Clara, CA Metro Area",Government,83400.0
2013-08-01,"San Jose-Sunnyvale-Santa Clara, CA Metro Area",Total Private,887300.0
2013-08-01,"St. Louis, MO-IL Metro Area",Government,149400.0
2013-08-01,"St. Louis, MO-IL Metro Area",Total Private,1160600.0
2013-08-01,"Tampa-St. Petersburg-Clearwater, FL Metro Area",Government,150900.0
2013-08-01,"Tampa-St. Petersburg-Clearwater, FL Metro Area",Total Private,1026400.0000000001
2013-08-01,"Yuba City, CA Metro Area",Government,9400.0
2013-08-01,"Yuba City, CA Metro Area",Total Private,29200.0
2013-09-01,"Austin-Round Rock-Georgetown, TX Metro Area",Government,171700.0
2013-09-01,"Austin-Round Rock-Georgetown, TX Metro Area",Total Private,721500.0
2013-09-01,"Charlotte-Concord-Gastonia, NC-SC Metro Area",Government,143700.0
2013-09-01,"Charlotte-Concord-Gastonia, NC-SC Metro Area",Total Private,891900.0
2013-09-01,"Cincinnati, OH-KY-IN Metro Area",Government,132000.0
2013-09-01,"Cincinnati, OH-KY-IN Metro Area",Total Private,903200.0
2013-09-01,"Cleveland-Elyria, OH Metro Area",Government,132400.0
2013-09-01,"Cleveland-Elyria, OH Metro Area",Total Private,900400.0
2013-09-01,"Columbus, OH Metro Area",Government,165700.0
2013-09-01,"Columbus, OH Metro Area",Total Private,831300.0
2013-09-01,"Detroit-Warren-Dearborn, MI Metro Area",Government,186400.0
2013-09-01,"Detroit-Warren-Dearborn, MI Metro Area",Total Private,1694400.0
2013-09-01,"Indianapolis-Carmel-Anderson, IN Metro Area",Government,128400.0
2013-09-01,"Indianapolis-Carmel-Anderson, IN Metro Area",Total Private,858700.0
2013-09-01,"Kansas City, MO-KS Metro Area",Government,147000.0
2013-09-01,"Kansas City, MO-KS Metro Area",Total Private,863800.0
2013-09-01,"Miami-Fort Lauderdale-Pompano Beach, FL Metro Area",Government,303400.0
2013-09-01,"Miami-Fort Lauderdale-Pompano Beach, FL Metro Area",Total Private,2041000.0
2013-09-01,"Orlando-Kissimmee-Sanford, FL Metro Area",Government,117900.0
2013-09-01,"Orlando-Kissimmee-Sanford, FL Metro Area",Total Private,953000.0
2013-09-01,"Phoenix-Mesa-Chandler, AZ Metro Area",Government,237800.0
2013-09-01,"Phoenix-Mesa-Chandler, AZ Metro Area",Total Private,1579700.0
2013-09-01,"Pittsburgh, PA Metro Area",Government,119000.0
2013-09-01,"Pittsburgh, PA Metro Area",Total Private,1042400.0000000001
2013-09-01,"Portland-Vancouver-Hillsboro, OR-WA Metro Area",Government,136600.0
2013-09-01,"Portland-Vancouver-Hillsboro, OR-WA Metro Area",Total Private,918400.0
2013-09-01,"Riverside-San Bernardino-Ontario, CA Metro Area",Government,221000.0
2013-09-01,"Riverside-San Bernardino-Ontario, CA Metro Area",Total Private,1013600.0
2013-09-01,"Sacramento-Roseville-Folsom, CA Metro Area",Government,219400.0
2013-09-01,"Sacramento-Roseville-Folsom, CA Metro Area",Total Private,652300.0
2013-09-01,"Salt Lake City, UT Metro Area",Government,100400.0
2013-09-01,"Salt Lake City, UT Metro Area",Total Private,540200.0
2013-09-01,"San Antonio-New Braunfels, TX Metro Area",Government,163100.0
2013-09-01,"San Antonio-New Braunfels, TX Metro Area",Total Private,766200.0
2013-09-01,"San Diego-Chula Vista-Carlsbad, CA Metro Area",Government,225900.0
2013-09-01,"San Diego-Chula Vista-Carlsbad, CA Metro Area",Total Private,1089500.0
2013-09-01,"San Francisco-Oakland-Berkeley, CA Metro Area",Government,294000.0
2013-09-01,"San Francisco-Oakland-Berkeley, CA Metro Area",Total Private,1812200.0
2013-09-01,"San Jose-Sunnyvale-Santa Clara, CA Metro Area",Government,91300.0
2013-09-01,"San Jose-Sunnyvale-Santa Clara, CA Metro Area",Total Private,883400.0
2013-09-01,"St. Louis, MO-IL Metro Area",Government,165300.0
2013-09-01,"St. Louis, MO-IL Metro Area",Total Private,1155900.0
2013-09-01,"Tampa-St. Petersburg-Clearwater, FL Metro Area",Government,152700.0
2013-09-01,"Tampa-St. Petersburg-Clearwater, FL Metro Area",Total Private,1024599.9999999999
2013-09-01,"Yuba City, CA Metro Area",Government,9800.0
2013-09-01,"Yuba City, CA Metro Area",Total Private,29000.0
2013-10-01,"Austin-Round Rock-Georgetown, TX Metro Area",Government,172900.0
2013-10-01,"Austin-Round Rock-Georgetown, TX Metro Area",Total Private,726200.0
2013-10-01,"Charlotte-Concord-Gastonia, NC-SC Metro Area",Government,152000.0
2013-10-01,"Charlotte-Concord-Gastonia, NC-SC Metro Area",Total Private,897800.0
2013-10-01,"Cincinnati, OH-KY-IN Metro Area",Government,133300.0
2013-10-01,"Cincinnati, OH-KY-IN Metro Area",Total Private,905300.0
2013-10-01,"Cleveland-Elyria, OH Metro Area",Government,134300.0
2013-10-01,"Cleveland-Elyria, OH Metro Area",Total Private,906200.0
2013-10-01,"Columbus, OH Metro Area",Government,169800.0
2013-10-01,"Columbus, OH Metro Area",Total Private,837400.0
2013-10-01,"Detroit-Warren-Dearborn, MI Metro Area",Government,189400.0
2013-10-01,"Detroit-Warren-Dearborn, MI Metro Area",Total Private,1707200.0
2013-10-01,"Indianapolis-Carmel-Anderson, IN Metro Area",Government,128600.0
2013-10-01,"Indianapolis-Carmel-Anderson, IN Metro Area",Total Private,861600.0
2013-10-01,"Kansas City, MO-KS Metro Area",Government,146200.0
2013-10-01,"Kansas City, MO-KS Metro Area",Total Private,869400.0
2013-10-01,"Miami-Fort Lauderdale-Pompano Beach, FL Metro Area",Government,305100.0
2013-10-01,"Miami-Fort Lauderdale-Pompano Beach, FL Metro Area",Total Private,2060900.0
2013-10-01,"Orlando-Kissimmee-Sanford, FL Metro Area",Government,118600.0
2013-10-01,"Orlando-Kissimmee-Sanford, FL Metro Area",Total Private,961800.0
2013-10-01,"Phoenix-Mesa-Chandler, AZ Metro Area",Government,240900.0
2013-10-01,"Phoenix-Mesa-Chandler, AZ Metro Area",Total Private,1598000.0
2013-10-01,"Pittsburgh, PA Metro Area",Government,120900.0
2013-10-01,"Pittsburgh, PA Metro Area",Total Private,1046599.9999999999
2013-10-01,"Portland-Vancouver-Hillsboro, OR-WA Metro Area",Government,145700.0
2013-10-01,"Portland-Vancouver-Hillsboro, OR-WA Metro Area",Total Private,920200.0
2013-10-01,"Riverside-San Bernardino-Ontario, CA Metro Area",Government,227600.0
2013-10-01,"Riverside-San Bernardino-Ontario, CA Metro Area",Total Private,1025500.0
2013-10-01,"Sacramento-Roseville-Folsom, CA Metro Area",Government,224100.0
2013-10-01,"Sacramento-Roseville-Folsom, CA Metro Area",Total Private,652800.0
2013-10-01,"Salt Lake City, UT Metro Area",Government,102800.0
2013-10-01,"Salt Lake City, UT Metro Area",Total Private,544400.0
2013-10-01,"San Antonio-New Braunfels, TX Metro Area",Government,166000.0
2013-10-01,"San Antonio-New Braunfels, TX Metro Area",Total Private,766500.0
2013-10-01,"San Diego-Chula Vista-Carlsbad, CA Metro Area",Government,231300.0
2013-10-01,"San Diego-Chula Vista-Carlsbad, CA Metro Area",Total Private,1099700.0
2013-10-01,"San Francisco-Oakland-Berkeley, CA Metro Area",Government,300000.0
2013-10-01,"San Francisco-Oakland-Berkeley, CA Metro Area",Total Private,1826200.0
2013-10-01,"San Jose-Sunnyvale-Santa Clara, CA Metro Area",Government,94100.0
2013-10-01,"San Jose-Sunnyvale-Santa Clara, CA Metro Area",Total Private,887900.0
2013-10-01,"St. Louis, MO-IL Metro Area",Government,166400.0
2013-10-01,"St. Louis, MO-IL Metro Area",Total Private,1161200.0
2013-10-01,"Tampa-St. Petersburg-Clearwater, FL Metro Area",Government,154700.0
2013-10-01,"Tampa-St. Petersburg-Clearwater, FL Metro Area",Total Private,1031200.0
2013-10-01,"Yuba City, CA Metro Area",Government,10200.0
2013-10-01,"Yuba City, CA Metro Area",Total Private,29100.0
2013-11-01,"Austin-Round Rock-Georgetown, TX Metro Area",Government,175100.0
2013-11-01,"Austin-Round Rock-Georgetown, TX Metro Area",Total Private,734400.0
2013-11-01,"Charlotte-Concord-Gastonia, NC-SC Metro Area",Government,153200.0
2013-11-01,"Charlotte-Concord-Gastonia, NC-SC Metro Area",Total Private,903900.0
2013-11-01,"Cincinnati, OH-KY-IN Metro Area",Government,133600.0
2013-11-01,"Cincinnati, OH-KY-IN Metro Area",Total Private,907800.0
2013-11-01,"Cleveland-Elyria, OH Metro Area",Government,135000.0
2013-11-01,"Cleveland-Elyria, OH Metro Area",Total Private,909700.0
2013-11-01,"Columbus, OH Metro Area",Government,172000.0
2013-11-01,"Columbus, OH Metro Area",Total Private,846200.0
2013-11-01,"Detroit-Warren-Dearborn, MI Metro Area",Government,189700.0
2013-11-01,"Detroit-Warren-Dearborn, MI Metro Area",Total Private,1711800.0
2013-11-01,"Indianapolis-Carmel-Anderson, IN Metro Area",Government,129800.00000000001
2013-11-01,"Indianapolis-Carmel-Anderson, IN Metro Area",Total Private,873200.0
2013-11-01,"Kansas City, MO-KS Metro Area",Government,146100.0
2013-11-01,"Kansas City, MO-KS Metro Area",Total Private,869600.0
2013-11-01,"Miami-Fort Lauderdale-Pompano Beach, FL Metro Area",Government,307300.0
2013-11-01,"Miami-Fort Lauderdale-Pompano Beach, FL Metro Area",Total Private,2098200.0
2013-11-01,"Orlando-Kissimmee-Sanford, FL Metro Area",Government,119200.0
2013-11-01,"Orlando-Kissimmee-Sanford, FL Metro Area",Total Private,975100.0
2013-11-01,"Phoenix-Mesa-Chandler, AZ Metro Area",Government,241000.0
2013-11-01,"Phoenix-Mesa-Chandler, AZ Metro Area",Total Private,1624400.0
2013-11-01,"Pittsburgh, PA Metro Area",Government,122200.0
2013-11-01,"Pittsburgh, PA Metro Area",Total Private,1045400.0000000001
2013-11-01,"Portland-Vancouver-Hillsboro, OR-WA Metro Area",Government,147600.0
2013-11-01,"Portland-Vancouver-Hillsboro, OR-WA Metro Area",Total Private,924700.0
2013-11-01,"Riverside-San Bernardino-Ontario, CA Metro Area",Government,229600.0
2013-11-01,"Riverside-San Bernardino-Ontario, CA Metro Area",Total Private,1044599.9999999999
2013-11-01,"Sacramento-Roseville-Folsom, CA Metro Area",Government,227300.0
2013-11-01,"Sacramento-Roseville-Folsom, CA Metro Area",Total Private,657600.0
2013-11-01,"Salt Lake City, UT Metro Area",Government,102400.0
2013-11-01,"Salt Lake City, UT Metro Area",Total Private,550500.0
2013-11-01,"San Antonio-New Braunfels, TX Metro Area",Government,166200.0
2013-11-01,"San Antonio-New Braunfels, TX Metro Area",Total Private,772100.0
2013-11-01,"San Diego-Chula Vista-Carlsbad, CA Metro Area",Government,233900.0
2013-11-01,"San Diego-Chula Vista-Carlsbad, CA Metro Area",Total Private,1108900.0
2013-11-01,"San Francisco-Oakland-Berkeley, CA Metro Area",Government,302900.0
2013-11-01,"San Francisco-Oakland-Berkeley, CA Metro Area",Total Private,1841900.0
2013-11-01,"San Jose-Sunnyvale-Santa Clara, CA Metro Area",Government,95400.0
2013-11-01,"San Jose-Sunnyvale-Santa Clara, CA Metro Area",Total Private,896500.0
2013-11-01,"St. Louis, MO-IL Metro Area",Government,166900.0
2013-11-01,"St. Louis, MO-IL Metro Area",Total Private,1161000.0
2013-11-01,"Tampa-St. Petersburg-Clearwater, FL Metro Area",Government,155000.0
2013-11-01,"Tampa-St. Petersburg-Clearwater, FL Metro Area",Total Private,1043900.0000000001
2013-11-01,"Yuba City, CA Metro Area",Government,10400.0
2013-11-01,"Yuba City, CA Metro Area",Total Private,28900.0
2013-12-01,"Austin-Round Rock-Georgetown, TX Metro Area",Government,172900.0
2013-12-01,"Austin-Round Rock-Georgetown, TX Metro Area",Total Private,735600.0
2013-12-01,"Charlotte-Concord-Gastonia, NC-SC Metro Area",Government,152900.0
2013-12-01,"Charlotte-Concord-Gastonia, NC-SC Metro Area",Total Private,907700.0
2013-12-01,"Cincinnati, OH-KY-IN Metro Area",Government,128900.0
2013-12-01,"Cincinnati, OH-KY-IN Metro Area",Total Private,908000.0
2013-12-01,"Cleveland-Elyria, OH Metro Area",Government,134700.0
2013-12-01,"Cleveland-Elyria, OH Metro Area",Total Private,908800.0
2013-12-01,"Columbus, OH Metro Area",Government,171400.0
2013-12-01,"Columbus, OH Metro Area",Total Private,846600.0
2013-12-01,"Detroit-Warren-Dearborn, MI Metro Area",Government,187900.0
2013-12-01,"Detroit-Warren-Dearborn, MI Metro Area",Total Private,1707100.0
2013-12-01,"Indianapolis-Carmel-Anderson, IN Metro Area",Government,129600.0
2013-12-01,"Indianapolis-Carmel-Anderson, IN Metro Area",Total Private,870900.0
2013-12-01,"Kansas City, MO-KS Metro Area",Government,145900.0
2013-12-01,"Kansas City, MO-KS Metro Area",Total Private,869500.0
2013-12-01,"Miami-Fort Lauderdale-Pompano Beach, FL Metro Area",Government,305500.0
2013-12-01,"Miami-Fort Lauderdale-Pompano Beach, FL Metro Area",Total Private,2115500.0
2013-12-01,"Orlando-Kissimmee-Sanford, FL Metro Area",Government,118500.0
2013-12-01,"Orlando-Kissimmee-Sanford, FL Metro Area",Total Private,977800.0
2013-12-01,"Phoenix-Mesa-Chandler, AZ Metro Area",Government,238700.0
2013-12-01,"Phoenix-Mesa-Chandler, AZ Metro Area",Total Private,1631800.0
2013-12-01,"Pittsburgh, PA Metro Area",Government,121700.0
2013-12-01,"Pittsburgh, PA Metro Area",Total Private,1042200.0
2013-12-01,"Portland-Vancouver-Hillsboro, OR-WA Metro Area",Government,146800.0
2013-12-01,"Portland-Vancouver-Hillsboro, OR-WA Metro Area",Total Private,923800.0
2013-12-01,"Riverside-San Bernardino-Ontario, CA Metro Area",Government,227500.0
2013-12-01,"Riverside-San Bernardino-Ontario, CA Metro Area",Total Private,1048099.9999999999
2013-12-01,"Sacramento-Roseville-Folsom, CA Metro Area",Government,223700.0
2013-12-01,"Sacramento-Roseville-Folsom, CA Metro Area",Total Private,660100.0
2013-12-01,"Salt Lake City, UT Metro Area",Government,102400.0
2013-12-01,"Salt Lake City, UT Metro Area",Total Private,551800.0
2013-12-01,"San Antonio-New Braunfels, TX Metro Area",Government,165700.0
2013-12-01,"San Antonio-New Braunfels, TX Metro Area",Total Private,773300.0
2013-12-01,"San Diego-Chula Vista-Carlsbad, CA Metro Area",Government,233100.0
2013-12-01,"San Diego-Chula Vista-Carlsbad, CA Metro Area",Total Private,1112000.0
2013-12-01,"San Francisco-Oakland-Berkeley, CA Metro Area",Government,298700.0
2013-12-01,"San Francisco-Oakland-Berkeley, CA Metro Area",Total Private,1849400.0
2013-12-01,"San Jose-Sunnyvale-Santa Clara, CA Metro Area",Government,94200.0
2013-12-01,"San Jose-Sunnyvale-Santa Clara, CA Metro Area",Total Private,901200.0
2013-12-01,"St. Louis, MO-IL Metro Area",Government,167100.0
2013-12-01,"St. Louis, MO-IL Metro Area",Total Private,1161800.0
2013-12-01,"Tampa-St. Petersburg-Clearwater, FL Metro Area",Government,154400.0
2013-12-01,"Tampa-St. Petersburg-Clearwater, FL Metro Area",Total Private,1046800.0
2013-12-01,"Yuba City, CA Metro Area",Government,10500.0
2013-12-01,"Yuba City, CA Metro Area",Total Private,28900.0
2014-01-01,"Austin-Round Rock-Georgetown, TX Metro Area",Government,173600.0
2014-01-01,"Austin-Round Rock-Georgetown, TX Metro Area",Total Private,722900.0
2014-01-01,"Charlotte-Concord-Gastonia, NC-SC Metro Area",Government,150000.0
2014-01-01,"Charlotte-Concord-Gastonia, NC-SC Metro Area",Total Private,893400.0
2014-01-01,"Cincinnati, OH-KY-IN Metro Area",Government,126300.0
2014-01-01,"Cincinnati, OH-KY-IN Metro Area",Total Private,882800.0
2014-01-01,"Cleveland-Elyria, OH Metro Area",Government,132000.0
2014-01-01,"Cleveland-Elyria, OH Metro Area",Total Private,879000.0
2014-01-01,"Columbus, OH Metro Area",Government,165700.0
2014-01-01,"Columbus, OH Metro Area",Total Private,821800.0
2014-01-01,"Detroit-Warren-Dearborn, MI Metro Area",Government,183700.0
2014-01-01,"Detroit-Warren-Dearborn, MI Metro Area",Total Private,1666700.0
2014-01-01,"Indianapolis-Carmel-Anderson, IN Metro Area",Government,126500.0
2014-01-01,"Indianapolis-Carmel-Anderson, IN Metro Area",Total Private,837200.0
2014-01-01,"Kansas City, MO-KS Metro Area",Government,143000.0
2014-01-01,"Kansas City, MO-KS Metro Area",Total Private,847600.0
2014-01-01,"Miami-Fort Lauderdale-Pompano Beach, FL Metro Area",Government,304000.0
2014-01-01,"Miami-Fort Lauderdale-Pompano Beach, FL Metro Area",Total Private,2077400.0
2014-01-01,"Orlando-Kissimmee-Sanford, FL Metro Area",Government,118900.0
2014-01-01,"Orlando-Kissimmee-Sanford, FL Metro Area",Total Private,965100.0
2014-01-01,"Phoenix-Mesa-Chandler, AZ Metro Area",Government,235200.0
2014-01-01,"Phoenix-Mesa-Chandler, AZ Metro Area",Total Private,1593100.0
2014-01-01,"Pittsburgh, PA Metro Area",Government,118000.0
2014-01-01,"Pittsburgh, PA Metro Area",Total Private,1015700.0
2014-01-01,"Portland-Vancouver-Hillsboro, OR-WA Metro Area",Government,146300.0
2014-01-01,"Portland-Vancouver-Hillsboro, OR-WA Metro Area",Total Private,907200.0
2014-01-01,"Riverside-San Bernardino-Ontario, CA Metro Area",Government,228400.0
2014-01-01,"Riverside-San Bernardino-Ontario, CA Metro Area",Total Private,1029400.0000000001
2014-01-01,"Sacramento-Roseville-Folsom, CA Metro Area",Government,225300.0
2014-01-01,"Sacramento-Roseville-Folsom, CA Metro Area",Total Private,647700.0
2014-01-01,"Salt Lake City, UT Metro Area",Government,102200.0
2014-01-01,"Salt Lake City, UT Metro Area",Total Private,538200.0
2014-01-01,"San Antonio-New Braunfels, TX Metro Area",Government,163300.0
2014-01-01,"San Antonio-New Braunfels, TX Metro Area",Total Private,760200.0
2014-01-01,"San Diego-Chula Vista-Carlsbad, CA Metro Area",Government,229300.0
2014-01-01,"San Diego-Chula Vista-Carlsbad, CA Metro Area",Total Private,1085700.0
2014-01-01,"San Francisco-Oakland-Berkeley, CA Metro Area",Government,298900.0
2014-01-01,"San Francisco-Oakland-Berkeley, CA Metro Area",Total Private,1810500.0
2014-01-01,"San Jose-Sunnyvale-Santa Clara, CA Metro Area",Government,94500.0
2014-01-01,"San Jose-Sunnyvale-Santa Clara, CA Metro Area",Total Private,889100.0
2014-01-01,"St. Louis, MO-IL Metro Area",Government,162600.0
2014-01-01,"St. Louis, MO-IL Metro Area",Total Private,1129600.0
2014-01-01,"Tampa-St. Petersburg-Clearwater, FL Metro Area",Government,152900.0
2014-01-01,"Tampa-St. Petersburg-Clearwater, FL Metro Area",Total Private,1029200.0
2014-01-01,"Yuba City, CA Metro Area",Government,10400.0
2014-01-01,"Yuba City, CA Metro Area",Total Private,28400.0
2014-02-01,"Austin-Round Rock-Georgetown, TX Metro Area",Government,175900.0
2014-02-01,"Austin-Round Rock-Georgetown, TX Metro Area",Total Private,731100.0
2014-02-01,"Charlotte-Concord-Gastonia, NC-SC Metro Area",Government,150600.0
2014-02-01,"Charlotte-Concord-Gastonia, NC-SC Metro Area",Total Private,891700.0
2014-02-01,"Cincinnati, OH-KY-IN Metro Area",Government,131900.0
2014-02-01,"Cincinnati, OH-KY-IN Metro Area",Total Private,883300.0
2014-02-01,"Cleveland-Elyria, OH Metro Area",Government,133500.0
2014-02-01,"Cleveland-Elyria, OH Metro Area",Total Private,878600.0
2014-02-01,"Columbus, OH Metro Area",Government,168500.0
2014-02-01,"Columbus, OH Metro Area",Total Private,821500.0
2014-02-01,"Detroit-Warren-Dearborn, MI Metro Area",Government,187800.0
2014-02-01,"Detroit-Warren-Dearborn, MI Metro Area",Total Private,1677700.0
2014-02-01,"Indianapolis-Carmel-Anderson, IN Metro Area",Government,129500.0
2014-02-01,"Indianapolis-Carmel-Anderson, IN Metro Area",Total Private,837400.0
2014-02-01,"Kansas City, MO-KS Metro Area",Government,146100.0
2014-02-01,"Kansas City, MO-KS Metro Area",Total Private,850400.0
2014-02-01,"Miami-Fort Lauderdale-Pompano Beach, FL Metro Area",Government,305900.0
2014-02-01,"Miami-Fort Lauderdale-Pompano Beach, FL Metro Area",Total Private,2093900.0
2014-02-01,"Orlando-Kissimmee-Sanford, FL Metro Area",Government,119200.0
2014-02-01,"Orlando-Kissimmee-Sanford, FL Metro Area",Total Private,974000.0
2014-02-01,"Phoenix-Mesa-Chandler, AZ Metro Area",Government,240300.0
2014-02-01,"Phoenix-Mesa-Chandler, AZ Metro Area",Total Private,1602600.0
2014-02-01,"Pittsburgh, PA Metro Area",Government,120300.0
2014-02-01,"Pittsburgh, PA Metro Area",Total Private,1014400.0
2014-02-01,"Portland-Vancouver-Hillsboro, OR-WA Metro Area",Government,147500.0
2014-02-01,"Portland-Vancouver-Hillsboro, OR-WA Metro Area",Total Private,909800.0
2014-02-01,"Riverside-San Bernardino-Ontario, CA Metro Area",Government,228600.0
2014-02-01,"Riverside-San Bernardino-Ontario, CA Metro Area",Total Private,1035599.9999999999
2014-02-01,"Sacramento-Roseville-Folsom, CA Metro Area",Government,227500.0
2014-02-01,"Sacramento-Roseville-Folsom, CA Metro Area",Total Private,648900.0
2014-02-01,"Salt Lake City, UT Metro Area",Government,103000.0
2014-02-01,"Salt Lake City, UT Metro Area",Total Private,540000.0
2014-02-01,"San Antonio-New Braunfels, TX Metro Area",Government,165500.0
2014-02-01,"San Antonio-New Braunfels, TX Metro Area",Total Private,767000.0
2014-02-01,"San Diego-Chula Vista-Carlsbad, CA Metro Area",Government,232400.0
2014-02-01,"San Diego-Chula Vista-Carlsbad, CA Metro Area",Total Private,1092200.0
2014-02-01,"San Francisco-Oakland-Berkeley, CA Metro Area",Government,301100.0
2014-02-01,"San Francisco-Oakland-Berkeley, CA Metro Area",Total Private,1825100.0
2014-02-01,"San Jose-Sunnyvale-Santa Clara, CA Metro Area",Government,95600.0
2014-02-01,"San Jose-Sunnyvale-Santa Clara, CA Metro Area",Total Private,895600.0
2014-02-01,"St. Louis, MO-IL Metro Area",Government,165900.0
2014-02-01,"St. Louis, MO-IL Metro Area",Total Private,1137100.0
2014-02-01,"Tampa-St. Petersburg-Clearwater, FL Metro Area",Government,153400.0
2014-02-01,"Tampa-St. Petersburg-Clearwater, FL Metro Area",Total Private,1037500.0
2014-02-01,"Yuba City, CA Metro Area",Government,10400.0
2014-02-01,"Yuba City, CA Metro Area",Total Private,28700.0
2014-03-01,"Austin-Round Rock-Georgetown, TX Metro Area",Government,176500.0
2014-03-01,"Austin-Round Rock-Georgetown, TX Metro Area",Total Private,738200.0
2014-03-01,"Charlotte-Concord-Gastonia, NC-SC Metro Area",Government,151600.0
2014-03-01,"Charlotte-Concord-Gastonia, NC-SC Metro Area",Total Private,904700.0
2014-03-01,"Cincinnati, OH-KY-IN Metro Area",Government,132200.0
2014-03-01,"Cincinnati, OH-KY-IN Metro Area",Total Private,895400.0
2014-03-01,"Cleveland-Elyria, OH Metro Area",Government,133500.0
2014-03-01,"Cleveland-Elyria, OH Metro Area",Total Private,884200.0
2014-03-01,"Columbus, OH Metro Area",Government,168100.0
2014-03-01,"Columbus, OH Metro Area",Total Private,825700.0
2014-03-01,"Detroit-Warren-Dearborn, MI Metro Area",Government,188300.0
2014-03-01,"Detroit-Warren-Dearborn, MI Metro Area",Total Private,1685800.0
2014-03-01,"Indianapolis-Carmel-Anderson, IN Metro Area",Government,130300.00000000001
2014-03-01,"Indianapolis-Carmel-Anderson, IN Metro Area",Total Private,846900.0
2014-03-01,"Kansas City, MO-KS Metro Area",Government,147100.0
2014-03-01,"Kansas City, MO-KS Metro Area",Total Private,860000.0
2014-03-01,"Miami-Fort Lauderdale-Pompano Beach, FL Metro Area",Government,306700.0
2014-03-01,"Miami-Fort Lauderdale-Pompano Beach, FL Metro Area",Total Private,2104400.0
2014-03-01,"Orlando-Kissimmee-Sanford, FL Metro Area",Government,119400.0
2014-03-01,"Orlando-Kissimmee-Sanford, FL Metro Area",Total Private,982600.0
2014-03-01,"Phoenix-Mesa-Chandler, AZ Metro Area",Government,239800.0
2014-03-01,"Phoenix-Mesa-Chandler, AZ Metro Area",Total Private,1610300.0
2014-03-01,"Pittsburgh, PA Metro Area",Government,120500.0
2014-03-01,"Pittsburgh, PA Metro Area",Total Private,1023400.0
2014-03-01,"Portland-Vancouver-Hillsboro, OR-WA Metro Area",Government,148100.0
2014-03-01,"Portland-Vancouver-Hillsboro, OR-WA Metro Area",Total Private,916900.0
2014-03-01,"Riverside-San Bernardino-Ontario, CA Metro Area",Government,231600.0
2014-03-01,"Riverside-San Bernardino-Ontario, CA Metro Area",Total Private,1040400.0000000001
2014-03-01,"Sacramento-Roseville-Folsom, CA Metro Area",Government,228600.0
2014-03-01,"Sacramento-Roseville-Folsom, CA Metro Area",Total Private,652300.0
2014-03-01,"Salt Lake City, UT Metro Area",Government,103200.0
2014-03-01,"Salt Lake City, UT Metro Area",Total Private,542300.0
2014-03-01,"San Antonio-New Braunfels, TX Metro Area",Government,165600.0
2014-03-01,"San Antonio-New Braunfels, TX Metro Area",Total Private,774700.0
2014-03-01,"San Diego-Chula Vista-Carlsbad, CA Metro Area",Government,234400.0
2014-03-01,"San Diego-Chula Vista-Carlsbad, CA Metro Area",Total Private,1097100.0
2014-03-01,"San Francisco-Oakland-Berkeley, CA Metro Area",Government,302300.0
2014-03-01,"San Francisco-Oakland-Berkeley, CA Metro Area",Total Private,1834300.0
2014-03-01,"San Jose-Sunnyvale-Santa Clara, CA Metro Area",Government,95800.0
2014-03-01,"San Jose-Sunnyvale-Santa Clara, CA Metro Area",Total Private,900400.0
2014-03-01,"St. Louis, MO-IL Metro Area",Government,166600.0
2014-03-01,"St. Louis, MO-IL Metro Area",Total Private,1145600.0
2014-03-01,"Tampa-St. Petersburg-Clearwater, FL Metro Area",Government,155700.0
2014-03-01,"Tampa-St. Petersburg-Clearwater, FL Metro Area",Total Private,1045099.9999999999
2014-03-01,"Yuba City, CA Metro Area",Government,10500.0
2014-03-01,"Yuba City, CA Metro Area",Total Private,28800.0
2014-04-01,"Austin-Round Rock-Georgetown, TX Metro Area",Government,176000.0
2014-04-01,"Austin-Round Rock-Georgetown, TX Metro Area",Total Private,743600.0
2014-04-01,"Charlotte-Concord-Gastonia, NC-SC Metro Area",Government,153000.0
2014-04-01,"Charlotte-Concord-Gastonia, NC-SC Metro Area",Total Private,912000.0
2014-04-01,"Cincinnati, OH-KY-IN Metro Area",Government,133800.0
2014-04-01,"Cincinnati, OH-KY-IN Metro Area",Total Private,908200.0
2014-04-01,"Cleveland-Elyria, OH Metro Area",Government,134400.0
2014-04-01,"Cleveland-Elyria, OH Metro Area",Total Private,897100.0
2014-04-01,"Columbus, OH Metro Area",Government,170800.0
2014-04-01,"Columbus, OH Metro Area",Total Private,839000.0
2014-04-01,"Detroit-Warren-Dearborn, MI Metro Area",Government,189000.0
2014-04-01,"Detroit-Warren-Dearborn, MI Metro Area",Total Private,1687000.0
2014-04-01,"Indianapolis-Carmel-Anderson, IN Metro Area",Government,129800.00000000001
2014-04-01,"Indianapolis-Carmel-Anderson, IN Metro Area",Total Private,858200.0
2014-04-01,"Kansas City, MO-KS Metro Area",Government,147500.0
2014-04-01,"Kansas City, MO-KS Metro Area",Total Private,873500.0
2014-04-01,"Miami-Fort Lauderdale-Pompano Beach, FL Metro Area",Government,306700.0
2014-04-01,"Miami-Fort Lauderdale-Pompano Beach, FL Metro Area",Total Private,2112200.0
2014-04-01,"Orlando-Kissimmee-Sanford, FL Metro Area",Government,120400.0
2014-04-01,"Orlando-Kissimmee-Sanford, FL Metro Area",Total Private,984000.0
2014-04-01,"Phoenix-Mesa-Chandler, AZ Metro Area",Government,240700.0
2014-04-01,"Phoenix-Mesa-Chandler, AZ Metro Area",Total Private,1614600.0
2014-04-01,"Pittsburgh, PA Metro Area",Government,121100.0
2014-04-01,"Pittsburgh, PA Metro Area",Total Private,1038599.9999999999
2014-04-01,"Portland-Vancouver-Hillsboro, OR-WA Metro Area",Government,149100.0
2014-04-01,"Portland-Vancouver-Hillsboro, OR-WA Metro Area",Total Private,923600.0
2014-04-01,"Riverside-San Bernardino-Ontario, CA Metro Area",Government,232800.0
2014-04-01,"Riverside-San Bernardino-Ontario, CA Metro Area",Total Private,1048000.0
2014-04-01,"Sacramento-Roseville-Folsom, CA Metro Area",Government,230900.0
2014-04-01,"Sacramento-Roseville-Folsom, CA Metro Area",Total Private,655200.0
2014-04-01,"Salt Lake City, UT Metro Area",Government,104500.0
2014-04-01,"Salt Lake City, UT Metro Area",Total Private,545100.0
2014-04-01,"San Antonio-New Braunfels, TX Metro Area",Government,165900.0
2014-04-01,"San Antonio-New Braunfels, TX Metro Area",Total Private,782500.0
2014-04-01,"San Diego-Chula Vista-Carlsbad, CA Metro Area",Government,234700.0
2014-04-01,"San Diego-Chula Vista-Carlsbad, CA Metro Area",Total Private,1100600.0
2014-04-01,"San Francisco-Oakland-Berkeley, CA Metro Area",Government,305600.0
2014-04-01,"San Francisco-Oakland-Berkeley, CA Metro Area",Total Private,1845600.0
2014-04-01,"San Jose-Sunnyvale-Santa Clara, CA Metro Area",Government,96900.0
2014-04-01,"San Jose-Sunnyvale-Santa Clara, CA Metro Area",Total Private,904900.0
2014-04-01,"St. Louis, MO-IL Metro Area",Government,165500.0
2014-04-01,"St. Louis, MO-IL Metro Area",Total Private,1171200.0
2014-04-01,"Tampa-St. Petersburg-Clearwater, FL Metro Area",Government,156000.0
2014-04-01,"Tampa-St. Petersburg-Clearwater, FL Metro Area",Total Private,1052600.0
2014-04-01,"Yuba City, CA Metro Area",Government,10600.0
2014-04-01,"Yuba City, CA Metro Area",Total Private,28900.0
2014-05-01,"Austin-Round Rock-Georgetown, TX Metro Area",Government,176600.0
2014-05-01,"Austin-Round Rock-Georgetown, TX Metro Area",Total Private,747700.0
2014-05-01,"Charlotte-Concord-Gastonia, NC-SC Metro Area",Government,153700.0
2014-05-01,"Charlotte-Concord-Gastonia, NC-SC Metro Area",Total Private,921100.0
2014-05-01,"Cincinnati, OH-KY-IN Metro Area",Government,134600.0
2014-05-01,"Cincinnati, OH-KY-IN Metro Area",Total Private,920100.0
2014-05-01,"Cleveland-Elyria, OH Metro Area",Government,136500.0
2014-05-01,"Cleveland-Elyria, OH Metro Area",Total Private,908400.0
2014-05-01,"Columbus, OH Metro Area",Government,172300.0
2014-05-01,"Columbus, OH Metro Area",Total Private,849000.0
2014-05-01,"Detroit-Warren-Dearborn, MI Metro Area",Government,186800.0
2014-05-01,"Detroit-Warren-Dearborn, MI Metro Area",Total Private,1720900.0
2014-05-01,"Indianapolis-Carmel-Anderson, IN Metro Area",Government,130500.0
2014-05-01,"Indianapolis-Carmel-Anderson, IN Metro Area",Total Private,870300.0
2014-05-01,"Kansas City, MO-KS Metro Area",Government,148600.0
2014-05-01,"Kansas City, MO-KS Metro Area",Total Private,880800.0
2014-05-01,"Miami-Fort Lauderdale-Pompano Beach, FL Metro Area",Government,306000.0
2014-05-01,"Miami-Fort Lauderdale-Pompano Beach, FL Metro Area",Total Private,2117300.0
2014-05-01,"Orlando-Kissimmee-Sanford, FL Metro Area",Government,119700.0
2014-05-01,"Orlando-Kissimmee-Sanford, FL Metro Area",Total Private,991100.0
2014-05-01,"Phoenix-Mesa-Chandler, AZ Metro Area",Government,231100.0
2014-05-01,"Phoenix-Mesa-Chandler, AZ Metro Area",Total Private,1612700.0
2014-05-01,"Pittsburgh, PA Metro Area",Government,121300.0
2014-05-01,"Pittsburgh, PA Metro Area",Total Private,1049300.0
2014-05-01,"Portland-Vancouver-Hillsboro, OR-WA Metro Area",Government,150400.0
2014-05-01,"Portland-Vancouver-Hillsboro, OR-WA Metro Area",Total Private,928500.0
2014-05-01,"Riverside-San Bernardino-Ontario, CA Metro Area",Government,232700.0
2014-05-01,"Riverside-San Bernardino-Ontario, CA Metro Area",Total Private,1050300.0
2014-05-01,"Sacramento-Roseville-Folsom, CA Metro Area",Government,231500.0
2014-05-01,"Sacramento-Roseville-Folsom, CA Metro Area",Total Private,660200.0
2014-05-01,"Salt Lake City, UT Metro Area",Government,104900.0
2014-05-01,"Salt Lake City, UT Metro Area",Total Private,546100.0
2014-05-01,"San Antonio-New Braunfels, TX Metro Area",Government,165500.0
2014-05-01,"San Antonio-New Braunfels, TX Metro Area",Total Private,789700.0
2014-05-01,"San Diego-Chula Vista-Carlsbad, CA Metro Area",Government,235200.0
2014-05-01,"San Diego-Chula Vista-Carlsbad, CA Metro Area",Total Private,1106900.0
2014-05-01,"San Francisco-Oakland-Berkeley, CA Metro Area",Government,306800.0
2014-05-01,"San Francisco-Oakland-Berkeley, CA Metro Area",Total Private,1857600.0
2014-05-01,"San Jose-Sunnyvale-Santa Clara, CA Metro Area",Government,97000.0
2014-05-01,"San Jose-Sunnyvale-Santa Clara, CA Metro Area",Total Private,910600.0
2014-05-01,"St. Louis, MO-IL Metro Area",Government,166400.0
2014-05-01,"St. Louis, MO-IL Metro Area",Total Private,1178300.0
2014-05-01,"Tampa-St. Petersburg-Clearwater, FL Metro Area",Government,155500.0
2014-05-01,"Tampa-St. Petersburg-Clearwater, FL Metro Area",Total Private,1055800.0
2014-05-01,"Yuba City, CA Metro Area",Government,10800.0
2014-05-01,"Yuba City, CA Metro Area",Total Private,29300.0
2014-06-01,"Austin-Round Rock-Georgetown, TX Metro Area",Government,174800.0
2014-06-01,"Austin-Round Rock-Georgetown, TX Metro Area",Total Private,754700.0
2014-06-01,"Charlotte-Concord-Gastonia, NC-SC Metro Area",Government,140700.0
2014-06-01,"Charlotte-Concord-Gastonia, NC-SC Metro Area",Total Private,927000.0
2014-06-01,"Cincinnati, OH-KY-IN Metro Area",Government,127700.0
2014-06-01,"Cincinnati, OH-KY-IN Metro Area",Total Private,923200.0
2014-06-01,"Cleveland-Elyria, OH Metro Area",Government,135100.0
2014-06-01,"Cleveland-Elyria, OH Metro Area",Total Private,913700.0
2014-06-01,"Columbus, OH Metro Area",Government,160400.0
2014-06-01,"Columbus, OH Metro Area",Total Private,853400.0
2014-06-01,"Detroit-Warren-Dearborn, MI Metro Area",Government,186400.0
2014-06-01,"Detroit-Warren-Dearborn, MI Metro Area",Total Private,1741100.0
2014-06-01,"Indianapolis-Carmel-Anderson, IN Metro Area",Government,124500.0
2014-06-01,"Indianapolis-Carmel-Anderson, IN Metro Area",Total Private,871800.0
2014-06-01,"Kansas City, MO-KS Metro Area",Government,146500.0
2014-06-01,"Kansas City, MO-KS Metro Area",Total Private,887000.0
2014-06-01,"Miami-Fort Lauderdale-Pompano Beach, FL Metro Area",Government,280400.0
2014-06-01,"Miami-Fort Lauderdale-Pompano Beach, FL Metro Area",Total Private,2113400.0
2014-06-01,"Orlando-Kissimmee-Sanford, FL Metro Area",Government,108800.0
2014-06-01,"Orlando-Kissimmee-Sanford, FL Metro Area",Total Private,993700.0
2014-06-01,"Phoenix-Mesa-Chandler, AZ Metro Area",Government,207500.0
2014-06-01,"Phoenix-Mesa-Chandler, AZ Metro Area",Total Private,1606000.0
2014-06-01,"Pittsburgh, PA Metro Area",Government,117900.0
2014-06-01,"Pittsburgh, PA Metro Area",Total Private,1054600.0
2014-06-01,"Portland-Vancouver-Hillsboro, OR-WA Metro Area",Government,149200.0
2014-06-01,"Portland-Vancouver-Hillsboro, OR-WA Metro Area",Total Private,933100.0
2014-06-01,"Riverside-San Bernardino-Ontario, CA Metro Area",Government,231400.0
2014-06-01,"Riverside-San Bernardino-Ontario, CA Metro Area",Total Private,1050600.0
2014-06-01,"Sacramento-Roseville-Folsom, CA Metro Area",Government,233100.0
2014-06-01,"Sacramento-Roseville-Folsom, CA Metro Area",Total Private,665300.0
2014-06-01,"Salt Lake City, UT Metro Area",Government,105200.0
2014-06-01,"Salt Lake City, UT Metro Area",Total Private,549100.0
2014-06-01,"San Antonio-New Braunfels, TX Metro Area",Government,163100.0
2014-06-01,"San Antonio-New Braunfels, TX Metro Area",Total Private,797600.0
2014-06-01,"San Diego-Chula Vista-Carlsbad, CA Metro Area",Government,237700.0
2014-06-01,"San Diego-Chula Vista-Carlsbad, CA Metro Area",Total Private,1112000.0
2014-06-01,"San Francisco-Oakland-Berkeley, CA Metro Area",Government,304700.0
2014-06-01,"San Francisco-Oakland-Berkeley, CA Metro Area",Total Private,1865900.0
2014-06-01,"San Jose-Sunnyvale-Santa Clara, CA Metro Area",Government,94200.0
2014-06-01,"San Jose-Sunnyvale-Santa Clara, CA Metro Area",Total Private,919400.0
2014-06-01,"St. Louis, MO-IL Metro Area",Government,157900.0
2014-06-01,"St. Louis, MO-IL Metro Area",Total Private,1178600.0
2014-06-01,"Tampa-St. Petersburg-Clearwater, FL Metro Area",Government,144600.0
2014-06-01,"Tampa-St. Petersburg-Clearwater, FL Metro Area",Total Private,1054800.0
2014-06-01,"Yuba City, CA Metro Area",Government,10800.0
2014-06-01,"Yuba City, CA Metro Area",Total Private,29600.0
2014-07-01,"Austin-Round Rock-Georgetown, TX Metro Area",Government,164200.0
2014-07-01,"Austin-Round Rock-Georgetown, TX Metro Area",Total Private,754800.0
2014-07-01,"Charlotte-Concord-Gastonia, NC-SC Metro Area",Government,122800.0
2014-07-01,"Charlotte-Concord-Gastonia, NC-SC Metro Area",Total Private,927200.0
2014-07-01,"Cincinnati, OH-KY-IN Metro Area",Government,122700.0
2014-07-01,"Cincinnati, OH-KY-IN Metro Area",Total Private,921900.0
2014-07-01,"Cleveland-Elyria, OH Metro Area",Government,129400.0
2014-07-01,"Cleveland-Elyria, OH Metro Area",Total Private,910200.0
2014-07-01,"Columbus, OH Metro Area",Government,156400.0
2014-07-01,"Columbus, OH Metro Area",Total Private,856000.0
2014-07-01,"Detroit-Warren-Dearborn, MI Metro Area",Government,170900.0
2014-07-01,"Detroit-Warren-Dearborn, MI Metro Area",Total Private,1724700.0
2014-07-01,"Indianapolis-Carmel-Anderson, IN Metro Area",Government,116000.0
2014-07-01,"Indianapolis-Carmel-Anderson, IN Metro Area",Total Private,869500.0
2014-07-01,"Kansas City, MO-KS Metro Area",Government,134200.0
2014-07-01,"Kansas City, MO-KS Metro Area",Total Private,885200.0
2014-07-01,"Miami-Fort Lauderdale-Pompano Beach, FL Metro Area",Government,277600.0
2014-07-01,"Miami-Fort Lauderdale-Pompano Beach, FL Metro Area",Total Private,2100700.0
2014-07-01,"Orlando-Kissimmee-Sanford, FL Metro Area",Government,108300.0
2014-07-01,"Orlando-Kissimmee-Sanford, FL Metro Area",Total Private,992100.0
2014-07-01,"Phoenix-Mesa-Chandler, AZ Metro Area",Government,198200.0
2014-07-01,"Phoenix-Mesa-Chandler, AZ Metro Area",Total Private,1598800.0
2014-07-01,"Pittsburgh, PA Metro Area",Government,109400.0
2014-07-01,"Pittsburgh, PA Metro Area",Total Private,1048300.0
2014-07-01,"Portland-Vancouver-Hillsboro, OR-WA Metro Area",Government,137100.0
2014-07-01,"Portland-Vancouver-Hillsboro, OR-WA Metro Area",Total Private,938200.0
2014-07-01,"Riverside-San Bernardino-Ontario, CA Metro Area",Government,215100.0
2014-07-01,"Riverside-San Bernardino-Ontario, CA Metro Area",Total Private,1051100.0
2014-07-01,"Sacramento-Roseville-Folsom, CA Metro Area",Government,218600.0
2014-07-01,"Sacramento-Roseville-Folsom, CA Metro Area",Total Private,666900.0
2014-07-01,"Salt Lake City, UT Metro Area",Government,98000.0
2014-07-01,"Salt Lake City, UT Metro Area",Total Private,548300.0
2014-07-01,"San Antonio-New Braunfels, TX Metro Area",Government,157800.0
2014-07-01,"San Antonio-New Braunfels, TX Metro Area",Total Private,797800.0
2014-07-01,"San Diego-Chula Vista-Carlsbad, CA Metro Area",Government,222300.0
2014-07-01,"San Diego-Chula Vista-Carlsbad, CA Metro Area",Total Private,1115700.0
2014-07-01,"San Francisco-Oakland-Berkeley, CA Metro Area",Government,295100.0
2014-07-01,"San Francisco-Oakland-Berkeley, CA Metro Area",Total Private,1870600.0
2014-07-01,"San Jose-Sunnyvale-Santa Clara, CA Metro Area",Government,82300.0
2014-07-01,"San Jose-Sunnyvale-Santa Clara, CA Metro Area",Total Private,921900.0
2014-07-01,"St. Louis, MO-IL Metro Area",Government,137400.0
2014-07-01,"St. Louis, MO-IL Metro Area",Total Private,1178800.0
2014-07-01,"Tampa-St. Petersburg-Clearwater, FL Metro Area",Government,143300.0
2014-07-01,"Tampa-St. Petersburg-Clearwater, FL Metro Area",Total Private,1052600.0
2014-07-01,"Yuba City, CA Metro Area",Government,9200.0
2014-07-01,"Yuba City, CA Metro Area",Total Private,29600.0
2014-08-01,"Austin-Round Rock-Georgetown, TX Metro Area",Government,162100.0
2014-08-01,"Austin-Round Rock-Georgetown, TX Metro Area",Total Private,759000.0
2014-08-01,"Charlotte-Concord-Gastonia, NC-SC Metro Area",Government,138500.0
2014-08-01,"Charlotte-Concord-Gastonia, NC-SC Metro Area",Total Private,930100.0
2014-08-01,"Cincinnati, OH-KY-IN Metro Area",Government,127100.0
2014-08-01,"Cincinnati, OH-KY-IN Metro Area",Total Private,924800.0
2014-08-01,"Cleveland-Elyria, OH Metro Area",Government,131000.0
2014-08-01,"Cleveland-Elyria, OH Metro Area",Total Private,913800.0
2014-08-01,"Columbus, OH Metro Area",Government,158400.0
2014-08-01,"Columbus, OH Metro Area",Total Private,861800.0
2014-08-01,"Detroit-Warren-Dearborn, MI Metro Area",Government,169600.0
2014-08-01,"Detroit-Warren-Dearborn, MI Metro Area",Total Private,1735400.0
2014-08-01,"Indianapolis-Carmel-Anderson, IN Metro Area",Government,127800.0
2014-08-01,"Indianapolis-Carmel-Anderson, IN Metro Area",Total Private,874500.0
2014-08-01,"Kansas City, MO-KS Metro Area",Government,133700.0
2014-08-01,"Kansas City, MO-KS Metro Area",Total Private,891200.0
2014-08-01,"Miami-Fort Lauderdale-Pompano Beach, FL Metro Area",Government,298200.0
2014-08-01,"Miami-Fort Lauderdale-Pompano Beach, FL Metro Area",Total Private,2116300.0
2014-08-01,"Orlando-Kissimmee-Sanford, FL Metro Area",Government,119500.0
2014-08-01,"Orlando-Kissimmee-Sanford, FL Metro Area",Total Private,996500.0
2014-08-01,"Phoenix-Mesa-Chandler, AZ Metro Area",Government,223900.0
2014-08-01,"Phoenix-Mesa-Chandler, AZ Metro Area",Total Private,1614000.0
2014-08-01,"Pittsburgh, PA Metro Area",Government,108600.0
2014-08-01,"Pittsburgh, PA Metro Area",Total Private,1047000.0
2014-08-01,"Portland-Vancouver-Hillsboro, OR-WA Metro Area",Government,137300.0
2014-08-01,"Portland-Vancouver-Hillsboro, OR-WA Metro Area",Total Private,942400.0
2014-08-01,"Riverside-San Bernardino-Ontario, CA Metro Area",Government,220300.0
2014-08-01,"Riverside-San Bernardino-Ontario, CA Metro Area",Total Private,1061900.0
2014-08-01,"Sacramento-Roseville-Folsom, CA Metro Area",Government,220300.0
2014-08-01,"Sacramento-Roseville-Folsom, CA Metro Area",Total Private,671100.0
2014-08-01,"Salt Lake City, UT Metro Area",Government,97300.0
2014-08-01,"Salt Lake City, UT Metro Area",Total Private,554400.0
2014-08-01,"San Antonio-New Braunfels, TX Metro Area",Government,158200.0
2014-08-01,"San Antonio-New Braunfels, TX Metro Area",Total Private,799900.0
2014-08-01,"San Diego-Chula Vista-Carlsbad, CA Metro Area",Government,223300.0
2014-08-01,"San Diego-Chula Vista-Carlsbad, CA Metro Area",Total Private,1123300.0
2014-08-01,"San Francisco-Oakland-Berkeley, CA Metro Area",Government,293700.0
2014-08-01,"San Francisco-Oakland-Berkeley, CA Metro Area",Total Private,1881900.0
2014-08-01,"San Jose-Sunnyvale-Santa Clara, CA Metro Area",Government,86100.0
2014-08-01,"San Jose-Sunnyvale-Santa Clara, CA Metro Area",Total Private,927300.0
2014-08-01,"St. Louis, MO-IL Metro Area",Government,145700.0
2014-08-01,"St. Louis, MO-IL Metro Area",Total Private,1182000.0
2014-08-01,"Tampa-St. Petersburg-Clearwater, FL Metro Area",Government,151100.0
2014-08-01,"Tampa-St. Petersburg-Clearwater, FL Metro Area",Total Private,1059400.0
2014-08-01,"Yuba City, CA Metro Area",Government,10100.0
2014-08-01,"Yuba City, CA Metro Area",Total Private,30000.0
2014-09-01,"Austin-Round Rock-Georgetown, TX Metro Area",Government,172300.0
2014-09-01,"Austin-Round Rock-Georgetown, TX Metro Area",Total Private,757300.0
2014-09-01,"Charlotte-Concord-Gastonia, NC-SC Metro Area",Government,145400.0
2014-09-01,"Charlotte-Concord-Gastonia, NC-SC Metro Area",Total Private,930300.0
2014-09-01,"Cincinnati, OH-KY-IN Metro Area",Government,131200.0
2014-09-01,"Cincinnati, OH-KY-IN Metro Area",Total Private,917500.0
2014-09-01,"Cleveland-Elyria, OH Metro Area",Government,133300.0
2014-09-01,"Cleveland-Elyria, OH Metro Area",Total Private,906000.0
2014-09-01,"Columbus, OH Metro Area",Government,169700.0
2014-09-01,"Columbus, OH Metro Area",Total Private,855800.0
2014-09-01,"Detroit-Warren-Dearborn, MI Metro Area",Government,183200.0
2014-09-01,"Detroit-Warren-Dearborn, MI Metro Area",Total Private,1724100.0
2014-09-01,"Indianapolis-Carmel-Anderson, IN Metro Area",Government,129100.0
2014-09-01,"Indianapolis-Carmel-Anderson, IN Metro Area",Total Private,872500.0
2014-09-01,"Kansas City, MO-KS Metro Area",Government,146400.0
2014-09-01,"Kansas City, MO-KS Metro Area",Total Private,881700.0
2014-09-01,"Miami-Fort Lauderdale-Pompano Beach, FL Metro Area",Government,301900.0
2014-09-01,"Miami-Fort Lauderdale-Pompano Beach, FL Metro Area",Total Private,2125500.0
2014-09-01,"Orlando-Kissimmee-Sanford, FL Metro Area",Government,119200.0
2014-09-01,"Orlando-Kissimmee-Sanford, FL Metro Area",Total Private,996500.0
2014-09-01,"Phoenix-Mesa-Chandler, AZ Metro Area",Government,240700.0
2014-09-01,"Phoenix-Mesa-Chandler, AZ Metro Area",Total Private,1615200.0
2014-09-01,"Pittsburgh, PA Metro Area",Government,117600.0
2014-09-01,"Pittsburgh, PA Metro Area",Total Private,1047700.0
2014-09-01,"Portland-Vancouver-Hillsboro, OR-WA Metro Area",Government,140600.0
2014-09-01,"Portland-Vancouver-Hillsboro, OR-WA Metro Area",Total Private,946700.0
2014-09-01,"Riverside-San Bernardino-Ontario, CA Metro Area",Government,224800.0
2014-09-01,"Riverside-San Bernardino-Ontario, CA Metro Area",Total Private,1068200.0
2014-09-01,"Sacramento-Roseville-Folsom, CA Metro Area",Government,223500.0
2014-09-01,"Sacramento-Roseville-Folsom, CA Metro Area",Total Private,669400.0
2014-09-01,"Salt Lake City, UT Metro Area",Government,102600.0
2014-09-01,"Salt Lake City, UT Metro Area",Total Private,553900.0
2014-09-01,"San Antonio-New Braunfels, TX Metro Area",Government,164300.0
2014-09-01,"San Antonio-New Braunfels, TX Metro Area",Total Private,795300.0
2014-09-01,"San Diego-Chula Vista-Carlsbad, CA Metro Area",Government,227100.0
2014-09-01,"San Diego-Chula Vista-Carlsbad, CA Metro Area",Total Private,1119600.0
2014-09-01,"San Francisco-Oakland-Berkeley, CA Metro Area",Government,299100.0
2014-09-01,"San Francisco-Oakland-Berkeley, CA Metro Area",Total Private,1880100.0
2014-09-01,"San Jose-Sunnyvale-Santa Clara, CA Metro Area",Government,92200.0
2014-09-01,"San Jose-Sunnyvale-Santa Clara, CA Metro Area",Total Private,924700.0
2014-09-01,"St. Louis, MO-IL Metro Area",Government,161100.0
2014-09-01,"St. Louis, MO-IL Metro Area",Total Private,1175800.0
2014-09-01,"Tampa-St. Petersburg-Clearwater, FL Metro Area",Government,153600.0
2014-09-01,"Tampa-St. Petersburg-Clearwater, FL Metro Area",Total Private,1058500.0
2014-09-01,"Yuba City, CA Metro Area",Government,10300.0
2014-09-01,"Yuba City, CA Metro Area",Total Private,29900.0
2014-10-01,"Austin-Round Rock-Georgetown, TX Metro Area",Government,175100.0
2014-10-01,"Austin-Round Rock-Georgetown, TX Metro Area",Total Private,763000.0
2014-10-01,"Charlotte-Concord-Gastonia, NC-SC Metro Area",Government,153700.0
2014-10-01,"Charlotte-Concord-Gastonia, NC-SC Metro Area",Total Private,938000.0
2014-10-01,"Cincinnati, OH-KY-IN Metro Area",Government,132500.0
2014-10-01,"Cincinnati, OH-KY-IN Metro Area",Total Private,920900.0
2014-10-01,"Cleveland-Elyria, OH Metro Area",Government,135600.0
2014-10-01,"Cleveland-Elyria, OH Metro Area",Total Private,912300.0
2014-10-01,"Columbus, OH Metro Area",Government,171800.0
2014-10-01,"Columbus, OH Metro Area",Total Private,863000.0
2014-10-01,"Detroit-Warren-Dearborn, MI Metro Area",Government,188000.0
2014-10-01,"Detroit-Warren-Dearborn, MI Metro Area",Total Private,1736200.0
2014-10-01,"Indianapolis-Carmel-Anderson, IN Metro Area",Government,128800.00000000001
2014-10-01,"Indianapolis-Carmel-Anderson, IN Metro Area",Total Private,876600.0
2014-10-01,"Kansas City, MO-KS Metro Area",Government,146900.0
2014-10-01,"Kansas City, MO-KS Metro Area",Total Private,890300.0
2014-10-01,"Miami-Fort Lauderdale-Pompano Beach, FL Metro Area",Government,305000.0
2014-10-01,"Miami-Fort Lauderdale-Pompano Beach, FL Metro Area",Total Private,2152800.0
2014-10-01,"Orlando-Kissimmee-Sanford, FL Metro Area",Government,121300.0
2014-10-01,"Orlando-Kissimmee-Sanford, FL Metro Area",Total Private,1002900.0
2014-10-01,"Phoenix-Mesa-Chandler, AZ Metro Area",Government,245200.0
2014-10-01,"Phoenix-Mesa-Chandler, AZ Metro Area",Total Private,1639000.0
2014-10-01,"Pittsburgh, PA Metro Area",Government,120000.0
2014-10-01,"Pittsburgh, PA Metro Area",Total Private,1051800.0
2014-10-01,"Portland-Vancouver-Hillsboro, OR-WA Metro Area",Government,149500.0
2014-10-01,"Portland-Vancouver-Hillsboro, OR-WA Metro Area",Total Private,947300.0
2014-10-01,"Riverside-San Bernardino-Ontario, CA Metro Area",Government,232200.0
2014-10-01,"Riverside-San Bernardino-Ontario, CA Metro Area",Total Private,1081200.0
2014-10-01,"Sacramento-Roseville-Folsom, CA Metro Area",Government,231700.0
2014-10-01,"Sacramento-Roseville-Folsom, CA Metro Area",Total Private,668200.0
2014-10-01,"Salt Lake City, UT Metro Area",Government,103600.0
2014-10-01,"Salt Lake City, UT Metro Area",Total Private,557800.0
2014-10-01,"San Antonio-New Braunfels, TX Metro Area",Government,168200.0
2014-10-01,"San Antonio-New Braunfels, TX Metro Area",Total Private,801400.0
2014-10-01,"San Diego-Chula Vista-Carlsbad, CA Metro Area",Government,233900.0
2014-10-01,"San Diego-Chula Vista-Carlsbad, CA Metro Area",Total Private,1125200.0
2014-10-01,"San Francisco-Oakland-Berkeley, CA Metro Area",Government,305700.0
2014-10-01,"San Francisco-Oakland-Berkeley, CA Metro Area",Total Private,1891400.0
2014-10-01,"San Jose-Sunnyvale-Santa Clara, CA Metro Area",Government,95200.0
2014-10-01,"San Jose-Sunnyvale-Santa Clara, CA Metro Area",Total Private,929500.0
2014-10-01,"St. Louis, MO-IL Metro Area",Government,164600.0
2014-10-01,"St. Louis, MO-IL Metro Area",Total Private,1187100.0
2014-10-01,"Tampa-St. Petersburg-Clearwater, FL Metro Area",Government,155400.0
2014-10-01,"Tampa-St. Petersburg-Clearwater, FL Metro Area",Total Private,1066900.0
2014-10-01,"Yuba City, CA Metro Area",Government,10500.0
2014-10-01,"Yuba City, CA Metro Area",Total Private,29900.0
2014-11-01,"Austin-Round Rock-Georgetown, TX Metro Area",Government,176000.0
2014-11-01,"Austin-Round Rock-Georgetown, TX Metro Area",Total Private,769800.0
2014-11-01,"Charlotte-Concord-Gastonia, NC-SC Metro Area",Government,154900.0
2014-11-01,"Charlotte-Concord-Gastonia, NC-SC Metro Area",Total Private,942900.0
2014-11-01,"Cincinnati, OH-KY-IN Metro Area",Government,132500.0
2014-11-01,"Cincinnati, OH-KY-IN Metro Area",Total Private,925000.0
2014-11-01,"Cleveland-Elyria, OH Metro Area",Government,135700.0
2014-11-01,"Cleveland-Elyria, OH Metro Area",Total Private,914700.0
2014-11-01,"Columbus, OH Metro Area",Government,172300.0
2014-11-01,"Columbus, OH Metro Area",Total Private,872600.0
2014-11-01,"Detroit-Warren-Dearborn, MI Metro Area",Government,189600.0
2014-11-01,"Detroit-Warren-Dearborn, MI Metro Area",Total Private,1745600.0
2014-11-01,"Indianapolis-Carmel-Anderson, IN Metro Area",Government,130000.0
2014-11-01,"Indianapolis-Carmel-Anderson, IN Metro Area",Total Private,887700.0
2014-11-01,"Kansas City, MO-KS Metro Area",Government,146800.0
2014-11-01,"Kansas City, MO-KS Metro Area",Total Private,892800.0
2014-11-01,"Miami-Fort Lauderdale-Pompano Beach, FL Metro Area",Government,306700.0
2014-11-01,"Miami-Fort Lauderdale-Pompano Beach, FL Metro Area",Total Private,2189200.0
2014-11-01,"Orlando-Kissimmee-Sanford, FL Metro Area",Government,121500.0
2014-11-01,"Orlando-Kissimmee-Sanford, FL Metro Area",Total Private,1014700.0
2014-11-01,"Phoenix-Mesa-Chandler, AZ Metro Area",Government,245400.0
2014-11-01,"Phoenix-Mesa-Chandler, AZ Metro Area",Total Private,1663400.0
2014-11-01,"Pittsburgh, PA Metro Area",Government,120900.0
2014-11-01,"Pittsburgh, PA Metro Area",Total Private,1050500.0
2014-11-01,"Portland-Vancouver-Hillsboro, OR-WA Metro Area",Government,151500.0
2014-11-01,"Portland-Vancouver-Hillsboro, OR-WA Metro Area",Total Private,950900.0
2014-11-01,"Riverside-San Bernardino-Ontario, CA Metro Area",Government,234100.0
2014-11-01,"Riverside-San Bernardino-Ontario, CA Metro Area",Total Private,1107000.0
2014-11-01,"Sacramento-Roseville-Folsom, CA Metro Area",Government,233500.0
2014-11-01,"Sacramento-Roseville-Folsom, CA Metro Area",Total Private,673100.0
2014-11-01,"Salt Lake City, UT Metro Area",Government,103700.0
2014-11-01,"Salt Lake City, UT Metro Area",Total Private,563400.0
2014-11-01,"San Antonio-New Braunfels, TX Metro Area",Government,168800.0
2014-11-01,"San Antonio-New Braunfels, TX Metro Area",Total Private,806000.0
2014-11-01,"San Diego-Chula Vista-Carlsbad, CA Metro Area",Government,236600.0
2014-11-01,"San Diego-Chula Vista-Carlsbad, CA Metro Area",Total Private,1135900.0
2014-11-01,"San Francisco-Oakland-Berkeley, CA Metro Area",Government,309500.0
2014-11-01,"San Francisco-Oakland-Berkeley, CA Metro Area",Total Private,1904100.0
2014-11-01,"San Jose-Sunnyvale-Santa Clara, CA Metro Area",Government,95900.0
2014-11-01,"San Jose-Sunnyvale-Santa Clara, CA Metro Area",Total Private,933600.0
2014-11-01,"St. Louis, MO-IL Metro Area",Government,163800.0
2014-11-01,"St. Louis, MO-IL Metro Area",Total Private,1186800.0
2014-11-01,"Tampa-St. Petersburg-Clearwater, FL Metro Area",Government,155200.0
2014-11-01,"Tampa-St. Petersburg-Clearwater, FL Metro Area",Total Private,1079800.0
2014-11-01,"Yuba City, CA Metro Area",Government,10700.0
2014-11-01,"Yuba City, CA Metro Area",Total Private,29500.0
2014-12-01,"Austin-Round Rock-Georgetown, TX Metro Area",Government,175700.0
2014-12-01,"Austin-Round Rock-Georgetown, TX Metro Area",Total Private,771600.0
2014-12-01,"Charlotte-Concord-Gastonia, NC-SC Metro Area",Government,154400.0
2014-12-01,"Charlotte-Concord-Gastonia, NC-SC Metro Area",Total Private,948500.0
2014-12-01,"Cincinnati, OH-KY-IN Metro Area",Government,131600.0
2014-12-01,"Cincinnati, OH-KY-IN Metro Area",Total Private,927200.0
2014-12-01,"Cleveland-Elyria, OH Metro Area",Government,135100.0
2014-12-01,"Cleveland-Elyria, OH Metro Area",Total Private,916200.0
2014-12-01,"Columbus, OH Metro Area",Government,171400.0
2014-12-01,"Columbus, OH Metro Area",Total Private,873900.0
2014-12-01,"Detroit-Warren-Dearborn, MI Metro Area",Government,186600.0
2014-12-01,"Detroit-Warren-Dearborn, MI Metro Area",Total Private,1750600.0
2014-12-01,"Indianapolis-Carmel-Anderson, IN Metro Area",Government,130699.99999999999
2014-12-01,"Indianapolis-Carmel-Anderson, IN Metro Area",Total Private,888400.0
2014-12-01,"Kansas City, MO-KS Metro Area",Government,145800.0
2014-12-01,"Kansas City, MO-KS Metro Area",Total Private,895000.0
2014-12-01,"Miami-Fort Lauderdale-Pompano Beach, FL Metro Area",Government,304900.0
2014-12-01,"Miami-Fort Lauderdale-Pompano Beach, FL Metro Area",Total Private,2206900.0
2014-12-01,"Orlando-Kissimmee-Sanford, FL Metro Area",Government,121400.0
2014-12-01,"Orlando-Kissimmee-Sanford, FL Metro Area",Total Private,1018500.0
2014-12-01,"Phoenix-Mesa-Chandler, AZ Metro Area",Government,243700.0
2014-12-01,"Phoenix-Mesa-Chandler, AZ Metro Area",Total Private,1675500.0
2014-12-01,"Pittsburgh, PA Metro Area",Government,120700.0
2014-12-01,"Pittsburgh, PA Metro Area",Total Private,1048700.0
2014-12-01,"Portland-Vancouver-Hillsboro, OR-WA Metro Area",Government,150900.0
2014-12-01,"Portland-Vancouver-Hillsboro, OR-WA Metro Area",Total Private,954700.0
2014-12-01,"Riverside-San Bernardino-Ontario, CA Metro Area",Government,233000.0
2014-12-01,"Riverside-San Bernardino-Ontario, CA Metro Area",Total Private,1112400.0
2014-12-01,"Sacramento-Roseville-Folsom, CA Metro Area",Government,228500.0
2014-12-01,"Sacramento-Roseville-Folsom, CA Metro Area",Total Private,675100.0
2014-12-01,"Salt Lake City, UT Metro Area",Government,103900.0
2014-12-01,"Salt Lake City, UT Metro Area",Total Private,565500.0
2014-12-01,"San Antonio-New Braunfels, TX Metro Area",Government,168200.0
2014-12-01,"San Antonio-New Braunfels, TX Metro Area",Total Private,807900.0
2014-12-01,"San Diego-Chula Vista-Carlsbad, CA Metro Area",Government,236100.0
2014-12-01,"San Diego-Chula Vista-Carlsbad, CA Metro Area",Total Private,1139100.0
2014-12-01,"San Francisco-Oakland-Berkeley, CA Metro Area",Government,308600.0
2014-12-01,"San Francisco-Oakland-Berkeley, CA Metro Area",Total Private,1912800.0
2014-12-01,"San Jose-Sunnyvale-Santa Clara, CA Metro Area",Government,95200.0
2014-12-01,"San Jose-Sunnyvale-Santa Clara, CA Metro Area",Total Private,937000.0
2014-12-01,"St. Louis, MO-IL Metro Area",Government,164200.0
2014-12-01,"St. Louis, MO-IL Metro Area",Total Private,1187700.0
2014-12-01,"Tampa-St. Petersburg-Clearwater, FL Metro Area",Government,155300.0
2014-12-01,"Tampa-St. Petersburg-Clearwater, FL Metro Area",Total Private,1084800.0
2014-12-01,"Yuba City, CA Metro Area",Government,10600.0
2014-12-01,"Yuba City, CA Metro Area",Total Private,29400.0
2015-01-01,"Austin-Round Rock-Georgetown, TX Metro Area",Government,175800.0
2015-01-01,"Austin-Round Rock-Georgetown, TX Metro Area",Total Private,759100.0
2015-01-01,"Charlotte-Concord-Gastonia, NC-SC Metro Area",Government,151600.0
2015-01-01,"Charlotte-Concord-Gastonia, NC-SC Metro Area",Total Private,931100.0
2015-01-01,"Cincinnati, OH-KY-IN Metro Area",Government,127800.0
2015-01-01,"Cincinnati, OH-KY-IN Metro Area",Total Private,902700.0
2015-01-01,"Cleveland-Elyria, OH Metro Area",Government,132800.0
2015-01-01,"Cleveland-Elyria, OH Metro Area",Total Private,885700.0
2015-01-01,"Columbus, OH Metro Area",Government,168700.0
2015-01-01,"Columbus, OH Metro Area",Total Private,846600.0
2015-01-01,"Detroit-Warren-Dearborn, MI Metro Area",Government,182000.0
2015-01-01,"Detroit-Warren-Dearborn, MI Metro Area",Total Private,1714100.0
2015-01-01,"Indianapolis-Carmel-Anderson, IN Metro Area",Government,128900.0
2015-01-01,"Indianapolis-Carmel-Anderson, IN Metro Area",Total Private,858300.0
2015-01-01,"Kansas City, MO-KS Metro Area",Government,145200.0
2015-01-01,"Kansas City, MO-KS Metro Area",Total Private,872800.0
2015-01-01,"Miami-Fort Lauderdale-Pompano Beach, FL Metro Area",Government,303100.0
2015-01-01,"Miami-Fort Lauderdale-Pompano Beach, FL Metro Area",Total Private,2167400.0
2015-01-01,"Orlando-Kissimmee-Sanford, FL Metro Area",Government,121200.0
2015-01-01,"Orlando-Kissimmee-Sanford, FL Metro Area",Total Private,1003500.0
2015-01-01,"Phoenix-Mesa-Chandler, AZ Metro Area",Government,235300.0
2015-01-01,"Phoenix-Mesa-Chandler, AZ Metro Area",Total Private,1644100.0
2015-01-01,"Pittsburgh, PA Metro Area",Government,116100.0
2015-01-01,"Pittsburgh, PA Metro Area",Total Private,1022700.0
2015-01-01,"Portland-Vancouver-Hillsboro, OR-WA Metro Area",Government,150400.0
2015-01-01,"Portland-Vancouver-Hillsboro, OR-WA Metro Area",Total Private,936900.0
2015-01-01,"Riverside-San Bernardino-Ontario, CA Metro Area",Government,232400.0
2015-01-01,"Riverside-San Bernardino-Ontario, CA Metro Area",Total Private,1091500.0
2015-01-01,"Sacramento-Roseville-Folsom, CA Metro Area",Government,230900.0
2015-01-01,"Sacramento-Roseville-Folsom, CA Metro Area",Total Private,666500.0
2015-01-01,"Salt Lake City, UT Metro Area",Government,103100.0
2015-01-01,"Salt Lake City, UT Metro Area",Total Private,555800.0
2015-01-01,"San Antonio-New Braunfels, TX Metro Area",Government,166800.0
2015-01-01,"San Antonio-New Braunfels, TX Metro Area",Total Private,795800.0
2015-01-01,"San Diego-Chula Vista-Carlsbad, CA Metro Area",Government,234500.0
2015-01-01,"San Diego-Chula Vista-Carlsbad, CA Metro Area",Total Private,1117700.0
2015-01-01,"San Francisco-Oakland-Berkeley, CA Metro Area",Government,305800.0
2015-01-01,"San Francisco-Oakland-Berkeley, CA Metro Area",Total Private,1883200.0
2015-01-01,"San Jose-Sunnyvale-Santa Clara, CA Metro Area",Government,93800.0
2015-01-01,"San Jose-Sunnyvale-Santa Clara, CA Metro Area",Total Private,927300.0
2015-01-01,"St. Louis, MO-IL Metro Area",Government,159200.0
2015-01-01,"St. Louis, MO-IL Metro Area",Total Private,1162500.0
2015-01-01,"Tampa-St. Petersburg-Clearwater, FL Metro Area",Government,153800.0
2015-01-01,"Tampa-St. Petersburg-Clearwater, FL Metro Area",Total Private,1069100.0
2015-01-01,"Yuba City, CA Metro Area",Government,10300.0
2015-01-01,"Yuba City, CA Metro Area",Total Private,28700.0
2015-02-01,"Austin-Round Rock-Georgetown, TX Metro Area",Government,177200.0
2015-02-01,"Austin-Round Rock-Georgetown, TX Metro Area",Total Private,767700.0
2015-02-01,"Charlotte-Concord-Gastonia, NC-SC Metro Area",Government,152900.0
2015-02-01,"Charlotte-Concord-Gastonia, NC-SC Metro Area",Total Private,937300.0
2015-02-01,"Cincinnati, OH-KY-IN Metro Area",Government,130900.0
2015-02-01,"Cincinnati, OH-KY-IN Metro Area",Total Private,901500.0
2015-02-01,"Cleveland-Elyria, OH Metro Area",Government,134100.0
2015-02-01,"Cleveland-Elyria, OH Metro Area",Total Private,888000.0
2015-02-01,"Columbus, OH Metro Area",Government,171300.0
2015-02-01,"Columbus, OH Metro Area",Total Private,845700.0
2015-02-01,"Detroit-Warren-Dearborn, MI Metro Area",Government,185800.0
2015-02-01,"Detroit-Warren-Dearborn, MI Metro Area",Total Private,1713400.0
2015-02-01,"Indianapolis-Carmel-Anderson, IN Metro Area",Government,130000.0
2015-02-01,"Indianapolis-Carmel-Anderson, IN Metro Area",Total Private,860700.0
2015-02-01,"Kansas City, MO-KS Metro Area",Government,147500.0
2015-02-01,"Kansas City, MO-KS Metro Area",Total Private,877200.0
2015-02-01,"Miami-Fort Lauderdale-Pompano Beach, FL Metro Area",Government,305000.0
2015-02-01,"Miami-Fort Lauderdale-Pompano Beach, FL Metro Area",Total Private,2180400.0
2015-02-01,"Orlando-Kissimmee-Sanford, FL Metro Area",Government,122000.0
2015-02-01,"Orlando-Kissimmee-Sanford, FL Metro Area",Total Private,1015400.0
2015-02-01,"Phoenix-Mesa-Chandler, AZ Metro Area",Government,243500.0
2015-02-01,"Phoenix-Mesa-Chandler, AZ Metro Area",Total Private,1654300.0
2015-02-01,"Pittsburgh, PA Metro Area",Government,119200.0
2015-02-01,"Pittsburgh, PA Metro Area",Total Private,1019600.0
2015-02-01,"Portland-Vancouver-Hillsboro, OR-WA Metro Area",Government,152100.0
2015-02-01,"Portland-Vancouver-Hillsboro, OR-WA Metro Area",Total Private,944100.0
2015-02-01,"Riverside-San Bernardino-Ontario, CA Metro Area",Government,233300.0
2015-02-01,"Riverside-San Bernardino-Ontario, CA Metro Area",Total Private,1092600.0
2015-02-01,"Sacramento-Roseville-Folsom, CA Metro Area",Government,231600.0
2015-02-01,"Sacramento-Roseville-Folsom, CA Metro Area",Total Private,668000.0
2015-02-01,"Salt Lake City, UT Metro Area",Government,103900.0
2015-02-01,"Salt Lake City, UT Metro Area",Total Private,558300.0
2015-02-01,"San Antonio-New Braunfels, TX Metro Area",Government,168600.0
2015-02-01,"San Antonio-New Braunfels, TX Metro Area",Total Private,803400.0
2015-02-01,"San Diego-Chula Vista-Carlsbad, CA Metro Area",Government,235800.0
2015-02-01,"San Diego-Chula Vista-Carlsbad, CA Metro Area",Total Private,1122700.0
2015-02-01,"San Francisco-Oakland-Berkeley, CA Metro Area",Government,307000.0
2015-02-01,"San Francisco-Oakland-Berkeley, CA Metro Area",Total Private,1895000.0
2015-02-01,"San Jose-Sunnyvale-Santa Clara, CA Metro Area",Government,94600.0
2015-02-01,"San Jose-Sunnyvale-Santa Clara, CA Metro Area",Total Private,931500.0
2015-02-01,"St. Louis, MO-IL Metro Area",Government,162800.0
2015-02-01,"St. Louis, MO-IL Metro Area",Total Private,1163700.0
2015-02-01,"Tampa-St. Petersburg-Clearwater, FL Metro Area",Government,155600.0
2015-02-01,"Tampa-St. Petersburg-Clearwater, FL Metro Area",Total Private,1079400.0
2015-02-01,"Yuba City, CA Metro Area",Government,10300.0
2015-02-01,"Yuba City, CA Metro Area",Total Private,28900.0
2015-03-01,"Austin-Round Rock-Georgetown, TX Metro Area",Government,177500.0
2015-03-01,"Austin-Round Rock-Georgetown, TX Metro Area",Total Private,773900.0
2015-03-01,"Charlotte-Concord-Gastonia, NC-SC Metro Area",Government,153700.0
2015-03-01,"Charlotte-Concord-Gastonia, NC-SC Metro Area",Total Private,942400.0
2015-03-01,"Cincinnati, OH-KY-IN Metro Area",Government,132000.0
2015-03-01,"Cincinnati, OH-KY-IN Metro Area",Total Private,910100.0
2015-03-01,"Cleveland-Elyria, OH Metro Area",Government,132700.0
2015-03-01,"Cleveland-Elyria, OH Metro Area",Total Private,891800.0
2015-03-01,"Columbus, OH Metro Area",Government,171200.0
2015-03-01,"Columbus, OH Metro Area",Total Private,848600.0
2015-03-01,"Detroit-Warren-Dearborn, MI Metro Area",Government,186700.0
2015-03-01,"Detroit-Warren-Dearborn, MI Metro Area",Total Private,1720300.0
2015-03-01,"Indianapolis-Carmel-Anderson, IN Metro Area",Government,130400.0
2015-03-01,"Indianapolis-Carmel-Anderson, IN Metro Area",Total Private,870000.0
2015-03-01,"Kansas City, MO-KS Metro Area",Government,148900.0
2015-03-01,"Kansas City, MO-KS Metro Area",Total Private,884400.0
2015-03-01,"Miami-Fort Lauderdale-Pompano Beach, FL Metro Area",Government,306300.0
2015-03-01,"Miami-Fort Lauderdale-Pompano Beach, FL Metro Area",Total Private,2190400.0
2015-03-01,"Orlando-Kissimmee-Sanford, FL Metro Area",Government,122500.0
2015-03-01,"Orlando-Kissimmee-Sanford, FL Metro Area",Total Private,1022000.0
2015-03-01,"Phoenix-Mesa-Chandler, AZ Metro Area",Government,242900.0
2015-03-01,"Phoenix-Mesa-Chandler, AZ Metro Area",Total Private,1660300.0
2015-03-01,"Pittsburgh, PA Metro Area",Government,119400.0
2015-03-01,"Pittsburgh, PA Metro Area",Total Private,1025800.0
2015-03-01,"Portland-Vancouver-Hillsboro, OR-WA Metro Area",Government,152300.0
2015-03-01,"Portland-Vancouver-Hillsboro, OR-WA Metro Area",Total Private,949000.0
2015-03-01,"Riverside-San Bernardino-Ontario, CA Metro Area",Government,236100.0
2015-03-01,"Riverside-San Bernardino-Ontario, CA Metro Area",Total Private,1096900.0
2015-03-01,"Sacramento-Roseville-Folsom, CA Metro Area",Government,233400.0
2015-03-01,"Sacramento-Roseville-Folsom, CA Metro Area",Total Private,672300.0
2015-03-01,"Salt Lake City, UT Metro Area",Government,104600.0
2015-03-01,"Salt Lake City, UT Metro Area",Total Private,562200.0
2015-03-01,"San Antonio-New Braunfels, TX Metro Area",Government,168400.0
2015-03-01,"San Antonio-New Braunfels, TX Metro Area",Total Private,807700.0
2015-03-01,"San Diego-Chula Vista-Carlsbad, CA Metro Area",Government,237600.0
2015-03-01,"San Diego-Chula Vista-Carlsbad, CA Metro Area",Total Private,1127700.0
2015-03-01,"San Francisco-Oakland-Berkeley, CA Metro Area",Government,310400.0
2015-03-01,"San Francisco-Oakland-Berkeley, CA Metro Area",Total Private,1907100.0
2015-03-01,"San Jose-Sunnyvale-Santa Clara, CA Metro Area",Government,94100.0
2015-03-01,"San Jose-Sunnyvale-Santa Clara, CA Metro Area",Total Private,936400.0
2015-03-01,"St. Louis, MO-IL Metro Area",Government,163100.0
2015-03-01,"St. Louis, MO-IL Metro Area",Total Private,1169900.0
2015-03-01,"Tampa-St. Petersburg-Clearwater, FL Metro Area",Government,155300.0
2015-03-01,"Tampa-St. Petersburg-Clearwater, FL Metro Area",Total Private,1086900.0
2015-03-01,"Yuba City, CA Metro Area",Government,10700.0
2015-03-01,"Yuba City, CA Metro Area",Total Private,29300.0
2015-04-01,"Austin-Round Rock-Georgetown, TX Metro Area",Government,177700.0
2015-04-01,"Austin-Round Rock-Georgetown, TX Metro Area",Total Private,779600.0
2015-04-01,"Charlotte-Concord-Gastonia, NC-SC Metro Area",Government,154200.0
2015-04-01,"Charlotte-Concord-Gastonia, NC-SC Metro Area",Total Private,949200.0
2015-04-01,"Cincinnati, OH-KY-IN Metro Area",Government,132500.0
2015-04-01,"Cincinnati, OH-KY-IN Metro Area",Total Private,925300.0
2015-04-01,"Cleveland-Elyria, OH Metro Area",Government,135200.0
2015-04-01,"Cleveland-Elyria, OH Metro Area",Total Private,906400.0
2015-04-01,"Columbus, OH Metro Area",Government,172300.0
2015-04-01,"Columbus, OH Metro Area",Total Private,859900.0
2015-04-01,"Detroit-Warren-Dearborn, MI Metro Area",Government,187500.0
2015-04-01,"Detroit-Warren-Dearborn, MI Metro Area",Total Private,1733700.0
2015-04-01,"Indianapolis-Carmel-Anderson, IN Metro Area",Government,130199.99999999999
2015-04-01,"Indianapolis-Carmel-Anderson, IN Metro Area",Total Private,881700.0
2015-04-01,"Kansas City, MO-KS Metro Area",Government,149500.0
2015-04-01,"Kansas City, MO-KS Metro Area",Total Private,893800.0
2015-04-01,"Miami-Fort Lauderdale-Pompano Beach, FL Metro Area",Government,307100.0
2015-04-01,"Miami-Fort Lauderdale-Pompano Beach, FL Metro Area",Total Private,2192200.0
2015-04-01,"Orlando-Kissimmee-Sanford, FL Metro Area",Government,122700.0
2015-04-01,"Orlando-Kissimmee-Sanford, FL Metro Area",Total Private,1029900.0000000001
2015-04-01,"Phoenix-Mesa-Chandler, AZ Metro Area",Government,242500.0
2015-04-01,"Phoenix-Mesa-Chandler, AZ Metro Area",Total Private,1668800.0
2015-04-01,"Pittsburgh, PA Metro Area",Government,120300.0
2015-04-01,"Pittsburgh, PA Metro Area",Total Private,1040599.9999999999
2015-04-01,"Portland-Vancouver-Hillsboro, OR-WA Metro Area",Government,152800.0
2015-04-01,"Portland-Vancouver-Hillsboro, OR-WA Metro Area",Total Private,956400.0
2015-04-01,"Riverside-San Bernardino-Ontario, CA Metro Area",Government,236400.0
2015-04-01,"Riverside-San Bernardino-Ontario, CA Metro Area",Total Private,1103300.0
2015-04-01,"Sacramento-Roseville-Folsom, CA Metro Area",Government,234200.0
2015-04-01,"Sacramento-Roseville-Folsom, CA Metro Area",Total Private,676600.0
2015-04-01,"Salt Lake City, UT Metro Area",Government,105300.0
2015-04-01,"Salt Lake City, UT Metro Area",Total Private,563200.0
2015-04-01,"San Antonio-New Braunfels, TX Metro Area",Government,168900.0
2015-04-01,"San Antonio-New Braunfels, TX Metro Area",Total Private,812900.0
2015-04-01,"San Diego-Chula Vista-Carlsbad, CA Metro Area",Government,238200.0
2015-04-01,"San Diego-Chula Vista-Carlsbad, CA Metro Area",Total Private,1133100.0
2015-04-01,"San Francisco-Oakland-Berkeley, CA Metro Area",Government,312500.0
2015-04-01,"San Francisco-Oakland-Berkeley, CA Metro Area",Total Private,1918300.0
2015-04-01,"San Jose-Sunnyvale-Santa Clara, CA Metro Area",Government,94800.0
2015-04-01,"San Jose-Sunnyvale-Santa Clara, CA Metro Area",Total Private,943300.0
2015-04-01,"St. Louis, MO-IL Metro Area",Government,163400.0
2015-04-01,"St. Louis, MO-IL Metro Area",Total Private,1192200.0
2015-04-01,"Tampa-St. Petersburg-Clearwater, FL Metro Area",Government,156000.0
2015-04-01,"Tampa-St. Petersburg-Clearwater, FL Metro Area",Total Private,1091600.0
2015-04-01,"Yuba City, CA Metro Area",Government,10700.0
2015-04-01,"Yuba City, CA Metro Area",Total Private,29700.0
2015-05-01,"Austin-Round Rock-Georgetown, TX Metro Area",Government,178100.0
2015-05-01,"Austin-Round Rock-Georgetown, TX Metro Area",Total Private,785600.0
2015-05-01,"Charlotte-Concord-Gastonia, NC-SC Metro Area",Government,154700.0
2015-05-01,"Charlotte-Concord-Gastonia, NC-SC Metro Area",Total Private,961800.0
2015-05-01,"Cincinnati, OH-KY-IN Metro Area",Government,133500.0
2015-05-01,"Cincinnati, OH-KY-IN Metro Area",Total Private,937100.0
2015-05-01,"Cleveland-Elyria, OH Metro Area",Government,137300.0
2015-05-01,"Cleveland-Elyria, OH Metro Area",Total Private,919500.0
2015-05-01,"Columbus, OH Metro Area",Government,173300.0
2015-05-01,"Columbus, OH Metro Area",Total Private,870400.0
2015-05-01,"Detroit-Warren-Dearborn, MI Metro Area",Government,186800.0
2015-05-01,"Detroit-Warren-Dearborn, MI Metro Area",Total Private,1766200.0
2015-05-01,"Indianapolis-Carmel-Anderson, IN Metro Area",Government,131000.0
2015-05-01,"Indianapolis-Carmel-Anderson, IN Metro Area",Total Private,892700.0
2015-05-01,"Kansas City, MO-KS Metro Area",Government,149200.0
2015-05-01,"Kansas City, MO-KS Metro Area",Total Private,902500.0
2015-05-01,"Miami-Fort Lauderdale-Pompano Beach, FL Metro Area",Government,306900.0
2015-05-01,"Miami-Fort Lauderdale-Pompano Beach, FL Metro Area",Total Private,2196600.0
2015-05-01,"Orlando-Kissimmee-Sanford, FL Metro Area",Government,121400.0
2015-05-01,"Orlando-Kissimmee-Sanford, FL Metro Area",Total Private,1037400.0000000001
2015-05-01,"Phoenix-Mesa-Chandler, AZ Metro Area",Government,235800.0
2015-05-01,"Phoenix-Mesa-Chandler, AZ Metro Area",Total Private,1669300.0
2015-05-01,"Pittsburgh, PA Metro Area",Government,120200.0
2015-05-01,"Pittsburgh, PA Metro Area",Total Private,1051100.0
2015-05-01,"Portland-Vancouver-Hillsboro, OR-WA Metro Area",Government,153200.0
2015-05-01,"Portland-Vancouver-Hillsboro, OR-WA Metro Area",Total Private,960500.0
2015-05-01,"Riverside-San Bernardino-Ontario, CA Metro Area",Government,237200.0
2015-05-01,"Riverside-San Bernardino-Ontario, CA Metro Area",Total Private,1107500.0
2015-05-01,"Sacramento-Roseville-Folsom, CA Metro Area",Government,233800.0
2015-05-01,"Sacramento-Roseville-Folsom, CA Metro Area",Total Private,681700.0
2015-05-01,"Salt Lake City, UT Metro Area",Government,105800.0
2015-05-01,"Salt Lake City, UT Metro Area",Total Private,566900.0
2015-05-01,"San Antonio-New Braunfels, TX Metro Area",Government,169000.0
2015-05-01,"San Antonio-New Braunfels, TX Metro Area",Total Private,819100.0
2015-05-01,"San Diego-Chula Vista-Carlsbad, CA Metro Area",Government,239600.0
2015-05-01,"San Diego-Chula Vista-Carlsbad, CA Metro Area",Total Private,1142200.0
2015-05-01,"San Francisco-Oakland-Berkeley, CA Metro Area",Government,313000.0
2015-05-01,"San Francisco-Oakland-Berkeley, CA Metro Area",Total Private,1930000.0
2015-05-01,"San Jose-Sunnyvale-Santa Clara, CA Metro Area",Government,95200.0
2015-05-01,"San Jose-Sunnyvale-Santa Clara, CA Metro Area",Total Private,950100.0
2015-05-01,"St. Louis, MO-IL Metro Area",Government,164500.0
2015-05-01,"St. Louis, MO-IL Metro Area",Total Private,1203300.0
2015-05-01,"Tampa-St. Petersburg-Clearwater, FL Metro Area",Government,155100.0
2015-05-01,"Tampa-St. Petersburg-Clearwater, FL Metro Area",Total Private,1094100.0
2015-05-01,"Yuba City, CA Metro Area",Government,10900.0
2015-05-01,"Yuba City, CA Metro Area",Total Private,30100.0
2015-06-01,"Austin-Round Rock-Georgetown, TX Metro Area",Government,176800.0
2015-06-01,"Austin-Round Rock-Georgetown, TX Metro Area",Total Private,793700.0
2015-06-01,"Charlotte-Concord-Gastonia, NC-SC Metro Area",Government,145800.0
2015-06-01,"Charlotte-Concord-Gastonia, NC-SC Metro Area",Total Private,969200.0
2015-06-01,"Cincinnati, OH-KY-IN Metro Area",Government,128699.99999999999
2015-06-01,"Cincinnati, OH-KY-IN Metro Area",Total Private,943500.0
2015-06-01,"Cleveland-Elyria, OH Metro Area",Government,136400.0
2015-06-01,"Cleveland-Elyria, OH Metro Area",Total Private,922200.0
2015-06-01,"Columbus, OH Metro Area",Government,167200.0
2015-06-01,"Columbus, OH Metro Area",Total Private,876200.0
2015-06-01,"Detroit-Warren-Dearborn, MI Metro Area",Government,185300.0
2015-06-01,"Detroit-Warren-Dearborn, MI Metro Area",Total Private,1778600.0
2015-06-01,"Indianapolis-Carmel-Anderson, IN Metro Area",Government,124700.0
2015-06-01,"Indianapolis-Carmel-Anderson, IN Metro Area",Total Private,897700.0
2015-06-01,"Kansas City, MO-KS Metro Area",Government,146800.0
2015-06-01,"Kansas City, MO-KS Metro Area",Total Private,909600.0
2015-06-01,"Miami-Fort Lauderdale-Pompano Beach, FL Metro Area",Government,281500.0
2015-06-01,"Miami-Fort Lauderdale-Pompano Beach, FL Metro Area",Total Private,2191700.0
2015-06-01,"Orlando-Kissimmee-Sanford, FL Metro Area",Government,110400.0
2015-06-01,"Orlando-Kissimmee-Sanford, FL Metro Area",Total Private,1041099.9999999999
2015-06-01,"Phoenix-Mesa-Chandler, AZ Metro Area",Government,207600.0
2015-06-01,"Phoenix-Mesa-Chandler, AZ Metro Area",Total Private,1663900.0
2015-06-01,"Pittsburgh, PA Metro Area",Government,117200.0
2015-06-01,"Pittsburgh, PA Metro Area",Total Private,1053600.0
2015-06-01,"Portland-Vancouver-Hillsboro, OR-WA Metro Area",Government,151800.0
2015-06-01,"Portland-Vancouver-Hillsboro, OR-WA Metro Area",Total Private,965700.0
2015-06-01,"Riverside-San Bernardino-Ontario, CA Metro Area",Government,234400.0
2015-06-01,"Riverside-San Bernardino-Ontario, CA Metro Area",Total Private,1108500.0
2015-06-01,"Sacramento-Roseville-Folsom, CA Metro Area",Government,235100.0
2015-06-01,"Sacramento-Roseville-Folsom, CA Metro Area",Total Private,686400.0
2015-06-01,"Salt Lake City, UT Metro Area",Government,104800.0
2015-06-01,"Salt Lake City, UT Metro Area",Total Private,569700.0
2015-06-01,"San Antonio-New Braunfels, TX Metro Area",Government,165400.0
2015-06-01,"San Antonio-New Braunfels, TX Metro Area",Total Private,825700.0
2015-06-01,"San Diego-Chula Vista-Carlsbad, CA Metro Area",Government,238800.0
2015-06-01,"San Diego-Chula Vista-Carlsbad, CA Metro Area",Total Private,1147000.0
2015-06-01,"San Francisco-Oakland-Berkeley, CA Metro Area",Government,310700.0
2015-06-01,"San Francisco-Oakland-Berkeley, CA Metro Area",Total Private,1940500.0
2015-06-01,"San Jose-Sunnyvale-Santa Clara, CA Metro Area",Government,94700.0
2015-06-01,"San Jose-Sunnyvale-Santa Clara, CA Metro Area",Total Private,957800.0
2015-06-01,"St. Louis, MO-IL Metro Area",Government,159600.0
2015-06-01,"St. Louis, MO-IL Metro Area",Total Private,1203400.0
2015-06-01,"Tampa-St. Petersburg-Clearwater, FL Metro Area",Government,144400.0
2015-06-01,"Tampa-St. Petersburg-Clearwater, FL Metro Area",Total Private,1094800.0
2015-06-01,"Yuba City, CA Metro Area",Government,10800.0
2015-06-01,"Yuba City, CA Metro Area",Total Private,30300.0
2015-07-01,"Austin-Round Rock-Georgetown, TX Metro Area",Government,166500.0
2015-07-01,"Austin-Round Rock-Georgetown, TX Metro Area",Total Private,795600.0
2015-07-01,"Charlotte-Concord-Gastonia, NC-SC Metro Area",Government,126200.0
2015-07-01,"Charlotte-Concord-Gastonia, NC-SC Metro Area",Total Private,970700.0
2015-07-01,"Cincinnati, OH-KY-IN Metro Area",Government,124500.0
2015-07-01,"Cincinnati, OH-KY-IN Metro Area",Total Private,943000.0
2015-07-01,"Cleveland-Elyria, OH Metro Area",Government,130199.99999999999
2015-07-01,"Cleveland-Elyria, OH Metro Area",Total Private,922600.0
2015-07-01,"Columbus, OH Metro Area",Government,162400.0
2015-07-01,"Columbus, OH Metro Area",Total Private,879500.0
2015-07-01,"Detroit-Warren-Dearborn, MI Metro Area",Government,169500.0
2015-07-01,"Detroit-Warren-Dearborn, MI Metro Area",Total Private,1763700.0
2015-07-01,"Indianapolis-Carmel-Anderson, IN Metro Area",Government,117300.0
2015-07-01,"Indianapolis-Carmel-Anderson, IN Metro Area",Total Private,897200.0
2015-07-01,"Kansas City, MO-KS Metro Area",Government,134800.0
2015-07-01,"Kansas City, MO-KS Metro Area",Total Private,911300.0
2015-07-01,"Miami-Fort Lauderdale-Pompano Beach, FL Metro Area",Government,279600.0
2015-07-01,"Miami-Fort Lauderdale-Pompano Beach, FL Metro Area",Total Private,2183500.0
2015-07-01,"Orlando-Kissimmee-Sanford, FL Metro Area",Government,110400.0
2015-07-01,"Orlando-Kissimmee-Sanford, FL Metro Area",Total Private,1040700.0
2015-07-01,"Phoenix-Mesa-Chandler, AZ Metro Area",Government,200200.0
2015-07-01,"Phoenix-Mesa-Chandler, AZ Metro Area",Total Private,1665500.0
2015-07-01,"Pittsburgh, PA Metro Area",Government,109300.0
2015-07-01,"Pittsburgh, PA Metro Area",Total Private,1051600.0
2015-07-01,"Portland-Vancouver-Hillsboro, OR-WA Metro Area",Government,141000.0
2015-07-01,"Portland-Vancouver-Hillsboro, OR-WA Metro Area",Total Private,973600.0
2015-07-01,"Riverside-San Bernardino-Ontario, CA Metro Area",Government,219400.0
2015-07-01,"Riverside-San Bernardino-Ontario, CA Metro Area",Total Private,1115500.0
2015-07-01,"Sacramento-Roseville-Folsom, CA Metro Area",Government,224700.0
2015-07-01,"Sacramento-Roseville-Folsom, CA Metro Area",Total Private,694400.0
2015-07-01,"Salt Lake City, UT Metro Area",Government,100100.0
2015-07-01,"Salt Lake City, UT Metro Area",Total Private,572400.0
2015-07-01,"San Antonio-New Braunfels, TX Metro Area",Government,160500.0
2015-07-01,"San Antonio-New Braunfels, TX Metro Area",Total Private,826800.0
2015-07-01,"San Diego-Chula Vista-Carlsbad, CA Metro Area",Government,227400.0
2015-07-01,"San Diego-Chula Vista-Carlsbad, CA Metro Area",Total Private,1158600.0
2015-07-01,"San Francisco-Oakland-Berkeley, CA Metro Area",Government,299900.0
2015-07-01,"San Francisco-Oakland-Berkeley, CA Metro Area",Total Private,1957800.0
2015-07-01,"San Jose-Sunnyvale-Santa Clara, CA Metro Area",Government,83700.0
2015-07-01,"San Jose-Sunnyvale-Santa Clara, CA Metro Area",Total Private,965600.0
2015-07-01,"St. Louis, MO-IL Metro Area",Government,138700.0
2015-07-01,"St. Louis, MO-IL Metro Area",Total Private,1206900.0
2015-07-01,"Tampa-St. Petersburg-Clearwater, FL Metro Area",Government,143700.0
2015-07-01,"Tampa-St. Petersburg-Clearwater, FL Metro Area",Total Private,1093000.0
2015-07-01,"Yuba City, CA Metro Area",Government,9900.0
2015-07-01,"Yuba City, CA Metro Area",Total Private,31000.0
2015-08-01,"Austin-Round Rock-Georgetown, TX Metro Area",Government,164600.0
2015-08-01,"Austin-Round Rock-Georgetown, TX Metro Area",Total Private,799400.0
2015-08-01,"Charlotte-Concord-Gastonia, NC-SC Metro Area",Government,141100.0
2015-08-01,"Charlotte-Concord-Gastonia, NC-SC Metro Area",Total Private,971200.0
2015-08-01,"Cincinnati, OH-KY-IN Metro Area",Government,128000.0
2015-08-01,"Cincinnati, OH-KY-IN Metro Area",Total Private,943000.0
2015-08-01,"Cleveland-Elyria, OH Metro Area",Government,132400.0
2015-08-01,"Cleveland-Elyria, OH Metro Area",Total Private,921900.0
2015-08-01,"Columbus, OH Metro Area",Government,165300.0
2015-08-01,"Columbus, OH Metro Area",Total Private,881500.0
2015-08-01,"Detroit-Warren-Dearborn, MI Metro Area",Government,167900.0
2015-08-01,"Detroit-Warren-Dearborn, MI Metro Area",Total Private,1773800.0
2015-08-01,"Indianapolis-Carmel-Anderson, IN Metro Area",Government,128199.99999999999
2015-08-01,"Indianapolis-Carmel-Anderson, IN Metro Area",Total Private,901300.0
2015-08-01,"Kansas City, MO-KS Metro Area",Government,135800.0
2015-08-01,"Kansas City, MO-KS Metro Area",Total Private,910400.0
2015-08-01,"Miami-Fort Lauderdale-Pompano Beach, FL Metro Area",Government,299700.0
2015-08-01,"Miami-Fort Lauderdale-Pompano Beach, FL Metro Area",Total Private,2197200.0
2015-08-01,"Orlando-Kissimmee-Sanford, FL Metro Area",Government,121900.0
2015-08-01,"Orlando-Kissimmee-Sanford, FL Metro Area",Total Private,1042900.0000000001
2015-08-01,"Phoenix-Mesa-Chandler, AZ Metro Area",Government,222100.0
2015-08-01,"Phoenix-Mesa-Chandler, AZ Metro Area",Total Private,1678800.0
2015-08-01,"Pittsburgh, PA Metro Area",Government,108700.0
2015-08-01,"Pittsburgh, PA Metro Area",Total Private,1050700.0
2015-08-01,"Portland-Vancouver-Hillsboro, OR-WA Metro Area",Government,141300.0
2015-08-01,"Portland-Vancouver-Hillsboro, OR-WA Metro Area",Total Private,976900.0
2015-08-01,"Riverside-San Bernardino-Ontario, CA Metro Area",Government,225500.0
2015-08-01,"Riverside-San Bernardino-Ontario, CA Metro Area",Total Private,1122200.0
2015-08-01,"Sacramento-Roseville-Folsom, CA Metro Area",Government,225900.0
2015-08-01,"Sacramento-Roseville-Folsom, CA Metro Area",Total Private,695600.0
2015-08-01,"Salt Lake City, UT Metro Area",Government,98900.0
2015-08-01,"Salt Lake City, UT Metro Area",Total Private,576800.0
2015-08-01,"San Antonio-New Braunfels, TX Metro Area",Government,160900.0
2015-08-01,"San Antonio-New Braunfels, TX Metro Area",Total Private,827500.0
2015-08-01,"San Diego-Chula Vista-Carlsbad, CA Metro Area",Government,226900.0
2015-08-01,"San Diego-Chula Vista-Carlsbad, CA Metro Area",Total Private,1162300.0
2015-08-01,"San Francisco-Oakland-Berkeley, CA Metro Area",Government,302500.0
2015-08-01,"San Francisco-Oakland-Berkeley, CA Metro Area",Total Private,1965600.0
2015-08-01,"San Jose-Sunnyvale-Santa Clara, CA Metro Area",Government,87300.0
2015-08-01,"San Jose-Sunnyvale-Santa Clara, CA Metro Area",Total Private,967500.0
2015-08-01,"St. Louis, MO-IL Metro Area",Government,147200.0
2015-08-01,"St. Louis, MO-IL Metro Area",Total Private,1207300.0
2015-08-01,"Tampa-St. Petersburg-Clearwater, FL Metro Area",Government,152000.0
2015-08-01,"Tampa-St. Petersburg-Clearwater, FL Metro Area",Total Private,1097700.0
2015-08-01,"Yuba City, CA Metro Area",Government,10700.0
2015-08-01,"Yuba City, CA Metro Area",Total Private,31400.0
2015-09-01,"Austin-Round Rock-Georgetown, TX Metro Area",Government,174800.0
2015-09-01,"Austin-Round Rock-Georgetown, TX Metro Area",Total Private,797300.0
2015-09-01,"Charlotte-Concord-Gastonia, NC-SC Metro Area",Government,147800.0
2015-09-01,"Charlotte-Concord-Gastonia, NC-SC Metro Area",Total Private,969800.0
2015-09-01,"Cincinnati, OH-KY-IN Metro Area",Government,130400.0
2015-09-01,"Cincinnati, OH-KY-IN Metro Area",Total Private,938300.0
2015-09-01,"Cleveland-Elyria, OH Metro Area",Government,133800.0
2015-09-01,"Cleveland-Elyria, OH Metro Area",Total Private,912100.0
2015-09-01,"Columbus, OH Metro Area",Government,171000.0
2015-09-01,"Columbus, OH Metro Area",Total Private,873100.0
2015-09-01,"Detroit-Warren-Dearborn, MI Metro Area",Government,182600.0
2015-09-01,"Detroit-Warren-Dearborn, MI Metro Area",Total Private,1765800.0
2015-09-01,"Indianapolis-Carmel-Anderson, IN Metro Area",Government,131100.0
2015-09-01,"Indianapolis-Carmel-Anderson, IN Metro Area",Total Private,897500.0
2015-09-01,"Kansas City, MO-KS Metro Area",Government,147900.0
2015-09-01,"Kansas City, MO-KS Metro Area",Total Private,904300.0
2015-09-01,"Miami-Fort Lauderdale-Pompano Beach, FL Metro Area",Government,304000.0
2015-09-01,"Miami-Fort Lauderdale-Pompano Beach, FL Metro Area",Total Private,2199700.0
2015-09-01,"Orlando-Kissimmee-Sanford, FL Metro Area",Government,121200.0
2015-09-01,"Orlando-Kissimmee-Sanford, FL Metro Area",Total Private,1045599.9999999999
2015-09-01,"Phoenix-Mesa-Chandler, AZ Metro Area",Government,239900.0
2015-09-01,"Phoenix-Mesa-Chandler, AZ Metro Area",Total Private,1683300.0
2015-09-01,"Pittsburgh, PA Metro Area",Government,117100.0
2015-09-01,"Pittsburgh, PA Metro Area",Total Private,1049100.0
2015-09-01,"Portland-Vancouver-Hillsboro, OR-WA Metro Area",Government,143800.0
2015-09-01,"Portland-Vancouver-Hillsboro, OR-WA Metro Area",Total Private,979700.0
2015-09-01,"Riverside-San Bernardino-Ontario, CA Metro Area",Government,229600.0
2015-09-01,"Riverside-San Bernardino-Ontario, CA Metro Area",Total Private,1123400.0
2015-09-01,"Sacramento-Roseville-Folsom, CA Metro Area",Government,228400.0
2015-09-01,"Sacramento-Roseville-Folsom, CA Metro Area",Total Private,693700.0
2015-09-01,"Salt Lake City, UT Metro Area",Government,104500.0
2015-09-01,"Salt Lake City, UT Metro Area",Total Private,575300.0
2015-09-01,"San Antonio-New Braunfels, TX Metro Area",Government,168500.0
2015-09-01,"San Antonio-New Braunfels, TX Metro Area",Total Private,824200.0
2015-09-01,"San Diego-Chula Vista-Carlsbad, CA Metro Area",Government,231600.0
2015-09-01,"San Diego-Chula Vista-Carlsbad, CA Metro Area",Total Private,1157800.0
2015-09-01,"San Francisco-Oakland-Berkeley, CA Metro Area",Government,307200.0
2015-09-01,"San Francisco-Oakland-Berkeley, CA Metro Area",Total Private,1962600.0
2015-09-01,"San Jose-Sunnyvale-Santa Clara, CA Metro Area",Government,91600.0
2015-09-01,"San Jose-Sunnyvale-Santa Clara, CA Metro Area",Total Private,963200.0
2015-09-01,"St. Louis, MO-IL Metro Area",Government,162700.0
2015-09-01,"St. Louis, MO-IL Metro Area",Total Private,1202800.0
2015-09-01,"Tampa-St. Petersburg-Clearwater, FL Metro Area",Government,153600.0
2015-09-01,"Tampa-St. Petersburg-Clearwater, FL Metro Area",Total Private,1098600.0
2015-09-01,"Yuba City, CA Metro Area",Government,10800.0
2015-09-01,"Yuba City, CA Metro Area",Total Private,31300.0
2015-10-01,"Austin-Round Rock-Georgetown, TX Metro Area",Government,177300.0
2015-10-01,"Austin-Round Rock-Georgetown, TX Metro Area",Total Private,804100.0
2015-10-01,"Charlotte-Concord-Gastonia, NC-SC Metro Area",Government,155100.0
2015-10-01,"Charlotte-Concord-Gastonia, NC-SC Metro Area",Total Private,979500.0
2015-10-01,"Cincinnati, OH-KY-IN Metro Area",Government,131800.0
2015-10-01,"Cincinnati, OH-KY-IN Metro Area",Total Private,941600.0
2015-10-01,"Cleveland-Elyria, OH Metro Area",Government,136600.0
2015-10-01,"Cleveland-Elyria, OH Metro Area",Total Private,918700.0
2015-10-01,"Columbus, OH Metro Area",Government,174100.0
2015-10-01,"Columbus, OH Metro Area",Total Private,882300.0
2015-10-01,"Detroit-Warren-Dearborn, MI Metro Area",Government,186700.0
2015-10-01,"Detroit-Warren-Dearborn, MI Metro Area",Total Private,1776500.0
2015-10-01,"Indianapolis-Carmel-Anderson, IN Metro Area",Government,129900.0
2015-10-01,"Indianapolis-Carmel-Anderson, IN Metro Area",Total Private,904400.0
2015-10-01,"Kansas City, MO-KS Metro Area",Government,147700.0
2015-10-01,"Kansas City, MO-KS Metro Area",Total Private,913500.0
2015-10-01,"Miami-Fort Lauderdale-Pompano Beach, FL Metro Area",Government,307700.0
2015-10-01,"Miami-Fort Lauderdale-Pompano Beach, FL Metro Area",Total Private,2234500.0
2015-10-01,"Orlando-Kissimmee-Sanford, FL Metro Area",Government,123300.0
2015-10-01,"Orlando-Kissimmee-Sanford, FL Metro Area",Total Private,1057300.0
2015-10-01,"Phoenix-Mesa-Chandler, AZ Metro Area",Government,245100.0
2015-10-01,"Phoenix-Mesa-Chandler, AZ Metro Area",Total Private,1711900.0
2015-10-01,"Pittsburgh, PA Metro Area",Government,118300.0
2015-10-01,"Pittsburgh, PA Metro Area",Total Private,1053200.0
2015-10-01,"Portland-Vancouver-Hillsboro, OR-WA Metro Area",Government,153200.0
2015-10-01,"Portland-Vancouver-Hillsboro, OR-WA Metro Area",Total Private,983400.0
2015-10-01,"Riverside-San Bernardino-Ontario, CA Metro Area",Government,237300.0
2015-10-01,"Riverside-San Bernardino-Ontario, CA Metro Area",Total Private,1144200.0
2015-10-01,"Sacramento-Roseville-Folsom, CA Metro Area",Government,235100.0
2015-10-01,"Sacramento-Roseville-Folsom, CA Metro Area",Total Private,697800.0
2015-10-01,"Salt Lake City, UT Metro Area",Government,106500.0
2015-10-01,"Salt Lake City, UT Metro Area",Total Private,580300.0
2015-10-01,"San Antonio-New Braunfels, TX Metro Area",Government,169900.0
2015-10-01,"San Antonio-New Braunfels, TX Metro Area",Total Private,829100.0
2015-10-01,"San Diego-Chula Vista-Carlsbad, CA Metro Area",Government,239300.0
2015-10-01,"San Diego-Chula Vista-Carlsbad, CA Metro Area",Total Private,1166600.0
2015-10-01,"San Francisco-Oakland-Berkeley, CA Metro Area",Government,312400.0
2015-10-01,"San Francisco-Oakland-Berkeley, CA Metro Area",Total Private,1980200.0
2015-10-01,"San Jose-Sunnyvale-Santa Clara, CA Metro Area",Government,94800.0
2015-10-01,"San Jose-Sunnyvale-Santa Clara, CA Metro Area",Total Private,973700.0
2015-10-01,"St. Louis, MO-IL Metro Area",Government,165800.0
2015-10-01,"St. Louis, MO-IL Metro Area",Total Private,1212300.0
2015-10-01,"Tampa-St. Petersburg-Clearwater, FL Metro Area",Government,157200.0
2015-10-01,"Tampa-St. Petersburg-Clearwater, FL Metro Area",Total Private,1113600.0
2015-10-01,"Yuba City, CA Metro Area",Government,10800.0
2015-10-01,"Yuba City, CA Metro Area",Total Private,31100.0
2015-11-01,"Austin-Round Rock-Georgetown, TX Metro Area",Government,177800.0
2015-11-01,"Austin-Round Rock-Georgetown, TX Metro Area",Total Private,809400.0
2015-11-01,"Charlotte-Concord-Gastonia, NC-SC Metro Area",Government,156400.0
2015-11-01,"Charlotte-Concord-Gastonia, NC-SC Metro Area",Total Private,985000.0
2015-11-01,"Cincinnati, OH-KY-IN Metro Area",Government,132200.0
2015-11-01,"Cincinnati, OH-KY-IN Metro Area",Total Private,945300.0
2015-11-01,"Cleveland-Elyria, OH Metro Area",Government,136600.0
2015-11-01,"Cleveland-Elyria, OH Metro Area",Total Private,920000.0
2015-11-01,"Columbus, OH Metro Area",Government,174700.0
2015-11-01,"Columbus, OH Metro Area",Total Private,888800.0
2015-11-01,"Detroit-Warren-Dearborn, MI Metro Area",Government,187900.0
2015-11-01,"Detroit-Warren-Dearborn, MI Metro Area",Total Private,1783600.0
2015-11-01,"Indianapolis-Carmel-Anderson, IN Metro Area",Government,131300.0
2015-11-01,"Indianapolis-Carmel-Anderson, IN Metro Area",Total Private,911700.0
2015-11-01,"Kansas City, MO-KS Metro Area",Government,147900.0
2015-11-01,"Kansas City, MO-KS Metro Area",Total Private,913100.0
2015-11-01,"Miami-Fort Lauderdale-Pompano Beach, FL Metro Area",Government,307800.0
2015-11-01,"Miami-Fort Lauderdale-Pompano Beach, FL Metro Area",Total Private,2267000.0
2015-11-01,"Orlando-Kissimmee-Sanford, FL Metro Area",Government,123500.0
2015-11-01,"Orlando-Kissimmee-Sanford, FL Metro Area",Total Private,1070000.0
2015-11-01,"Phoenix-Mesa-Chandler, AZ Metro Area",Government,246500.0
2015-11-01,"Phoenix-Mesa-Chandler, AZ Metro Area",Total Private,1735900.0
2015-11-01,"Pittsburgh, PA Metro Area",Government,119500.0
2015-11-01,"Pittsburgh, PA Metro Area",Total Private,1054700.0
2015-11-01,"Portland-Vancouver-Hillsboro, OR-WA Metro Area",Government,154700.0
2015-11-01,"Portland-Vancouver-Hillsboro, OR-WA Metro Area",Total Private,985100.0
2015-11-01,"Riverside-San Bernardino-Ontario, CA Metro Area",Government,239600.0
2015-11-01,"Riverside-San Bernardino-Ontario, CA Metro Area",Total Private,1166900.0
2015-11-01,"Sacramento-Roseville-Folsom, CA Metro Area",Government,236700.0
2015-11-01,"Sacramento-Roseville-Folsom, CA Metro Area",Total Private,701700.0
2015-11-01,"Salt Lake City, UT Metro Area",Government,106100.0
2015-11-01,"Salt Lake City, UT Metro Area",Total Private,584900.0
2015-11-01,"San Antonio-New Braunfels, TX Metro Area",Government,171600.0
2015-11-01,"San Antonio-New Braunfels, TX Metro Area",Total Private,833600.0
2015-11-01,"San Diego-Chula Vista-Carlsbad, CA Metro Area",Government,242300.0
2015-11-01,"San Diego-Chula Vista-Carlsbad, CA Metro Area",Total Private,1173600.0
2015-11-01,"San Francisco-Oakland-Berkeley, CA Metro Area",Government,315000.0
2015-11-01,"San Francisco-Oakland-Berkeley, CA Metro Area",Total Private,1988300.0
2015-11-01,"San Jose-Sunnyvale-Santa Clara, CA Metro Area",Government,95500.0
2015-11-01,"San Jose-Sunnyvale-Santa Clara, CA Metro Area",Total Private,975000.0
2015-11-01,"St. Louis, MO-IL Metro Area",Government,165600.0
2015-11-01,"St. Louis, MO-IL Metro Area",Total Private,1213900.0
2015-11-01,"Tampa-St. Petersburg-Clearwater, FL Metro Area",Government,157800.0
2015-11-01,"Tampa-St. Petersburg-Clearwater, FL Metro Area",Total Private,1128400.0
2015-11-01,"Yuba City, CA Metro Area",Government,10700.0
2015-11-01,"Yuba City, CA Metro Area",Total Private,31000.0
2015-12-01,"Austin-Round Rock-Georgetown, TX Metro Area",Government,177800.0
2015-12-01,"Austin-Round Rock-Georgetown, TX Metro Area",Total Private,810900.0
2015-12-01,"Charlotte-Concord-Gastonia, NC-SC Metro Area",Government,156900.0
2015-12-01,"Charlotte-Concord-Gastonia, NC-SC Metro Area",Total Private,991000.0
2015-12-01,"Cincinnati, OH-KY-IN Metro Area",Government,131500.0
2015-12-01,"Cincinnati, OH-KY-IN Metro Area",Total Private,946900.0
2015-12-01,"Cleveland-Elyria, OH Metro Area",Government,136600.0
2015-12-01,"Cleveland-Elyria, OH Metro Area",Total Private,920700.0
2015-12-01,"Columbus, OH Metro Area",Government,174400.0
2015-12-01,"Columbus, OH Metro Area",Total Private,889000.0
2015-12-01,"Detroit-Warren-Dearborn, MI Metro Area",Government,186400.0
2015-12-01,"Detroit-Warren-Dearborn, MI Metro Area",Total Private,1782600.0
2015-12-01,"Indianapolis-Carmel-Anderson, IN Metro Area",Government,132200.0
2015-12-01,"Indianapolis-Carmel-Anderson, IN Metro Area",Total Private,913400.0
2015-12-01,"Kansas City, MO-KS Metro Area",Government,146800.0
2015-12-01,"Kansas City, MO-KS Metro Area",Total Private,916100.0
2015-12-01,"Miami-Fort Lauderdale-Pompano Beach, FL Metro Area",Government,306500.0
2015-12-01,"Miami-Fort Lauderdale-Pompano Beach, FL Metro Area",Total Private,2284600.0
2015-12-01,"Orlando-Kissimmee-Sanford, FL Metro Area",Government,122900.0
2015-12-01,"Orlando-Kissimmee-Sanford, FL Metro Area",Total Private,1076200.0
2015-12-01,"Phoenix-Mesa-Chandler, AZ Metro Area",Government,242100.0
2015-12-01,"Phoenix-Mesa-Chandler, AZ Metro Area",Total Private,1743400.0
2015-12-01,"Pittsburgh, PA Metro Area",Government,118300.0
2015-12-01,"Pittsburgh, PA Metro Area",Total Private,1050000.0
2015-12-01,"Portland-Vancouver-Hillsboro, OR-WA Metro Area",Government,154100.0
2015-12-01,"Portland-Vancouver-Hillsboro, OR-WA Metro Area",Total Private,988700.0
2015-12-01,"Riverside-San Bernardino-Ontario, CA Metro Area",Government,238300.0
2015-12-01,"Riverside-San Bernardino-Ontario, CA Metro Area",Total Private,1175800.0
2015-12-01,"Sacramento-Roseville-Folsom, CA Metro Area",Government,233800.0
2015-12-01,"Sacramento-Roseville-Folsom, CA Metro Area",Total Private,706800.0
2015-12-01,"Salt Lake City, UT Metro Area",Government,106400.0
2015-12-01,"Salt Lake City, UT Metro Area",Total Private,587800.0
2015-12-01,"San Antonio-New Braunfels, TX Metro Area",Government,171300.0
2015-12-01,"San Antonio-New Braunfels, TX Metro Area",Total Private,834100.0
2015-12-01,"San Diego-Chula Vista-Carlsbad, CA Metro Area",Government,241800.0
2015-12-01,"San Diego-Chula Vista-Carlsbad, CA Metro Area",Total Private,1174500.0
2015-12-01,"San Francisco-Oakland-Berkeley, CA Metro Area",Government,313600.0
2015-12-01,"San Francisco-Oakland-Berkeley, CA Metro Area",Total Private,1996800.0
2015-12-01,"San Jose-Sunnyvale-Santa Clara, CA Metro Area",Government,95200.0
2015-12-01,"San Jose-Sunnyvale-Santa Clara, CA Metro Area",Total Private,976000.0
2015-12-01,"St. Louis, MO-IL Metro Area",Government,165800.0
2015-12-01,"St. Louis, MO-IL Metro Area",Total Private,1215000.0
2015-12-01,"Tampa-St. Petersburg-Clearwater, FL Metro Area",Government,156000.0
2015-12-01,"Tampa-St. Petersburg-Clearwater, FL Metro Area",Total Private,1133000.0
2015-12-01,"Yuba City, CA Metro Area",Government,11000.0
2015-12-01,"Yuba City, CA Metro Area",Total Private,30900.0
2016-01-01,"Austin-Round Rock-Georgetown, TX Metro Area",Government,177300.0
2016-01-01,"Austin-Round Rock-Georgetown, TX Metro Area",Total Private,799300.0
2016-01-01,"Charlotte-Concord-Gastonia, NC-SC Metro Area",Government,151600.0
2016-01-01,"Charlotte-Concord-Gastonia, NC-SC Metro Area",Total Private,973600.0
2016-01-01,"Cincinnati, OH-KY-IN Metro Area",Government,127600.0
2016-01-01,"Cincinnati, OH-KY-IN Metro Area",Total Private,924100.0
2016-01-01,"Cleveland-Elyria, OH Metro Area",Government,134300.0
2016-01-01,"Cleveland-Elyria, OH Metro Area",Total Private,899300.0
2016-01-01,"Columbus, OH Metro Area",Government,172800.0
2016-01-01,"Columbus, OH Metro Area",Total Private,866400.0
2016-01-01,"Detroit-Warren-Dearborn, MI Metro Area",Government,182200.0
2016-01-01,"Detroit-Warren-Dearborn, MI Metro Area",Total Private,1751900.0
2016-01-01,"Indianapolis-Carmel-Anderson, IN Metro Area",Government,130600.0
2016-01-01,"Indianapolis-Carmel-Anderson, IN Metro Area",Total Private,884400.0
2016-01-01,"Kansas City, MO-KS Metro Area",Government,146900.0
2016-01-01,"Kansas City, MO-KS Metro Area",Total Private,896100.0
2016-01-01,"Miami-Fort Lauderdale-Pompano Beach, FL Metro Area",Government,305500.0
2016-01-01,"Miami-Fort Lauderdale-Pompano Beach, FL Metro Area",Total Private,2244200.0
2016-01-01,"Orlando-Kissimmee-Sanford, FL Metro Area",Government,123500.0
2016-01-01,"Orlando-Kissimmee-Sanford, FL Metro Area",Total Private,1057600.0
2016-01-01,"Phoenix-Mesa-Chandler, AZ Metro Area",Government,234200.0
2016-01-01,"Phoenix-Mesa-Chandler, AZ Metro Area",Total Private,1711400.0
2016-01-01,"Pittsburgh, PA Metro Area",Government,114900.0
2016-01-01,"Pittsburgh, PA Metro Area",Total Private,1024000.0
2016-01-01,"Portland-Vancouver-Hillsboro, OR-WA Metro Area",Government,152800.0
2016-01-01,"Portland-Vancouver-Hillsboro, OR-WA Metro Area",Total Private,970400.0
2016-01-01,"Riverside-San Bernardino-Ontario, CA Metro Area",Government,239800.0
2016-01-01,"Riverside-San Bernardino-Ontario, CA Metro Area",Total Private,1142600.0
2016-01-01,"Sacramento-Roseville-Folsom, CA Metro Area",Government,234000.0
2016-01-01,"Sacramento-Roseville-Folsom, CA Metro Area",Total Private,696700.0
2016-01-01,"Salt Lake City, UT Metro Area",Government,104500.0
2016-01-01,"Salt Lake City, UT Metro Area",Total Private,576500.0
2016-01-01,"San Antonio-New Braunfels, TX Metro Area",Government,170300.0
2016-01-01,"San Antonio-New Braunfels, TX Metro Area",Total Private,823100.0
2016-01-01,"San Diego-Chula Vista-Carlsbad, CA Metro Area",Government,238400.0
2016-01-01,"San Diego-Chula Vista-Carlsbad, CA Metro Area",Total Private,1152900.0
2016-01-01,"San Francisco-Oakland-Berkeley, CA Metro Area",Government,312300.0
2016-01-01,"San Francisco-Oakland-Berkeley, CA Metro Area",Total Private,1964400.0
2016-01-01,"San Jose-Sunnyvale-Santa Clara, CA Metro Area",Government,93600.0
2016-01-01,"San Jose-Sunnyvale-Santa Clara, CA Metro Area",Total Private,967200.0
2016-01-01,"St. Louis, MO-IL Metro Area",Government,160100.0
2016-01-01,"St. Louis, MO-IL Metro Area",Total Private,1184300.0
2016-01-01,"Tampa-St. Petersburg-Clearwater, FL Metro Area",Government,156200.0
2016-01-01,"Tampa-St. Petersburg-Clearwater, FL Metro Area",Total Private,1115300.0
2016-01-01,"Yuba City, CA Metro Area",Government,10400.0
2016-01-01,"Yuba City, CA Metro Area",Total Private,30100.0
2016-02-01,"Austin-Round Rock-Georgetown, TX Metro Area",Government,178500.0
2016-02-01,"Austin-Round Rock-Georgetown, TX Metro Area",Total Private,808000.0
2016-02-01,"Charlotte-Concord-Gastonia, NC-SC Metro Area",Government,153100.0
2016-02-01,"Charlotte-Concord-Gastonia, NC-SC Metro Area",Total Private,977400.0
2016-02-01,"Cincinnati, OH-KY-IN Metro Area",Government,131100.0
2016-02-01,"Cincinnati, OH-KY-IN Metro Area",Total Private,924000.0
2016-02-01,"Cleveland-Elyria, OH Metro Area",Government,136000.0
2016-02-01,"Cleveland-Elyria, OH Metro Area",Total Private,900000.0
2016-02-01,"Columbus, OH Metro Area",Government,176100.0
2016-02-01,"Columbus, OH Metro Area",Total Private,866000.0
2016-02-01,"Detroit-Warren-Dearborn, MI Metro Area",Government,186000.0
2016-02-01,"Detroit-Warren-Dearborn, MI Metro Area",Total Private,1749500.0
2016-02-01,"Indianapolis-Carmel-Anderson, IN Metro Area",Government,132000.0
2016-02-01,"Indianapolis-Carmel-Anderson, IN Metro Area",Total Private,888500.0
2016-02-01,"Kansas City, MO-KS Metro Area",Government,148900.0
2016-02-01,"Kansas City, MO-KS Metro Area",Total Private,897700.0
2016-02-01,"Miami-Fort Lauderdale-Pompano Beach, FL Metro Area",Government,307800.0
2016-02-01,"Miami-Fort Lauderdale-Pompano Beach, FL Metro Area",Total Private,2260000.0
2016-02-01,"Orlando-Kissimmee-Sanford, FL Metro Area",Government,123900.0
2016-02-01,"Orlando-Kissimmee-Sanford, FL Metro Area",Total Private,1068600.0
2016-02-01,"Phoenix-Mesa-Chandler, AZ Metro Area",Government,243400.0
2016-02-01,"Phoenix-Mesa-Chandler, AZ Metro Area",Total Private,1723200.0
2016-02-01,"Pittsburgh, PA Metro Area",Government,117900.0
2016-02-01,"Pittsburgh, PA Metro Area",Total Private,1023500.0
2016-02-01,"Portland-Vancouver-Hillsboro, OR-WA Metro Area",Government,154800.0
2016-02-01,"Portland-Vancouver-Hillsboro, OR-WA Metro Area",Total Private,979000.0
2016-02-01,"Riverside-San Bernardino-Ontario, CA Metro Area",Government,239200.0
2016-02-01,"Riverside-San Bernardino-Ontario, CA Metro Area",Total Private,1142000.0
2016-02-01,"Sacramento-Roseville-Folsom, CA Metro Area",Government,234500.0
2016-02-01,"Sacramento-Roseville-Folsom, CA Metro Area",Total Private,702500.0
2016-02-01,"Salt Lake City, UT Metro Area",Government,105900.0
2016-02-01,"Salt Lake City, UT Metro Area",Total Private,580400.0
2016-02-01,"San Antonio-New Braunfels, TX Metro Area",Government,171600.0
2016-02-01,"San Antonio-New Braunfels, TX Metro Area",Total Private,830000.0
2016-02-01,"San Diego-Chula Vista-Carlsbad, CA Metro Area",Government,241100.0
2016-02-01,"San Diego-Chula Vista-Carlsbad, CA Metro Area",Total Private,1160800.0
2016-02-01,"San Francisco-Oakland-Berkeley, CA Metro Area",Government,314600.0
2016-02-01,"San Francisco-Oakland-Berkeley, CA Metro Area",Total Private,1980700.0
2016-02-01,"San Jose-Sunnyvale-Santa Clara, CA Metro Area",Government,94300.0
2016-02-01,"San Jose-Sunnyvale-Santa Clara, CA Metro Area",Total Private,972500.0
2016-02-01,"St. Louis, MO-IL Metro Area",Government,163700.0
2016-02-01,"St. Louis, MO-IL Metro Area",Total Private,1187800.0
2016-02-01,"Tampa-St. Petersburg-Clearwater, FL Metro Area",Government,158100.0
2016-02-01,"Tampa-St. Petersburg-Clearwater, FL Metro Area",Total Private,1124300.0
2016-02-01,"Yuba City, CA Metro Area",Government,10700.0
2016-02-01,"Yuba City, CA Metro Area",Total Private,30600.0
2016-03-01,"Austin-Round Rock-Georgetown, TX Metro Area",Government,180500.0
2016-03-01,"Austin-Round Rock-Georgetown, TX Metro Area",Total Private,810000.0
2016-03-01,"Charlotte-Concord-Gastonia, NC-SC Metro Area",Government,154300.0
2016-03-01,"Charlotte-Concord-Gastonia, NC-SC Metro Area",Total Private,985600.0
2016-03-01,"Cincinnati, OH-KY-IN Metro Area",Government,132200.0
2016-03-01,"Cincinnati, OH-KY-IN Metro Area",Total Private,934300.0
2016-03-01,"Cleveland-Elyria, OH Metro Area",Government,136000.0
2016-03-01,"Cleveland-Elyria, OH Metro Area",Total Private,904800.0
2016-03-01,"Columbus, OH Metro Area",Government,175800.0
2016-03-01,"Columbus, OH Metro Area",Total Private,871600.0
2016-03-01,"Detroit-Warren-Dearborn, MI Metro Area",Government,188200.0
2016-03-01,"Detroit-Warren-Dearborn, MI Metro Area",Total Private,1753500.0
2016-03-01,"Indianapolis-Carmel-Anderson, IN Metro Area",Government,133000.0
2016-03-01,"Indianapolis-Carmel-Anderson, IN Metro Area",Total Private,896600.0
2016-03-01,"Kansas City, MO-KS Metro Area",Government,149300.0
2016-03-01,"Kansas City, MO-KS Metro Area",Total Private,903400.0
2016-03-01,"Miami-Fort Lauderdale-Pompano Beach, FL Metro Area",Government,308200.0
2016-03-01,"Miami-Fort Lauderdale-Pompano Beach, FL Metro Area",Total Private,2266700.0
2016-03-01,"Orlando-Kissimmee-Sanford, FL Metro Area",Government,124600.0
2016-03-01,"Orlando-Kissimmee-Sanford, FL Metro Area",Total Private,1075000.0
2016-03-01,"Phoenix-Mesa-Chandler, AZ Metro Area",Government,243300.0
2016-03-01,"Phoenix-Mesa-Chandler, AZ Metro Area",Total Private,1730400.0
2016-03-01,"Pittsburgh, PA Metro Area",Government,118800.0
2016-03-01,"Pittsburgh, PA Metro Area",Total Private,1031000.0
2016-03-01,"Portland-Vancouver-Hillsboro, OR-WA Metro Area",Government,155500.0
2016-03-01,"Portland-Vancouver-Hillsboro, OR-WA Metro Area",Total Private,982900.0
2016-03-01,"Riverside-San Bernardino-Ontario, CA Metro Area",Government,243200.0
2016-03-01,"Riverside-San Bernardino-Ontario, CA Metro Area",Total Private,1141800.0
2016-03-01,"Sacramento-Roseville-Folsom, CA Metro Area",Government,236600.0
2016-03-01,"Sacramento-Roseville-Folsom, CA Metro Area",Total Private,701100.0
2016-03-01,"Salt Lake City, UT Metro Area",Government,106400.0
2016-03-01,"Salt Lake City, UT Metro Area",Total Private,583300.0
2016-03-01,"San Antonio-New Braunfels, TX Metro Area",Government,171500.0
2016-03-01,"San Antonio-New Braunfels, TX Metro Area",Total Private,834500.0
2016-03-01,"San Diego-Chula Vista-Carlsbad, CA Metro Area",Government,242900.0
2016-03-01,"San Diego-Chula Vista-Carlsbad, CA Metro Area",Total Private,1159200.0
2016-03-01,"San Francisco-Oakland-Berkeley, CA Metro Area",Government,317700.0
2016-03-01,"San Francisco-Oakland-Berkeley, CA Metro Area",Total Private,1982900.0
2016-03-01,"San Jose-Sunnyvale-Santa Clara, CA Metro Area",Government,95400.0
2016-03-01,"San Jose-Sunnyvale-Santa Clara, CA Metro Area",Total Private,972000.0
2016-03-01,"St. Louis, MO-IL Metro Area",Government,164000.0
2016-03-01,"St. Louis, MO-IL Metro Area",Total Private,1195500.0
2016-03-01,"Tampa-St. Petersburg-Clearwater, FL Metro Area",Government,157500.0
2016-03-01,"Tampa-St. Petersburg-Clearwater, FL Metro Area",Total Private,1130800.0
2016-03-01,"Yuba City, CA Metro Area",Government,10900.0
2016-03-01,"Yuba City, CA Metro Area",Total Private,30500.0
2016-04-01,"Austin-Round Rock-Georgetown, TX Metro Area",Government,179900.0
2016-04-01,"Austin-Round Rock-Georgetown, TX Metro Area",Total Private,817700.0
2016-04-01,"Charlotte-Concord-Gastonia, NC-SC Metro Area",Government,154300.0
2016-04-01,"Charlotte-Concord-Gastonia, NC-SC Metro Area",Total Private,995600.0
2016-04-01,"Cincinnati, OH-KY-IN Metro Area",Government,133000.0
2016-04-01,"Cincinnati, OH-KY-IN Metro Area",Total Private,946300.0
2016-04-01,"Cleveland-Elyria, OH Metro Area",Government,137300.0
2016-04-01,"Cleveland-Elyria, OH Metro Area",Total Private,916000.0
2016-04-01,"Columbus, OH Metro Area",Government,176600.0
2016-04-01,"Columbus, OH Metro Area",Total Private,879700.0
2016-04-01,"Detroit-Warren-Dearborn, MI Metro Area",Government,187700.0
2016-04-01,"Detroit-Warren-Dearborn, MI Metro Area",Total Private,1778000.0
2016-04-01,"Indianapolis-Carmel-Anderson, IN Metro Area",Government,130300.00000000001
2016-04-01,"Indianapolis-Carmel-Anderson, IN Metro Area",Total Private,907900.0
2016-04-01,"Kansas City, MO-KS Metro Area",Government,150700.0
2016-04-01,"Kansas City, MO-KS Metro Area",Total Private,918300.0
2016-04-01,"Miami-Fort Lauderdale-Pompano Beach, FL Metro Area",Government,310500.0
2016-04-01,"Miami-Fort Lauderdale-Pompano Beach, FL Metro Area",Total Private,2277000.0
2016-04-01,"Orlando-Kissimmee-Sanford, FL Metro Area",Government,125100.0
2016-04-01,"Orlando-Kissimmee-Sanford, FL Metro Area",Total Private,1081400.0
2016-04-01,"Phoenix-Mesa-Chandler, AZ Metro Area",Government,244000.0
2016-04-01,"Phoenix-Mesa-Chandler, AZ Metro Area",Total Private,1738700.0
2016-04-01,"Pittsburgh, PA Metro Area",Government,118700.0
2016-04-01,"Pittsburgh, PA Metro Area",Total Private,1046400.0000000001
2016-04-01,"Portland-Vancouver-Hillsboro, OR-WA Metro Area",Government,156400.0
2016-04-01,"Portland-Vancouver-Hillsboro, OR-WA Metro Area",Total Private,991900.0
2016-04-01,"Riverside-San Bernardino-Ontario, CA Metro Area",Government,244500.0
2016-04-01,"Riverside-San Bernardino-Ontario, CA Metro Area",Total Private,1152000.0
2016-04-01,"Sacramento-Roseville-Folsom, CA Metro Area",Government,236600.0
2016-04-01,"Sacramento-Roseville-Folsom, CA Metro Area",Total Private,710200.0
2016-04-01,"Salt Lake City, UT Metro Area",Government,108000.0
2016-04-01,"Salt Lake City, UT Metro Area",Total Private,585300.0
2016-04-01,"San Antonio-New Braunfels, TX Metro Area",Government,170200.0
2016-04-01,"San Antonio-New Braunfels, TX Metro Area",Total Private,841800.0
2016-04-01,"San Diego-Chula Vista-Carlsbad, CA Metro Area",Government,243700.0
2016-04-01,"San Diego-Chula Vista-Carlsbad, CA Metro Area",Total Private,1172900.0
2016-04-01,"San Francisco-Oakland-Berkeley, CA Metro Area",Government,319000.0
2016-04-01,"San Francisco-Oakland-Berkeley, CA Metro Area",Total Private,2004000.0
2016-04-01,"San Jose-Sunnyvale-Santa Clara, CA Metro Area",Government,95600.0
2016-04-01,"San Jose-Sunnyvale-Santa Clara, CA Metro Area",Total Private,983000.0
2016-04-01,"St. Louis, MO-IL Metro Area",Government,164400.0
2016-04-01,"St. Louis, MO-IL Metro Area",Total Private,1216900.0
2016-04-01,"Tampa-St. Petersburg-Clearwater, FL Metro Area",Government,158300.0
2016-04-01,"Tampa-St. Petersburg-Clearwater, FL Metro Area",Total Private,1140700.0
2016-04-01,"Yuba City, CA Metro Area",Government,10900.0
2016-04-01,"Yuba City, CA Metro Area",Total Private,30700.0
2016-05-01,"Austin-Round Rock-Georgetown, TX Metro Area",Government,180900.0
2016-05-01,"Austin-Round Rock-Georgetown, TX Metro Area",Total Private,819700.0
2016-05-01,"Charlotte-Concord-Gastonia, NC-SC Metro Area",Government,155000.0
2016-05-01,"Charlotte-Concord-Gastonia, NC-SC Metro Area",Total Private,1000200.0
2016-05-01,"Cincinnati, OH-KY-IN Metro Area",Government,134000.0
2016-05-01,"Cincinnati, OH-KY-IN Metro Area",Total Private,954400.0
2016-05-01,"Cleveland-Elyria, OH Metro Area",Government,138900.0
2016-05-01,"Cleveland-Elyria, OH Metro Area",Total Private,924700.0
2016-05-01,"Columbus, OH Metro Area",Government,175200.0
2016-05-01,"Columbus, OH Metro Area",Total Private,890200.0
2016-05-01,"Detroit-Warren-Dearborn, MI Metro Area",Government,185200.0
2016-05-01,"Detroit-Warren-Dearborn, MI Metro Area",Total Private,1800600.0
2016-05-01,"Indianapolis-Carmel-Anderson, IN Metro Area",Government,131100.0
2016-05-01,"Indianapolis-Carmel-Anderson, IN Metro Area",Total Private,916900.0
2016-05-01,"Kansas City, MO-KS Metro Area",Government,149400.0
2016-05-01,"Kansas City, MO-KS Metro Area",Total Private,920600.0
2016-05-01,"Miami-Fort Lauderdale-Pompano Beach, FL Metro Area",Government,309600.0
2016-05-01,"Miami-Fort Lauderdale-Pompano Beach, FL Metro Area",Total Private,2273700.0
2016-05-01,"Orlando-Kissimmee-Sanford, FL Metro Area",Government,124800.0
2016-05-01,"Orlando-Kissimmee-Sanford, FL Metro Area",Total Private,1084600.0
2016-05-01,"Phoenix-Mesa-Chandler, AZ Metro Area",Government,237000.0
2016-05-01,"Phoenix-Mesa-Chandler, AZ Metro Area",Total Private,1734800.0
2016-05-01,"Pittsburgh, PA Metro Area",Government,119100.0
2016-05-01,"Pittsburgh, PA Metro Area",Total Private,1051100.0
2016-05-01,"Portland-Vancouver-Hillsboro, OR-WA Metro Area",Government,157800.0
2016-05-01,"Portland-Vancouver-Hillsboro, OR-WA Metro Area",Total Private,994000.0
2016-05-01,"Riverside-San Bernardino-Ontario, CA Metro Area",Government,244900.0
2016-05-01,"Riverside-San Bernardino-Ontario, CA Metro Area",Total Private,1151700.0
2016-05-01,"Sacramento-Roseville-Folsom, CA Metro Area",Government,237600.0
2016-05-01,"Sacramento-Roseville-Folsom, CA Metro Area",Total Private,712800.0
2016-05-01,"Salt Lake City, UT Metro Area",Government,108300.0
2016-05-01,"Salt Lake City, UT Metro Area",Total Private,587200.0
2016-05-01,"San Antonio-New Braunfels, TX Metro Area",Government,170600.0
2016-05-01,"San Antonio-New Braunfels, TX Metro Area",Total Private,845000.0
2016-05-01,"San Diego-Chula Vista-Carlsbad, CA Metro Area",Government,244900.0
2016-05-01,"San Diego-Chula Vista-Carlsbad, CA Metro Area",Total Private,1176800.0
2016-05-01,"San Francisco-Oakland-Berkeley, CA Metro Area",Government,320800.0
2016-05-01,"San Francisco-Oakland-Berkeley, CA Metro Area",Total Private,2007600.0
2016-05-01,"San Jose-Sunnyvale-Santa Clara, CA Metro Area",Government,96400.0
2016-05-01,"San Jose-Sunnyvale-Santa Clara, CA Metro Area",Total Private,986800.0
2016-05-01,"St. Louis, MO-IL Metro Area",Government,165800.0
2016-05-01,"St. Louis, MO-IL Metro Area",Total Private,1221300.0
2016-05-01,"Tampa-St. Petersburg-Clearwater, FL Metro Area",Government,157100.0
2016-05-01,"Tampa-St. Petersburg-Clearwater, FL Metro Area",Total Private,1139500.0
2016-05-01,"Yuba City, CA Metro Area",Government,11000.0
2016-05-01,"Yuba City, CA Metro Area",Total Private,31100.0
2016-06-01,"Austin-Round Rock-Georgetown, TX Metro Area",Government,179900.0
2016-06-01,"Austin-Round Rock-Georgetown, TX Metro Area",Total Private,825500.0
2016-06-01,"Charlotte-Concord-Gastonia, NC-SC Metro Area",Government,148000.0
2016-06-01,"Charlotte-Concord-Gastonia, NC-SC Metro Area",Total Private,1004500.0
2016-06-01,"Cincinnati, OH-KY-IN Metro Area",Government,128600.0
2016-06-01,"Cincinnati, OH-KY-IN Metro Area",Total Private,958200.0
2016-06-01,"Cleveland-Elyria, OH Metro Area",Government,137500.0
2016-06-01,"Cleveland-Elyria, OH Metro Area",Total Private,926700.0
2016-06-01,"Columbus, OH Metro Area",Government,169800.0
2016-06-01,"Columbus, OH Metro Area",Total Private,893600.0
2016-06-01,"Detroit-Warren-Dearborn, MI Metro Area",Government,185500.0
2016-06-01,"Detroit-Warren-Dearborn, MI Metro Area",Total Private,1813900.0
2016-06-01,"Indianapolis-Carmel-Anderson, IN Metro Area",Government,122500.0
2016-06-01,"Indianapolis-Carmel-Anderson, IN Metro Area",Total Private,920200.0
2016-06-01,"Kansas City, MO-KS Metro Area",Government,147200.0
2016-06-01,"Kansas City, MO-KS Metro Area",Total Private,924500.0
2016-06-01,"Miami-Fort Lauderdale-Pompano Beach, FL Metro Area",Government,285500.0
2016-06-01,"Miami-Fort Lauderdale-Pompano Beach, FL Metro Area",Total Private,2261000.0
2016-06-01,"Orlando-Kissimmee-Sanford, FL Metro Area",Government,114400.0
2016-06-01,"Orlando-Kissimmee-Sanford, FL Metro Area",Total Private,1084100.0
2016-06-01,"Phoenix-Mesa-Chandler, AZ Metro Area",Government,210200.0
2016-06-01,"Phoenix-Mesa-Chandler, AZ Metro Area",Total Private,1722400.0
2016-06-01,"Pittsburgh, PA Metro Area",Government,115900.0
2016-06-01,"Pittsburgh, PA Metro Area",Total Private,1051700.0
2016-06-01,"Portland-Vancouver-Hillsboro, OR-WA Metro Area",Government,156700.0
2016-06-01,"Portland-Vancouver-Hillsboro, OR-WA Metro Area",Total Private,997000.0
2016-06-01,"Riverside-San Bernardino-Ontario, CA Metro Area",Government,244200.0
2016-06-01,"Riverside-San Bernardino-Ontario, CA Metro Area",Total Private,1146700.0
2016-06-01,"Sacramento-Roseville-Folsom, CA Metro Area",Government,238000.0
2016-06-01,"Sacramento-Roseville-Folsom, CA Metro Area",Total Private,716200.0
2016-06-01,"Salt Lake City, UT Metro Area",Government,107900.0
2016-06-01,"Salt Lake City, UT Metro Area",Total Private,589800.0
2016-06-01,"San Antonio-New Braunfels, TX Metro Area",Government,168200.0
2016-06-01,"San Antonio-New Braunfels, TX Metro Area",Total Private,849800.0
2016-06-01,"San Diego-Chula Vista-Carlsbad, CA Metro Area",Government,245400.0
2016-06-01,"San Diego-Chula Vista-Carlsbad, CA Metro Area",Total Private,1177300.0
2016-06-01,"San Francisco-Oakland-Berkeley, CA Metro Area",Government,317300.0
2016-06-01,"San Francisco-Oakland-Berkeley, CA Metro Area",Total Private,2016200.0
2016-06-01,"San Jose-Sunnyvale-Santa Clara, CA Metro Area",Government,96000.0
2016-06-01,"San Jose-Sunnyvale-Santa Clara, CA Metro Area",Total Private,993300.0
2016-06-01,"St. Louis, MO-IL Metro Area",Government,160900.0
2016-06-01,"St. Louis, MO-IL Metro Area",Total Private,1222200.0
2016-06-01,"Tampa-St. Petersburg-Clearwater, FL Metro Area",Government,146300.0
2016-06-01,"Tampa-St. Petersburg-Clearwater, FL Metro Area",Total Private,1135500.0
2016-06-01,"Yuba City, CA Metro Area",Government,11300.0
2016-06-01,"Yuba City, CA Metro Area",Total Private,31500.0
2016-07-01,"Austin-Round Rock-Georgetown, TX Metro Area",Government,170400.0
2016-07-01,"Austin-Round Rock-Georgetown, TX Metro Area",Total Private,831000.0
2016-07-01,"Charlotte-Concord-Gastonia, NC-SC Metro Area",Government,131100.0
2016-07-01,"Charlotte-Concord-Gastonia, NC-SC Metro Area",Total Private,1008400.0
2016-07-01,"Cincinnati, OH-KY-IN Metro Area",Government,126700.0
2016-07-01,"Cincinnati, OH-KY-IN Metro Area",Total Private,959800.0
2016-07-01,"Cleveland-Elyria, OH Metro Area",Government,133300.0
2016-07-01,"Cleveland-Elyria, OH Metro Area",Total Private,930300.0
2016-07-01,"Columbus, OH Metro Area",Government,164500.0
2016-07-01,"Columbus, OH Metro Area",Total Private,898500.0
2016-07-01,"Detroit-Warren-Dearborn, MI Metro Area",Government,172200.0
2016-07-01,"Detroit-Warren-Dearborn, MI Metro Area",Total Private,1804300.0
2016-07-01,"Indianapolis-Carmel-Anderson, IN Metro Area",Government,119300.0
2016-07-01,"Indianapolis-Carmel-Anderson, IN Metro Area",Total Private,923000.0
2016-07-01,"Kansas City, MO-KS Metro Area",Government,136100.0
2016-07-01,"Kansas City, MO-KS Metro Area",Total Private,927000.0
2016-07-01,"Miami-Fort Lauderdale-Pompano Beach, FL Metro Area",Government,284700.0
2016-07-01,"Miami-Fort Lauderdale-Pompano Beach, FL Metro Area",Total Private,2256600.0
2016-07-01,"Orlando-Kissimmee-Sanford, FL Metro Area",Government,114600.0
2016-07-01,"Orlando-Kissimmee-Sanford, FL Metro Area",Total Private,1088500.0
2016-07-01,"Phoenix-Mesa-Chandler, AZ Metro Area",Government,203600.0
2016-07-01,"Phoenix-Mesa-Chandler, AZ Metro Area",Total Private,1729100.0
2016-07-01,"Pittsburgh, PA Metro Area",Government,109800.0
2016-07-01,"Pittsburgh, PA Metro Area",Total Private,1051300.0
2016-07-01,"Portland-Vancouver-Hillsboro, OR-WA Metro Area",Government,145200.0
2016-07-01,"Portland-Vancouver-Hillsboro, OR-WA Metro Area",Total Private,1001600.0
2016-07-01,"Riverside-San Bernardino-Ontario, CA Metro Area",Government,231400.0
2016-07-01,"Riverside-San Bernardino-Ontario, CA Metro Area",Total Private,1152500.0
2016-07-01,"Sacramento-Roseville-Folsom, CA Metro Area",Government,229100.0
2016-07-01,"Sacramento-Roseville-Folsom, CA Metro Area",Total Private,723100.0
2016-07-01,"Salt Lake City, UT Metro Area",Government,102100.0
2016-07-01,"Salt Lake City, UT Metro Area",Total Private,595500.0
2016-07-01,"San Antonio-New Braunfels, TX Metro Area",Government,163100.0
2016-07-01,"San Antonio-New Braunfels, TX Metro Area",Total Private,853300.0
2016-07-01,"San Diego-Chula Vista-Carlsbad, CA Metro Area",Government,231200.0
2016-07-01,"San Diego-Chula Vista-Carlsbad, CA Metro Area",Total Private,1189100.0
2016-07-01,"San Francisco-Oakland-Berkeley, CA Metro Area",Government,304900.0
2016-07-01,"San Francisco-Oakland-Berkeley, CA Metro Area",Total Private,2033500.0
2016-07-01,"San Jose-Sunnyvale-Santa Clara, CA Metro Area",Government,85300.0
2016-07-01,"San Jose-Sunnyvale-Santa Clara, CA Metro Area",Total Private,1000100.0
2016-07-01,"St. Louis, MO-IL Metro Area",Government,139600.0
2016-07-01,"St. Louis, MO-IL Metro Area",Total Private,1222300.0
2016-07-01,"Tampa-St. Petersburg-Clearwater, FL Metro Area",Government,145500.0
2016-07-01,"Tampa-St. Petersburg-Clearwater, FL Metro Area",Total Private,1136700.0
2016-07-01,"Yuba City, CA Metro Area",Government,10200.0
2016-07-01,"Yuba City, CA Metro Area",Total Private,31600.0
2016-08-01,"Austin-Round Rock-Georgetown, TX Metro Area",Government,168200.0
2016-08-01,"Austin-Round Rock-Georgetown, TX Metro Area",Total Private,833500.0
2016-08-01,"Charlotte-Concord-Gastonia, NC-SC Metro Area",Government,143200.0
2016-08-01,"Charlotte-Concord-Gastonia, NC-SC Metro Area",Total Private,1009500.0
2016-08-01,"Cincinnati, OH-KY-IN Metro Area",Government,129000.0
2016-08-01,"Cincinnati, OH-KY-IN Metro Area",Total Private,959000.0
2016-08-01,"Cleveland-Elyria, OH Metro Area",Government,134600.0
2016-08-01,"Cleveland-Elyria, OH Metro Area",Total Private,929700.0
2016-08-01,"Columbus, OH Metro Area",Government,166500.0
2016-08-01,"Columbus, OH Metro Area",Total Private,901400.0
2016-08-01,"Detroit-Warren-Dearborn, MI Metro Area",Government,171500.0
2016-08-01,"Detroit-Warren-Dearborn, MI Metro Area",Total Private,1807800.0
2016-08-01,"Indianapolis-Carmel-Anderson, IN Metro Area",Government,130300.00000000001
2016-08-01,"Indianapolis-Carmel-Anderson, IN Metro Area",Total Private,924400.0
2016-08-01,"Kansas City, MO-KS Metro Area",Government,137500.0
2016-08-01,"Kansas City, MO-KS Metro Area",Total Private,930800.0
2016-08-01,"Miami-Fort Lauderdale-Pompano Beach, FL Metro Area",Government,303700.0
2016-08-01,"Miami-Fort Lauderdale-Pompano Beach, FL Metro Area",Total Private,2266000.0
2016-08-01,"Orlando-Kissimmee-Sanford, FL Metro Area",Government,125200.0
2016-08-01,"Orlando-Kissimmee-Sanford, FL Metro Area",Total Private,1090300.0
2016-08-01,"Phoenix-Mesa-Chandler, AZ Metro Area",Government,227000.0
2016-08-01,"Phoenix-Mesa-Chandler, AZ Metro Area",Total Private,1742500.0
2016-08-01,"Pittsburgh, PA Metro Area",Government,108200.0
2016-08-01,"Pittsburgh, PA Metro Area",Total Private,1048800.0
2016-08-01,"Portland-Vancouver-Hillsboro, OR-WA Metro Area",Government,143900.0
2016-08-01,"Portland-Vancouver-Hillsboro, OR-WA Metro Area",Total Private,1006500.0
2016-08-01,"Riverside-San Bernardino-Ontario, CA Metro Area",Government,235800.0
2016-08-01,"Riverside-San Bernardino-Ontario, CA Metro Area",Total Private,1157900.0
2016-08-01,"Sacramento-Roseville-Folsom, CA Metro Area",Government,229800.0
2016-08-01,"Sacramento-Roseville-Folsom, CA Metro Area",Total Private,725800.0
2016-08-01,"Salt Lake City, UT Metro Area",Government,100700.0
2016-08-01,"Salt Lake City, UT Metro Area",Total Private,599000.0
2016-08-01,"San Antonio-New Braunfels, TX Metro Area",Government,163600.0
2016-08-01,"San Antonio-New Braunfels, TX Metro Area",Total Private,855400.0
2016-08-01,"San Diego-Chula Vista-Carlsbad, CA Metro Area",Government,234300.0
2016-08-01,"San Diego-Chula Vista-Carlsbad, CA Metro Area",Total Private,1190700.0
2016-08-01,"San Francisco-Oakland-Berkeley, CA Metro Area",Government,308000.0
2016-08-01,"San Francisco-Oakland-Berkeley, CA Metro Area",Total Private,2036100.0
2016-08-01,"San Jose-Sunnyvale-Santa Clara, CA Metro Area",Government,88300.0
2016-08-01,"San Jose-Sunnyvale-Santa Clara, CA Metro Area",Total Private,999800.0
2016-08-01,"St. Louis, MO-IL Metro Area",Government,148300.0
2016-08-01,"St. Louis, MO-IL Metro Area",Total Private,1222800.0
2016-08-01,"Tampa-St. Petersburg-Clearwater, FL Metro Area",Government,153400.0
2016-08-01,"Tampa-St. Petersburg-Clearwater, FL Metro Area",Total Private,1140000.0
2016-08-01,"Yuba City, CA Metro Area",Government,10800.0
2016-08-01,"Yuba City, CA Metro Area",Total Private,32100.0
2016-09-01,"Austin-Round Rock-Georgetown, TX Metro Area",Government,177200.0
2016-09-01,"Austin-Round Rock-Georgetown, TX Metro Area",Total Private,832200.0
2016-09-01,"Charlotte-Concord-Gastonia, NC-SC Metro Area",Government,155300.0
2016-09-01,"Charlotte-Concord-Gastonia, NC-SC Metro Area",Total Private,1007900.0
2016-09-01,"Cincinnati, OH-KY-IN Metro Area",Government,131500.0
2016-09-01,"Cincinnati, OH-KY-IN Metro Area",Total Private,956100.0
2016-09-01,"Cleveland-Elyria, OH Metro Area",Government,134800.0
2016-09-01,"Cleveland-Elyria, OH Metro Area",Total Private,921300.0
2016-09-01,"Columbus, OH Metro Area",Government,174200.0
2016-09-01,"Columbus, OH Metro Area",Total Private,895900.0
2016-09-01,"Detroit-Warren-Dearborn, MI Metro Area",Government,185600.0
2016-09-01,"Detroit-Warren-Dearborn, MI Metro Area",Total Private,1805800.0
2016-09-01,"Indianapolis-Carmel-Anderson, IN Metro Area",Government,132600.0
2016-09-01,"Indianapolis-Carmel-Anderson, IN Metro Area",Total Private,924700.0
2016-09-01,"Kansas City, MO-KS Metro Area",Government,150200.0
2016-09-01,"Kansas City, MO-KS Metro Area",Total Private,927800.0
2016-09-01,"Miami-Fort Lauderdale-Pompano Beach, FL Metro Area",Government,310200.0
2016-09-01,"Miami-Fort Lauderdale-Pompano Beach, FL Metro Area",Total Private,2272200.0
2016-09-01,"Orlando-Kissimmee-Sanford, FL Metro Area",Government,124900.0
2016-09-01,"Orlando-Kissimmee-Sanford, FL Metro Area",Total Private,1095800.0
2016-09-01,"Phoenix-Mesa-Chandler, AZ Metro Area",Government,244300.0
2016-09-01,"Phoenix-Mesa-Chandler, AZ Metro Area",Total Private,1751200.0
2016-09-01,"Pittsburgh, PA Metro Area",Government,117100.0
2016-09-01,"Pittsburgh, PA Metro Area",Total Private,1049200.0
2016-09-01,"Portland-Vancouver-Hillsboro, OR-WA Metro Area",Government,147900.0
2016-09-01,"Portland-Vancouver-Hillsboro, OR-WA Metro Area",Total Private,1008800.0
2016-09-01,"Riverside-San Bernardino-Ontario, CA Metro Area",Government,240000.0
2016-09-01,"Riverside-San Bernardino-Ontario, CA Metro Area",Total Private,1161900.0
2016-09-01,"Sacramento-Roseville-Folsom, CA Metro Area",Government,231300.0
2016-09-01,"Sacramento-Roseville-Folsom, CA Metro Area",Total Private,723800.0
2016-09-01,"Salt Lake City, UT Metro Area",Government,107400.0
2016-09-01,"Salt Lake City, UT Metro Area",Total Private,597600.0
2016-09-01,"San Antonio-New Braunfels, TX Metro Area",Government,170500.0
2016-09-01,"San Antonio-New Braunfels, TX Metro Area",Total Private,853100.0
2016-09-01,"San Diego-Chula Vista-Carlsbad, CA Metro Area",Government,239700.0
2016-09-01,"San Diego-Chula Vista-Carlsbad, CA Metro Area",Total Private,1188500.0
2016-09-01,"San Francisco-Oakland-Berkeley, CA Metro Area",Government,315600.0
2016-09-01,"San Francisco-Oakland-Berkeley, CA Metro Area",Total Private,2032900.0
2016-09-01,"San Jose-Sunnyvale-Santa Clara, CA Metro Area",Government,92900.0
2016-09-01,"San Jose-Sunnyvale-Santa Clara, CA Metro Area",Total Private,992800.0
2016-09-01,"St. Louis, MO-IL Metro Area",Government,164100.0
2016-09-01,"St. Louis, MO-IL Metro Area",Total Private,1220300.0
2016-09-01,"Tampa-St. Petersburg-Clearwater, FL Metro Area",Government,156700.0
2016-09-01,"Tampa-St. Petersburg-Clearwater, FL Metro Area",Total Private,1142500.0
2016-09-01,"Yuba City, CA Metro Area",Government,11200.0
2016-09-01,"Yuba City, CA Metro Area",Total Private,32000.0
2016-10-01,"Austin-Round Rock-Georgetown, TX Metro Area",Government,180400.0
2016-10-01,"Austin-Round Rock-Georgetown, TX Metro Area",Total Private,836900.0
2016-10-01,"Charlotte-Concord-Gastonia, NC-SC Metro Area",Government,157200.0
2016-10-01,"Charlotte-Concord-Gastonia, NC-SC Metro Area",Total Private,1014500.0
2016-10-01,"Cincinnati, OH-KY-IN Metro Area",Government,132700.0
2016-10-01,"Cincinnati, OH-KY-IN Metro Area",Total Private,958500.0
2016-10-01,"Cleveland-Elyria, OH Metro Area",Government,137700.0
2016-10-01,"Cleveland-Elyria, OH Metro Area",Total Private,924900.0
2016-10-01,"Columbus, OH Metro Area",Government,178500.0
2016-10-01,"Columbus, OH Metro Area",Total Private,901800.0
2016-10-01,"Detroit-Warren-Dearborn, MI Metro Area",Government,187800.0
2016-10-01,"Detroit-Warren-Dearborn, MI Metro Area",Total Private,1811600.0
2016-10-01,"Indianapolis-Carmel-Anderson, IN Metro Area",Government,130699.99999999999
2016-10-01,"Indianapolis-Carmel-Anderson, IN Metro Area",Total Private,922400.0
2016-10-01,"Kansas City, MO-KS Metro Area",Government,149700.0
2016-10-01,"Kansas City, MO-KS Metro Area",Total Private,933300.0
2016-10-01,"Miami-Fort Lauderdale-Pompano Beach, FL Metro Area",Government,311000.0
2016-10-01,"Miami-Fort Lauderdale-Pompano Beach, FL Metro Area",Total Private,2290300.0
2016-10-01,"Orlando-Kissimmee-Sanford, FL Metro Area",Government,125900.0
2016-10-01,"Orlando-Kissimmee-Sanford, FL Metro Area",Total Private,1102100.0
2016-10-01,"Phoenix-Mesa-Chandler, AZ Metro Area",Government,246000.0
2016-10-01,"Phoenix-Mesa-Chandler, AZ Metro Area",Total Private,1768100.0
2016-10-01,"Pittsburgh, PA Metro Area",Government,118400.0
2016-10-01,"Pittsburgh, PA Metro Area",Total Private,1052700.0
2016-10-01,"Portland-Vancouver-Hillsboro, OR-WA Metro Area",Government,155900.0
2016-10-01,"Portland-Vancouver-Hillsboro, OR-WA Metro Area",Total Private,1011000.0
2016-10-01,"Riverside-San Bernardino-Ontario, CA Metro Area",Government,246400.0
2016-10-01,"Riverside-San Bernardino-Ontario, CA Metro Area",Total Private,1177900.0
2016-10-01,"Sacramento-Roseville-Folsom, CA Metro Area",Government,235700.0
2016-10-01,"Sacramento-Roseville-Folsom, CA Metro Area",Total Private,724700.0
2016-10-01,"Salt Lake City, UT Metro Area",Government,109300.0
2016-10-01,"Salt Lake City, UT Metro Area",Total Private,598300.0
2016-10-01,"San Antonio-New Braunfels, TX Metro Area",Government,171300.0
2016-10-01,"San Antonio-New Braunfels, TX Metro Area",Total Private,855200.0
2016-10-01,"San Diego-Chula Vista-Carlsbad, CA Metro Area",Government,246800.0
2016-10-01,"San Diego-Chula Vista-Carlsbad, CA Metro Area",Total Private,1193000.0
2016-10-01,"San Francisco-Oakland-Berkeley, CA Metro Area",Government,321800.0
2016-10-01,"San Francisco-Oakland-Berkeley, CA Metro Area",Total Private,2044300.0
2016-10-01,"San Jose-Sunnyvale-Santa Clara, CA Metro Area",Government,96000.0
2016-10-01,"San Jose-Sunnyvale-Santa Clara, CA Metro Area",Total Private,998100.0
2016-10-01,"St. Louis, MO-IL Metro Area",Government,165100.0
2016-10-01,"St. Louis, MO-IL Metro Area",Total Private,1227500.0
2016-10-01,"Tampa-St. Petersburg-Clearwater, FL Metro Area",Government,159100.0
2016-10-01,"Tampa-St. Petersburg-Clearwater, FL Metro Area",Total Private,1152000.0
2016-10-01,"Yuba City, CA Metro Area",Government,11100.0
2016-10-01,"Yuba City, CA Metro Area",Total Private,31800.0
2016-11-01,"Austin-Round Rock-Georgetown, TX Metro Area",Government,181900.0
2016-11-01,"Austin-Round Rock-Georgetown, TX Metro Area",Total Private,840600.0
2016-11-01,"Charlotte-Concord-Gastonia, NC-SC Metro Area",Government,158500.0
2016-11-01,"Charlotte-Concord-Gastonia, NC-SC Metro Area",Total Private,1018300.0
2016-11-01,"Cincinnati, OH-KY-IN Metro Area",Government,133000.0
2016-11-01,"Cincinnati, OH-KY-IN Metro Area",Total Private,961400.0
2016-11-01,"Cleveland-Elyria, OH Metro Area",Government,138000.0
2016-11-01,"Cleveland-Elyria, OH Metro Area",Total Private,927000.0
2016-11-01,"Columbus, OH Metro Area",Government,179900.0
2016-11-01,"Columbus, OH Metro Area",Total Private,910300.0
2016-11-01,"Detroit-Warren-Dearborn, MI Metro Area",Government,190400.0
2016-11-01,"Detroit-Warren-Dearborn, MI Metro Area",Total Private,1824900.0
2016-11-01,"Indianapolis-Carmel-Anderson, IN Metro Area",Government,132500.0
2016-11-01,"Indianapolis-Carmel-Anderson, IN Metro Area",Total Private,928500.0
2016-11-01,"Kansas City, MO-KS Metro Area",Government,149500.0
2016-11-01,"Kansas City, MO-KS Metro Area",Total Private,934600.0
2016-11-01,"Miami-Fort Lauderdale-Pompano Beach, FL Metro Area",Government,312700.0
2016-11-01,"Miami-Fort Lauderdale-Pompano Beach, FL Metro Area",Total Private,2323100.0
2016-11-01,"Orlando-Kissimmee-Sanford, FL Metro Area",Government,127000.0
2016-11-01,"Orlando-Kissimmee-Sanford, FL Metro Area",Total Private,1114100.0
2016-11-01,"Phoenix-Mesa-Chandler, AZ Metro Area",Government,247400.0
2016-11-01,"Phoenix-Mesa-Chandler, AZ Metro Area",Total Private,1786900.0
2016-11-01,"Pittsburgh, PA Metro Area",Government,119100.0
2016-11-01,"Pittsburgh, PA Metro Area",Total Private,1055700.0
2016-11-01,"Portland-Vancouver-Hillsboro, OR-WA Metro Area",Government,157500.0
2016-11-01,"Portland-Vancouver-Hillsboro, OR-WA Metro Area",Total Private,1014600.0
2016-11-01,"Riverside-San Bernardino-Ontario, CA Metro Area",Government,249100.0
2016-11-01,"Riverside-San Bernardino-Ontario, CA Metro Area",Total Private,1192800.0
2016-11-01,"Sacramento-Roseville-Folsom, CA Metro Area",Government,236900.0
2016-11-01,"Sacramento-Roseville-Folsom, CA Metro Area",Total Private,728800.0
2016-11-01,"Salt Lake City, UT Metro Area",Government,109000.0
2016-11-01,"Salt Lake City, UT Metro Area",Total Private,601600.0
2016-11-01,"San Antonio-New Braunfels, TX Metro Area",Government,172300.0
2016-11-01,"San Antonio-New Braunfels, TX Metro Area",Total Private,861500.0
2016-11-01,"San Diego-Chula Vista-Carlsbad, CA Metro Area",Government,249100.0
2016-11-01,"San Diego-Chula Vista-Carlsbad, CA Metro Area",Total Private,1201100.0
2016-11-01,"San Francisco-Oakland-Berkeley, CA Metro Area",Government,324100.0
2016-11-01,"San Francisco-Oakland-Berkeley, CA Metro Area",Total Private,2053000.0
2016-11-01,"San Jose-Sunnyvale-Santa Clara, CA Metro Area",Government,97900.0
2016-11-01,"San Jose-Sunnyvale-Santa Clara, CA Metro Area",Total Private,1002000.0
2016-11-01,"St. Louis, MO-IL Metro Area",Government,165200.0
2016-11-01,"St. Louis, MO-IL Metro Area",Total Private,1226600.0
2016-11-01,"Tampa-St. Petersburg-Clearwater, FL Metro Area",Government,159400.0
2016-11-01,"Tampa-St. Petersburg-Clearwater, FL Metro Area",Total Private,1162800.0
2016-11-01,"Yuba City, CA Metro Area",Government,11200.0
2016-11-01,"Yuba City, CA Metro Area",Total Private,31800.0
2016-12-01,"Austin-Round Rock-Georgetown, TX Metro Area",Government,181900.0
2016-12-01,"Austin-Round Rock-Georgetown, TX Metro Area",Total Private,840700.0
2016-12-01,"Charlotte-Concord-Gastonia, NC-SC Metro Area",Government,158100.0
2016-12-01,"Charlotte-Concord-Gastonia, NC-SC Metro Area",Total Private,1020600.0
2016-12-01,"Cincinnati, OH-KY-IN Metro Area",Government,132100.0
2016-12-01,"Cincinnati, OH-KY-IN Metro Area",Total Private,961800.0
2016-12-01,"Cleveland-Elyria, OH Metro Area",Government,137300.0
2016-12-01,"Cleveland-Elyria, OH Metro Area",Total Private,923300.0
2016-12-01,"Columbus, OH Metro Area",Government,177900.0
2016-12-01,"Columbus, OH Metro Area",Total Private,908800.0
2016-12-01,"Detroit-Warren-Dearborn, MI Metro Area",Government,188100.0
2016-12-01,"Detroit-Warren-Dearborn, MI Metro Area",Total Private,1817800.0
2016-12-01,"Indianapolis-Carmel-Anderson, IN Metro Area",Government,132600.0
2016-12-01,"Indianapolis-Carmel-Anderson, IN Metro Area",Total Private,925600.0
2016-12-01,"Kansas City, MO-KS Metro Area",Government,148400.0
2016-12-01,"Kansas City, MO-KS Metro Area",Total Private,934700.0
2016-12-01,"Miami-Fort Lauderdale-Pompano Beach, FL Metro Area",Government,310900.0
2016-12-01,"Miami-Fort Lauderdale-Pompano Beach, FL Metro Area",Total Private,2338400.0
2016-12-01,"Orlando-Kissimmee-Sanford, FL Metro Area",Government,126200.0
2016-12-01,"Orlando-Kissimmee-Sanford, FL Metro Area",Total Private,1118700.0
2016-12-01,"Phoenix-Mesa-Chandler, AZ Metro Area",Government,244900.0
2016-12-01,"Phoenix-Mesa-Chandler, AZ Metro Area",Total Private,1792700.0
2016-12-01,"Pittsburgh, PA Metro Area",Government,118700.0
2016-12-01,"Pittsburgh, PA Metro Area",Total Private,1049300.0
2016-12-01,"Portland-Vancouver-Hillsboro, OR-WA Metro Area",Government,156700.0
2016-12-01,"Portland-Vancouver-Hillsboro, OR-WA Metro Area",Total Private,1013000.0
2016-12-01,"Riverside-San Bernardino-Ontario, CA Metro Area",Government,249200.0
2016-12-01,"Riverside-San Bernardino-Ontario, CA Metro Area",Total Private,1195400.0
2016-12-01,"Sacramento-Roseville-Folsom, CA Metro Area",Government,235900.0
2016-12-01,"Sacramento-Roseville-Folsom, CA Metro Area",Total Private,730700.0
2016-12-01,"Salt Lake City, UT Metro Area",Government,109300.0
2016-12-01,"Salt Lake City, UT Metro Area",Total Private,602000.0
2016-12-01,"San Antonio-New Braunfels, TX Metro Area",Government,172300.0
2016-12-01,"San Antonio-New Braunfels, TX Metro Area",Total Private,862800.0
2016-12-01,"San Diego-Chula Vista-Carlsbad, CA Metro Area",Government,249400.0
2016-12-01,"San Diego-Chula Vista-Carlsbad, CA Metro Area",Total Private,1201700.0
2016-12-01,"San Francisco-Oakland-Berkeley, CA Metro Area",Government,323000.0
2016-12-01,"San Francisco-Oakland-Berkeley, CA Metro Area",Total Private,2055300.0000000002
2016-12-01,"San Jose-Sunnyvale-Santa Clara, CA Metro Area",Government,97800.0
2016-12-01,"San Jose-Sunnyvale-Santa Clara, CA Metro Area",Total Private,1003700.0
2016-12-01,"St. Louis, MO-IL Metro Area",Government,165600.0
2016-12-01,"St. Louis, MO-IL Metro Area",Total Private,1223500.0
2016-12-01,"Tampa-St. Petersburg-Clearwater, FL Metro Area",Government,159100.0
2016-12-01,"Tampa-St. Petersburg-Clearwater, FL Metro Area",Total Private,1166900.0
2016-12-01,"Yuba City, CA Metro Area",Government,11100.0
2016-12-01,"Yuba City, CA Metro Area",Total Private,31600.0
2017-01-01,"Austin-Round Rock-Georgetown, TX Metro Area",Government,182000.0
2017-01-01,"Austin-Round Rock-Georgetown, TX Metro Area",Total Private,829100.0
2017-01-01,"Charlotte-Concord-Gastonia, NC-SC Metro Area",Government,155900.0
2017-01-01,"Charlotte-Concord-Gastonia, NC-SC Metro Area",Total Private,1003200.0
2017-01-01,"Cincinnati, OH-KY-IN Metro Area",Government,128600.0
2017-01-01,"Cincinnati, OH-KY-IN Metro Area",Total Private,939600.0
2017-01-01,"Cleveland-Elyria, OH Metro Area",Government,135400.0
2017-01-01,"Cleveland-Elyria, OH Metro Area",Total Private,898100.0
2017-01-01,"Columbus, OH Metro Area",Government,177500.0
2017-01-01,"Columbus, OH Metro Area",Total Private,885100.0
2017-01-01,"Detroit-Warren-Dearborn, MI Metro Area",Government,184100.0
2017-01-01,"Detroit-Warren-Dearborn, MI Metro Area",Total Private,1787100.0
2017-01-01,"Indianapolis-Carmel-Anderson, IN Metro Area",Government,131600.0
2017-01-01,"Indianapolis-Carmel-Anderson, IN Metro Area",Total Private,900200.0
2017-01-01,"Kansas City, MO-KS Metro Area",Government,147900.0
2017-01-01,"Kansas City, MO-KS Metro Area",Total Private,911400.0
2017-01-01,"Miami-Fort Lauderdale-Pompano Beach, FL Metro Area",Government,310900.0
2017-01-01,"Miami-Fort Lauderdale-Pompano Beach, FL Metro Area",Total Private,2301500.0
2017-01-01,"Orlando-Kissimmee-Sanford, FL Metro Area",Government,125400.0
2017-01-01,"Orlando-Kissimmee-Sanford, FL Metro Area",Total Private,1104800.0
2017-01-01,"Phoenix-Mesa-Chandler, AZ Metro Area",Government,237400.0
2017-01-01,"Phoenix-Mesa-Chandler, AZ Metro Area",Total Private,1763000.0
2017-01-01,"Pittsburgh, PA Metro Area",Government,113800.0
2017-01-01,"Pittsburgh, PA Metro Area",Total Private,1027800.0
2017-01-01,"Portland-Vancouver-Hillsboro, OR-WA Metro Area",Government,154000.0
2017-01-01,"Portland-Vancouver-Hillsboro, OR-WA Metro Area",Total Private,990400.0
2017-01-01,"Riverside-San Bernardino-Ontario, CA Metro Area",Government,249200.0
2017-01-01,"Riverside-San Bernardino-Ontario, CA Metro Area",Total Private,1173700.0
2017-01-01,"Sacramento-Roseville-Folsom, CA Metro Area",Government,234700.0
2017-01-01,"Sacramento-Roseville-Folsom, CA Metro Area",Total Private,715400.0
2017-01-01,"Salt Lake City, UT Metro Area",Government,107700.0
2017-01-01,"Salt Lake City, UT Metro Area",Total Private,593100.0
2017-01-01,"San Antonio-New Braunfels, TX Metro Area",Government,171200.0
2017-01-01,"San Antonio-New Braunfels, TX Metro Area",Total Private,849900.0
2017-01-01,"San Diego-Chula Vista-Carlsbad, CA Metro Area",Government,246600.0
2017-01-01,"San Diego-Chula Vista-Carlsbad, CA Metro Area",Total Private,1178200.0
2017-01-01,"San Francisco-Oakland-Berkeley, CA Metro Area",Government,319000.0
2017-01-01,"San Francisco-Oakland-Berkeley, CA Metro Area",Total Private,2018100.0
2017-01-01,"San Jose-Sunnyvale-Santa Clara, CA Metro Area",Government,95800.0
2017-01-01,"San Jose-Sunnyvale-Santa Clara, CA Metro Area",Total Private,988400.0
2017-01-01,"St. Louis, MO-IL Metro Area",Government,159900.0
2017-01-01,"St. Louis, MO-IL Metro Area",Total Private,1200200.0
2017-01-01,"Tampa-St. Petersburg-Clearwater, FL Metro Area",Government,157800.0
2017-01-01,"Tampa-St. Petersburg-Clearwater, FL Metro Area",Total Private,1151400.0
2017-01-01,"Yuba City, CA Metro Area",Government,11000.0
2017-01-01,"Yuba City, CA Metro Area",Total Private,31000.0
2017-02-01,"Austin-Round Rock-Georgetown, TX Metro Area",Government,183500.0
2017-02-01,"Austin-Round Rock-Georgetown, TX Metro Area",Total Private,837000.0
2017-02-01,"Charlotte-Concord-Gastonia, NC-SC Metro Area",Government,157400.0
2017-02-01,"Charlotte-Concord-Gastonia, NC-SC Metro Area",Total Private,1007700.0
2017-02-01,"Cincinnati, OH-KY-IN Metro Area",Government,131900.0
2017-02-01,"Cincinnati, OH-KY-IN Metro Area",Total Private,942200.0
2017-02-01,"Cleveland-Elyria, OH Metro Area",Government,136900.0
2017-02-01,"Cleveland-Elyria, OH Metro Area",Total Private,901000.0
2017-02-01,"Columbus, OH Metro Area",Government,179400.0
2017-02-01,"Columbus, OH Metro Area",Total Private,886100.0
2017-02-01,"Detroit-Warren-Dearborn, MI Metro Area",Government,186700.0
2017-02-01,"Detroit-Warren-Dearborn, MI Metro Area",Total Private,1787400.0
2017-02-01,"Indianapolis-Carmel-Anderson, IN Metro Area",Government,132400.0
2017-02-01,"Indianapolis-Carmel-Anderson, IN Metro Area",Total Private,903500.0
2017-02-01,"Kansas City, MO-KS Metro Area",Government,150200.0
2017-02-01,"Kansas City, MO-KS Metro Area",Total Private,914900.0
2017-02-01,"Miami-Fort Lauderdale-Pompano Beach, FL Metro Area",Government,313100.0
2017-02-01,"Miami-Fort Lauderdale-Pompano Beach, FL Metro Area",Total Private,2315500.0
2017-02-01,"Orlando-Kissimmee-Sanford, FL Metro Area",Government,126500.0
2017-02-01,"Orlando-Kissimmee-Sanford, FL Metro Area",Total Private,1114200.0
2017-02-01,"Phoenix-Mesa-Chandler, AZ Metro Area",Government,246000.0
2017-02-01,"Phoenix-Mesa-Chandler, AZ Metro Area",Total Private,1774300.0
2017-02-01,"Pittsburgh, PA Metro Area",Government,118300.0
2017-02-01,"Pittsburgh, PA Metro Area",Total Private,1030700.0
2017-02-01,"Portland-Vancouver-Hillsboro, OR-WA Metro Area",Government,157300.0
2017-02-01,"Portland-Vancouver-Hillsboro, OR-WA Metro Area",Total Private,1004600.0
2017-02-01,"Riverside-San Bernardino-Ontario, CA Metro Area",Government,249300.0
2017-02-01,"Riverside-San Bernardino-Ontario, CA Metro Area",Total Private,1175800.0
2017-02-01,"Sacramento-Roseville-Folsom, CA Metro Area",Government,235100.0
2017-02-01,"Sacramento-Roseville-Folsom, CA Metro Area",Total Private,719400.0
2017-02-01,"Salt Lake City, UT Metro Area",Government,108900.0
2017-02-01,"Salt Lake City, UT Metro Area",Total Private,595500.0
2017-02-01,"San Antonio-New Braunfels, TX Metro Area",Government,172900.0
2017-02-01,"San Antonio-New Braunfels, TX Metro Area",Total Private,854100.0
2017-02-01,"San Diego-Chula Vista-Carlsbad, CA Metro Area",Government,249500.0
2017-02-01,"San Diego-Chula Vista-Carlsbad, CA Metro Area",Total Private,1183900.0
2017-02-01,"San Francisco-Oakland-Berkeley, CA Metro Area",Government,320900.0
2017-02-01,"San Francisco-Oakland-Berkeley, CA Metro Area",Total Private,2033100.0
2017-02-01,"San Jose-Sunnyvale-Santa Clara, CA Metro Area",Government,95800.0
2017-02-01,"San Jose-Sunnyvale-Santa Clara, CA Metro Area",Total Private,995200.0
2017-02-01,"St. Louis, MO-IL Metro Area",Government,163100.0
2017-02-01,"St. Louis, MO-IL Metro Area",Total Private,1208300.0
2017-02-01,"Tampa-St. Petersburg-Clearwater, FL Metro Area",Government,160300.0
2017-02-01,"Tampa-St. Petersburg-Clearwater, FL Metro Area",Total Private,1156300.0
2017-02-01,"Yuba City, CA Metro Area",Government,10900.0
2017-02-01,"Yuba City, CA Metro Area",Total Private,30800.0
2017-03-01,"Austin-Round Rock-Georgetown, TX Metro Area",Government,184400.0
2017-03-01,"Austin-Round Rock-Georgetown, TX Metro Area",Total Private,842200.0
2017-03-01,"Charlotte-Concord-Gastonia, NC-SC Metro Area",Government,158500.0
2017-03-01,"Charlotte-Concord-Gastonia, NC-SC Metro Area",Total Private,1015700.0
2017-03-01,"Cincinnati, OH-KY-IN Metro Area",Government,133000.0
2017-03-01,"Cincinnati, OH-KY-IN Metro Area",Total Private,948700.0
2017-03-01,"Cleveland-Elyria, OH Metro Area",Government,136600.0
2017-03-01,"Cleveland-Elyria, OH Metro Area",Total Private,905300.0
2017-03-01,"Columbus, OH Metro Area",Government,179100.0
2017-03-01,"Columbus, OH Metro Area",Total Private,889500.0
2017-03-01,"Detroit-Warren-Dearborn, MI Metro Area",Government,188000.0
2017-03-01,"Detroit-Warren-Dearborn, MI Metro Area",Total Private,1793600.0
2017-03-01,"Indianapolis-Carmel-Anderson, IN Metro Area",Government,132900.0
2017-03-01,"Indianapolis-Carmel-Anderson, IN Metro Area",Total Private,912500.0
2017-03-01,"Kansas City, MO-KS Metro Area",Government,150600.0
2017-03-01,"Kansas City, MO-KS Metro Area",Total Private,921300.0
2017-03-01,"Miami-Fort Lauderdale-Pompano Beach, FL Metro Area",Government,314400.0
2017-03-01,"Miami-Fort Lauderdale-Pompano Beach, FL Metro Area",Total Private,2323900.0
2017-03-01,"Orlando-Kissimmee-Sanford, FL Metro Area",Government,126700.0
2017-03-01,"Orlando-Kissimmee-Sanford, FL Metro Area",Total Private,1119000.0
2017-03-01,"Phoenix-Mesa-Chandler, AZ Metro Area",Government,245800.0
2017-03-01,"Phoenix-Mesa-Chandler, AZ Metro Area",Total Private,1782800.0
2017-03-01,"Pittsburgh, PA Metro Area",Government,118600.0
2017-03-01,"Pittsburgh, PA Metro Area",Total Private,1036900.0000000001
2017-03-01,"Portland-Vancouver-Hillsboro, OR-WA Metro Area",Government,158800.0
2017-03-01,"Portland-Vancouver-Hillsboro, OR-WA Metro Area",Total Private,1011100.0
2017-03-01,"Riverside-San Bernardino-Ontario, CA Metro Area",Government,252200.0
2017-03-01,"Riverside-San Bernardino-Ontario, CA Metro Area",Total Private,1185200.0
2017-03-01,"Sacramento-Roseville-Folsom, CA Metro Area",Government,237300.0
2017-03-01,"Sacramento-Roseville-Folsom, CA Metro Area",Total Private,723600.0
2017-03-01,"Salt Lake City, UT Metro Area",Government,109200.0
2017-03-01,"Salt Lake City, UT Metro Area",Total Private,598100.0
2017-03-01,"San Antonio-New Braunfels, TX Metro Area",Government,173300.0
2017-03-01,"San Antonio-New Braunfels, TX Metro Area",Total Private,859500.0
2017-03-01,"San Diego-Chula Vista-Carlsbad, CA Metro Area",Government,249800.0
2017-03-01,"San Diego-Chula Vista-Carlsbad, CA Metro Area",Total Private,1187400.0
2017-03-01,"San Francisco-Oakland-Berkeley, CA Metro Area",Government,323500.0
2017-03-01,"San Francisco-Oakland-Berkeley, CA Metro Area",Total Private,2045500.0
2017-03-01,"San Jose-Sunnyvale-Santa Clara, CA Metro Area",Government,96800.0
2017-03-01,"San Jose-Sunnyvale-Santa Clara, CA Metro Area",Total Private,1000300.0
2017-03-01,"St. Louis, MO-IL Metro Area",Government,163000.0
2017-03-01,"St. Louis, MO-IL Metro Area",Total Private,1213500.0
2017-03-01,"Tampa-St. Petersburg-Clearwater, FL Metro Area",Government,159700.0
2017-03-01,"Tampa-St. Petersburg-Clearwater, FL Metro Area",Total Private,1161400.0
2017-03-01,"Yuba City, CA Metro Area",Government,11200.0
2017-03-01,"Yuba City, CA Metro Area",Total Private,31200.0
2017-04-01,"Austin-Round Rock-Georgetown, TX Metro Area",Government,183500.0
2017-04-01,"Austin-Round Rock-Georgetown, TX Metro Area",Total Private,848400.0
2017-04-01,"Charlotte-Concord-Gastonia, NC-SC Metro Area",Government,159200.0
2017-04-01,"Charlotte-Concord-Gastonia, NC-SC Metro Area",Total Private,1018300.0
2017-04-01,"Cincinnati, OH-KY-IN Metro Area",Government,133500.0
2017-04-01,"Cincinnati, OH-KY-IN Metro Area",Total Private,959300.0
2017-04-01,"Cleveland-Elyria, OH Metro Area",Government,137200.0
2017-04-01,"Cleveland-Elyria, OH Metro Area",Total Private,917800.0
2017-04-01,"Columbus, OH Metro Area",Government,180200.0
2017-04-01,"Columbus, OH Metro Area",Total Private,898900.0
2017-04-01,"Detroit-Warren-Dearborn, MI Metro Area",Government,188300.0
2017-04-01,"Detroit-Warren-Dearborn, MI Metro Area",Total Private,1807500.0
2017-04-01,"Indianapolis-Carmel-Anderson, IN Metro Area",Government,132000.0
2017-04-01,"Indianapolis-Carmel-Anderson, IN Metro Area",Total Private,922000.0
2017-04-01,"Kansas City, MO-KS Metro Area",Government,151100.0
2017-04-01,"Kansas City, MO-KS Metro Area",Total Private,930900.0
2017-04-01,"Miami-Fort Lauderdale-Pompano Beach, FL Metro Area",Government,313200.0
2017-04-01,"Miami-Fort Lauderdale-Pompano Beach, FL Metro Area",Total Private,2322600.0
2017-04-01,"Orlando-Kissimmee-Sanford, FL Metro Area",Government,127000.0
2017-04-01,"Orlando-Kissimmee-Sanford, FL Metro Area",Total Private,1122100.0
2017-04-01,"Phoenix-Mesa-Chandler, AZ Metro Area",Government,246700.0
2017-04-01,"Phoenix-Mesa-Chandler, AZ Metro Area",Total Private,1794100.0
2017-04-01,"Pittsburgh, PA Metro Area",Government,118600.0
2017-04-01,"Pittsburgh, PA Metro Area",Total Private,1052300.0
2017-04-01,"Portland-Vancouver-Hillsboro, OR-WA Metro Area",Government,159300.0
2017-04-01,"Portland-Vancouver-Hillsboro, OR-WA Metro Area",Total Private,1018500.0
2017-04-01,"Riverside-San Bernardino-Ontario, CA Metro Area",Government,251300.0
2017-04-01,"Riverside-San Bernardino-Ontario, CA Metro Area",Total Private,1188000.0
2017-04-01,"Sacramento-Roseville-Folsom, CA Metro Area",Government,237100.0
2017-04-01,"Sacramento-Roseville-Folsom, CA Metro Area",Total Private,729500.0
2017-04-01,"Salt Lake City, UT Metro Area",Government,110100.0
2017-04-01,"Salt Lake City, UT Metro Area",Total Private,599000.0
2017-04-01,"San Antonio-New Braunfels, TX Metro Area",Government,172600.0
2017-04-01,"San Antonio-New Braunfels, TX Metro Area",Total Private,862100.0
2017-04-01,"San Diego-Chula Vista-Carlsbad, CA Metro Area",Government,250600.0
2017-04-01,"San Diego-Chula Vista-Carlsbad, CA Metro Area",Total Private,1194900.0
2017-04-01,"San Francisco-Oakland-Berkeley, CA Metro Area",Government,323600.0
2017-04-01,"San Francisco-Oakland-Berkeley, CA Metro Area",Total Private,2048300.0000000002
2017-04-01,"San Jose-Sunnyvale-Santa Clara, CA Metro Area",Government,97500.0
2017-04-01,"San Jose-Sunnyvale-Santa Clara, CA Metro Area",Total Private,1003100.0
2017-04-01,"St. Louis, MO-IL Metro Area",Government,162800.0
2017-04-01,"St. Louis, MO-IL Metro Area",Total Private,1230600.0
2017-04-01,"Tampa-St. Petersburg-Clearwater, FL Metro Area",Government,159400.0
2017-04-01,"Tampa-St. Petersburg-Clearwater, FL Metro Area",Total Private,1163800.0
2017-04-01,"Yuba City, CA Metro Area",Government,11300.0
2017-04-01,"Yuba City, CA Metro Area",Total Private,31900.0
2017-05-01,"Austin-Round Rock-Georgetown, TX Metro Area",Government,184100.0
2017-05-01,"Austin-Round Rock-Georgetown, TX Metro Area",Total Private,853800.0
2017-05-01,"Charlotte-Concord-Gastonia, NC-SC Metro Area",Government,159300.0
2017-05-01,"Charlotte-Concord-Gastonia, NC-SC Metro Area",Total Private,1028099.9999999999
2017-05-01,"Cincinnati, OH-KY-IN Metro Area",Government,133000.0
2017-05-01,"Cincinnati, OH-KY-IN Metro Area",Total Private,968300.0
2017-05-01,"Cleveland-Elyria, OH Metro Area",Government,138800.0
2017-05-01,"Cleveland-Elyria, OH Metro Area",Total Private,928000.0
2017-05-01,"Columbus, OH Metro Area",Government,179500.0
2017-05-01,"Columbus, OH Metro Area",Total Private,909600.0
2017-05-01,"Detroit-Warren-Dearborn, MI Metro Area",Government,188300.0
2017-05-01,"Detroit-Warren-Dearborn, MI Metro Area",Total Private,1833100.0
2017-05-01,"Indianapolis-Carmel-Anderson, IN Metro Area",Government,133400.0
2017-05-01,"Indianapolis-Carmel-Anderson, IN Metro Area",Total Private,930200.0
2017-05-01,"Kansas City, MO-KS Metro Area",Government,150500.0
2017-05-01,"Kansas City, MO-KS Metro Area",Total Private,935000.0
2017-05-01,"Miami-Fort Lauderdale-Pompano Beach, FL Metro Area",Government,314400.0
2017-05-01,"Miami-Fort Lauderdale-Pompano Beach, FL Metro Area",Total Private,2327900.0
2017-05-01,"Orlando-Kissimmee-Sanford, FL Metro Area",Government,126300.0
2017-05-01,"Orlando-Kissimmee-Sanford, FL Metro Area",Total Private,1125500.0
2017-05-01,"Phoenix-Mesa-Chandler, AZ Metro Area",Government,237600.0
2017-05-01,"Phoenix-Mesa-Chandler, AZ Metro Area",Total Private,1791800.0
2017-05-01,"Pittsburgh, PA Metro Area",Government,118900.0
2017-05-01,"Pittsburgh, PA Metro Area",Total Private,1060800.0
2017-05-01,"Portland-Vancouver-Hillsboro, OR-WA Metro Area",Government,160000.0
2017-05-01,"Portland-Vancouver-Hillsboro, OR-WA Metro Area",Total Private,1022800.0
2017-05-01,"Riverside-San Bernardino-Ontario, CA Metro Area",Government,253900.0
2017-05-01,"Riverside-San Bernardino-Ontario, CA Metro Area",Total Private,1193300.0
2017-05-01,"Sacramento-Roseville-Folsom, CA Metro Area",Government,238100.0
2017-05-01,"Sacramento-Roseville-Folsom, CA Metro Area",Total Private,734800.0
2017-05-01,"Salt Lake City, UT Metro Area",Government,110800.0
2017-05-01,"Salt Lake City, UT Metro Area",Total Private,601200.0
2017-05-01,"San Antonio-New Braunfels, TX Metro Area",Government,172800.0
2017-05-01,"San Antonio-New Braunfels, TX Metro Area",Total Private,865700.0
2017-05-01,"San Diego-Chula Vista-Carlsbad, CA Metro Area",Government,251100.0
2017-05-01,"San Diego-Chula Vista-Carlsbad, CA Metro Area",Total Private,1200100.0
2017-05-01,"San Francisco-Oakland-Berkeley, CA Metro Area",Government,325600.0
2017-05-01,"San Francisco-Oakland-Berkeley, CA Metro Area",Total Private,2058400.0
2017-05-01,"San Jose-Sunnyvale-Santa Clara, CA Metro Area",Government,98000.0
2017-05-01,"San Jose-Sunnyvale-Santa Clara, CA Metro Area",Total Private,1008300.0
2017-05-01,"St. Louis, MO-IL Metro Area",Government,163200.0
2017-05-01,"St. Louis, MO-IL Metro Area",Total Private,1237300.0
2017-05-01,"Tampa-St. Petersburg-Clearwater, FL Metro Area",Government,157400.0
2017-05-01,"Tampa-St. Petersburg-Clearwater, FL Metro Area",Total Private,1163900.0
2017-05-01,"Yuba City, CA Metro Area",Government,11400.0
2017-05-01,"Yuba City, CA Metro Area",Total Private,32500.0
2017-06-01,"Austin-Round Rock-Georgetown, TX Metro Area",Government,182800.0
2017-06-01,"Austin-Round Rock-Georgetown, TX Metro Area",Total Private,859900.0
2017-06-01,"Charlotte-Concord-Gastonia, NC-SC Metro Area",Government,152200.0
2017-06-01,"Charlotte-Concord-Gastonia, NC-SC Metro Area",Total Private,1036000.0
2017-06-01,"Cincinnati, OH-KY-IN Metro Area",Government,130699.99999999999
2017-06-01,"Cincinnati, OH-KY-IN Metro Area",Total Private,976300.0
2017-06-01,"Cleveland-Elyria, OH Metro Area",Government,138200.0
2017-06-01,"Cleveland-Elyria, OH Metro Area",Total Private,934900.0
2017-06-01,"Columbus, OH Metro Area",Government,174400.0
2017-06-01,"Columbus, OH Metro Area",Total Private,915800.0
2017-06-01,"Detroit-Warren-Dearborn, MI Metro Area",Government,188200.0
2017-06-01,"Detroit-Warren-Dearborn, MI Metro Area",Total Private,1849300.0
2017-06-01,"Indianapolis-Carmel-Anderson, IN Metro Area",Government,126400.0
2017-06-01,"Indianapolis-Carmel-Anderson, IN Metro Area",Total Private,938600.0
2017-06-01,"Kansas City, MO-KS Metro Area",Government,149700.0
2017-06-01,"Kansas City, MO-KS Metro Area",Total Private,940600.0
2017-06-01,"Miami-Fort Lauderdale-Pompano Beach, FL Metro Area",Government,289600.0
2017-06-01,"Miami-Fort Lauderdale-Pompano Beach, FL Metro Area",Total Private,2319800.0
2017-06-01,"Orlando-Kissimmee-Sanford, FL Metro Area",Government,115800.0
2017-06-01,"Orlando-Kissimmee-Sanford, FL Metro Area",Total Private,1127700.0
2017-06-01,"Phoenix-Mesa-Chandler, AZ Metro Area",Government,217000.0
2017-06-01,"Phoenix-Mesa-Chandler, AZ Metro Area",Total Private,1787400.0
2017-06-01,"Pittsburgh, PA Metro Area",Government,115300.0
2017-06-01,"Pittsburgh, PA Metro Area",Total Private,1063100.0
2017-06-01,"Portland-Vancouver-Hillsboro, OR-WA Metro Area",Government,160400.0
2017-06-01,"Portland-Vancouver-Hillsboro, OR-WA Metro Area",Total Private,1028300.0
2017-06-01,"Riverside-San Bernardino-Ontario, CA Metro Area",Government,253300.0
2017-06-01,"Riverside-San Bernardino-Ontario, CA Metro Area",Total Private,1193800.0
2017-06-01,"Sacramento-Roseville-Folsom, CA Metro Area",Government,238200.0
2017-06-01,"Sacramento-Roseville-Folsom, CA Metro Area",Total Private,741600.0
2017-06-01,"Salt Lake City, UT Metro Area",Government,109700.0
2017-06-01,"Salt Lake City, UT Metro Area",Total Private,605900.0
2017-06-01,"San Antonio-New Braunfels, TX Metro Area",Government,169900.0
2017-06-01,"San Antonio-New Braunfels, TX Metro Area",Total Private,875100.0
2017-06-01,"San Diego-Chula Vista-Carlsbad, CA Metro Area",Government,251900.0
2017-06-01,"San Diego-Chula Vista-Carlsbad, CA Metro Area",Total Private,1207600.0
2017-06-01,"San Francisco-Oakland-Berkeley, CA Metro Area",Government,321800.0
2017-06-01,"San Francisco-Oakland-Berkeley, CA Metro Area",Total Private,2074600.0
2017-06-01,"San Jose-Sunnyvale-Santa Clara, CA Metro Area",Government,96700.0
2017-06-01,"San Jose-Sunnyvale-Santa Clara, CA Metro Area",Total Private,1018800.0
2017-06-01,"St. Louis, MO-IL Metro Area",Government,160300.0
2017-06-01,"St. Louis, MO-IL Metro Area",Total Private,1241700.0
2017-06-01,"Tampa-St. Petersburg-Clearwater, FL Metro Area",Government,148500.0
2017-06-01,"Tampa-St. Petersburg-Clearwater, FL Metro Area",Total Private,1164500.0
2017-06-01,"Yuba City, CA Metro Area",Government,11600.0
2017-06-01,"Yuba City, CA Metro Area",Total Private,32700.000000000004
2017-07-01,"Austin-Round Rock-Georgetown, TX Metro Area",Government,172300.0
2017-07-01,"Austin-Round Rock-Georgetown, TX Metro Area",Total Private,860700.0
2017-07-01,"Charlotte-Concord-Gastonia, NC-SC Metro Area",Government,134700.0
2017-07-01,"Charlotte-Concord-Gastonia, NC-SC Metro Area",Total Private,1036200.0
2017-07-01,"Cincinnati, OH-KY-IN Metro Area",Government,125400.0
2017-07-01,"Cincinnati, OH-KY-IN Metro Area",Total Private,972900.0
2017-07-01,"Cleveland-Elyria, OH Metro Area",Government,132500.0
2017-07-01,"Cleveland-Elyria, OH Metro Area",Total Private,933100.0
2017-07-01,"Columbus, OH Metro Area",Government,168700.0
2017-07-01,"Columbus, OH Metro Area",Total Private,916700.0
2017-07-01,"Detroit-Warren-Dearborn, MI Metro Area",Government,173500.0
2017-07-01,"Detroit-Warren-Dearborn, MI Metro Area",Total Private,1825000.0
2017-07-01,"Indianapolis-Carmel-Anderson, IN Metro Area",Government,119700.0
2017-07-01,"Indianapolis-Carmel-Anderson, IN Metro Area",Total Private,932400.0
2017-07-01,"Kansas City, MO-KS Metro Area",Government,139100.0
2017-07-01,"Kansas City, MO-KS Metro Area",Total Private,941400.0
2017-07-01,"Miami-Fort Lauderdale-Pompano Beach, FL Metro Area",Government,288100.0
2017-07-01,"Miami-Fort Lauderdale-Pompano Beach, FL Metro Area",Total Private,2304700.0
2017-07-01,"Orlando-Kissimmee-Sanford, FL Metro Area",Government,116200.0
2017-07-01,"Orlando-Kissimmee-Sanford, FL Metro Area",Total Private,1123100.0
2017-07-01,"Phoenix-Mesa-Chandler, AZ Metro Area",Government,207600.0
2017-07-01,"Phoenix-Mesa-Chandler, AZ Metro Area",Total Private,1781800.0
2017-07-01,"Pittsburgh, PA Metro Area",Government,108900.0
2017-07-01,"Pittsburgh, PA Metro Area",Total Private,1060900.0
2017-07-01,"Portland-Vancouver-Hillsboro, OR-WA Metro Area",Government,149900.0
2017-07-01,"Portland-Vancouver-Hillsboro, OR-WA Metro Area",Total Private,1030700.0
2017-07-01,"Riverside-San Bernardino-Ontario, CA Metro Area",Government,239400.0
2017-07-01,"Riverside-San Bernardino-Ontario, CA Metro Area",Total Private,1193700.0
2017-07-01,"Sacramento-Roseville-Folsom, CA Metro Area",Government,228500.0
2017-07-01,"Sacramento-Roseville-Folsom, CA Metro Area",Total Private,742900.0
2017-07-01,"Salt Lake City, UT Metro Area",Government,102700.0
2017-07-01,"Salt Lake City, UT Metro Area",Total Private,607000.0
2017-07-01,"San Antonio-New Braunfels, TX Metro Area",Government,164400.0
2017-07-01,"San Antonio-New Braunfels, TX Metro Area",Total Private,873000.0
2017-07-01,"San Diego-Chula Vista-Carlsbad, CA Metro Area",Government,233200.0
2017-07-01,"San Diego-Chula Vista-Carlsbad, CA Metro Area",Total Private,1212300.0
2017-07-01,"San Francisco-Oakland-Berkeley, CA Metro Area",Government,307900.0
2017-07-01,"San Francisco-Oakland-Berkeley, CA Metro Area",Total Private,2077600.0
2017-07-01,"San Jose-Sunnyvale-Santa Clara, CA Metro Area",Government,88000.0
2017-07-01,"San Jose-Sunnyvale-Santa Clara, CA Metro Area",Total Private,1023300.0
2017-07-01,"St. Louis, MO-IL Metro Area",Government,139000.0
2017-07-01,"St. Louis, MO-IL Metro Area",Total Private,1240700.0
2017-07-01,"Tampa-St. Petersburg-Clearwater, FL Metro Area",Government,145200.0
2017-07-01,"Tampa-St. Petersburg-Clearwater, FL Metro Area",Total Private,1161500.0
2017-07-01,"Yuba City, CA Metro Area",Government,10200.0
2017-07-01,"Yuba City, CA Metro Area",Total Private,32800.0
2017-08-01,"Austin-Round Rock-Georgetown, TX Metro Area",Government,169700.0
2017-08-01,"Austin-Round Rock-Georgetown, TX Metro Area",Total Private,863800.0
2017-08-01,"Charlotte-Concord-Gastonia, NC-SC Metro Area",Government,146800.0
2017-08-01,"Charlotte-Concord-Gastonia, NC-SC Metro Area",Total Private,1039900.0000000001
2017-08-01,"Cincinnati, OH-KY-IN Metro Area",Government,127600.0
2017-08-01,"Cincinnati, OH-KY-IN Metro Area",Total Private,973800.0
2017-08-01,"Cleveland-Elyria, OH Metro Area",Government,134300.0
2017-08-01,"Cleveland-Elyria, OH Metro Area",Total Private,933100.0
2017-08-01,"Columbus, OH Metro Area",Government,171700.0
2017-08-01,"Columbus, OH Metro Area",Total Private,918000.0
2017-08-01,"Detroit-Warren-Dearborn, MI Metro Area",Government,172000.0
2017-08-01,"Detroit-Warren-Dearborn, MI Metro Area",Total Private,1840900.0
2017-08-01,"Indianapolis-Carmel-Anderson, IN Metro Area",Government,131600.0
2017-08-01,"Indianapolis-Carmel-Anderson, IN Metro Area",Total Private,935000.0
2017-08-01,"Kansas City, MO-KS Metro Area",Government,140300.0
2017-08-01,"Kansas City, MO-KS Metro Area",Total Private,942500.0
2017-08-01,"Miami-Fort Lauderdale-Pompano Beach, FL Metro Area",Government,307400.0
2017-08-01,"Miami-Fort Lauderdale-Pompano Beach, FL Metro Area",Total Private,2312200.0
2017-08-01,"Orlando-Kissimmee-Sanford, FL Metro Area",Government,126200.0
2017-08-01,"Orlando-Kissimmee-Sanford, FL Metro Area",Total Private,1126300.0
2017-08-01,"Phoenix-Mesa-Chandler, AZ Metro Area",Government,231400.0
2017-08-01,"Phoenix-Mesa-Chandler, AZ Metro Area",Total Private,1797700.0
2017-08-01,"Pittsburgh, PA Metro Area",Government,107400.0
2017-08-01,"Pittsburgh, PA Metro Area",Total Private,1061300.0
2017-08-01,"Portland-Vancouver-Hillsboro, OR-WA Metro Area",Government,149200.0
2017-08-01,"Portland-Vancouver-Hillsboro, OR-WA Metro Area",Total Private,1033599.9999999999
2017-08-01,"Riverside-San Bernardino-Ontario, CA Metro Area",Government,242200.0
2017-08-01,"Riverside-San Bernardino-Ontario, CA Metro Area",Total Private,1202900.0
2017-08-01,"Sacramento-Roseville-Folsom, CA Metro Area",Government,228000.0
2017-08-01,"Sacramento-Roseville-Folsom, CA Metro Area",Total Private,745900.0
2017-08-01,"Salt Lake City, UT Metro Area",Government,102800.0
2017-08-01,"Salt Lake City, UT Metro Area",Total Private,610800.0
2017-08-01,"San Antonio-New Braunfels, TX Metro Area",Government,164800.0
2017-08-01,"San Antonio-New Braunfels, TX Metro Area",Total Private,874500.0
2017-08-01,"San Diego-Chula Vista-Carlsbad, CA Metro Area",Government,233700.0
2017-08-01,"San Diego-Chula Vista-Carlsbad, CA Metro Area",Total Private,1215800.0
2017-08-01,"San Francisco-Oakland-Berkeley, CA Metro Area",Government,308800.0
2017-08-01,"San Francisco-Oakland-Berkeley, CA Metro Area",Total Private,2079600.0
2017-08-01,"San Jose-Sunnyvale-Santa Clara, CA Metro Area",Government,89600.0
2017-08-01,"San Jose-Sunnyvale-Santa Clara, CA Metro Area",Total Private,1022800.0
2017-08-01,"St. Louis, MO-IL Metro Area",Government,143200.0
2017-08-01,"St. Louis, MO-IL Metro Area",Total Private,1243500.0
2017-08-01,"Tampa-St. Petersburg-Clearwater, FL Metro Area",Government,153400.0
2017-08-01,"Tampa-St. Petersburg-Clearwater, FL Metro Area",Total Private,1167000.0
2017-08-01,"Yuba City, CA Metro Area",Government,11000.0
2017-08-01,"Yuba City, CA Metro Area",Total Private,32900.0
2017-09-01,"Austin-Round Rock-Georgetown, TX Metro Area",Government,178300.0
2017-09-01,"Austin-Round Rock-Georgetown, TX Metro Area",Total Private,861600.0
2017-09-01,"Charlotte-Concord-Gastonia, NC-SC Metro Area",Government,158600.0
2017-09-01,"Charlotte-Concord-Gastonia, NC-SC Metro Area",Total Private,1032400.0000000001
2017-09-01,"Cincinnati, OH-KY-IN Metro Area",Government,131300.0
2017-09-01,"Cincinnati, OH-KY-IN Metro Area",Total Private,967700.0
2017-09-01,"Cleveland-Elyria, OH Metro Area",Government,135800.0
2017-09-01,"Cleveland-Elyria, OH Metro Area",Total Private,925500.0
2017-09-01,"Columbus, OH Metro Area",Government,178200.0
2017-09-01,"Columbus, OH Metro Area",Total Private,909300.0
2017-09-01,"Detroit-Warren-Dearborn, MI Metro Area",Government,187200.0
2017-09-01,"Detroit-Warren-Dearborn, MI Metro Area",Total Private,1829600.0
2017-09-01,"Indianapolis-Carmel-Anderson, IN Metro Area",Government,133800.0
2017-09-01,"Indianapolis-Carmel-Anderson, IN Metro Area",Total Private,933700.0
2017-09-01,"Kansas City, MO-KS Metro Area",Government,149800.0
2017-09-01,"Kansas City, MO-KS Metro Area",Total Private,941200.0
2017-09-01,"Miami-Fort Lauderdale-Pompano Beach, FL Metro Area",Government,311600.0
2017-09-01,"Miami-Fort Lauderdale-Pompano Beach, FL Metro Area",Total Private,2252300.0
2017-09-01,"Orlando-Kissimmee-Sanford, FL Metro Area",Government,125700.0
2017-09-01,"Orlando-Kissimmee-Sanford, FL Metro Area",Total Private,1112900.0
2017-09-01,"Phoenix-Mesa-Chandler, AZ Metro Area",Government,245000.0
2017-09-01,"Phoenix-Mesa-Chandler, AZ Metro Area",Total Private,1807400.0
2017-09-01,"Pittsburgh, PA Metro Area",Government,116800.0
2017-09-01,"Pittsburgh, PA Metro Area",Total Private,1064100.0
2017-09-01,"Portland-Vancouver-Hillsboro, OR-WA Metro Area",Government,151400.0
2017-09-01,"Portland-Vancouver-Hillsboro, OR-WA Metro Area",Total Private,1035900.0000000001
2017-09-01,"Riverside-San Bernardino-Ontario, CA Metro Area",Government,249600.0
2017-09-01,"Riverside-San Bernardino-Ontario, CA Metro Area",Total Private,1206800.0
2017-09-01,"Sacramento-Roseville-Folsom, CA Metro Area",Government,231200.0
2017-09-01,"Sacramento-Roseville-Folsom, CA Metro Area",Total Private,744700.0
2017-09-01,"Salt Lake City, UT Metro Area",Government,109000.0
2017-09-01,"Salt Lake City, UT Metro Area",Total Private,609700.0
2017-09-01,"San Antonio-New Braunfels, TX Metro Area",Government,170800.0
2017-09-01,"San Antonio-New Braunfels, TX Metro Area",Total Private,872700.0
2017-09-01,"San Diego-Chula Vista-Carlsbad, CA Metro Area",Government,241700.0
2017-09-01,"San Diego-Chula Vista-Carlsbad, CA Metro Area",Total Private,1212100.0
2017-09-01,"San Francisco-Oakland-Berkeley, CA Metro Area",Government,317400.0
2017-09-01,"San Francisco-Oakland-Berkeley, CA Metro Area",Total Private,2075000.0
2017-09-01,"San Jose-Sunnyvale-Santa Clara, CA Metro Area",Government,94000.0
2017-09-01,"San Jose-Sunnyvale-Santa Clara, CA Metro Area",Total Private,1014800.0
2017-09-01,"St. Louis, MO-IL Metro Area",Government,158700.0
2017-09-01,"St. Louis, MO-IL Metro Area",Total Private,1238100.0
2017-09-01,"Tampa-St. Petersburg-Clearwater, FL Metro Area",Government,156600.0
2017-09-01,"Tampa-St. Petersburg-Clearwater, FL Metro Area",Total Private,1146800.0
2017-09-01,"Yuba City, CA Metro Area",Government,11300.0
2017-09-01,"Yuba City, CA Metro Area",Total Private,32800.0
2017-10-01,"Austin-Round Rock-Georgetown, TX Metro Area",Government,182800.0
2017-10-01,"Austin-Round Rock-Georgetown, TX Metro Area",Total Private,868900.0
2017-10-01,"Charlotte-Concord-Gastonia, NC-SC Metro Area",Government,159700.0
2017-10-01,"Charlotte-Concord-Gastonia, NC-SC Metro Area",Total Private,1039900.0000000001
2017-10-01,"Cincinnati, OH-KY-IN Metro Area",Government,132700.0
2017-10-01,"Cincinnati, OH-KY-IN Metro Area",Total Private,970300.0
2017-10-01,"Cleveland-Elyria, OH Metro Area",Government,138200.0
2017-10-01,"Cleveland-Elyria, OH Metro Area",Total Private,930400.0
2017-10-01,"Columbus, OH Metro Area",Government,181000.0
2017-10-01,"Columbus, OH Metro Area",Total Private,917700.0
2017-10-01,"Detroit-Warren-Dearborn, MI Metro Area",Government,189900.0
2017-10-01,"Detroit-Warren-Dearborn, MI Metro Area",Total Private,1834600.0
2017-10-01,"Indianapolis-Carmel-Anderson, IN Metro Area",Government,132900.0
2017-10-01,"Indianapolis-Carmel-Anderson, IN Metro Area",Total Private,936000.0
2017-10-01,"Kansas City, MO-KS Metro Area",Government,149600.0
2017-10-01,"Kansas City, MO-KS Metro Area",Total Private,942600.0
2017-10-01,"Miami-Fort Lauderdale-Pompano Beach, FL Metro Area",Government,314400.0
2017-10-01,"Miami-Fort Lauderdale-Pompano Beach, FL Metro Area",Total Private,2326600.0
2017-10-01,"Orlando-Kissimmee-Sanford, FL Metro Area",Government,128300.00000000001
2017-10-01,"Orlando-Kissimmee-Sanford, FL Metro Area",Total Private,1143100.0
2017-10-01,"Phoenix-Mesa-Chandler, AZ Metro Area",Government,247800.0
2017-10-01,"Phoenix-Mesa-Chandler, AZ Metro Area",Total Private,1829200.0
2017-10-01,"Pittsburgh, PA Metro Area",Government,117700.0
2017-10-01,"Pittsburgh, PA Metro Area",Total Private,1069200.0
2017-10-01,"Portland-Vancouver-Hillsboro, OR-WA Metro Area",Government,158200.0
2017-10-01,"Portland-Vancouver-Hillsboro, OR-WA Metro Area",Total Private,1036500.0
2017-10-01,"Riverside-San Bernardino-Ontario, CA Metro Area",Government,255800.0
2017-10-01,"Riverside-San Bernardino-Ontario, CA Metro Area",Total Private,1223900.0
2017-10-01,"Sacramento-Roseville-Folsom, CA Metro Area",Government,237300.0
2017-10-01,"Sacramento-Roseville-Folsom, CA Metro Area",Total Private,747600.0
2017-10-01,"Salt Lake City, UT Metro Area",Government,110700.0
2017-10-01,"Salt Lake City, UT Metro Area",Total Private,613300.0
2017-10-01,"San Antonio-New Braunfels, TX Metro Area",Government,171900.0
2017-10-01,"San Antonio-New Braunfels, TX Metro Area",Total Private,873500.0
2017-10-01,"San Diego-Chula Vista-Carlsbad, CA Metro Area",Government,247700.0
2017-10-01,"San Diego-Chula Vista-Carlsbad, CA Metro Area",Total Private,1220600.0
2017-10-01,"San Francisco-Oakland-Berkeley, CA Metro Area",Government,323800.0
2017-10-01,"San Francisco-Oakland-Berkeley, CA Metro Area",Total Private,2085199.9999999998
2017-10-01,"San Jose-Sunnyvale-Santa Clara, CA Metro Area",Government,97600.0
2017-10-01,"San Jose-Sunnyvale-Santa Clara, CA Metro Area",Total Private,1020300.0
2017-10-01,"St. Louis, MO-IL Metro Area",Government,159700.0
2017-10-01,"St. Louis, MO-IL Metro Area",Total Private,1240900.0
2017-10-01,"Tampa-St. Petersburg-Clearwater, FL Metro Area",Government,159000.0
2017-10-01,"Tampa-St. Petersburg-Clearwater, FL Metro Area",Total Private,1176000.0
2017-10-01,"Yuba City, CA Metro Area",Government,11200.0
2017-10-01,"Yuba City, CA Metro Area",Total Private,33000.0
2017-11-01,"Austin-Round Rock-Georgetown, TX Metro Area",Government,182800.0
2017-11-01,"Austin-Round Rock-Georgetown, TX Metro Area",Total Private,874000.0
2017-11-01,"Charlotte-Concord-Gastonia, NC-SC Metro Area",Government,160200.0
2017-11-01,"Charlotte-Concord-Gastonia, NC-SC Metro Area",Total Private,1044200.0
2017-11-01,"Cincinnati, OH-KY-IN Metro Area",Government,133100.0
2017-11-01,"Cincinnati, OH-KY-IN Metro Area",Total Private,973800.0
2017-11-01,"Cleveland-Elyria, OH Metro Area",Government,138100.0
2017-11-01,"Cleveland-Elyria, OH Metro Area",Total Private,929900.0
2017-11-01,"Columbus, OH Metro Area",Government,182300.0
2017-11-01,"Columbus, OH Metro Area",Total Private,924700.0
2017-11-01,"Detroit-Warren-Dearborn, MI Metro Area",Government,190700.0
2017-11-01,"Detroit-Warren-Dearborn, MI Metro Area",Total Private,1847200.0
2017-11-01,"Indianapolis-Carmel-Anderson, IN Metro Area",Government,134700.0
2017-11-01,"Indianapolis-Carmel-Anderson, IN Metro Area",Total Private,942300.0
2017-11-01,"Kansas City, MO-KS Metro Area",Government,149800.0
2017-11-01,"Kansas City, MO-KS Metro Area",Total Private,947600.0
2017-11-01,"Miami-Fort Lauderdale-Pompano Beach, FL Metro Area",Government,315100.0
2017-11-01,"Miami-Fort Lauderdale-Pompano Beach, FL Metro Area",Total Private,2360700.0
2017-11-01,"Orlando-Kissimmee-Sanford, FL Metro Area",Government,129800.00000000001
2017-11-01,"Orlando-Kissimmee-Sanford, FL Metro Area",Total Private,1156400.0
2017-11-01,"Phoenix-Mesa-Chandler, AZ Metro Area",Government,248600.0
2017-11-01,"Phoenix-Mesa-Chandler, AZ Metro Area",Total Private,1853700.0
2017-11-01,"Pittsburgh, PA Metro Area",Government,118300.0
2017-11-01,"Pittsburgh, PA Metro Area",Total Private,1070000.0
2017-11-01,"Portland-Vancouver-Hillsboro, OR-WA Metro Area",Government,159900.0
2017-11-01,"Portland-Vancouver-Hillsboro, OR-WA Metro Area",Total Private,1040200.0
2017-11-01,"Riverside-San Bernardino-Ontario, CA Metro Area",Government,258399.99999999997
2017-11-01,"Riverside-San Bernardino-Ontario, CA Metro Area",Total Private,1245700.0
2017-11-01,"Sacramento-Roseville-Folsom, CA Metro Area",Government,238500.0
2017-11-01,"Sacramento-Roseville-Folsom, CA Metro Area",Total Private,750700.0
2017-11-01,"Salt Lake City, UT Metro Area",Government,110800.0
2017-11-01,"Salt Lake City, UT Metro Area",Total Private,618900.0
2017-11-01,"San Antonio-New Braunfels, TX Metro Area",Government,173200.0
2017-11-01,"San Antonio-New Braunfels, TX Metro Area",Total Private,877700.0
2017-11-01,"San Diego-Chula Vista-Carlsbad, CA Metro Area",Government,249800.0
2017-11-01,"San Diego-Chula Vista-Carlsbad, CA Metro Area",Total Private,1228300.0
2017-11-01,"San Francisco-Oakland-Berkeley, CA Metro Area",Government,325800.0
2017-11-01,"San Francisco-Oakland-Berkeley, CA Metro Area",Total Private,2095900.0
2017-11-01,"San Jose-Sunnyvale-Santa Clara, CA Metro Area",Government,98600.0
2017-11-01,"San Jose-Sunnyvale-Santa Clara, CA Metro Area",Total Private,1025599.9999999999
2017-11-01,"St. Louis, MO-IL Metro Area",Government,159000.0
2017-11-01,"St. Louis, MO-IL Metro Area",Total Private,1244700.0
2017-11-01,"Tampa-St. Petersburg-Clearwater, FL Metro Area",Government,159000.0
2017-11-01,"Tampa-St. Petersburg-Clearwater, FL Metro Area",Total Private,1191100.0
2017-11-01,"Yuba City, CA Metro Area",Government,11600.0
2017-11-01,"Yuba City, CA Metro Area",Total Private,33000.0
2017-12-01,"Austin-Round Rock-Georgetown, TX Metro Area",Government,182400.0
2017-12-01,"Austin-Round Rock-Georgetown, TX Metro Area",Total Private,875700.0
2017-12-01,"Charlotte-Concord-Gastonia, NC-SC Metro Area",Government,160200.0
2017-12-01,"Charlotte-Concord-Gastonia, NC-SC Metro Area",Total Private,1045800.0
2017-12-01,"Cincinnati, OH-KY-IN Metro Area",Government,132100.0
2017-12-01,"Cincinnati, OH-KY-IN Metro Area",Total Private,977000.0
2017-12-01,"Cleveland-Elyria, OH Metro Area",Government,137400.0
2017-12-01,"Cleveland-Elyria, OH Metro Area",Total Private,928300.0
2017-12-01,"Columbus, OH Metro Area",Government,180100.0
2017-12-01,"Columbus, OH Metro Area",Total Private,921300.0
2017-12-01,"Detroit-Warren-Dearborn, MI Metro Area",Government,189300.0
2017-12-01,"Detroit-Warren-Dearborn, MI Metro Area",Total Private,1840500.0
2017-12-01,"Indianapolis-Carmel-Anderson, IN Metro Area",Government,134900.0
2017-12-01,"Indianapolis-Carmel-Anderson, IN Metro Area",Total Private,943200.0
2017-12-01,"Kansas City, MO-KS Metro Area",Government,148300.0
2017-12-01,"Kansas City, MO-KS Metro Area",Total Private,949000.0
2017-12-01,"Miami-Fort Lauderdale-Pompano Beach, FL Metro Area",Government,314700.0
2017-12-01,"Miami-Fort Lauderdale-Pompano Beach, FL Metro Area",Total Private,2375700.0
2017-12-01,"Orlando-Kissimmee-Sanford, FL Metro Area",Government,129100.0
2017-12-01,"Orlando-Kissimmee-Sanford, FL Metro Area",Total Private,1162100.0
2017-12-01,"Phoenix-Mesa-Chandler, AZ Metro Area",Government,244700.0
2017-12-01,"Phoenix-Mesa-Chandler, AZ Metro Area",Total Private,1861100.0
2017-12-01,"Pittsburgh, PA Metro Area",Government,117200.0
2017-12-01,"Pittsburgh, PA Metro Area",Total Private,1066800.0
2017-12-01,"Portland-Vancouver-Hillsboro, OR-WA Metro Area",Government,159600.0
2017-12-01,"Portland-Vancouver-Hillsboro, OR-WA Metro Area",Total Private,1041900.0000000001
2017-12-01,"Riverside-San Bernardino-Ontario, CA Metro Area",Government,257500.0
2017-12-01,"Riverside-San Bernardino-Ontario, CA Metro Area",Total Private,1245300.0
2017-12-01,"Sacramento-Roseville-Folsom, CA Metro Area",Government,237800.0
2017-12-01,"Sacramento-Roseville-Folsom, CA Metro Area",Total Private,754700.0
2017-12-01,"Salt Lake City, UT Metro Area",Government,111200.0
2017-12-01,"Salt Lake City, UT Metro Area",Total Private,620900.0
2017-12-01,"San Antonio-New Braunfels, TX Metro Area",Government,173200.0
2017-12-01,"San Antonio-New Braunfels, TX Metro Area",Total Private,879200.0
2017-12-01,"San Diego-Chula Vista-Carlsbad, CA Metro Area",Government,249800.0
2017-12-01,"San Diego-Chula Vista-Carlsbad, CA Metro Area",Total Private,1230300.0
2017-12-01,"San Francisco-Oakland-Berkeley, CA Metro Area",Government,324600.0
2017-12-01,"San Francisco-Oakland-Berkeley, CA Metro Area",Total Private,2103100.0
2017-12-01,"San Jose-Sunnyvale-Santa Clara, CA Metro Area",Government,98000.0
2017-12-01,"San Jose-Sunnyvale-Santa Clara, CA Metro Area",Total Private,1027500.0
2017-12-01,"St. Louis, MO-IL Metro Area",Government,158600.0
2017-12-01,"St. Louis, MO-IL Metro Area",Total Private,1243300.0
2017-12-01,"Tampa-St. Petersburg-Clearwater, FL Metro Area",Government,158900.0
2017-12-01,"Tampa-St. Petersburg-Clearwater, FL Metro Area",Total Private,1191900.0
2017-12-01,"Yuba City, CA Metro Area",Government,11500.0
2017-12-01,"Yuba City, CA Metro Area",Total Private,33000.0
2018-01-01,"Austin-Round Rock-Georgetown, TX Metro Area",Government,182400.0
2018-01-01,"Austin-Round Rock-Georgetown, TX Metro Area",Total Private,863900.0
2018-01-01,"Charlotte-Concord-Gastonia, NC-SC Metro Area",Government,158700.0
2018-01-01,"Charlotte-Concord-Gastonia, NC-SC Metro Area",Total Private,1028200.0
2018-01-01,"Cincinnati, OH-KY-IN Metro Area",Government,128400.0
2018-01-01,"Cincinnati, OH-KY-IN Metro Area",Total Private,952400.0
2018-01-01,"Cleveland-Elyria, OH Metro Area",Government,135600.0
2018-01-01,"Cleveland-Elyria, OH Metro Area",Total Private,906600.0
2018-01-01,"Columbus, OH Metro Area",Government,179600.0
2018-01-01,"Columbus, OH Metro Area",Total Private,898400.0
2018-01-01,"Detroit-Warren-Dearborn, MI Metro Area",Government,185100.0
2018-01-01,"Detroit-Warren-Dearborn, MI Metro Area",Total Private,1807400.0
2018-01-01,"Indianapolis-Carmel-Anderson, IN Metro Area",Government,132500.0
2018-01-01,"Indianapolis-Carmel-Anderson, IN Metro Area",Total Private,916300.0
2018-01-01,"Kansas City, MO-KS Metro Area",Government,148000.0
2018-01-01,"Kansas City, MO-KS Metro Area",Total Private,920600.0
2018-01-01,"Miami-Fort Lauderdale-Pompano Beach, FL Metro Area",Government,315500.0
2018-01-01,"Miami-Fort Lauderdale-Pompano Beach, FL Metro Area",Total Private,2335400.0
2018-01-01,"Orlando-Kissimmee-Sanford, FL Metro Area",Government,128800.00000000001
2018-01-01,"Orlando-Kissimmee-Sanford, FL Metro Area",Total Private,1143400.0
2018-01-01,"Phoenix-Mesa-Chandler, AZ Metro Area",Government,238400.0
2018-01-01,"Phoenix-Mesa-Chandler, AZ Metro Area",Total Private,1831800.0
2018-01-01,"Pittsburgh, PA Metro Area",Government,112900.0
2018-01-01,"Pittsburgh, PA Metro Area",Total Private,1043400.0000000001
2018-01-01,"Portland-Vancouver-Hillsboro, OR-WA Metro Area",Government,149900.0
2018-01-01,"Portland-Vancouver-Hillsboro, OR-WA Metro Area",Total Private,1029099.9999999999
2018-01-01,"Riverside-San Bernardino-Ontario, CA Metro Area",Government,257700.0
2018-01-01,"Riverside-San Bernardino-Ontario, CA Metro Area",Total Private,1224300.0
2018-01-01,"Sacramento-Roseville-Folsom, CA Metro Area",Government,237200.0
2018-01-01,"Sacramento-Roseville-Folsom, CA Metro Area",Total Private,742800.0
2018-01-01,"Salt Lake City, UT Metro Area",Government,108600.0
2018-01-01,"Salt Lake City, UT Metro Area",Total Private,606200.0
2018-01-01,"San Antonio-New Braunfels, TX Metro Area",Government,171900.0
2018-01-01,"San Antonio-New Braunfels, TX Metro Area",Total Private,862800.0
2018-01-01,"San Diego-Chula Vista-Carlsbad, CA Metro Area",Government,247300.0
2018-01-01,"San Diego-Chula Vista-Carlsbad, CA Metro Area",Total Private,1212200.0
2018-01-01,"San Francisco-Oakland-Berkeley, CA Metro Area",Government,320800.0
2018-01-01,"San Francisco-Oakland-Berkeley, CA Metro Area",Total Private,2064500.0
2018-01-01,"San Jose-Sunnyvale-Santa Clara, CA Metro Area",Government,96400.0
2018-01-01,"San Jose-Sunnyvale-Santa Clara, CA Metro Area",Total Private,1006900.0
2018-01-01,"St. Louis, MO-IL Metro Area",Government,153400.0
2018-01-01,"St. Louis, MO-IL Metro Area",Total Private,1215400.0
2018-01-01,"Tampa-St. Petersburg-Clearwater, FL Metro Area",Government,157100.0
2018-01-01,"Tampa-St. Petersburg-Clearwater, FL Metro Area",Total Private,1175200.0
2018-01-01,"Yuba City, CA Metro Area",Government,11300.0
2018-01-01,"Yuba City, CA Metro Area",Total Private,32100.0
2018-02-01,"Austin-Round Rock-Georgetown, TX Metro Area",Government,184200.0
2018-02-01,"Austin-Round Rock-Georgetown, TX Metro Area",Total Private,873600.0
2018-02-01,"Charlotte-Concord-Gastonia, NC-SC Metro Area",Government,159900.0
2018-02-01,"Charlotte-Concord-Gastonia, NC-SC Metro Area",Total Private,1034800.0
2018-02-01,"Cincinnati, OH-KY-IN Metro Area",Government,131500.0
2018-02-01,"Cincinnati, OH-KY-IN Metro Area",Total Private,954600.0
2018-02-01,"Cleveland-Elyria, OH Metro Area",Government,137600.0
2018-02-01,"Cleveland-Elyria, OH Metro Area",Total Private,909800.0
2018-02-01,"Columbus, OH Metro Area",Government,180800.0
2018-02-01,"Columbus, OH Metro Area",Total Private,900500.0
2018-02-01,"Detroit-Warren-Dearborn, MI Metro Area",Government,188500.0
2018-02-01,"Detroit-Warren-Dearborn, MI Metro Area",Total Private,1812300.0
2018-02-01,"Indianapolis-Carmel-Anderson, IN Metro Area",Government,133900.0
2018-02-01,"Indianapolis-Carmel-Anderson, IN Metro Area",Total Private,918200.0
2018-02-01,"Kansas City, MO-KS Metro Area",Government,150300.0
2018-02-01,"Kansas City, MO-KS Metro Area",Total Private,924100.0
2018-02-01,"Miami-Fort Lauderdale-Pompano Beach, FL Metro Area",Government,317000.0
2018-02-01,"Miami-Fort Lauderdale-Pompano Beach, FL Metro Area",Total Private,2354700.0
2018-02-01,"Orlando-Kissimmee-Sanford, FL Metro Area",Government,129199.99999999999
2018-02-01,"Orlando-Kissimmee-Sanford, FL Metro Area",Total Private,1155000.0
2018-02-01,"Phoenix-Mesa-Chandler, AZ Metro Area",Government,246400.0
2018-02-01,"Phoenix-Mesa-Chandler, AZ Metro Area",Total Private,1847800.0
2018-02-01,"Pittsburgh, PA Metro Area",Government,117100.0
2018-02-01,"Pittsburgh, PA Metro Area",Total Private,1047900.0000000001
2018-02-01,"Portland-Vancouver-Hillsboro, OR-WA Metro Area",Government,151800.0
2018-02-01,"Portland-Vancouver-Hillsboro, OR-WA Metro Area",Total Private,1034500.0
2018-02-01,"Riverside-San Bernardino-Ontario, CA Metro Area",Government,257600.00000000003
2018-02-01,"Riverside-San Bernardino-Ontario, CA Metro Area",Total Private,1230300.0
2018-02-01,"Sacramento-Roseville-Folsom, CA Metro Area",Government,238200.0
2018-02-01,"Sacramento-Roseville-Folsom, CA Metro Area",Total Private,747400.0
2018-02-01,"Salt Lake City, UT Metro Area",Government,109600.0
2018-02-01,"Salt Lake City, UT Metro Area",Total Private,611400.0
2018-02-01,"San Antonio-New Braunfels, TX Metro Area",Government,172800.0
2018-02-01,"San Antonio-New Braunfels, TX Metro Area",Total Private,870700.0
2018-02-01,"San Diego-Chula Vista-Carlsbad, CA Metro Area",Government,249200.0
2018-02-01,"San Diego-Chula Vista-Carlsbad, CA Metro Area",Total Private,1220400.0
2018-02-01,"San Francisco-Oakland-Berkeley, CA Metro Area",Government,323200.0
2018-02-01,"San Francisco-Oakland-Berkeley, CA Metro Area",Total Private,2083199.9999999998
2018-02-01,"San Jose-Sunnyvale-Santa Clara, CA Metro Area",Government,96800.0
2018-02-01,"San Jose-Sunnyvale-Santa Clara, CA Metro Area",Total Private,1015700.0
2018-02-01,"St. Louis, MO-IL Metro Area",Government,156500.0
2018-02-01,"St. Louis, MO-IL Metro Area",Total Private,1220700.0
2018-02-01,"Tampa-St. Petersburg-Clearwater, FL Metro Area",Government,159300.0
2018-02-01,"Tampa-St. Petersburg-Clearwater, FL Metro Area",Total Private,1185300.0
2018-02-01,"Yuba City, CA Metro Area",Government,11100.0
2018-02-01,"Yuba City, CA Metro Area",Total Private,32299.999999999996
2018-03-01,"Austin-Round Rock-Georgetown, TX Metro Area",Government,185400.0
2018-03-01,"Austin-Round Rock-Georgetown, TX Metro Area",Total Private,878100.0
2018-03-01,"Charlotte-Concord-Gastonia, NC-SC Metro Area",Government,160600.0
2018-03-01,"Charlotte-Concord-Gastonia, NC-SC Metro Area",Total Private,1041800.0
2018-03-01,"Cincinnati, OH-KY-IN Metro Area",Government,131800.0
2018-03-01,"Cincinnati, OH-KY-IN Metro Area",Total Private,961100.0
2018-03-01,"Cleveland-Elyria, OH Metro Area",Government,137800.0
2018-03-01,"Cleveland-Elyria, OH Metro Area",Total Private,913800.0
2018-03-01,"Columbus, OH Metro Area",Government,180200.0
2018-03-01,"Columbus, OH Metro Area",Total Private,902200.0
2018-03-01,"Detroit-Warren-Dearborn, MI Metro Area",Government,190900.0
2018-03-01,"Detroit-Warren-Dearborn, MI Metro Area",Total Private,1822600.0
2018-03-01,"Indianapolis-Carmel-Anderson, IN Metro Area",Government,134100.0
2018-03-01,"Indianapolis-Carmel-Anderson, IN Metro Area",Total Private,927600.0
2018-03-01,"Kansas City, MO-KS Metro Area",Government,150800.0
2018-03-01,"Kansas City, MO-KS Metro Area",Total Private,927400.0
2018-03-01,"Miami-Fort Lauderdale-Pompano Beach, FL Metro Area",Government,318400.0
2018-03-01,"Miami-Fort Lauderdale-Pompano Beach, FL Metro Area",Total Private,2361500.0
2018-03-01,"Orlando-Kissimmee-Sanford, FL Metro Area",Government,129699.99999999999
2018-03-01,"Orlando-Kissimmee-Sanford, FL Metro Area",Total Private,1162300.0
2018-03-01,"Phoenix-Mesa-Chandler, AZ Metro Area",Government,246300.0
2018-03-01,"Phoenix-Mesa-Chandler, AZ Metro Area",Total Private,1855500.0
2018-03-01,"Pittsburgh, PA Metro Area",Government,117500.0
2018-03-01,"Pittsburgh, PA Metro Area",Total Private,1053800.0
2018-03-01,"Portland-Vancouver-Hillsboro, OR-WA Metro Area",Government,152200.0
2018-03-01,"Portland-Vancouver-Hillsboro, OR-WA Metro Area",Total Private,1041099.9999999999
2018-03-01,"Riverside-San Bernardino-Ontario, CA Metro Area",Government,260399.99999999997
2018-03-01,"Riverside-San Bernardino-Ontario, CA Metro Area",Total Private,1233400.0
2018-03-01,"Sacramento-Roseville-Folsom, CA Metro Area",Government,240000.0
2018-03-01,"Sacramento-Roseville-Folsom, CA Metro Area",Total Private,747500.0
2018-03-01,"Salt Lake City, UT Metro Area",Government,109800.0
2018-03-01,"Salt Lake City, UT Metro Area",Total Private,613100.0
2018-03-01,"San Antonio-New Braunfels, TX Metro Area",Government,173700.0
2018-03-01,"San Antonio-New Braunfels, TX Metro Area",Total Private,876100.0
2018-03-01,"San Diego-Chula Vista-Carlsbad, CA Metro Area",Government,250400.0
2018-03-01,"San Diego-Chula Vista-Carlsbad, CA Metro Area",Total Private,1223200.0
2018-03-01,"San Francisco-Oakland-Berkeley, CA Metro Area",Government,325400.0
2018-03-01,"San Francisco-Oakland-Berkeley, CA Metro Area",Total Private,2091800.0000000002
2018-03-01,"San Jose-Sunnyvale-Santa Clara, CA Metro Area",Government,98300.0
2018-03-01,"San Jose-Sunnyvale-Santa Clara, CA Metro Area",Total Private,1017400.0
2018-03-01,"St. Louis, MO-IL Metro Area",Government,156500.0
2018-03-01,"St. Louis, MO-IL Metro Area",Total Private,1227100.0
2018-03-01,"Tampa-St. Petersburg-Clearwater, FL Metro Area",Government,159000.0
2018-03-01,"Tampa-St. Petersburg-Clearwater, FL Metro Area",Total Private,1190900.0
2018-03-01,"Yuba City, CA Metro Area",Government,11600.0
2018-03-01,"Yuba City, CA Metro Area",Total Private,32100.0
2018-04-01,"Austin-Round Rock-Georgetown, TX Metro Area",Government,184900.0
2018-04-01,"Austin-Round Rock-Georgetown, TX Metro Area",Total Private,884300.0
2018-04-01,"Charlotte-Concord-Gastonia, NC-SC Metro Area",Government,160700.0
2018-04-01,"Charlotte-Concord-Gastonia, NC-SC Metro Area",Total Private,1045900.0000000001
2018-04-01,"Cincinnati, OH-KY-IN Metro Area",Government,132600.0
2018-04-01,"Cincinnati, OH-KY-IN Metro Area",Total Private,969700.0
2018-04-01,"Cleveland-Elyria, OH Metro Area",Government,138200.0
2018-04-01,"Cleveland-Elyria, OH Metro Area",Total Private,925100.0
2018-04-01,"Columbus, OH Metro Area",Government,181400.0
2018-04-01,"Columbus, OH Metro Area",Total Private,909500.0
2018-04-01,"Detroit-Warren-Dearborn, MI Metro Area",Government,190700.0
2018-04-01,"Detroit-Warren-Dearborn, MI Metro Area",Total Private,1829400.0
2018-04-01,"Indianapolis-Carmel-Anderson, IN Metro Area",Government,133900.0
2018-04-01,"Indianapolis-Carmel-Anderson, IN Metro Area",Total Private,930600.0
2018-04-01,"Kansas City, MO-KS Metro Area",Government,149100.0
2018-04-01,"Kansas City, MO-KS Metro Area",Total Private,937900.0
2018-04-01,"Miami-Fort Lauderdale-Pompano Beach, FL Metro Area",Government,317400.0
2018-04-01,"Miami-Fort Lauderdale-Pompano Beach, FL Metro Area",Total Private,2359400.0
2018-04-01,"Orlando-Kissimmee-Sanford, FL Metro Area",Government,129300.00000000001
2018-04-01,"Orlando-Kissimmee-Sanford, FL Metro Area",Total Private,1163800.0
2018-04-01,"Phoenix-Mesa-Chandler, AZ Metro Area",Government,245900.0
2018-04-01,"Phoenix-Mesa-Chandler, AZ Metro Area",Total Private,1856300.0
2018-04-01,"Pittsburgh, PA Metro Area",Government,117500.0
2018-04-01,"Pittsburgh, PA Metro Area",Total Private,1065200.0
2018-04-01,"Portland-Vancouver-Hillsboro, OR-WA Metro Area",Government,153200.0
2018-04-01,"Portland-Vancouver-Hillsboro, OR-WA Metro Area",Total Private,1047200.0
2018-04-01,"Riverside-San Bernardino-Ontario, CA Metro Area",Government,260500.0
2018-04-01,"Riverside-San Bernardino-Ontario, CA Metro Area",Total Private,1237800.0
2018-04-01,"Sacramento-Roseville-Folsom, CA Metro Area",Government,240300.0
2018-04-01,"Sacramento-Roseville-Folsom, CA Metro Area",Total Private,753300.0
2018-04-01,"Salt Lake City, UT Metro Area",Government,111200.0
2018-04-01,"Salt Lake City, UT Metro Area",Total Private,615100.0
2018-04-01,"San Antonio-New Braunfels, TX Metro Area",Government,173400.0
2018-04-01,"San Antonio-New Braunfels, TX Metro Area",Total Private,882400.0
2018-04-01,"San Diego-Chula Vista-Carlsbad, CA Metro Area",Government,252000.0
2018-04-01,"San Diego-Chula Vista-Carlsbad, CA Metro Area",Total Private,1226000.0
2018-04-01,"San Francisco-Oakland-Berkeley, CA Metro Area",Government,326500.0
2018-04-01,"San Francisco-Oakland-Berkeley, CA Metro Area",Total Private,2098100.0
2018-04-01,"San Jose-Sunnyvale-Santa Clara, CA Metro Area",Government,98700.0
2018-04-01,"San Jose-Sunnyvale-Santa Clara, CA Metro Area",Total Private,1020100.0
2018-04-01,"St. Louis, MO-IL Metro Area",Government,156700.0
2018-04-01,"St. Louis, MO-IL Metro Area",Total Private,1237900.0
2018-04-01,"Tampa-St. Petersburg-Clearwater, FL Metro Area",Government,159000.0
2018-04-01,"Tampa-St. Petersburg-Clearwater, FL Metro Area",Total Private,1192800.0
2018-04-01,"Yuba City, CA Metro Area",Government,11600.0
2018-04-01,"Yuba City, CA Metro Area",Total Private,32500.0
2018-05-01,"Austin-Round Rock-Georgetown, TX Metro Area",Government,186100.0
2018-05-01,"Austin-Round Rock-Georgetown, TX Metro Area",Total Private,890100.0
2018-05-01,"Charlotte-Concord-Gastonia, NC-SC Metro Area",Government,161000.0
2018-05-01,"Charlotte-Concord-Gastonia, NC-SC Metro Area",Total Private,1054700.0
2018-05-01,"Cincinnati, OH-KY-IN Metro Area",Government,130900.0
2018-05-01,"Cincinnati, OH-KY-IN Metro Area",Total Private,980100.0
2018-05-01,"Cleveland-Elyria, OH Metro Area",Government,140200.0
2018-05-01,"Cleveland-Elyria, OH Metro Area",Total Private,935900.0
2018-05-01,"Columbus, OH Metro Area",Government,181300.0
2018-05-01,"Columbus, OH Metro Area",Total Private,921300.0
2018-05-01,"Detroit-Warren-Dearborn, MI Metro Area",Government,190600.0
2018-05-01,"Detroit-Warren-Dearborn, MI Metro Area",Total Private,1853300.0
2018-05-01,"Indianapolis-Carmel-Anderson, IN Metro Area",Government,135200.0
2018-05-01,"Indianapolis-Carmel-Anderson, IN Metro Area",Total Private,941800.0
2018-05-01,"Kansas City, MO-KS Metro Area",Government,149000.0
2018-05-01,"Kansas City, MO-KS Metro Area",Total Private,941200.0
2018-05-01,"Miami-Fort Lauderdale-Pompano Beach, FL Metro Area",Government,317700.0
2018-05-01,"Miami-Fort Lauderdale-Pompano Beach, FL Metro Area",Total Private,2359900.0
2018-05-01,"Orlando-Kissimmee-Sanford, FL Metro Area",Government,127800.0
2018-05-01,"Orlando-Kissimmee-Sanford, FL Metro Area",Total Private,1166500.0
2018-05-01,"Phoenix-Mesa-Chandler, AZ Metro Area",Government,241100.0
2018-05-01,"Phoenix-Mesa-Chandler, AZ Metro Area",Total Private,1853600.0
2018-05-01,"Pittsburgh, PA Metro Area",Government,116300.0
2018-05-01,"Pittsburgh, PA Metro Area",Total Private,1073300.0
2018-05-01,"Portland-Vancouver-Hillsboro, OR-WA Metro Area",Government,153600.0
2018-05-01,"Portland-Vancouver-Hillsboro, OR-WA Metro Area",Total Private,1051000.0
2018-05-01,"Riverside-San Bernardino-Ontario, CA Metro Area",Government,261300.0
2018-05-01,"Riverside-San Bernardino-Ontario, CA Metro Area",Total Private,1240500.0
2018-05-01,"Sacramento-Roseville-Folsom, CA Metro Area",Government,241200.0
2018-05-01,"Sacramento-Roseville-Folsom, CA Metro Area",Total Private,758500.0
2018-05-01,"Salt Lake City, UT Metro Area",Government,111200.0
2018-05-01,"Salt Lake City, UT Metro Area",Total Private,618000.0
2018-05-01,"San Antonio-New Braunfels, TX Metro Area",Government,173800.0
2018-05-01,"San Antonio-New Braunfels, TX Metro Area",Total Private,885600.0
2018-05-01,"San Diego-Chula Vista-Carlsbad, CA Metro Area",Government,252500.0
2018-05-01,"San Diego-Chula Vista-Carlsbad, CA Metro Area",Total Private,1229200.0
2018-05-01,"San Francisco-Oakland-Berkeley, CA Metro Area",Government,327200.0
2018-05-01,"San Francisco-Oakland-Berkeley, CA Metro Area",Total Private,2107600.0
2018-05-01,"San Jose-Sunnyvale-Santa Clara, CA Metro Area",Government,99100.0
2018-05-01,"San Jose-Sunnyvale-Santa Clara, CA Metro Area",Total Private,1026000.0
2018-05-01,"St. Louis, MO-IL Metro Area",Government,157100.0
2018-05-01,"St. Louis, MO-IL Metro Area",Total Private,1245400.0
2018-05-01,"Tampa-St. Petersburg-Clearwater, FL Metro Area",Government,156500.0
2018-05-01,"Tampa-St. Petersburg-Clearwater, FL Metro Area",Total Private,1193000.0
2018-05-01,"Yuba City, CA Metro Area",Government,11600.0
2018-05-01,"Yuba City, CA Metro Area",Total Private,33100.0
2018-06-01,"Austin-Round Rock-Georgetown, TX Metro Area",Government,185900.0
2018-06-01,"Austin-Round Rock-Georgetown, TX Metro Area",Total Private,898300.0
2018-06-01,"Charlotte-Concord-Gastonia, NC-SC Metro Area",Government,153200.0
2018-06-01,"Charlotte-Concord-Gastonia, NC-SC Metro Area",Total Private,1063500.0
2018-06-01,"Cincinnati, OH-KY-IN Metro Area",Government,129699.99999999999
2018-06-01,"Cincinnati, OH-KY-IN Metro Area",Total Private,989200.0
2018-06-01,"Cleveland-Elyria, OH Metro Area",Government,139100.0
2018-06-01,"Cleveland-Elyria, OH Metro Area",Total Private,944200.0
2018-06-01,"Columbus, OH Metro Area",Government,175900.0
2018-06-01,"Columbus, OH Metro Area",Total Private,928800.0
2018-06-01,"Detroit-Warren-Dearborn, MI Metro Area",Government,190400.0
2018-06-01,"Detroit-Warren-Dearborn, MI Metro Area",Total Private,1869600.0
2018-06-01,"Indianapolis-Carmel-Anderson, IN Metro Area",Government,128800.00000000001
2018-06-01,"Indianapolis-Carmel-Anderson, IN Metro Area",Total Private,949800.0
2018-06-01,"Kansas City, MO-KS Metro Area",Government,147900.0
2018-06-01,"Kansas City, MO-KS Metro Area",Total Private,950900.0
2018-06-01,"Miami-Fort Lauderdale-Pompano Beach, FL Metro Area",Government,294300.0
2018-06-01,"Miami-Fort Lauderdale-Pompano Beach, FL Metro Area",Total Private,2349000.0
2018-06-01,"Orlando-Kissimmee-Sanford, FL Metro Area",Government,117300.0
2018-06-01,"Orlando-Kissimmee-Sanford, FL Metro Area",Total Private,1167600.0
2018-06-01,"Phoenix-Mesa-Chandler, AZ Metro Area",Government,215500.0
2018-06-01,"Phoenix-Mesa-Chandler, AZ Metro Area",Total Private,1846900.0
2018-06-01,"Pittsburgh, PA Metro Area",Government,114800.0
2018-06-01,"Pittsburgh, PA Metro Area",Total Private,1073000.0
2018-06-01,"Portland-Vancouver-Hillsboro, OR-WA Metro Area",Government,153500.0
2018-06-01,"Portland-Vancouver-Hillsboro, OR-WA Metro Area",Total Private,1056000.0
2018-06-01,"Riverside-San Bernardino-Ontario, CA Metro Area",Government,261800.0
2018-06-01,"Riverside-San Bernardino-Ontario, CA Metro Area",Total Private,1241000.0
2018-06-01,"Sacramento-Roseville-Folsom, CA Metro Area",Government,241800.0
2018-06-01,"Sacramento-Roseville-Folsom, CA Metro Area",Total Private,764700.0
2018-06-01,"Salt Lake City, UT Metro Area",Government,112600.0
2018-06-01,"Salt Lake City, UT Metro Area",Total Private,621700.0
2018-06-01,"San Antonio-New Braunfels, TX Metro Area",Government,170800.0
2018-06-01,"San Antonio-New Braunfels, TX Metro Area",Total Private,895200.0
2018-06-01,"San Diego-Chula Vista-Carlsbad, CA Metro Area",Government,253900.0
2018-06-01,"San Diego-Chula Vista-Carlsbad, CA Metro Area",Total Private,1234900.0
2018-06-01,"San Francisco-Oakland-Berkeley, CA Metro Area",Government,326300.0
2018-06-01,"San Francisco-Oakland-Berkeley, CA Metro Area",Total Private,2123800.0
2018-06-01,"San Jose-Sunnyvale-Santa Clara, CA Metro Area",Government,98900.0
2018-06-01,"San Jose-Sunnyvale-Santa Clara, CA Metro Area",Total Private,1036500.0
2018-06-01,"St. Louis, MO-IL Metro Area",Government,154800.0
2018-06-01,"St. Louis, MO-IL Metro Area",Total Private,1247500.0
2018-06-01,"Tampa-St. Petersburg-Clearwater, FL Metro Area",Government,148000.0
2018-06-01,"Tampa-St. Petersburg-Clearwater, FL Metro Area",Total Private,1192000.0
2018-06-01,"Yuba City, CA Metro Area",Government,11600.0
2018-06-01,"Yuba City, CA Metro Area",Total Private,33200.0
2018-07-01,"Austin-Round Rock-Georgetown, TX Metro Area",Government,175500.0
2018-07-01,"Austin-Round Rock-Georgetown, TX Metro Area",Total Private,899400.0
2018-07-01,"Charlotte-Concord-Gastonia, NC-SC Metro Area",Government,135700.0
2018-07-01,"Charlotte-Concord-Gastonia, NC-SC Metro Area",Total Private,1067600.0
2018-07-01,"Cincinnati, OH-KY-IN Metro Area",Government,124700.0
2018-07-01,"Cincinnati, OH-KY-IN Metro Area",Total Private,988500.0
2018-07-01,"Cleveland-Elyria, OH Metro Area",Government,133800.0
2018-07-01,"Cleveland-Elyria, OH Metro Area",Total Private,945400.0
2018-07-01,"Columbus, OH Metro Area",Government,173100.0
2018-07-01,"Columbus, OH Metro Area",Total Private,930400.0
2018-07-01,"Detroit-Warren-Dearborn, MI Metro Area",Government,174900.0
2018-07-01,"Detroit-Warren-Dearborn, MI Metro Area",Total Private,1851700.0
2018-07-01,"Indianapolis-Carmel-Anderson, IN Metro Area",Government,121400.0
2018-07-01,"Indianapolis-Carmel-Anderson, IN Metro Area",Total Private,946600.0
2018-07-01,"Kansas City, MO-KS Metro Area",Government,136600.0
2018-07-01,"Kansas City, MO-KS Metro Area",Total Private,949300.0
2018-07-01,"Miami-Fort Lauderdale-Pompano Beach, FL Metro Area",Government,291900.0
2018-07-01,"Miami-Fort Lauderdale-Pompano Beach, FL Metro Area",Total Private,2343500.0
2018-07-01,"Orlando-Kissimmee-Sanford, FL Metro Area",Government,117900.0
2018-07-01,"Orlando-Kissimmee-Sanford, FL Metro Area",Total Private,1165000.0
2018-07-01,"Phoenix-Mesa-Chandler, AZ Metro Area",Government,208800.0
2018-07-01,"Phoenix-Mesa-Chandler, AZ Metro Area",Total Private,1847500.0
2018-07-01,"Pittsburgh, PA Metro Area",Government,108300.0
2018-07-01,"Pittsburgh, PA Metro Area",Total Private,1073700.0
2018-07-01,"Portland-Vancouver-Hillsboro, OR-WA Metro Area",Government,143000.0
2018-07-01,"Portland-Vancouver-Hillsboro, OR-WA Metro Area",Total Private,1058300.0
2018-07-01,"Riverside-San Bernardino-Ontario, CA Metro Area",Government,244700.0
2018-07-01,"Riverside-San Bernardino-Ontario, CA Metro Area",Total Private,1243700.0
2018-07-01,"Sacramento-Roseville-Folsom, CA Metro Area",Government,229400.0
2018-07-01,"Sacramento-Roseville-Folsom, CA Metro Area",Total Private,770000.0
2018-07-01,"Salt Lake City, UT Metro Area",Government,105100.0
2018-07-01,"Salt Lake City, UT Metro Area",Total Private,625200.0
2018-07-01,"San Antonio-New Braunfels, TX Metro Area",Government,165600.0
2018-07-01,"San Antonio-New Braunfels, TX Metro Area",Total Private,893400.0
2018-07-01,"San Diego-Chula Vista-Carlsbad, CA Metro Area",Government,234300.0
2018-07-01,"San Diego-Chula Vista-Carlsbad, CA Metro Area",Total Private,1241200.0
2018-07-01,"San Francisco-Oakland-Berkeley, CA Metro Area",Government,307300.0
2018-07-01,"San Francisco-Oakland-Berkeley, CA Metro Area",Total Private,2131000.0
2018-07-01,"San Jose-Sunnyvale-Santa Clara, CA Metro Area",Government,89300.0
2018-07-01,"San Jose-Sunnyvale-Santa Clara, CA Metro Area",Total Private,1039900.0000000001
2018-07-01,"St. Louis, MO-IL Metro Area",Government,134700.0
2018-07-01,"St. Louis, MO-IL Metro Area",Total Private,1249100.0
2018-07-01,"Tampa-St. Petersburg-Clearwater, FL Metro Area",Government,145800.0
2018-07-01,"Tampa-St. Petersburg-Clearwater, FL Metro Area",Total Private,1189200.0
2018-07-01,"Yuba City, CA Metro Area",Government,10300.0
2018-07-01,"Yuba City, CA Metro Area",Total Private,33000.0
2018-08-01,"Austin-Round Rock-Georgetown, TX Metro Area",Government,174200.0
2018-08-01,"Austin-Round Rock-Georgetown, TX Metro Area",Total Private,903900.0
2018-08-01,"Charlotte-Concord-Gastonia, NC-SC Metro Area",Government,147200.0
2018-08-01,"Charlotte-Concord-Gastonia, NC-SC Metro Area",Total Private,1070500.0
2018-08-01,"Cincinnati, OH-KY-IN Metro Area",Government,126500.0
2018-08-01,"Cincinnati, OH-KY-IN Metro Area",Total Private,987800.0
2018-08-01,"Cleveland-Elyria, OH Metro Area",Government,135100.0
2018-08-01,"Cleveland-Elyria, OH Metro Area",Total Private,946500.0
2018-08-01,"Columbus, OH Metro Area",Government,176300.0
2018-08-01,"Columbus, OH Metro Area",Total Private,930600.0
2018-08-01,"Detroit-Warren-Dearborn, MI Metro Area",Government,174100.0
2018-08-01,"Detroit-Warren-Dearborn, MI Metro Area",Total Private,1864100.0
2018-08-01,"Indianapolis-Carmel-Anderson, IN Metro Area",Government,133600.0
2018-08-01,"Indianapolis-Carmel-Anderson, IN Metro Area",Total Private,950200.0
2018-08-01,"Kansas City, MO-KS Metro Area",Government,137600.0
2018-08-01,"Kansas City, MO-KS Metro Area",Total Private,951900.0
2018-08-01,"Miami-Fort Lauderdale-Pompano Beach, FL Metro Area",Government,315000.0
2018-08-01,"Miami-Fort Lauderdale-Pompano Beach, FL Metro Area",Total Private,2356800.0
2018-08-01,"Orlando-Kissimmee-Sanford, FL Metro Area",Government,128699.99999999999
2018-08-01,"Orlando-Kissimmee-Sanford, FL Metro Area",Total Private,1170300.0
2018-08-01,"Phoenix-Mesa-Chandler, AZ Metro Area",Government,236100.0
2018-08-01,"Phoenix-Mesa-Chandler, AZ Metro Area",Total Private,1866200.0
2018-08-01,"Pittsburgh, PA Metro Area",Government,106300.0
2018-08-01,"Pittsburgh, PA Metro Area",Total Private,1071500.0
2018-08-01,"Portland-Vancouver-Hillsboro, OR-WA Metro Area",Government,141000.0
2018-08-01,"Portland-Vancouver-Hillsboro, OR-WA Metro Area",Total Private,1061900.0
2018-08-01,"Riverside-San Bernardino-Ontario, CA Metro Area",Government,246200.0
2018-08-01,"Riverside-San Bernardino-Ontario, CA Metro Area",Total Private,1249300.0
2018-08-01,"Sacramento-Roseville-Folsom, CA Metro Area",Government,231400.0
2018-08-01,"Sacramento-Roseville-Folsom, CA Metro Area",Total Private,773300.0
2018-08-01,"Salt Lake City, UT Metro Area",Government,103600.0
2018-08-01,"Salt Lake City, UT Metro Area",Total Private,630200.0
2018-08-01,"San Antonio-New Braunfels, TX Metro Area",Government,165900.0
2018-08-01,"San Antonio-New Braunfels, TX Metro Area",Total Private,897100.0
2018-08-01,"San Diego-Chula Vista-Carlsbad, CA Metro Area",Government,236000.0
2018-08-01,"San Diego-Chula Vista-Carlsbad, CA Metro Area",Total Private,1244400.0
2018-08-01,"San Francisco-Oakland-Berkeley, CA Metro Area",Government,312000.0
2018-08-01,"San Francisco-Oakland-Berkeley, CA Metro Area",Total Private,2137000.0
2018-08-01,"San Jose-Sunnyvale-Santa Clara, CA Metro Area",Government,90700.0
2018-08-01,"San Jose-Sunnyvale-Santa Clara, CA Metro Area",Total Private,1041099.9999999999
2018-08-01,"St. Louis, MO-IL Metro Area",Government,143500.0
2018-08-01,"St. Louis, MO-IL Metro Area",Total Private,1248800.0
2018-08-01,"Tampa-St. Petersburg-Clearwater, FL Metro Area",Government,153500.0
2018-08-01,"Tampa-St. Petersburg-Clearwater, FL Metro Area",Total Private,1200000.0
2018-08-01,"Yuba City, CA Metro Area",Government,11800.0
2018-08-01,"Yuba City, CA Metro Area",Total Private,33400.0
2018-09-01,"Austin-Round Rock-Georgetown, TX Metro Area",Government,182400.0
2018-09-01,"Austin-Round Rock-Georgetown, TX Metro Area",Total Private,900000.0
2018-09-01,"Charlotte-Concord-Gastonia, NC-SC Metro Area",Government,157300.0
2018-09-01,"Charlotte-Concord-Gastonia, NC-SC Metro Area",Total Private,1061300.0
2018-09-01,"Cincinnati, OH-KY-IN Metro Area",Government,130600.0
2018-09-01,"Cincinnati, OH-KY-IN Metro Area",Total Private,983000.0
2018-09-01,"Cleveland-Elyria, OH Metro Area",Government,136100.0
2018-09-01,"Cleveland-Elyria, OH Metro Area",Total Private,935600.0
2018-09-01,"Columbus, OH Metro Area",Government,180500.0
2018-09-01,"Columbus, OH Metro Area",Total Private,923700.0
2018-09-01,"Detroit-Warren-Dearborn, MI Metro Area",Government,187700.0
2018-09-01,"Detroit-Warren-Dearborn, MI Metro Area",Total Private,1846700.0
2018-09-01,"Indianapolis-Carmel-Anderson, IN Metro Area",Government,135100.0
2018-09-01,"Indianapolis-Carmel-Anderson, IN Metro Area",Total Private,946600.0
2018-09-01,"Kansas City, MO-KS Metro Area",Government,147400.0
2018-09-01,"Kansas City, MO-KS Metro Area",Total Private,946200.0
2018-09-01,"Miami-Fort Lauderdale-Pompano Beach, FL Metro Area",Government,316500.0
2018-09-01,"Miami-Fort Lauderdale-Pompano Beach, FL Metro Area",Total Private,2359400.0
2018-09-01,"Orlando-Kissimmee-Sanford, FL Metro Area",Government,128000.0
2018-09-01,"Orlando-Kissimmee-Sanford, FL Metro Area",Total Private,1172300.0
2018-09-01,"Phoenix-Mesa-Chandler, AZ Metro Area",Government,247100.0
2018-09-01,"Phoenix-Mesa-Chandler, AZ Metro Area",Total Private,1873500.0
2018-09-01,"Pittsburgh, PA Metro Area",Government,115600.0
2018-09-01,"Pittsburgh, PA Metro Area",Total Private,1073000.0
2018-09-01,"Portland-Vancouver-Hillsboro, OR-WA Metro Area",Government,146900.0
2018-09-01,"Portland-Vancouver-Hillsboro, OR-WA Metro Area",Total Private,1062500.0
2018-09-01,"Riverside-San Bernardino-Ontario, CA Metro Area",Government,251800.0
2018-09-01,"Riverside-San Bernardino-Ontario, CA Metro Area",Total Private,1252900.0
2018-09-01,"Sacramento-Roseville-Folsom, CA Metro Area",Government,234400.0
2018-09-01,"Sacramento-Roseville-Folsom, CA Metro Area",Total Private,770000.0
2018-09-01,"Salt Lake City, UT Metro Area",Government,109800.0
2018-09-01,"Salt Lake City, UT Metro Area",Total Private,628500.0
2018-09-01,"San Antonio-New Braunfels, TX Metro Area",Government,171900.0
2018-09-01,"San Antonio-New Braunfels, TX Metro Area",Total Private,890900.0
2018-09-01,"San Diego-Chula Vista-Carlsbad, CA Metro Area",Government,244300.0
2018-09-01,"San Diego-Chula Vista-Carlsbad, CA Metro Area",Total Private,1234700.0
2018-09-01,"San Francisco-Oakland-Berkeley, CA Metro Area",Government,318800.0
2018-09-01,"San Francisco-Oakland-Berkeley, CA Metro Area",Total Private,2127400.0
2018-09-01,"San Jose-Sunnyvale-Santa Clara, CA Metro Area",Government,94900.0
2018-09-01,"San Jose-Sunnyvale-Santa Clara, CA Metro Area",Total Private,1032400.0000000001
2018-09-01,"St. Louis, MO-IL Metro Area",Government,158900.0
2018-09-01,"St. Louis, MO-IL Metro Area",Total Private,1241600.0
2018-09-01,"Tampa-St. Petersburg-Clearwater, FL Metro Area",Government,157300.0
2018-09-01,"Tampa-St. Petersburg-Clearwater, FL Metro Area",Total Private,1198600.0
2018-09-01,"Yuba City, CA Metro Area",Government,11800.0
2018-09-01,"Yuba City, CA Metro Area",Total Private,33200.0
2018-10-01,"Austin-Round Rock-Georgetown, TX Metro Area",Government,185300.0
2018-10-01,"Austin-Round Rock-Georgetown, TX Metro Area",Total Private,910700.0
2018-10-01,"Charlotte-Concord-Gastonia, NC-SC Metro Area",Government,160700.0
2018-10-01,"Charlotte-Concord-Gastonia, NC-SC Metro Area",Total Private,1072000.0
2018-10-01,"Cincinnati, OH-KY-IN Metro Area",Government,132900.0
2018-10-01,"Cincinnati, OH-KY-IN Metro Area",Total Private,984400.0
2018-10-01,"Cleveland-Elyria, OH Metro Area",Government,139500.0
2018-10-01,"Cleveland-Elyria, OH Metro Area",Total Private,941400.0
2018-10-01,"Columbus, OH Metro Area",Government,183700.0
2018-10-01,"Columbus, OH Metro Area",Total Private,930800.0
2018-10-01,"Detroit-Warren-Dearborn, MI Metro Area",Government,192300.0
2018-10-01,"Detroit-Warren-Dearborn, MI Metro Area",Total Private,1861800.0
2018-10-01,"Indianapolis-Carmel-Anderson, IN Metro Area",Government,135600.0
2018-10-01,"Indianapolis-Carmel-Anderson, IN Metro Area",Total Private,948800.0
2018-10-01,"Kansas City, MO-KS Metro Area",Government,148300.0
2018-10-01,"Kansas City, MO-KS Metro Area",Total Private,950200.0
2018-10-01,"Miami-Fort Lauderdale-Pompano Beach, FL Metro Area",Government,318500.0
2018-10-01,"Miami-Fort Lauderdale-Pompano Beach, FL Metro Area",Total Private,2386600.0
2018-10-01,"Orlando-Kissimmee-Sanford, FL Metro Area",Government,130900.0
2018-10-01,"Orlando-Kissimmee-Sanford, FL Metro Area",Total Private,1185500.0
2018-10-01,"Phoenix-Mesa-Chandler, AZ Metro Area",Government,250100.0
2018-10-01,"Phoenix-Mesa-Chandler, AZ Metro Area",Total Private,1896400.0
2018-10-01,"Pittsburgh, PA Metro Area",Government,116700.0
2018-10-01,"Pittsburgh, PA Metro Area",Total Private,1079900.0
2018-10-01,"Portland-Vancouver-Hillsboro, OR-WA Metro Area",Government,152400.0
2018-10-01,"Portland-Vancouver-Hillsboro, OR-WA Metro Area",Total Private,1066200.0
2018-10-01,"Riverside-San Bernardino-Ontario, CA Metro Area",Government,259100.00000000003
2018-10-01,"Riverside-San Bernardino-Ontario, CA Metro Area",Total Private,1267600.0
2018-10-01,"Sacramento-Roseville-Folsom, CA Metro Area",Government,240000.0
2018-10-01,"Sacramento-Roseville-Folsom, CA Metro Area",Total Private,772000.0
2018-10-01,"Salt Lake City, UT Metro Area",Government,110700.0
2018-10-01,"Salt Lake City, UT Metro Area",Total Private,632100.0
2018-10-01,"San Antonio-New Braunfels, TX Metro Area",Government,173100.0
2018-10-01,"San Antonio-New Braunfels, TX Metro Area",Total Private,894200.0
2018-10-01,"San Diego-Chula Vista-Carlsbad, CA Metro Area",Government,251000.0
2018-10-01,"San Diego-Chula Vista-Carlsbad, CA Metro Area",Total Private,1241800.0
2018-10-01,"San Francisco-Oakland-Berkeley, CA Metro Area",Government,324300.0
2018-10-01,"San Francisco-Oakland-Berkeley, CA Metro Area",Total Private,2140800.0
2018-10-01,"San Jose-Sunnyvale-Santa Clara, CA Metro Area",Government,98600.0
2018-10-01,"San Jose-Sunnyvale-Santa Clara, CA Metro Area",Total Private,1041099.9999999999
2018-10-01,"St. Louis, MO-IL Metro Area",Government,160500.0
2018-10-01,"St. Louis, MO-IL Metro Area",Total Private,1247400.0
2018-10-01,"Tampa-St. Petersburg-Clearwater, FL Metro Area",Government,159300.0
2018-10-01,"Tampa-St. Petersburg-Clearwater, FL Metro Area",Total Private,1207000.0
2018-10-01,"Yuba City, CA Metro Area",Government,11800.0
2018-10-01,"Yuba City, CA Metro Area",Total Private,33300.0
2018-11-01,"Austin-Round Rock-Georgetown, TX Metro Area",Government,184900.0
2018-11-01,"Austin-Round Rock-Georgetown, TX Metro Area",Total Private,918000.0
2018-11-01,"Charlotte-Concord-Gastonia, NC-SC Metro Area",Government,160800.0
2018-11-01,"Charlotte-Concord-Gastonia, NC-SC Metro Area",Total Private,1077000.0
2018-11-01,"Cincinnati, OH-KY-IN Metro Area",Government,132900.0
2018-11-01,"Cincinnati, OH-KY-IN Metro Area",Total Private,990200.0
2018-11-01,"Cleveland-Elyria, OH Metro Area",Government,139700.0
2018-11-01,"Cleveland-Elyria, OH Metro Area",Total Private,943300.0
2018-11-01,"Columbus, OH Metro Area",Government,184500.0
2018-11-01,"Columbus, OH Metro Area",Total Private,935400.0
2018-11-01,"Detroit-Warren-Dearborn, MI Metro Area",Government,194500.0
2018-11-01,"Detroit-Warren-Dearborn, MI Metro Area",Total Private,1868700.0
2018-11-01,"Indianapolis-Carmel-Anderson, IN Metro Area",Government,136200.0
2018-11-01,"Indianapolis-Carmel-Anderson, IN Metro Area",Total Private,955600.0
2018-11-01,"Kansas City, MO-KS Metro Area",Government,148200.0
2018-11-01,"Kansas City, MO-KS Metro Area",Total Private,952700.0
2018-11-01,"Miami-Fort Lauderdale-Pompano Beach, FL Metro Area",Government,319600.0
2018-11-01,"Miami-Fort Lauderdale-Pompano Beach, FL Metro Area",Total Private,2415800.0
2018-11-01,"Orlando-Kissimmee-Sanford, FL Metro Area",Government,132300.0
2018-11-01,"Orlando-Kissimmee-Sanford, FL Metro Area",Total Private,1197700.0
2018-11-01,"Phoenix-Mesa-Chandler, AZ Metro Area",Government,250400.0
2018-11-01,"Phoenix-Mesa-Chandler, AZ Metro Area",Total Private,1924800.0
2018-11-01,"Pittsburgh, PA Metro Area",Government,118000.0
2018-11-01,"Pittsburgh, PA Metro Area",Total Private,1080300.0
2018-11-01,"Portland-Vancouver-Hillsboro, OR-WA Metro Area",Government,154800.0
2018-11-01,"Portland-Vancouver-Hillsboro, OR-WA Metro Area",Total Private,1070400.0
2018-11-01,"Riverside-San Bernardino-Ontario, CA Metro Area",Government,261800.0
2018-11-01,"Riverside-San Bernardino-Ontario, CA Metro Area",Total Private,1285800.0
2018-11-01,"Sacramento-Roseville-Folsom, CA Metro Area",Government,241100.0
2018-11-01,"Sacramento-Roseville-Folsom, CA Metro Area",Total Private,776100.0
2018-11-01,"Salt Lake City, UT Metro Area",Government,110600.0
2018-11-01,"Salt Lake City, UT Metro Area",Total Private,638100.0
2018-11-01,"San Antonio-New Braunfels, TX Metro Area",Government,174400.0
2018-11-01,"San Antonio-New Braunfels, TX Metro Area",Total Private,899400.0
2018-11-01,"San Diego-Chula Vista-Carlsbad, CA Metro Area",Government,253300.0
2018-11-01,"San Diego-Chula Vista-Carlsbad, CA Metro Area",Total Private,1249200.0
2018-11-01,"San Francisco-Oakland-Berkeley, CA Metro Area",Government,326800.0
2018-11-01,"San Francisco-Oakland-Berkeley, CA Metro Area",Total Private,2151300.0
2018-11-01,"San Jose-Sunnyvale-Santa Clara, CA Metro Area",Government,99500.0
2018-11-01,"San Jose-Sunnyvale-Santa Clara, CA Metro Area",Total Private,1046200.0
2018-11-01,"St. Louis, MO-IL Metro Area",Government,161600.0
2018-11-01,"St. Louis, MO-IL Metro Area",Total Private,1248700.0
2018-11-01,"Tampa-St. Petersburg-Clearwater, FL Metro Area",Government,160200.0
2018-11-01,"Tampa-St. Petersburg-Clearwater, FL Metro Area",Total Private,1219400.0
2018-11-01,"Yuba City, CA Metro Area",Government,11900.0
2018-11-01,"Yuba City, CA Metro Area",Total Private,32900.0
2018-12-01,"Austin-Round Rock-Georgetown, TX Metro Area",Government,185100.0
2018-12-01,"Austin-Round Rock-Georgetown, TX Metro Area",Total Private,917700.0
2018-12-01,"Charlotte-Concord-Gastonia, NC-SC Metro Area",Government,161200.0
2018-12-01,"Charlotte-Concord-Gastonia, NC-SC Metro Area",Total Private,1075700.0
2018-12-01,"Cincinnati, OH-KY-IN Metro Area",Government,131600.0
2018-12-01,"Cincinnati, OH-KY-IN Metro Area",Total Private,989100.0
2018-12-01,"Cleveland-Elyria, OH Metro Area",Government,138200.0
2018-12-01,"Cleveland-Elyria, OH Metro Area",Total Private,941800.0
2018-12-01,"Columbus, OH Metro Area",Government,182400.0
2018-12-01,"Columbus, OH Metro Area",Total Private,932300.0
2018-12-01,"Detroit-Warren-Dearborn, MI Metro Area",Government,191600.0
2018-12-01,"Detroit-Warren-Dearborn, MI Metro Area",Total Private,1863200.0
2018-12-01,"Indianapolis-Carmel-Anderson, IN Metro Area",Government,136400.0
2018-12-01,"Indianapolis-Carmel-Anderson, IN Metro Area",Total Private,953000.0
2018-12-01,"Kansas City, MO-KS Metro Area",Government,148100.0
2018-12-01,"Kansas City, MO-KS Metro Area",Total Private,953000.0
2018-12-01,"Miami-Fort Lauderdale-Pompano Beach, FL Metro Area",Government,317900.0
2018-12-01,"Miami-Fort Lauderdale-Pompano Beach, FL Metro Area",Total Private,2422200.0
2018-12-01,"Orlando-Kissimmee-Sanford, FL Metro Area",Government,130900.0
2018-12-01,"Orlando-Kissimmee-Sanford, FL Metro Area",Total Private,1196700.0
2018-12-01,"Phoenix-Mesa-Chandler, AZ Metro Area",Government,247100.0
2018-12-01,"Phoenix-Mesa-Chandler, AZ Metro Area",Total Private,1928800.0
2018-12-01,"Pittsburgh, PA Metro Area",Government,116700.0
2018-12-01,"Pittsburgh, PA Metro Area",Total Private,1075900.0
2018-12-01,"Portland-Vancouver-Hillsboro, OR-WA Metro Area",Government,154000.0
2018-12-01,"Portland-Vancouver-Hillsboro, OR-WA Metro Area",Total Private,1071100.0
2018-12-01,"Riverside-San Bernardino-Ontario, CA Metro Area",Government,263200.0
2018-12-01,"Riverside-San Bernardino-Ontario, CA Metro Area",Total Private,1286000.0
2018-12-01,"Sacramento-Roseville-Folsom, CA Metro Area",Government,240400.0
2018-12-01,"Sacramento-Roseville-Folsom, CA Metro Area",Total Private,778100.0
2018-12-01,"Salt Lake City, UT Metro Area",Government,110500.0
2018-12-01,"Salt Lake City, UT Metro Area",Total Private,639300.0
2018-12-01,"San Antonio-New Braunfels, TX Metro Area",Government,174700.0
2018-12-01,"San Antonio-New Braunfels, TX Metro Area",Total Private,900200.0
2018-12-01,"San Diego-Chula Vista-Carlsbad, CA Metro Area",Government,252900.0
2018-12-01,"San Diego-Chula Vista-Carlsbad, CA Metro Area",Total Private,1251600.0
2018-12-01,"San Francisco-Oakland-Berkeley, CA Metro Area",Government,326400.0
2018-12-01,"San Francisco-Oakland-Berkeley, CA Metro Area",Total Private,2157300.0
2018-12-01,"San Jose-Sunnyvale-Santa Clara, CA Metro Area",Government,98800.0
2018-12-01,"San Jose-Sunnyvale-Santa Clara, CA Metro Area",Total Private,1047300.0
2018-12-01,"St. Louis, MO-IL Metro Area",Government,161300.0
2018-12-01,"St. Louis, MO-IL Metro Area",Total Private,1247000.0
2018-12-01,"Tampa-St. Petersburg-Clearwater, FL Metro Area",Government,159300.0
2018-12-01,"Tampa-St. Petersburg-Clearwater, FL Metro Area",Total Private,1222000.0
2018-12-01,"Yuba City, CA Metro Area",Government,11600.0
2018-12-01,"Yuba City, CA Metro Area",Total Private,33100.0
2019-01-01,"Austin-Round Rock-Georgetown, TX Metro Area",Government,184500.0
2019-01-01,"Austin-Round Rock-Georgetown, TX Metro Area",Total Private,904900.0
2019-01-01,"Charlotte-Concord-Gastonia, NC-SC Metro Area",Government,159100.0
2019-01-01,"Charlotte-Concord-Gastonia, NC-SC Metro Area",Total Private,1063700.0
2019-01-01,"Cincinnati, OH-KY-IN Metro Area",Government,127200.0
2019-01-01,"Cincinnati, OH-KY-IN Metro Area",Total Private,966900.0
2019-01-01,"Cleveland-Elyria, OH Metro Area",Government,136500.0
2019-01-01,"Cleveland-Elyria, OH Metro Area",Total Private,922900.0
2019-01-01,"Columbus, OH Metro Area",Government,182100.0
2019-01-01,"Columbus, OH Metro Area",Total Private,911500.0
2019-01-01,"Detroit-Warren-Dearborn, MI Metro Area",Government,187800.0
2019-01-01,"Detroit-Warren-Dearborn, MI Metro Area",Total Private,1825000.0
2019-01-01,"Indianapolis-Carmel-Anderson, IN Metro Area",Government,135900.0
2019-01-01,"Indianapolis-Carmel-Anderson, IN Metro Area",Total Private,935600.0
2019-01-01,"Kansas City, MO-KS Metro Area",Government,145500.0
2019-01-01,"Kansas City, MO-KS Metro Area",Total Private,933600.0
2019-01-01,"Miami-Fort Lauderdale-Pompano Beach, FL Metro Area",Government,318100.0
2019-01-01,"Miami-Fort Lauderdale-Pompano Beach, FL Metro Area",Total Private,2385200.0
2019-01-01,"Orlando-Kissimmee-Sanford, FL Metro Area",Government,127500.0
2019-01-01,"Orlando-Kissimmee-Sanford, FL Metro Area",Total Private,1182900.0
2019-01-01,"Phoenix-Mesa-Chandler, AZ Metro Area",Government,245400.0
2019-01-01,"Phoenix-Mesa-Chandler, AZ Metro Area",Total Private,1900500.0
2019-01-01,"Pittsburgh, PA Metro Area",Government,112400.0
2019-01-01,"Pittsburgh, PA Metro Area",Total Private,1055300.0
2019-01-01,"Portland-Vancouver-Hillsboro, OR-WA Metro Area",Government,153200.0
2019-01-01,"Portland-Vancouver-Hillsboro, OR-WA Metro Area",Total Private,1055700.0
2019-01-01,"Riverside-San Bernardino-Ontario, CA Metro Area",Government,262000.0
2019-01-01,"Riverside-San Bernardino-Ontario, CA Metro Area",Total Private,1263300.0
2019-01-01,"Sacramento-Roseville-Folsom, CA Metro Area",Government,240200.0
2019-01-01,"Sacramento-Roseville-Folsom, CA Metro Area",Total Private,764000.0
2019-01-01,"Salt Lake City, UT Metro Area",Government,109700.0
2019-01-01,"Salt Lake City, UT Metro Area",Total Private,624800.0
2019-01-01,"San Antonio-New Braunfels, TX Metro Area",Government,173000.0
2019-01-01,"San Antonio-New Braunfels, TX Metro Area",Total Private,883100.0
2019-01-01,"San Diego-Chula Vista-Carlsbad, CA Metro Area",Government,251000.0
2019-01-01,"San Diego-Chula Vista-Carlsbad, CA Metro Area",Total Private,1230900.0
2019-01-01,"San Francisco-Oakland-Berkeley, CA Metro Area",Government,319900.0
2019-01-01,"San Francisco-Oakland-Berkeley, CA Metro Area",Total Private,2116400.0
2019-01-01,"San Jose-Sunnyvale-Santa Clara, CA Metro Area",Government,95900.0
2019-01-01,"San Jose-Sunnyvale-Santa Clara, CA Metro Area",Total Private,1032099.9999999999
2019-01-01,"St. Louis, MO-IL Metro Area",Government,156600.0
2019-01-01,"St. Louis, MO-IL Metro Area",Total Private,1221700.0
2019-01-01,"Tampa-St. Petersburg-Clearwater, FL Metro Area",Government,158000.0
2019-01-01,"Tampa-St. Petersburg-Clearwater, FL Metro Area",Total Private,1209700.0
2019-01-01,"Yuba City, CA Metro Area",Government,11800.0
2019-01-01,"Yuba City, CA Metro Area",Total Private,32700.000000000004
2019-02-01,"Austin-Round Rock-Georgetown, TX Metro Area",Government,186900.0
2019-02-01,"Austin-Round Rock-Georgetown, TX Metro Area",Total Private,915100.0
2019-02-01,"Charlotte-Concord-Gastonia, NC-SC Metro Area",Government,160100.0
2019-02-01,"Charlotte-Concord-Gastonia, NC-SC Metro Area",Total Private,1068200.0
2019-02-01,"Cincinnati, OH-KY-IN Metro Area",Government,130600.0
2019-02-01,"Cincinnati, OH-KY-IN Metro Area",Total Private,966000.0
2019-02-01,"Cleveland-Elyria, OH Metro Area",Government,138400.0
2019-02-01,"Cleveland-Elyria, OH Metro Area",Total Private,924400.0
2019-02-01,"Columbus, OH Metro Area",Government,183600.0
2019-02-01,"Columbus, OH Metro Area",Total Private,909100.0
2019-02-01,"Detroit-Warren-Dearborn, MI Metro Area",Government,189800.0
2019-02-01,"Detroit-Warren-Dearborn, MI Metro Area",Total Private,1828000.0
2019-02-01,"Indianapolis-Carmel-Anderson, IN Metro Area",Government,136400.0
2019-02-01,"Indianapolis-Carmel-Anderson, IN Metro Area",Total Private,939600.0
2019-02-01,"Kansas City, MO-KS Metro Area",Government,148500.0
2019-02-01,"Kansas City, MO-KS Metro Area",Total Private,929700.0
2019-02-01,"Miami-Fort Lauderdale-Pompano Beach, FL Metro Area",Government,319900.0
2019-02-01,"Miami-Fort Lauderdale-Pompano Beach, FL Metro Area",Total Private,2402700.0
2019-02-01,"Orlando-Kissimmee-Sanford, FL Metro Area",Government,129400.0
2019-02-01,"Orlando-Kissimmee-Sanford, FL Metro Area",Total Private,1197400.0
2019-02-01,"Phoenix-Mesa-Chandler, AZ Metro Area",Government,250000.0
2019-02-01,"Phoenix-Mesa-Chandler, AZ Metro Area",Total Private,1912300.0
2019-02-01,"Pittsburgh, PA Metro Area",Government,116000.0
2019-02-01,"Pittsburgh, PA Metro Area",Total Private,1056200.0
2019-02-01,"Portland-Vancouver-Hillsboro, OR-WA Metro Area",Government,154400.0
2019-02-01,"Portland-Vancouver-Hillsboro, OR-WA Metro Area",Total Private,1056500.0
2019-02-01,"Riverside-San Bernardino-Ontario, CA Metro Area",Government,261500.0
2019-02-01,"Riverside-San Bernardino-Ontario, CA Metro Area",Total Private,1263000.0
2019-02-01,"Sacramento-Roseville-Folsom, CA Metro Area",Government,241100.0
2019-02-01,"Sacramento-Roseville-Folsom, CA Metro Area",Total Private,767600.0
2019-02-01,"Salt Lake City, UT Metro Area",Government,110700.0
2019-02-01,"Salt Lake City, UT Metro Area",Total Private,628200.0
2019-02-01,"San Antonio-New Braunfels, TX Metro Area",Government,174400.0
2019-02-01,"San Antonio-New Braunfels, TX Metro Area",Total Private,889400.0
2019-02-01,"San Diego-Chula Vista-Carlsbad, CA Metro Area",Government,251300.0
2019-02-01,"San Diego-Chula Vista-Carlsbad, CA Metro Area",Total Private,1236600.0
2019-02-01,"San Francisco-Oakland-Berkeley, CA Metro Area",Government,323800.0
2019-02-01,"San Francisco-Oakland-Berkeley, CA Metro Area",Total Private,2131000.0
2019-02-01,"San Jose-Sunnyvale-Santa Clara, CA Metro Area",Government,96400.0
2019-02-01,"San Jose-Sunnyvale-Santa Clara, CA Metro Area",Total Private,1037599.9999999999
2019-02-01,"St. Louis, MO-IL Metro Area",Government,160000.0
2019-02-01,"St. Louis, MO-IL Metro Area",Total Private,1225300.0
2019-02-01,"Tampa-St. Petersburg-Clearwater, FL Metro Area",Government,160100.0
2019-02-01,"Tampa-St. Petersburg-Clearwater, FL Metro Area",Total Private,1219600.0
2019-02-01,"Yuba City, CA Metro Area",Government,11700.0
2019-02-01,"Yuba City, CA Metro Area",Total Private,32900.0
2019-03-01,"Austin-Round Rock-Georgetown, TX Metro Area",Government,187600.0
2019-03-01,"Austin-Round Rock-Georgetown, TX Metro Area",Total Private,918200.0
2019-03-01,"Charlotte-Concord-Gastonia, NC-SC Metro Area",Government,161300.0
2019-03-01,"Charlotte-Concord-Gastonia, NC-SC Metro Area",Total Private,1074100.0
2019-03-01,"Cincinnati, OH-KY-IN Metro Area",Government,133000.0
2019-03-01,"Cincinnati, OH-KY-IN Metro Area",Total Private,971700.0
2019-03-01,"Cleveland-Elyria, OH Metro Area",Government,138700.0
2019-03-01,"Cleveland-Elyria, OH Metro Area",Total Private,926500.0
2019-03-01,"Columbus, OH Metro Area",Government,183600.0
2019-03-01,"Columbus, OH Metro Area",Total Private,911100.0
2019-03-01,"Detroit-Warren-Dearborn, MI Metro Area",Government,191400.0
2019-03-01,"Detroit-Warren-Dearborn, MI Metro Area",Total Private,1833000.0
2019-03-01,"Indianapolis-Carmel-Anderson, IN Metro Area",Government,136900.0
2019-03-01,"Indianapolis-Carmel-Anderson, IN Metro Area",Total Private,942700.0
2019-03-01,"Kansas City, MO-KS Metro Area",Government,149000.0
2019-03-01,"Kansas City, MO-KS Metro Area",Total Private,932500.0
2019-03-01,"Miami-Fort Lauderdale-Pompano Beach, FL Metro Area",Government,321300.0
2019-03-01,"Miami-Fort Lauderdale-Pompano Beach, FL Metro Area",Total Private,2404900.0
2019-03-01,"Orlando-Kissimmee-Sanford, FL Metro Area",Government,129900.0
2019-03-01,"Orlando-Kissimmee-Sanford, FL Metro Area",Total Private,1202100.0
2019-03-01,"Phoenix-Mesa-Chandler, AZ Metro Area",Government,249900.0
2019-03-01,"Phoenix-Mesa-Chandler, AZ Metro Area",Total Private,1916800.0
2019-03-01,"Pittsburgh, PA Metro Area",Government,116900.0
2019-03-01,"Pittsburgh, PA Metro Area",Total Private,1061900.0
2019-03-01,"Portland-Vancouver-Hillsboro, OR-WA Metro Area",Government,155300.0
2019-03-01,"Portland-Vancouver-Hillsboro, OR-WA Metro Area",Total Private,1062800.0
2019-03-01,"Riverside-San Bernardino-Ontario, CA Metro Area",Government,264500.0
2019-03-01,"Riverside-San Bernardino-Ontario, CA Metro Area",Total Private,1267600.0
2019-03-01,"Sacramento-Roseville-Folsom, CA Metro Area",Government,243400.0
2019-03-01,"Sacramento-Roseville-Folsom, CA Metro Area",Total Private,769300.0
2019-03-01,"Salt Lake City, UT Metro Area",Government,111000.0
2019-03-01,"Salt Lake City, UT Metro Area",Total Private,630600.0
2019-03-01,"San Antonio-New Braunfels, TX Metro Area",Government,175000.0
2019-03-01,"San Antonio-New Braunfels, TX Metro Area",Total Private,892500.0
2019-03-01,"San Diego-Chula Vista-Carlsbad, CA Metro Area",Government,252800.0
2019-03-01,"San Diego-Chula Vista-Carlsbad, CA Metro Area",Total Private,1238600.0
2019-03-01,"San Francisco-Oakland-Berkeley, CA Metro Area",Government,325300.0
2019-03-01,"San Francisco-Oakland-Berkeley, CA Metro Area",Total Private,2141000.0
2019-03-01,"San Jose-Sunnyvale-Santa Clara, CA Metro Area",Government,99100.0
2019-03-01,"San Jose-Sunnyvale-Santa Clara, CA Metro Area",Total Private,1039599.9999999999
2019-03-01,"St. Louis, MO-IL Metro Area",Government,160800.0
2019-03-01,"St. Louis, MO-IL Metro Area",Total Private,1230400.0
2019-03-01,"Tampa-St. Petersburg-Clearwater, FL Metro Area",Government,160000.0
2019-03-01,"Tampa-St. Petersburg-Clearwater, FL Metro Area",Total Private,1222200.0
2019-03-01,"Yuba City, CA Metro Area",Government,12000.0
2019-03-01,"Yuba City, CA Metro Area",Total Private,33300.0
2019-04-01,"Austin-Round Rock-Georgetown, TX Metro Area",Government,189100.0
2019-04-01,"Austin-Round Rock-Georgetown, TX Metro Area",Total Private,924000.0
2019-04-01,"Charlotte-Concord-Gastonia, NC-SC Metro Area",Government,162700.0
2019-04-01,"Charlotte-Concord-Gastonia, NC-SC Metro Area",Total Private,1075700.0
2019-04-01,"Cincinnati, OH-KY-IN Metro Area",Government,134100.0
2019-04-01,"Cincinnati, OH-KY-IN Metro Area",Total Private,980000.0
2019-04-01,"Cleveland-Elyria, OH Metro Area",Government,139700.0
2019-04-01,"Cleveland-Elyria, OH Metro Area",Total Private,937000.0
2019-04-01,"Columbus, OH Metro Area",Government,185000.0
2019-04-01,"Columbus, OH Metro Area",Total Private,920200.0
2019-04-01,"Detroit-Warren-Dearborn, MI Metro Area",Government,192600.0
2019-04-01,"Detroit-Warren-Dearborn, MI Metro Area",Total Private,1838400.0
2019-04-01,"Indianapolis-Carmel-Anderson, IN Metro Area",Government,136700.0
2019-04-01,"Indianapolis-Carmel-Anderson, IN Metro Area",Total Private,950400.0
2019-04-01,"Kansas City, MO-KS Metro Area",Government,149900.0
2019-04-01,"Kansas City, MO-KS Metro Area",Total Private,947600.0
2019-04-01,"Miami-Fort Lauderdale-Pompano Beach, FL Metro Area",Government,320600.0
2019-04-01,"Miami-Fort Lauderdale-Pompano Beach, FL Metro Area",Total Private,2405700.0
2019-04-01,"Orlando-Kissimmee-Sanford, FL Metro Area",Government,129900.0
2019-04-01,"Orlando-Kissimmee-Sanford, FL Metro Area",Total Private,1204700.0
2019-04-01,"Phoenix-Mesa-Chandler, AZ Metro Area",Government,249100.0
2019-04-01,"Phoenix-Mesa-Chandler, AZ Metro Area",Total Private,1923800.0
2019-04-01,"Pittsburgh, PA Metro Area",Government,117100.0
2019-04-01,"Pittsburgh, PA Metro Area",Total Private,1074400.0
2019-04-01,"Portland-Vancouver-Hillsboro, OR-WA Metro Area",Government,155400.0
2019-04-01,"Portland-Vancouver-Hillsboro, OR-WA Metro Area",Total Private,1069700.0
2019-04-01,"Riverside-San Bernardino-Ontario, CA Metro Area",Government,264700.0
2019-04-01,"Riverside-San Bernardino-Ontario, CA Metro Area",Total Private,1276900.0
2019-04-01,"Sacramento-Roseville-Folsom, CA Metro Area",Government,242900.0
2019-04-01,"Sacramento-Roseville-Folsom, CA Metro Area",Total Private,772500.0
2019-04-01,"Salt Lake City, UT Metro Area",Government,114900.0
2019-04-01,"Salt Lake City, UT Metro Area",Total Private,635200.0
2019-04-01,"San Antonio-New Braunfels, TX Metro Area",Government,174000.0
2019-04-01,"San Antonio-New Braunfels, TX Metro Area",Total Private,898500.0
2019-04-01,"San Diego-Chula Vista-Carlsbad, CA Metro Area",Government,252600.0
2019-04-01,"San Diego-Chula Vista-Carlsbad, CA Metro Area",Total Private,1244600.0
2019-04-01,"San Francisco-Oakland-Berkeley, CA Metro Area",Government,325800.0
2019-04-01,"San Francisco-Oakland-Berkeley, CA Metro Area",Total Private,2148600.0
2019-04-01,"San Jose-Sunnyvale-Santa Clara, CA Metro Area",Government,99200.0
2019-04-01,"San Jose-Sunnyvale-Santa Clara, CA Metro Area",Total Private,1038200.0
2019-04-01,"St. Louis, MO-IL Metro Area",Government,161100.0
2019-04-01,"St. Louis, MO-IL Metro Area",Total Private,1248800.0
2019-04-01,"Tampa-St. Petersburg-Clearwater, FL Metro Area",Government,159600.0
2019-04-01,"Tampa-St. Petersburg-Clearwater, FL Metro Area",Total Private,1224600.0
2019-04-01,"Yuba City, CA Metro Area",Government,12000.0
2019-04-01,"Yuba City, CA Metro Area",Total Private,33700.0
2019-05-01,"Austin-Round Rock-Georgetown, TX Metro Area",Government,190100.0
2019-05-01,"Austin-Round Rock-Georgetown, TX Metro Area",Total Private,927400.0
2019-05-01,"Charlotte-Concord-Gastonia, NC-SC Metro Area",Government,163100.0
2019-05-01,"Charlotte-Concord-Gastonia, NC-SC Metro Area",Total Private,1082600.0
2019-05-01,"Cincinnati, OH-KY-IN Metro Area",Government,132400.0
2019-05-01,"Cincinnati, OH-KY-IN Metro Area",Total Private,990500.0
2019-05-01,"Cleveland-Elyria, OH Metro Area",Government,142100.0
2019-05-01,"Cleveland-Elyria, OH Metro Area",Total Private,946400.0
2019-05-01,"Columbus, OH Metro Area",Government,186100.0
2019-05-01,"Columbus, OH Metro Area",Total Private,929800.0
2019-05-01,"Detroit-Warren-Dearborn, MI Metro Area",Government,192600.0
2019-05-01,"Detroit-Warren-Dearborn, MI Metro Area",Total Private,1861100.0
2019-05-01,"Indianapolis-Carmel-Anderson, IN Metro Area",Government,136900.0
2019-05-01,"Indianapolis-Carmel-Anderson, IN Metro Area",Total Private,960800.0
2019-05-01,"Kansas City, MO-KS Metro Area",Government,150400.0
2019-05-01,"Kansas City, MO-KS Metro Area",Total Private,952300.0
2019-05-01,"Miami-Fort Lauderdale-Pompano Beach, FL Metro Area",Government,320600.0
2019-05-01,"Miami-Fort Lauderdale-Pompano Beach, FL Metro Area",Total Private,2402600.0
2019-05-01,"Orlando-Kissimmee-Sanford, FL Metro Area",Government,128199.99999999999
2019-05-01,"Orlando-Kissimmee-Sanford, FL Metro Area",Total Private,1206000.0
2019-05-01,"Phoenix-Mesa-Chandler, AZ Metro Area",Government,244600.0
2019-05-01,"Phoenix-Mesa-Chandler, AZ Metro Area",Total Private,1921100.0
2019-05-01,"Pittsburgh, PA Metro Area",Government,116000.0
2019-05-01,"Pittsburgh, PA Metro Area",Total Private,1081000.0
2019-05-01,"Portland-Vancouver-Hillsboro, OR-WA Metro Area",Government,156000.0
2019-05-01,"Portland-Vancouver-Hillsboro, OR-WA Metro Area",Total Private,1072500.0
2019-05-01,"Riverside-San Bernardino-Ontario, CA Metro Area",Government,265600.0
2019-05-01,"Riverside-San Bernardino-Ontario, CA Metro Area",Total Private,1278100.0
2019-05-01,"Sacramento-Roseville-Folsom, CA Metro Area",Government,244500.0
2019-05-01,"Sacramento-Roseville-Folsom, CA Metro Area",Total Private,777100.0
2019-05-01,"Salt Lake City, UT Metro Area",Government,115900.0
2019-05-01,"Salt Lake City, UT Metro Area",Total Private,637900.0
2019-05-01,"San Antonio-New Braunfels, TX Metro Area",Government,174700.0
2019-05-01,"San Antonio-New Braunfels, TX Metro Area",Total Private,901800.0
2019-05-01,"San Diego-Chula Vista-Carlsbad, CA Metro Area",Government,253000.0
2019-05-01,"San Diego-Chula Vista-Carlsbad, CA Metro Area",Total Private,1249300.0
2019-05-01,"San Francisco-Oakland-Berkeley, CA Metro Area",Government,327100.0
2019-05-01,"San Francisco-Oakland-Berkeley, CA Metro Area",Total Private,2157900.0
2019-05-01,"San Jose-Sunnyvale-Santa Clara, CA Metro Area",Government,99600.0
2019-05-01,"San Jose-Sunnyvale-Santa Clara, CA Metro Area",Total Private,1043400.0000000001
2019-05-01,"St. Louis, MO-IL Metro Area",Government,161900.0
2019-05-01,"St. Louis, MO-IL Metro Area",Total Private,1253300.0
2019-05-01,"Tampa-St. Petersburg-Clearwater, FL Metro Area",Government,158000.0
2019-05-01,"Tampa-St. Petersburg-Clearwater, FL Metro Area",Total Private,1226500.0
2019-05-01,"Yuba City, CA Metro Area",Government,11900.0
2019-05-01,"Yuba City, CA Metro Area",Total Private,33900.0
2019-06-01,"Austin-Round Rock-Georgetown, TX Metro Area",Government,189100.0
2019-06-01,"Austin-Round Rock-Georgetown, TX Metro Area",Total Private,934100.0
2019-06-01,"Charlotte-Concord-Gastonia, NC-SC Metro Area",Government,156800.0
2019-06-01,"Charlotte-Concord-Gastonia, NC-SC Metro Area",Total Private,1091800.0
2019-06-01,"Cincinnati, OH-KY-IN Metro Area",Government,129100.0
2019-06-01,"Cincinnati, OH-KY-IN Metro Area",Total Private,999400.0
2019-06-01,"Cleveland-Elyria, OH Metro Area",Government,140300.0
2019-06-01,"Cleveland-Elyria, OH Metro Area",Total Private,953100.0
2019-06-01,"Columbus, OH Metro Area",Government,178100.0
2019-06-01,"Columbus, OH Metro Area",Total Private,935600.0
2019-06-01,"Detroit-Warren-Dearborn, MI Metro Area",Government,193400.0
2019-06-01,"Detroit-Warren-Dearborn, MI Metro Area",Total Private,1874500.0
2019-06-01,"Indianapolis-Carmel-Anderson, IN Metro Area",Government,131400.0
2019-06-01,"Indianapolis-Carmel-Anderson, IN Metro Area",Total Private,965200.0
2019-06-01,"Kansas City, MO-KS Metro Area",Government,149300.0
2019-06-01,"Kansas City, MO-KS Metro Area",Total Private,957000.0
2019-06-01,"Miami-Fort Lauderdale-Pompano Beach, FL Metro Area",Government,297000.0
2019-06-01,"Miami-Fort Lauderdale-Pompano Beach, FL Metro Area",Total Private,2391000.0
2019-06-01,"Orlando-Kissimmee-Sanford, FL Metro Area",Government,118000.0
2019-06-01,"Orlando-Kissimmee-Sanford, FL Metro Area",Total Private,1204500.0
2019-06-01,"Phoenix-Mesa-Chandler, AZ Metro Area",Government,218200.0
2019-06-01,"Phoenix-Mesa-Chandler, AZ Metro Area",Total Private,1913100.0
2019-06-01,"Pittsburgh, PA Metro Area",Government,115100.0
2019-06-01,"Pittsburgh, PA Metro Area",Total Private,1082400.0
2019-06-01,"Portland-Vancouver-Hillsboro, OR-WA Metro Area",Government,155500.0
2019-06-01,"Portland-Vancouver-Hillsboro, OR-WA Metro Area",Total Private,1076000.0
2019-06-01,"Riverside-San Bernardino-Ontario, CA Metro Area",Government,264700.0
2019-06-01,"Riverside-San Bernardino-Ontario, CA Metro Area",Total Private,1281200.0
2019-06-01,"Sacramento-Roseville-Folsom, CA Metro Area",Government,243600.0
2019-06-01,"Sacramento-Roseville-Folsom, CA Metro Area",Total Private,781900.0
2019-06-01,"Salt Lake City, UT Metro Area",Government,113000.0
2019-06-01,"Salt Lake City, UT Metro Area",Total Private,641000.0
2019-06-01,"San Antonio-New Braunfels, TX Metro Area",Government,171900.0
2019-06-01,"San Antonio-New Braunfels, TX Metro Area",Total Private,910500.0
2019-06-01,"San Diego-Chula Vista-Carlsbad, CA Metro Area",Government,253800.0
2019-06-01,"San Diego-Chula Vista-Carlsbad, CA Metro Area",Total Private,1254400.0
2019-06-01,"San Francisco-Oakland-Berkeley, CA Metro Area",Government,325900.0
2019-06-01,"San Francisco-Oakland-Berkeley, CA Metro Area",Total Private,2172100.0
2019-06-01,"San Jose-Sunnyvale-Santa Clara, CA Metro Area",Government,98300.0
2019-06-01,"San Jose-Sunnyvale-Santa Clara, CA Metro Area",Total Private,1052000.0
2019-06-01,"St. Louis, MO-IL Metro Area",Government,158700.0
2019-06-01,"St. Louis, MO-IL Metro Area",Total Private,1252000.0
2019-06-01,"Tampa-St. Petersburg-Clearwater, FL Metro Area",Government,149200.0
2019-06-01,"Tampa-St. Petersburg-Clearwater, FL Metro Area",Total Private,1222800.0
2019-06-01,"Yuba City, CA Metro Area",Government,11900.0
2019-06-01,"Yuba City, CA Metro Area",Total Private,34500.0
2019-07-01,"Austin-Round Rock-Georgetown, TX Metro Area",Government,179200.0
2019-07-01,"Austin-Round Rock-Georgetown, TX Metro Area",Total Private,938800.0
2019-07-01,"Charlotte-Concord-Gastonia, NC-SC Metro Area",Government,139800.0
2019-07-01,"Charlotte-Concord-Gastonia, NC-SC Metro Area",Total Private,1094700.0
2019-07-01,"Cincinnati, OH-KY-IN Metro Area",Government,124500.0
2019-07-01,"Cincinnati, OH-KY-IN Metro Area",Total Private,996200.0
2019-07-01,"Cleveland-Elyria, OH Metro Area",Government,136300.0
2019-07-01,"Cleveland-Elyria, OH Metro Area",Total Private,954300.0
2019-07-01,"Columbus, OH Metro Area",Government,177500.0
2019-07-01,"Columbus, OH Metro Area",Total Private,940100.0
2019-07-01,"Detroit-Warren-Dearborn, MI Metro Area",Government,178200.0
2019-07-01,"Detroit-Warren-Dearborn, MI Metro Area",Total Private,1858000.0
2019-07-01,"Indianapolis-Carmel-Anderson, IN Metro Area",Government,125000.0
2019-07-01,"Indianapolis-Carmel-Anderson, IN Metro Area",Total Private,963800.0
2019-07-01,"Kansas City, MO-KS Metro Area",Government,138100.0
2019-07-01,"Kansas City, MO-KS Metro Area",Total Private,955100.0
2019-07-01,"Miami-Fort Lauderdale-Pompano Beach, FL Metro Area",Government,294500.0
2019-07-01,"Miami-Fort Lauderdale-Pompano Beach, FL Metro Area",Total Private,2388600.0
2019-07-01,"Orlando-Kissimmee-Sanford, FL Metro Area",Government,118800.0
2019-07-01,"Orlando-Kissimmee-Sanford, FL Metro Area",Total Private,1202600.0
2019-07-01,"Phoenix-Mesa-Chandler, AZ Metro Area",Government,211900.0
2019-07-01,"Phoenix-Mesa-Chandler, AZ Metro Area",Total Private,1912500.0
2019-07-01,"Pittsburgh, PA Metro Area",Government,108600.0
2019-07-01,"Pittsburgh, PA Metro Area",Total Private,1080700.0
2019-07-01,"Portland-Vancouver-Hillsboro, OR-WA Metro Area",Government,145100.0
2019-07-01,"Portland-Vancouver-Hillsboro, OR-WA Metro Area",Total Private,1080000.0
2019-07-01,"Riverside-San Bernardino-Ontario, CA Metro Area",Government,248900.0
2019-07-01,"Riverside-San Bernardino-Ontario, CA Metro Area",Total Private,1285300.0
2019-07-01,"Sacramento-Roseville-Folsom, CA Metro Area",Government,234400.0
2019-07-01,"Sacramento-Roseville-Folsom, CA Metro Area",Total Private,785800.0
2019-07-01,"Salt Lake City, UT Metro Area",Government,105800.0
2019-07-01,"Salt Lake City, UT Metro Area",Total Private,642600.0
2019-07-01,"San Antonio-New Braunfels, TX Metro Area",Government,166900.0
2019-07-01,"San Antonio-New Braunfels, TX Metro Area",Total Private,909500.0
2019-07-01,"San Diego-Chula Vista-Carlsbad, CA Metro Area",Government,234500.0
2019-07-01,"San Diego-Chula Vista-Carlsbad, CA Metro Area",Total Private,1262700.0
2019-07-01,"San Francisco-Oakland-Berkeley, CA Metro Area",Government,310700.0
2019-07-01,"San Francisco-Oakland-Berkeley, CA Metro Area",Total Private,2181300.0
2019-07-01,"San Jose-Sunnyvale-Santa Clara, CA Metro Area",Government,90300.0
2019-07-01,"San Jose-Sunnyvale-Santa Clara, CA Metro Area",Total Private,1058300.0
2019-07-01,"St. Louis, MO-IL Metro Area",Government,136900.0
2019-07-01,"St. Louis, MO-IL Metro Area",Total Private,1259700.0
2019-07-01,"Tampa-St. Petersburg-Clearwater, FL Metro Area",Government,147300.0
2019-07-01,"Tampa-St. Petersburg-Clearwater, FL Metro Area",Total Private,1222700.0
2019-07-01,"Yuba City, CA Metro Area",Government,10500.0
2019-07-01,"Yuba City, CA Metro Area",Total Private,34900.0
2019-08-01,"Austin-Round Rock-Georgetown, TX Metro Area",Government,178000.0
2019-08-01,"Austin-Round Rock-Georgetown, TX Metro Area",Total Private,942900.0
2019-08-01,"Charlotte-Concord-Gastonia, NC-SC Metro Area",Government,153500.0
2019-08-01,"Charlotte-Concord-Gastonia, NC-SC Metro Area",Total Private,1097800.0
2019-08-01,"Cincinnati, OH-KY-IN Metro Area",Government,126300.0
2019-08-01,"Cincinnati, OH-KY-IN Metro Area",Total Private,995900.0
2019-08-01,"Cleveland-Elyria, OH Metro Area",Government,135800.0
2019-08-01,"Cleveland-Elyria, OH Metro Area",Total Private,953800.0
2019-08-01,"Columbus, OH Metro Area",Government,179000.0
2019-08-01,"Columbus, OH Metro Area",Total Private,939800.0
2019-08-01,"Detroit-Warren-Dearborn, MI Metro Area",Government,177500.0
2019-08-01,"Detroit-Warren-Dearborn, MI Metro Area",Total Private,1872800.0
2019-08-01,"Indianapolis-Carmel-Anderson, IN Metro Area",Government,137800.0
2019-08-01,"Indianapolis-Carmel-Anderson, IN Metro Area",Total Private,963000.0
2019-08-01,"Kansas City, MO-KS Metro Area",Government,139500.0
2019-08-01,"Kansas City, MO-KS Metro Area",Total Private,959700.0
2019-08-01,"Miami-Fort Lauderdale-Pompano Beach, FL Metro Area",Government,317500.0
2019-08-01,"Miami-Fort Lauderdale-Pompano Beach, FL Metro Area",Total Private,2401100.0
2019-08-01,"Orlando-Kissimmee-Sanford, FL Metro Area",Government,129000.0
2019-08-01,"Orlando-Kissimmee-Sanford, FL Metro Area",Total Private,1208600.0
2019-08-01,"Phoenix-Mesa-Chandler, AZ Metro Area",Government,244000.0
2019-08-01,"Phoenix-Mesa-Chandler, AZ Metro Area",Total Private,1936000.0
2019-08-01,"Pittsburgh, PA Metro Area",Government,106900.0
2019-08-01,"Pittsburgh, PA Metro Area",Total Private,1080900.0
2019-08-01,"Portland-Vancouver-Hillsboro, OR-WA Metro Area",Government,143600.0
2019-08-01,"Portland-Vancouver-Hillsboro, OR-WA Metro Area",Total Private,1085100.0
2019-08-01,"Riverside-San Bernardino-Ontario, CA Metro Area",Government,252400.0
2019-08-01,"Riverside-San Bernardino-Ontario, CA Metro Area",Total Private,1293700.0
2019-08-01,"Sacramento-Roseville-Folsom, CA Metro Area",Government,237900.0
2019-08-01,"Sacramento-Roseville-Folsom, CA Metro Area",Total Private,789700.0
2019-08-01,"Salt Lake City, UT Metro Area",Government,105800.0
2019-08-01,"Salt Lake City, UT Metro Area",Total Private,648500.0
2019-08-01,"San Antonio-New Braunfels, TX Metro Area",Government,167800.0
2019-08-01,"San Antonio-New Braunfels, TX Metro Area",Total Private,912300.0
2019-08-01,"San Diego-Chula Vista-Carlsbad, CA Metro Area",Government,237700.0
2019-08-01,"San Diego-Chula Vista-Carlsbad, CA Metro Area",Total Private,1265100.0
2019-08-01,"San Francisco-Oakland-Berkeley, CA Metro Area",Government,315200.0
2019-08-01,"San Francisco-Oakland-Berkeley, CA Metro Area",Total Private,2188200.0
2019-08-01,"San Jose-Sunnyvale-Santa Clara, CA Metro Area",Government,92900.0
2019-08-01,"San Jose-Sunnyvale-Santa Clara, CA Metro Area",Total Private,1061100.0
2019-08-01,"St. Louis, MO-IL Metro Area",Government,145400.0
2019-08-01,"St. Louis, MO-IL Metro Area",Total Private,1258700.0
2019-08-01,"Tampa-St. Petersburg-Clearwater, FL Metro Area",Government,154500.0
2019-08-01,"Tampa-St. Petersburg-Clearwater, FL Metro Area",Total Private,1230600.0
2019-08-01,"Yuba City, CA Metro Area",Government,11500.0
2019-08-01,"Yuba City, CA Metro Area",Total Private,35200.0
2019-09-01,"Austin-Round Rock-Georgetown, TX Metro Area",Government,185200.0
2019-09-01,"Austin-Round Rock-Georgetown, TX Metro Area",Total Private,938400.0
2019-09-01,"Charlotte-Concord-Gastonia, NC-SC Metro Area",Government,163000.0
2019-09-01,"Charlotte-Concord-Gastonia, NC-SC Metro Area",Total Private,1088100.0
2019-09-01,"Cincinnati, OH-KY-IN Metro Area",Government,132300.0
2019-09-01,"Cincinnati, OH-KY-IN Metro Area",Total Private,990100.0
2019-09-01,"Cleveland-Elyria, OH Metro Area",Government,136700.0
2019-09-01,"Cleveland-Elyria, OH Metro Area",Total Private,944100.0
2019-09-01,"Columbus, OH Metro Area",Government,183700.0
2019-09-01,"Columbus, OH Metro Area",Total Private,930700.0
2019-09-01,"Detroit-Warren-Dearborn, MI Metro Area",Government,191600.0
2019-09-01,"Detroit-Warren-Dearborn, MI Metro Area",Total Private,1855900.0
2019-09-01,"Indianapolis-Carmel-Anderson, IN Metro Area",Government,138800.0
2019-09-01,"Indianapolis-Carmel-Anderson, IN Metro Area",Total Private,956300.0
2019-09-01,"Kansas City, MO-KS Metro Area",Government,149200.0
2019-09-01,"Kansas City, MO-KS Metro Area",Total Private,953300.0
2019-09-01,"Miami-Fort Lauderdale-Pompano Beach, FL Metro Area",Government,319000.0
2019-09-01,"Miami-Fort Lauderdale-Pompano Beach, FL Metro Area",Total Private,2392000.0
2019-09-01,"Orlando-Kissimmee-Sanford, FL Metro Area",Government,128800.00000000001
2019-09-01,"Orlando-Kissimmee-Sanford, FL Metro Area",Total Private,1204400.0
2019-09-01,"Phoenix-Mesa-Chandler, AZ Metro Area",Government,251200.0
2019-09-01,"Phoenix-Mesa-Chandler, AZ Metro Area",Total Private,1939700.0
2019-09-01,"Pittsburgh, PA Metro Area",Government,116400.0
2019-09-01,"Pittsburgh, PA Metro Area",Total Private,1080700.0
2019-09-01,"Portland-Vancouver-Hillsboro, OR-WA Metro Area",Government,147200.0
2019-09-01,"Portland-Vancouver-Hillsboro, OR-WA Metro Area",Total Private,1083900.0
2019-09-01,"Riverside-San Bernardino-Ontario, CA Metro Area",Government,254000.0
2019-09-01,"Riverside-San Bernardino-Ontario, CA Metro Area",Total Private,1293000.0
2019-09-01,"Sacramento-Roseville-Folsom, CA Metro Area",Government,238100.0
2019-09-01,"Sacramento-Roseville-Folsom, CA Metro Area",Total Private,786200.0
2019-09-01,"Salt Lake City, UT Metro Area",Government,112600.0
2019-09-01,"Salt Lake City, UT Metro Area",Total Private,645300.0
2019-09-01,"San Antonio-New Braunfels, TX Metro Area",Government,174300.0
2019-09-01,"San Antonio-New Braunfels, TX Metro Area",Total Private,906100.0
2019-09-01,"San Diego-Chula Vista-Carlsbad, CA Metro Area",Government,242900.0
2019-09-01,"San Diego-Chula Vista-Carlsbad, CA Metro Area",Total Private,1256000.0
2019-09-01,"San Francisco-Oakland-Berkeley, CA Metro Area",Government,319800.0
2019-09-01,"San Francisco-Oakland-Berkeley, CA Metro Area",Total Private,2176400.0
2019-09-01,"San Jose-Sunnyvale-Santa Clara, CA Metro Area",Government,96000.0
2019-09-01,"San Jose-Sunnyvale-Santa Clara, CA Metro Area",Total Private,1050800.0
2019-09-01,"St. Louis, MO-IL Metro Area",Government,161100.0
2019-09-01,"St. Louis, MO-IL Metro Area",Total Private,1252600.0
2019-09-01,"Tampa-St. Petersburg-Clearwater, FL Metro Area",Government,157900.0
2019-09-01,"Tampa-St. Petersburg-Clearwater, FL Metro Area",Total Private,1229400.0
2019-09-01,"Yuba City, CA Metro Area",Government,11600.0
2019-09-01,"Yuba City, CA Metro Area",Total Private,35300.0
2019-10-01,"Austin-Round Rock-Georgetown, TX Metro Area",Government,189800.0
2019-10-01,"Austin-Round Rock-Georgetown, TX Metro Area",Total Private,946800.0
2019-10-01,"Charlotte-Concord-Gastonia, NC-SC Metro Area",Government,164700.0
2019-10-01,"Charlotte-Concord-Gastonia, NC-SC Metro Area",Total Private,1097100.0
2019-10-01,"Cincinnati, OH-KY-IN Metro Area",Government,134600.0
2019-10-01,"Cincinnati, OH-KY-IN Metro Area",Total Private,994100.0
2019-10-01,"Cleveland-Elyria, OH Metro Area",Government,140100.0
2019-10-01,"Cleveland-Elyria, OH Metro Area",Total Private,948100.0
2019-10-01,"Columbus, OH Metro Area",Government,187000.0
2019-10-01,"Columbus, OH Metro Area",Total Private,940800.0
2019-10-01,"Detroit-Warren-Dearborn, MI Metro Area",Government,194900.0
2019-10-01,"Detroit-Warren-Dearborn, MI Metro Area",Total Private,1855100.0
2019-10-01,"Indianapolis-Carmel-Anderson, IN Metro Area",Government,138800.0
2019-10-01,"Indianapolis-Carmel-Anderson, IN Metro Area",Total Private,962500.0
2019-10-01,"Kansas City, MO-KS Metro Area",Government,150200.0
2019-10-01,"Kansas City, MO-KS Metro Area",Total Private,959400.0
2019-10-01,"Miami-Fort Lauderdale-Pompano Beach, FL Metro Area",Government,322200.0
2019-10-01,"Miami-Fort Lauderdale-Pompano Beach, FL Metro Area",Total Private,2425600.0
2019-10-01,"Orlando-Kissimmee-Sanford, FL Metro Area",Government,130500.0
2019-10-01,"Orlando-Kissimmee-Sanford, FL Metro Area",Total Private,1217200.0
2019-10-01,"Phoenix-Mesa-Chandler, AZ Metro Area",Government,253500.0
2019-10-01,"Phoenix-Mesa-Chandler, AZ Metro Area",Total Private,1965100.0
2019-10-01,"Pittsburgh, PA Metro Area",Government,117100.0
2019-10-01,"Pittsburgh, PA Metro Area",Total Private,1085300.0
2019-10-01,"Portland-Vancouver-Hillsboro, OR-WA Metro Area",Government,154400.0
2019-10-01,"Portland-Vancouver-Hillsboro, OR-WA Metro Area",Total Private,1084800.0
2019-10-01,"Riverside-San Bernardino-Ontario, CA Metro Area",Government,263600.0
2019-10-01,"Riverside-San Bernardino-Ontario, CA Metro Area",Total Private,1313100.0
2019-10-01,"Sacramento-Roseville-Folsom, CA Metro Area",Government,244900.0
2019-10-01,"Sacramento-Roseville-Folsom, CA Metro Area",Total Private,789400.0
2019-10-01,"Salt Lake City, UT Metro Area",Government,113600.0
2019-10-01,"Salt Lake City, UT Metro Area",Total Private,649700.0
2019-10-01,"San Antonio-New Braunfels, TX Metro Area",Government,176400.0
2019-10-01,"San Antonio-New Braunfels, TX Metro Area",Total Private,909400.0
2019-10-01,"San Diego-Chula Vista-Carlsbad, CA Metro Area",Government,249800.0
2019-10-01,"San Diego-Chula Vista-Carlsbad, CA Metro Area",Total Private,1266300.0
2019-10-01,"San Francisco-Oakland-Berkeley, CA Metro Area",Government,323500.0
2019-10-01,"San Francisco-Oakland-Berkeley, CA Metro Area",Total Private,2187300.0
2019-10-01,"San Jose-Sunnyvale-Santa Clara, CA Metro Area",Government,99500.0
2019-10-01,"San Jose-Sunnyvale-Santa Clara, CA Metro Area",Total Private,1060200.0
2019-10-01,"St. Louis, MO-IL Metro Area",Government,162500.0
2019-10-01,"St. Louis, MO-IL Metro Area",Total Private,1259400.0
2019-10-01,"Tampa-St. Petersburg-Clearwater, FL Metro Area",Government,160700.0
2019-10-01,"Tampa-St. Petersburg-Clearwater, FL Metro Area",Total Private,1239500.0
2019-10-01,"Yuba City, CA Metro Area",Government,12900.0
2019-10-01,"Yuba City, CA Metro Area",Total Private,35200.0
2019-11-01,"Austin-Round Rock-Georgetown, TX Metro Area",Government,190500.0
2019-11-01,"Austin-Round Rock-Georgetown, TX Metro Area",Total Private,956000.0
2019-11-01,"Charlotte-Concord-Gastonia, NC-SC Metro Area",Government,165800.0
2019-11-01,"Charlotte-Concord-Gastonia, NC-SC Metro Area",Total Private,1104400.0
2019-11-01,"Cincinnati, OH-KY-IN Metro Area",Government,134800.0
2019-11-01,"Cincinnati, OH-KY-IN Metro Area",Total Private,1000500.0
2019-11-01,"Cleveland-Elyria, OH Metro Area",Government,140500.0
2019-11-01,"Cleveland-Elyria, OH Metro Area",Total Private,949900.0
2019-11-01,"Columbus, OH Metro Area",Government,186500.0
2019-11-01,"Columbus, OH Metro Area",Total Private,950600.0
2019-11-01,"Detroit-Warren-Dearborn, MI Metro Area",Government,194800.0
2019-11-01,"Detroit-Warren-Dearborn, MI Metro Area",Total Private,1872600.0
2019-11-01,"Indianapolis-Carmel-Anderson, IN Metro Area",Government,139500.0
2019-11-01,"Indianapolis-Carmel-Anderson, IN Metro Area",Total Private,972600.0
2019-11-01,"Kansas City, MO-KS Metro Area",Government,150100.0
2019-11-01,"Kansas City, MO-KS Metro Area",Total Private,963100.0
2019-11-01,"Miami-Fort Lauderdale-Pompano Beach, FL Metro Area",Government,324000.0
2019-11-01,"Miami-Fort Lauderdale-Pompano Beach, FL Metro Area",Total Private,2460000.0
2019-11-01,"Orlando-Kissimmee-Sanford, FL Metro Area",Government,130800.00000000001
2019-11-01,"Orlando-Kissimmee-Sanford, FL Metro Area",Total Private,1229500.0
2019-11-01,"Phoenix-Mesa-Chandler, AZ Metro Area",Government,254400.0
2019-11-01,"Phoenix-Mesa-Chandler, AZ Metro Area",Total Private,1994100.0
2019-11-01,"Pittsburgh, PA Metro Area",Government,118100.0
2019-11-01,"Pittsburgh, PA Metro Area",Total Private,1085700.0
2019-11-01,"Portland-Vancouver-Hillsboro, OR-WA Metro Area",Government,155700.0
2019-11-01,"Portland-Vancouver-Hillsboro, OR-WA Metro Area",Total Private,1089500.0
2019-11-01,"Riverside-San Bernardino-Ontario, CA Metro Area",Government,266000.0
2019-11-01,"Riverside-San Bernardino-Ontario, CA Metro Area",Total Private,1342200.0
2019-11-01,"Sacramento-Roseville-Folsom, CA Metro Area",Government,245200.0
2019-11-01,"Sacramento-Roseville-Folsom, CA Metro Area",Total Private,794600.0
2019-11-01,"Salt Lake City, UT Metro Area",Government,113300.0
2019-11-01,"Salt Lake City, UT Metro Area",Total Private,654900.0
2019-11-01,"San Antonio-New Braunfels, TX Metro Area",Government,177500.0
2019-11-01,"San Antonio-New Braunfels, TX Metro Area",Total Private,916400.0
2019-11-01,"San Diego-Chula Vista-Carlsbad, CA Metro Area",Government,252200.0
2019-11-01,"San Diego-Chula Vista-Carlsbad, CA Metro Area",Total Private,1276200.0
2019-11-01,"San Francisco-Oakland-Berkeley, CA Metro Area",Government,324900.0
2019-11-01,"San Francisco-Oakland-Berkeley, CA Metro Area",Total Private,2203400.0
2019-11-01,"San Jose-Sunnyvale-Santa Clara, CA Metro Area",Government,100100.0
2019-11-01,"San Jose-Sunnyvale-Santa Clara, CA Metro Area",Total Private,1068100.0
2019-11-01,"St. Louis, MO-IL Metro Area",Government,162200.0
2019-11-01,"St. Louis, MO-IL Metro Area",Total Private,1264100.0
2019-11-01,"Tampa-St. Petersburg-Clearwater, FL Metro Area",Government,161600.0
2019-11-01,"Tampa-St. Petersburg-Clearwater, FL Metro Area",Total Private,1252800.0
2019-11-01,"Yuba City, CA Metro Area",Government,13100.0
2019-11-01,"Yuba City, CA Metro Area",Total Private,34900.0
2019-12-01,"Austin-Round Rock-Georgetown, TX Metro Area",Government,190400.0
2019-12-01,"Austin-Round Rock-Georgetown, TX Metro Area",Total Private,956600.0
2019-12-01,"Charlotte-Concord-Gastonia, NC-SC Metro Area",Government,166500.0
2019-12-01,"Charlotte-Concord-Gastonia, NC-SC Metro Area",Total Private,1102900.0
2019-12-01,"Cincinnati, OH-KY-IN Metro Area",Government,133200.0
2019-12-01,"Cincinnati, OH-KY-IN Metro Area",Total Private,1001100.0
2019-12-01,"Cleveland-Elyria, OH Metro Area",Government,138400.0
2019-12-01,"Cleveland-Elyria, OH Metro Area",Total Private,948500.0
2019-12-01,"Columbus, OH Metro Area",Government,184600.0
2019-12-01,"Columbus, OH Metro Area",Total Private,949200.0
2019-12-01,"Detroit-Warren-Dearborn, MI Metro Area",Government,193900.0
2019-12-01,"Detroit-Warren-Dearborn, MI Metro Area",Total Private,1873000.0
2019-12-01,"Indianapolis-Carmel-Anderson, IN Metro Area",Government,139800.0
2019-12-01,"Indianapolis-Carmel-Anderson, IN Metro Area",Total Private,970000.0
2019-12-01,"Kansas City, MO-KS Metro Area",Government,150200.0
2019-12-01,"Kansas City, MO-KS Metro Area",Total Private,965600.0
2019-12-01,"Miami-Fort Lauderdale-Pompano Beach, FL Metro Area",Government,322800.0
2019-12-01,"Miami-Fort Lauderdale-Pompano Beach, FL Metro Area",Total Private,2468100.0
2019-12-01,"Orlando-Kissimmee-Sanford, FL Metro Area",Government,130400.0
2019-12-01,"Orlando-Kissimmee-Sanford, FL Metro Area",Total Private,1231000.0
2019-12-01,"Phoenix-Mesa-Chandler, AZ Metro Area",Government,254100.0
2019-12-01,"Phoenix-Mesa-Chandler, AZ Metro Area",Total Private,2001500.0
2019-12-01,"Pittsburgh, PA Metro Area",Government,116400.0
2019-12-01,"Pittsburgh, PA Metro Area",Total Private,1080900.0
2019-12-01,"Portland-Vancouver-Hillsboro, OR-WA Metro Area",Government,155300.0
2019-12-01,"Portland-Vancouver-Hillsboro, OR-WA Metro Area",Total Private,1090400.0
2019-12-01,"Riverside-San Bernardino-Ontario, CA Metro Area",Government,266700.0
2019-12-01,"Riverside-San Bernardino-Ontario, CA Metro Area",Total Private,1340600.0
2019-12-01,"Sacramento-Roseville-Folsom, CA Metro Area",Government,240600.0
2019-12-01,"Sacramento-Roseville-Folsom, CA Metro Area",Total Private,794800.0
2019-12-01,"Salt Lake City, UT Metro Area",Government,113100.0
2019-12-01,"Salt Lake City, UT Metro Area",Total Private,654600.0
2019-12-01,"San Antonio-New Braunfels, TX Metro Area",Government,177600.0
2019-12-01,"San Antonio-New Braunfels, TX Metro Area",Total Private,917300.0
2019-12-01,"San Diego-Chula Vista-Carlsbad, CA Metro Area",Government,251300.0
2019-12-01,"San Diego-Chula Vista-Carlsbad, CA Metro Area",Total Private,1273100.0
2019-12-01,"San Francisco-Oakland-Berkeley, CA Metro Area",Government,323700.0
2019-12-01,"San Francisco-Oakland-Berkeley, CA Metro Area",Total Private,2206600.0
2019-12-01,"San Jose-Sunnyvale-Santa Clara, CA Metro Area",Government,100500.0
2019-12-01,"San Jose-Sunnyvale-Santa Clara, CA Metro Area",Total Private,1068100.0
2019-12-01,"St. Louis, MO-IL Metro Area",Government,162400.0
2019-12-01,"St. Louis, MO-IL Metro Area",Total Private,1264600.0
2019-12-01,"Tampa-St. Petersburg-Clearwater, FL Metro Area",Government,160800.0
2019-12-01,"Tampa-St. Petersburg-Clearwater, FL Metro Area",Total Private,1256500.0
2019-12-01,"Yuba City, CA Metro Area",Government,13300.0
2019-12-01,"Yuba City, CA Metro Area",Total Private,34800.0
2020-01-01,"Austin-Round Rock-Georgetown, TX Metro Area",Government,190800.0
2020-01-01,"Austin-Round Rock-Georgetown, TX Metro Area",Total Private,945500.0
2020-01-01,"Charlotte-Concord-Gastonia, NC-SC Metro Area",Government,163700.0
2020-01-01,"Charlotte-Concord-Gastonia, NC-SC Metro Area",Total Private,1092000.0
2020-01-01,"Cincinnati, OH-KY-IN Metro Area",Government,131800.0
2020-01-01,"Cincinnati, OH-KY-IN Metro Area",Total Private,976400.0
2020-01-01,"Cleveland-Elyria, OH Metro Area",Government,135200.0
2020-01-01,"Cleveland-Elyria, OH Metro Area",Total Private,928400.0
2020-01-01,"Columbus, OH Metro Area",Government,183800.0
2020-01-01,"Columbus, OH Metro Area",Total Private,925900.0
2020-01-01,"Detroit-Warren-Dearborn, MI Metro Area",Government,190300.0
2020-01-01,"Detroit-Warren-Dearborn, MI Metro Area",Total Private,1828800.0
2020-01-01,"Indianapolis-Carmel-Anderson, IN Metro Area",Government,139000.0
2020-01-01,"Indianapolis-Carmel-Anderson, IN Metro Area",Total Private,943900.0
2020-01-01,"Kansas City, MO-KS Metro Area",Government,149000.0
2020-01-01,"Kansas City, MO-KS Metro Area",Total Private,946300.0
2020-01-01,"Miami-Fort Lauderdale-Pompano Beach, FL Metro Area",Government,322600.0
2020-01-01,"Miami-Fort Lauderdale-Pompano Beach, FL Metro Area",Total Private,2429100.0
2020-01-01,"Orlando-Kissimmee-Sanford, FL Metro Area",Government,128900.0
2020-01-01,"Orlando-Kissimmee-Sanford, FL Metro Area",Total Private,1214900.0
2020-01-01,"Phoenix-Mesa-Chandler, AZ Metro Area",Government,247900.0
2020-01-01,"Phoenix-Mesa-Chandler, AZ Metro Area",Total Private,1971800.0
2020-01-01,"Pittsburgh, PA Metro Area",Government,113000.0
2020-01-01,"Pittsburgh, PA Metro Area",Total Private,1054100.0
2020-01-01,"Portland-Vancouver-Hillsboro, OR-WA Metro Area",Government,154100.0
2020-01-01,"Portland-Vancouver-Hillsboro, OR-WA Metro Area",Total Private,1072400.0
2020-01-01,"Riverside-San Bernardino-Ontario, CA Metro Area",Government,266000.0
2020-01-01,"Riverside-San Bernardino-Ontario, CA Metro Area",Total Private,1316700.0
2020-01-01,"Sacramento-Roseville-Folsom, CA Metro Area",Government,241900.0
2020-01-01,"Sacramento-Roseville-Folsom, CA Metro Area",Total Private,783700.0
2020-01-01,"Salt Lake City, UT Metro Area",Government,111600.0
2020-01-01,"Salt Lake City, UT Metro Area",Total Private,641100.0
2020-01-01,"San Antonio-New Braunfels, TX Metro Area",Government,176300.0
2020-01-01,"San Antonio-New Braunfels, TX Metro Area",Total Private,900300.0
2020-01-01,"San Diego-Chula Vista-Carlsbad, CA Metro Area",Government,248700.0
2020-01-01,"San Diego-Chula Vista-Carlsbad, CA Metro Area",Total Private,1255800.0
2020-01-01,"San Francisco-Oakland-Berkeley, CA Metro Area",Government,323000.0
2020-01-01,"San Francisco-Oakland-Berkeley, CA Metro Area",Total Private,2169300.0
2020-01-01,"San Jose-Sunnyvale-Santa Clara, CA Metro Area",Government,98300.0
2020-01-01,"San Jose-Sunnyvale-Santa Clara, CA Metro Area",Total Private,1054600.0
2020-01-01,"St. Louis, MO-IL Metro Area",Government,158100.0
2020-01-01,"St. Louis, MO-IL Metro Area",Total Private,1237700.0
2020-01-01,"Tampa-St. Petersburg-Clearwater, FL Metro Area",Government,160000.0
2020-01-01,"Tampa-St. Petersburg-Clearwater, FL Metro Area",Total Private,1240700.0
2020-01-01,"Yuba City, CA Metro Area",Government,13000.0
2020-01-01,"Yuba City, CA Metro Area",Total Private,34300.0
2020-02-01,"Austin-Round Rock-Georgetown, TX Metro Area",Government,192600.0
2020-02-01,"Austin-Round Rock-Georgetown, TX Metro Area",Total Private,952200.0
2020-02-01,"Charlotte-Concord-Gastonia, NC-SC Metro Area",Government,165800.0
2020-02-01,"Charlotte-Concord-Gastonia, NC-SC Metro Area",Total Private,1095400.0
2020-02-01,"Cincinnati, OH-KY-IN Metro Area",Government,132800.0
2020-02-01,"Cincinnati, OH-KY-IN Metro Area",Total Private,977100.0
2020-02-01,"Cleveland-Elyria, OH Metro Area",Government,138700.0
2020-02-01,"Cleveland-Elyria, OH Metro Area",Total Private,928100.0
2020-02-01,"Columbus, OH Metro Area",Government,185300.0
2020-02-01,"Columbus, OH Metro Area",Total Private,926100.0
2020-02-01,"Detroit-Warren-Dearborn, MI Metro Area",Government,192700.0
2020-02-01,"Detroit-Warren-Dearborn, MI Metro Area",Total Private,1833500.0
2020-02-01,"Indianapolis-Carmel-Anderson, IN Metro Area",Government,139700.0
2020-02-01,"Indianapolis-Carmel-Anderson, IN Metro Area",Total Private,947300.0
2020-02-01,"Kansas City, MO-KS Metro Area",Government,150300.0
2020-02-01,"Kansas City, MO-KS Metro Area",Total Private,944400.0
2020-02-01,"Miami-Fort Lauderdale-Pompano Beach, FL Metro Area",Government,323900.0
2020-02-01,"Miami-Fort Lauderdale-Pompano Beach, FL Metro Area",Total Private,2444700.0
2020-02-01,"Orlando-Kissimmee-Sanford, FL Metro Area",Government,130300.00000000001
2020-02-01,"Orlando-Kissimmee-Sanford, FL Metro Area",Total Private,1224100.0
2020-02-01,"Phoenix-Mesa-Chandler, AZ Metro Area",Government,255100.0
2020-02-01,"Phoenix-Mesa-Chandler, AZ Metro Area",Total Private,1978300.0
2020-02-01,"Pittsburgh, PA Metro Area",Government,116800.0
2020-02-01,"Pittsburgh, PA Metro Area",Total Private,1057100.0
2020-02-01,"Portland-Vancouver-Hillsboro, OR-WA Metro Area",Government,155500.0
2020-02-01,"Portland-Vancouver-Hillsboro, OR-WA Metro Area",Total Private,1077100.0
2020-02-01,"Riverside-San Bernardino-Ontario, CA Metro Area",Government,265800.0
2020-02-01,"Riverside-San Bernardino-Ontario, CA Metro Area",Total Private,1322200.0
2020-02-01,"Sacramento-Roseville-Folsom, CA Metro Area",Government,241900.0
2020-02-01,"Sacramento-Roseville-Folsom, CA Metro Area",Total Private,789300.0
2020-02-01,"Salt Lake City, UT Metro Area",Government,113600.0
2020-02-01,"Salt Lake City, UT Metro Area",Total Private,645100.0
2020-02-01,"San Antonio-New Braunfels, TX Metro Area",Government,177800.0
2020-02-01,"San Antonio-New Braunfels, TX Metro Area",Total Private,904800.0
2020-02-01,"San Diego-Chula Vista-Carlsbad, CA Metro Area",Government,250000.0
2020-02-01,"San Diego-Chula Vista-Carlsbad, CA Metro Area",Total Private,1265100.0
2020-02-01,"San Francisco-Oakland-Berkeley, CA Metro Area",Government,323900.0
2020-02-01,"San Francisco-Oakland-Berkeley, CA Metro Area",Total Private,2183800.0
2020-02-01,"San Jose-Sunnyvale-Santa Clara, CA Metro Area",Government,99800.0
2020-02-01,"San Jose-Sunnyvale-Santa Clara, CA Metro Area",Total Private,1059000.0
2020-02-01,"St. Louis, MO-IL Metro Area",Government,160800.0
2020-02-01,"St. Louis, MO-IL Metro Area",Total Private,1240800.0
2020-02-01,"Tampa-St. Petersburg-Clearwater, FL Metro Area",Government,161500.0
2020-02-01,"Tampa-St. Petersburg-Clearwater, FL Metro Area",Total Private,1251200.0
2020-02-01,"Yuba City, CA Metro Area",Government,13000.0
2020-02-01,"Yuba City, CA Metro Area",Total Private,34600.0
2020-03-01,"Austin-Round Rock-Georgetown, TX Metro Area",Government,192900.0
2020-03-01,"Austin-Round Rock-Georgetown, TX Metro Area",Total Private,947200.0
2020-03-01,"Charlotte-Concord-Gastonia, NC-SC Metro Area",Government,164500.0
2020-03-01,"Charlotte-Concord-Gastonia, NC-SC Metro Area",Total Private,1093000.0
2020-03-01,"Cincinnati, OH-KY-IN Metro Area",Government,132300.0
2020-03-01,"Cincinnati, OH-KY-IN Metro Area",Total Private,974700.0
2020-03-01,"Cleveland-Elyria, OH Metro Area",Government,138300.0
2020-03-01,"Cleveland-Elyria, OH Metro Area",Total Private,918600.0
2020-03-01,"Columbus, OH Metro Area",Government,182400.0
2020-03-01,"Columbus, OH Metro Area",Total Private,917900.0
2020-03-01,"Detroit-Warren-Dearborn, MI Metro Area",Government,193300.0
2020-03-01,"Detroit-Warren-Dearborn, MI Metro Area",Total Private,1817700.0
2020-03-01,"Indianapolis-Carmel-Anderson, IN Metro Area",Government,139900.0
2020-03-01,"Indianapolis-Carmel-Anderson, IN Metro Area",Total Private,941400.0
2020-03-01,"Kansas City, MO-KS Metro Area",Government,150600.0
2020-03-01,"Kansas City, MO-KS Metro Area",Total Private,942900.0
2020-03-01,"Miami-Fort Lauderdale-Pompano Beach, FL Metro Area",Government,322000.0
2020-03-01,"Miami-Fort Lauderdale-Pompano Beach, FL Metro Area",Total Private,2412800.0
2020-03-01,"Orlando-Kissimmee-Sanford, FL Metro Area",Government,130300.00000000001
2020-03-01,"Orlando-Kissimmee-Sanford, FL Metro Area",Total Private,1215300.0
2020-03-01,"Phoenix-Mesa-Chandler, AZ Metro Area",Government,252500.0
2020-03-01,"Phoenix-Mesa-Chandler, AZ Metro Area",Total Private,1965500.0
2020-03-01,"Pittsburgh, PA Metro Area",Government,117300.0
2020-03-01,"Pittsburgh, PA Metro Area",Total Private,1052300.0
2020-03-01,"Portland-Vancouver-Hillsboro, OR-WA Metro Area",Government,156000.0
2020-03-01,"Portland-Vancouver-Hillsboro, OR-WA Metro Area",Total Private,1068700.0
2020-03-01,"Riverside-San Bernardino-Ontario, CA Metro Area",Government,268600.0
2020-03-01,"Riverside-San Bernardino-Ontario, CA Metro Area",Total Private,1306900.0
2020-03-01,"Sacramento-Roseville-Folsom, CA Metro Area",Government,242200.0
2020-03-01,"Sacramento-Roseville-Folsom, CA Metro Area",Total Private,784200.0
2020-03-01,"Salt Lake City, UT Metro Area",Government,113700.0
2020-03-01,"Salt Lake City, UT Metro Area",Total Private,643000.0
2020-03-01,"San Antonio-New Braunfels, TX Metro Area",Government,177700.0
2020-03-01,"San Antonio-New Braunfels, TX Metro Area",Total Private,899700.0
2020-03-01,"San Diego-Chula Vista-Carlsbad, CA Metro Area",Government,251300.0
2020-03-01,"San Diego-Chula Vista-Carlsbad, CA Metro Area",Total Private,1248400.0
2020-03-01,"San Francisco-Oakland-Berkeley, CA Metro Area",Government,324800.0
2020-03-01,"San Francisco-Oakland-Berkeley, CA Metro Area",Total Private,2159500.0
2020-03-01,"San Jose-Sunnyvale-Santa Clara, CA Metro Area",Government,99900.0
2020-03-01,"San Jose-Sunnyvale-Santa Clara, CA Metro Area",Total Private,1047500.0
2020-03-01,"St. Louis, MO-IL Metro Area",Government,161300.0
2020-03-01,"St. Louis, MO-IL Metro Area",Total Private,1234500.0
2020-03-01,"Tampa-St. Petersburg-Clearwater, FL Metro Area",Government,159600.0
2020-03-01,"Tampa-St. Petersburg-Clearwater, FL Metro Area",Total Private,1243700.0
2020-03-01,"Yuba City, CA Metro Area",Government,13200.0
2020-03-01,"Yuba City, CA Metro Area",Total Private,34500.0
2020-04-01,"Austin-Round Rock-Georgetown, TX Metro Area",Government,188600.0
2020-04-01,"Austin-Round Rock-Georgetown, TX Metro Area",Total Private,819000.0
2020-04-01,"Charlotte-Concord-Gastonia, NC-SC Metro Area",Government,161700.0
2020-04-01,"Charlotte-Concord-Gastonia, NC-SC Metro Area",Total Private,949900.0
2020-04-01,"Cincinnati, OH-KY-IN Metro Area",Government,125400.0
2020-04-01,"Cincinnati, OH-KY-IN Metro Area",Total Private,828000.0
2020-04-01,"Cleveland-Elyria, OH Metro Area",Government,133300.0
2020-04-01,"Cleveland-Elyria, OH Metro Area",Total Private,782900.0
2020-04-01,"Columbus, OH Metro Area",Government,178400.0
2020-04-01,"Columbus, OH Metro Area",Total Private,783600.0
2020-04-01,"Detroit-Warren-Dearborn, MI Metro Area",Government,181100.0
2020-04-01,"Detroit-Warren-Dearborn, MI Metro Area",Total Private,1326700.0
2020-04-01,"Indianapolis-Carmel-Anderson, IN Metro Area",Government,133700.0
2020-04-01,"Indianapolis-Carmel-Anderson, IN Metro Area",Total Private,818700.0
2020-04-01,"Kansas City, MO-KS Metro Area",Government,146600.0
2020-04-01,"Kansas City, MO-KS Metro Area",Total Private,823500.0
2020-04-01,"Miami-Fort Lauderdale-Pompano Beach, FL Metro Area",Government,305000.0
2020-04-01,"Miami-Fort Lauderdale-Pompano Beach, FL Metro Area",Total Private,2012800.0
2020-04-01,"Orlando-Kissimmee-Sanford, FL Metro Area",Government,127900.0
2020-04-01,"Orlando-Kissimmee-Sanford, FL Metro Area",Total Private,1019800.0
2020-04-01,"Phoenix-Mesa-Chandler, AZ Metro Area",Government,249000.0
2020-04-01,"Phoenix-Mesa-Chandler, AZ Metro Area",Total Private,1732500.0
2020-04-01,"Pittsburgh, PA Metro Area",Government,111600.0
2020-04-01,"Pittsburgh, PA Metro Area",Total Private,854500.0
2020-04-01,"Portland-Vancouver-Hillsboro, OR-WA Metro Area",Government,149300.0
2020-04-01,"Portland-Vancouver-Hillsboro, OR-WA Metro Area",Total Private,917100.0
2020-04-01,"Riverside-San Bernardino-Ontario, CA Metro Area",Government,259899.99999999997
2020-04-01,"Riverside-San Bernardino-Ontario, CA Metro Area",Total Private,1107800.0
2020-04-01,"Sacramento-Roseville-Folsom, CA Metro Area",Government,239100.0
2020-04-01,"Sacramento-Roseville-Folsom, CA Metro Area",Total Private,658000.0
2020-04-01,"Salt Lake City, UT Metro Area",Government,109400.0
2020-04-01,"Salt Lake City, UT Metro Area",Total Private,583700.0
2020-04-01,"San Antonio-New Braunfels, TX Metro Area",Government,173200.0
2020-04-01,"San Antonio-New Braunfels, TX Metro Area",Total Private,778100.0
2020-04-01,"San Diego-Chula Vista-Carlsbad, CA Metro Area",Government,241100.0
2020-04-01,"San Diego-Chula Vista-Carlsbad, CA Metro Area",Total Private,1024700.0
2020-04-01,"San Francisco-Oakland-Berkeley, CA Metro Area",Government,313800.0
2020-04-01,"San Francisco-Oakland-Berkeley, CA Metro Area",Total Private,1797500.0
2020-04-01,"San Jose-Sunnyvale-Santa Clara, CA Metro Area",Government,96900.0
2020-04-01,"San Jose-Sunnyvale-Santa Clara, CA Metro Area",Total Private,908900.0
2020-04-01,"St. Louis, MO-IL Metro Area",Government,153200.0
2020-04-01,"St. Louis, MO-IL Metro Area",Total Private,1081100.0
2020-04-01,"Tampa-St. Petersburg-Clearwater, FL Metro Area",Government,155900.0
2020-04-01,"Tampa-St. Petersburg-Clearwater, FL Metro Area",Total Private,1085100.0
2020-04-01,"Yuba City, CA Metro Area",Government,13000.0
2020-04-01,"Yuba City, CA Metro Area",Total Private,30300.0
2020-05-01,"Austin-Round Rock-Georgetown, TX Metro Area",Government,185800.0
2020-05-01,"Austin-Round Rock-Georgetown, TX Metro Area",Total Private,847000.0
2020-05-01,"Charlotte-Concord-Gastonia, NC-SC Metro Area",Government,159600.0
2020-05-01,"Charlotte-Concord-Gastonia, NC-SC Metro Area",Total Private,980700.0
2020-05-01,"Cincinnati, OH-KY-IN Metro Area",Government,122400.0
2020-05-01,"Cincinnati, OH-KY-IN Metro Area",Total Private,864700.0
2020-05-01,"Cleveland-Elyria, OH Metro Area",Government,132000.0
2020-05-01,"Cleveland-Elyria, OH Metro Area",Total Private,822300.0
2020-05-01,"Columbus, OH Metro Area",Government,177400.0
2020-05-01,"Columbus, OH Metro Area",Total Private,828400.0
2020-05-01,"Detroit-Warren-Dearborn, MI Metro Area",Government,178700.0
2020-05-01,"Detroit-Warren-Dearborn, MI Metro Area",Total Private,1409700.0
2020-05-01,"Indianapolis-Carmel-Anderson, IN Metro Area",Government,134000.0
2020-05-01,"Indianapolis-Carmel-Anderson, IN Metro Area",Total Private,853700.0
2020-05-01,"Kansas City, MO-KS Metro Area",Government,143400.0
2020-05-01,"Kansas City, MO-KS Metro Area",Total Private,856600.0
2020-05-01,"Miami-Fort Lauderdale-Pompano Beach, FL Metro Area",Government,304700.0
2020-05-01,"Miami-Fort Lauderdale-Pompano Beach, FL Metro Area",Total Private,2088900.0
2020-05-01,"Orlando-Kissimmee-Sanford, FL Metro Area",Government,123800.0
2020-05-01,"Orlando-Kissimmee-Sanford, FL Metro Area",Total Private,975200.0
2020-05-01,"Phoenix-Mesa-Chandler, AZ Metro Area",Government,243300.0
2020-05-01,"Phoenix-Mesa-Chandler, AZ Metro Area",Total Private,1788400.0
2020-05-01,"Pittsburgh, PA Metro Area",Government,109300.0
2020-05-01,"Pittsburgh, PA Metro Area",Total Private,903300.0
2020-05-01,"Portland-Vancouver-Hillsboro, OR-WA Metro Area",Government,145100.0
2020-05-01,"Portland-Vancouver-Hillsboro, OR-WA Metro Area",Total Private,929000.0
2020-05-01,"Riverside-San Bernardino-Ontario, CA Metro Area",Government,242400.0
2020-05-01,"Riverside-San Bernardino-Ontario, CA Metro Area",Total Private,1147100.0
2020-05-01,"Sacramento-Roseville-Folsom, CA Metro Area",Government,234500.0
2020-05-01,"Sacramento-Roseville-Folsom, CA Metro Area",Total Private,678200.0
2020-05-01,"Salt Lake City, UT Metro Area",Government,106900.0
2020-05-01,"Salt Lake City, UT Metro Area",Total Private,603900.0
2020-05-01,"San Antonio-New Braunfels, TX Metro Area",Government,172400.0
2020-05-01,"San Antonio-New Braunfels, TX Metro Area",Total Private,806000.0
2020-05-01,"San Diego-Chula Vista-Carlsbad, CA Metro Area",Government,232700.0
2020-05-01,"San Diego-Chula Vista-Carlsbad, CA Metro Area",Total Private,1045300.0
2020-05-01,"San Francisco-Oakland-Berkeley, CA Metro Area",Government,309000.0
2020-05-01,"San Francisco-Oakland-Berkeley, CA Metro Area",Total Private,1843700.0
2020-05-01,"San Jose-Sunnyvale-Santa Clara, CA Metro Area",Government,93200.0
2020-05-01,"San Jose-Sunnyvale-Santa Clara, CA Metro Area",Total Private,933200.0
2020-05-01,"St. Louis, MO-IL Metro Area",Government,150100.0
2020-05-01,"St. Louis, MO-IL Metro Area",Total Private,1108600.0
2020-05-01,"Tampa-St. Petersburg-Clearwater, FL Metro Area",Government,153400.0
2020-05-01,"Tampa-St. Petersburg-Clearwater, FL Metro Area",Total Private,1131800.0
2020-05-01,"Yuba City, CA Metro Area",Government,12300.0
2020-05-01,"Yuba City, CA Metro Area",Total Private,32100.0
2020-06-01,"Austin-Round Rock-Georgetown, TX Metro Area",Government,184700.0
2020-06-01,"Austin-Round Rock-Georgetown, TX Metro Area",Total Private,878000.0
2020-06-01,"Charlotte-Concord-Gastonia, NC-SC Metro Area",Government,152600.0
2020-06-01,"Charlotte-Concord-Gastonia, NC-SC Metro Area",Total Private,1024900.0000000001
2020-06-01,"Cincinnati, OH-KY-IN Metro Area",Government,121500.0
2020-06-01,"Cincinnati, OH-KY-IN Metro Area",Total Private,913000.0
2020-06-01,"Cleveland-Elyria, OH Metro Area",Government,129300.00000000001
2020-06-01,"Cleveland-Elyria, OH Metro Area",Total Private,863000.0
2020-06-01,"Columbus, OH Metro Area",Government,171100.0
2020-06-01,"Columbus, OH Metro Area",Total Private,870200.0
2020-06-01,"Detroit-Warren-Dearborn, MI Metro Area",Government,178100.0
2020-06-01,"Detroit-Warren-Dearborn, MI Metro Area",Total Private,1602900.0
2020-06-01,"Indianapolis-Carmel-Anderson, IN Metro Area",Government,124100.0
2020-06-01,"Indianapolis-Carmel-Anderson, IN Metro Area",Total Private,893000.0
2020-06-01,"Kansas City, MO-KS Metro Area",Government,143600.0
2020-06-01,"Kansas City, MO-KS Metro Area",Total Private,891700.0
2020-06-01,"Miami-Fort Lauderdale-Pompano Beach, FL Metro Area",Government,285400.0
2020-06-01,"Miami-Fort Lauderdale-Pompano Beach, FL Metro Area",Total Private,2180300.0
2020-06-01,"Orlando-Kissimmee-Sanford, FL Metro Area",Government,115500.0
2020-06-01,"Orlando-Kissimmee-Sanford, FL Metro Area",Total Private,1010100.0
2020-06-01,"Phoenix-Mesa-Chandler, AZ Metro Area",Government,211600.0
2020-06-01,"Phoenix-Mesa-Chandler, AZ Metro Area",Total Private,1836500.0
2020-06-01,"Pittsburgh, PA Metro Area",Government,108000.0
2020-06-01,"Pittsburgh, PA Metro Area",Total Private,958900.0
2020-06-01,"Portland-Vancouver-Hillsboro, OR-WA Metro Area",Government,143500.0
2020-06-01,"Portland-Vancouver-Hillsboro, OR-WA Metro Area",Total Private,962300.0
2020-06-01,"Riverside-San Bernardino-Ontario, CA Metro Area",Government,244100.0
2020-06-01,"Riverside-San Bernardino-Ontario, CA Metro Area",Total Private,1209600.0
2020-06-01,"Sacramento-Roseville-Folsom, CA Metro Area",Government,231900.0
2020-06-01,"Sacramento-Roseville-Folsom, CA Metro Area",Total Private,715100.0
2020-06-01,"Salt Lake City, UT Metro Area",Government,104700.0
2020-06-01,"Salt Lake City, UT Metro Area",Total Private,614900.0
2020-06-01,"San Antonio-New Braunfels, TX Metro Area",Government,169500.0
2020-06-01,"San Antonio-New Braunfels, TX Metro Area",Total Private,839300.0
2020-06-01,"San Diego-Chula Vista-Carlsbad, CA Metro Area",Government,234400.0
2020-06-01,"San Diego-Chula Vista-Carlsbad, CA Metro Area",Total Private,1103200.0
2020-06-01,"San Francisco-Oakland-Berkeley, CA Metro Area",Government,302200.0
2020-06-01,"San Francisco-Oakland-Berkeley, CA Metro Area",Total Private,1897900.0
2020-06-01,"San Jose-Sunnyvale-Santa Clara, CA Metro Area",Government,91500.0
2020-06-01,"San Jose-Sunnyvale-Santa Clara, CA Metro Area",Total Private,957600.0
2020-06-01,"St. Louis, MO-IL Metro Area",Government,149300.0
2020-06-01,"St. Louis, MO-IL Metro Area",Total Private,1145200.0
2020-06-01,"Tampa-St. Petersburg-Clearwater, FL Metro Area",Government,144800.0
2020-06-01,"Tampa-St. Petersburg-Clearwater, FL Metro Area",Total Private,1167500.0
2020-06-01,"Yuba City, CA Metro Area",Government,12300.0
2020-06-01,"Yuba City, CA Metro Area",Total Private,33400.0
2020-07-01,"Austin-Round Rock-Georgetown, TX Metro Area",Government,181700.0
2020-07-01,"Austin-Round Rock-Georgetown, TX Metro Area",Total Private,883100.0
2020-07-01,"Charlotte-Concord-Gastonia, NC-SC Metro Area",Government,145500.0
2020-07-01,"Charlotte-Concord-Gastonia, NC-SC Metro Area",Total Private,1034200.0
2020-07-01,"Cincinnati, OH-KY-IN Metro Area",Government,117700.0
2020-07-01,"Cincinnati, OH-KY-IN Metro Area",Total Private,925100.0
2020-07-01,"Cleveland-Elyria, OH Metro Area",Government,125700.0
2020-07-01,"Cleveland-Elyria, OH Metro Area",Total Private,869600.0
2020-07-01,"Columbus, OH Metro Area",Government,170000.0
2020-07-01,"Columbus, OH Metro Area",Total Private,883300.0
2020-07-01,"Detroit-Warren-Dearborn, MI Metro Area",Government,162100.0
2020-07-01,"Detroit-Warren-Dearborn, MI Metro Area",Total Private,1648900.0
2020-07-01,"Indianapolis-Carmel-Anderson, IN Metro Area",Government,119700.0
2020-07-01,"Indianapolis-Carmel-Anderson, IN Metro Area",Total Private,910400.0
2020-07-01,"Kansas City, MO-KS Metro Area",Government,138600.0
2020-07-01,"Kansas City, MO-KS Metro Area",Total Private,899200.0
2020-07-01,"Miami-Fort Lauderdale-Pompano Beach, FL Metro Area",Government,286400.0
2020-07-01,"Miami-Fort Lauderdale-Pompano Beach, FL Metro Area",Total Private,2175300.0
2020-07-01,"Orlando-Kissimmee-Sanford, FL Metro Area",Government,118000.0
2020-07-01,"Orlando-Kissimmee-Sanford, FL Metro Area",Total Private,1038700.0
2020-07-01,"Phoenix-Mesa-Chandler, AZ Metro Area",Government,210200.0
2020-07-01,"Phoenix-Mesa-Chandler, AZ Metro Area",Total Private,1817400.0
2020-07-01,"Pittsburgh, PA Metro Area",Government,103100.0
2020-07-01,"Pittsburgh, PA Metro Area",Total Private,965400.0
2020-07-01,"Portland-Vancouver-Hillsboro, OR-WA Metro Area",Government,135800.0
2020-07-01,"Portland-Vancouver-Hillsboro, OR-WA Metro Area",Total Private,980300.0
2020-07-01,"Riverside-San Bernardino-Ontario, CA Metro Area",Government,228900.0
2020-07-01,"Riverside-San Bernardino-Ontario, CA Metro Area",Total Private,1210900.0
2020-07-01,"Sacramento-Roseville-Folsom, CA Metro Area",Government,225400.0
2020-07-01,"Sacramento-Roseville-Folsom, CA Metro Area",Total Private,722600.0
2020-07-01,"Salt Lake City, UT Metro Area",Government,102700.0
2020-07-01,"Salt Lake City, UT Metro Area",Total Private,621500.0
2020-07-01,"San Antonio-New Braunfels, TX Metro Area",Government,166800.0
2020-07-01,"San Antonio-New Braunfels, TX Metro Area",Total Private,833000.0
2020-07-01,"San Diego-Chula Vista-Carlsbad, CA Metro Area",Government,221700.0
2020-07-01,"San Diego-Chula Vista-Carlsbad, CA Metro Area",Total Private,1114900.0
2020-07-01,"San Francisco-Oakland-Berkeley, CA Metro Area",Government,291800.0
2020-07-01,"San Francisco-Oakland-Berkeley, CA Metro Area",Total Private,1906800.0
2020-07-01,"San Jose-Sunnyvale-Santa Clara, CA Metro Area",Government,86900.0
2020-07-01,"San Jose-Sunnyvale-Santa Clara, CA Metro Area",Total Private,962700.0
2020-07-01,"St. Louis, MO-IL Metro Area",Government,131600.0
2020-07-01,"St. Louis, MO-IL Metro Area",Total Private,1171600.0
2020-07-01,"Tampa-St. Petersburg-Clearwater, FL Metro Area",Government,143200.0
2020-07-01,"Tampa-St. Petersburg-Clearwater, FL Metro Area",Total Private,1168600.0
2020-07-01,"Yuba City, CA Metro Area",Government,11200.0
2020-07-01,"Yuba City, CA Metro Area",Total Private,33500.0
2020-08-01,"Austin-Round Rock-Georgetown, TX Metro Area",Government,182800.0
2020-08-01,"Austin-Round Rock-Georgetown, TX Metro Area",Total Private,892000.0
2020-08-01,"Charlotte-Concord-Gastonia, NC-SC Metro Area",Government,155900.0
2020-08-01,"Charlotte-Concord-Gastonia, NC-SC Metro Area",Total Private,1044000.0
2020-08-01,"Cincinnati, OH-KY-IN Metro Area",Government,121600.0
2020-08-01,"Cincinnati, OH-KY-IN Metro Area",Total Private,930400.0
2020-08-01,"Cleveland-Elyria, OH Metro Area",Government,124900.0
2020-08-01,"Cleveland-Elyria, OH Metro Area",Total Private,875100.0
2020-08-01,"Columbus, OH Metro Area",Government,171000.0
2020-08-01,"Columbus, OH Metro Area",Total Private,890400.0
2020-08-01,"Detroit-Warren-Dearborn, MI Metro Area",Government,168400.0
2020-08-01,"Detroit-Warren-Dearborn, MI Metro Area",Total Private,1680100.0
2020-08-01,"Indianapolis-Carmel-Anderson, IN Metro Area",Government,132700.0
2020-08-01,"Indianapolis-Carmel-Anderson, IN Metro Area",Total Private,917200.0
2020-08-01,"Kansas City, MO-KS Metro Area",Government,142200.0
2020-08-01,"Kansas City, MO-KS Metro Area",Total Private,907800.0
2020-08-01,"Miami-Fort Lauderdale-Pompano Beach, FL Metro Area",Government,297000.0
2020-08-01,"Miami-Fort Lauderdale-Pompano Beach, FL Metro Area",Total Private,2183400.0
2020-08-01,"Orlando-Kissimmee-Sanford, FL Metro Area",Government,124200.0
2020-08-01,"Orlando-Kissimmee-Sanford, FL Metro Area",Total Private,1052500.0
2020-08-01,"Phoenix-Mesa-Chandler, AZ Metro Area",Government,239800.0
2020-08-01,"Phoenix-Mesa-Chandler, AZ Metro Area",Total Private,1841600.0
2020-08-01,"Pittsburgh, PA Metro Area",Government,104700.0
2020-08-01,"Pittsburgh, PA Metro Area",Total Private,972900.0
2020-08-01,"Portland-Vancouver-Hillsboro, OR-WA Metro Area",Government,138000.0
2020-08-01,"Portland-Vancouver-Hillsboro, OR-WA Metro Area",Total Private,990000.0
2020-08-01,"Riverside-San Bernardino-Ontario, CA Metro Area",Government,238900.0
2020-08-01,"Riverside-San Bernardino-Ontario, CA Metro Area",Total Private,1220700.0
2020-08-01,"Sacramento-Roseville-Folsom, CA Metro Area",Government,230400.0
2020-08-01,"Sacramento-Roseville-Folsom, CA Metro Area",Total Private,722800.0
2020-08-01,"Salt Lake City, UT Metro Area",Government,103200.0
2020-08-01,"Salt Lake City, UT Metro Area",Total Private,628900.0
2020-08-01,"San Antonio-New Braunfels, TX Metro Area",Government,170800.0
2020-08-01,"San Antonio-New Braunfels, TX Metro Area",Total Private,839600.0
2020-08-01,"San Diego-Chula Vista-Carlsbad, CA Metro Area",Government,227700.0
2020-08-01,"San Diego-Chula Vista-Carlsbad, CA Metro Area",Total Private,1117600.0
2020-08-01,"San Francisco-Oakland-Berkeley, CA Metro Area",Government,301800.0
2020-08-01,"San Francisco-Oakland-Berkeley, CA Metro Area",Total Private,1909800.0
2020-08-01,"San Jose-Sunnyvale-Santa Clara, CA Metro Area",Government,89900.0
2020-08-01,"San Jose-Sunnyvale-Santa Clara, CA Metro Area",Total Private,965800.0
2020-08-01,"St. Louis, MO-IL Metro Area",Government,143000.0
2020-08-01,"St. Louis, MO-IL Metro Area",Total Private,1179600.0
2020-08-01,"Tampa-St. Petersburg-Clearwater, FL Metro Area",Government,153100.0
2020-08-01,"Tampa-St. Petersburg-Clearwater, FL Metro Area",Total Private,1178100.0
2020-08-01,"Yuba City, CA Metro Area",Government,11800.0
2020-08-01,"Yuba City, CA Metro Area",Total Private,33400.0
2020-09-01,"Austin-Round Rock-Georgetown, TX Metro Area",Government,186300.0
2020-09-01,"Austin-Round Rock-Georgetown, TX Metro Area",Total Private,898300.0
2020-09-01,"Charlotte-Concord-Gastonia, NC-SC Metro Area",Government,159900.0
2020-09-01,"Charlotte-Concord-Gastonia, NC-SC Metro Area",Total Private,1047500.0
2020-09-01,"Cincinnati, OH-KY-IN Metro Area",Government,127700.0
2020-09-01,"Cincinnati, OH-KY-IN Metro Area",Total Private,932200.0
2020-09-01,"Cleveland-Elyria, OH Metro Area",Government,130000.0
2020-09-01,"Cleveland-Elyria, OH Metro Area",Total Private,872300.0
2020-09-01,"Columbus, OH Metro Area",Government,174600.0
2020-09-01,"Columbus, OH Metro Area",Total Private,888500.0
2020-09-01,"Detroit-Warren-Dearborn, MI Metro Area",Government,179900.0
2020-09-01,"Detroit-Warren-Dearborn, MI Metro Area",Total Private,1689500.0
2020-09-01,"Indianapolis-Carmel-Anderson, IN Metro Area",Government,135300.0
2020-09-01,"Indianapolis-Carmel-Anderson, IN Metro Area",Total Private,914600.0
2020-09-01,"Kansas City, MO-KS Metro Area",Government,146200.0
2020-09-01,"Kansas City, MO-KS Metro Area",Total Private,903800.0
2020-09-01,"Miami-Fort Lauderdale-Pompano Beach, FL Metro Area",Government,306400.0
2020-09-01,"Miami-Fort Lauderdale-Pompano Beach, FL Metro Area",Total Private,2197100.0
2020-09-01,"Orlando-Kissimmee-Sanford, FL Metro Area",Government,127400.0
2020-09-01,"Orlando-Kissimmee-Sanford, FL Metro Area",Total Private,1055000.0
2020-09-01,"Phoenix-Mesa-Chandler, AZ Metro Area",Government,245000.0
2020-09-01,"Phoenix-Mesa-Chandler, AZ Metro Area",Total Private,1861100.0
2020-09-01,"Pittsburgh, PA Metro Area",Government,111400.0
2020-09-01,"Pittsburgh, PA Metro Area",Total Private,982100.0
2020-09-01,"Portland-Vancouver-Hillsboro, OR-WA Metro Area",Government,141500.0
2020-09-01,"Portland-Vancouver-Hillsboro, OR-WA Metro Area",Total Private,992000.0
2020-09-01,"Riverside-San Bernardino-Ontario, CA Metro Area",Government,240000.0
2020-09-01,"Riverside-San Bernardino-Ontario, CA Metro Area",Total Private,1237200.0
2020-09-01,"Sacramento-Roseville-Folsom, CA Metro Area",Government,232900.0
2020-09-01,"Sacramento-Roseville-Folsom, CA Metro Area",Total Private,729100.0
2020-09-01,"Salt Lake City, UT Metro Area",Government,106200.0
2020-09-01,"Salt Lake City, UT Metro Area",Total Private,630700.0
2020-09-01,"San Antonio-New Braunfels, TX Metro Area",Government,174300.0
2020-09-01,"San Antonio-New Braunfels, TX Metro Area",Total Private,844500.0
2020-09-01,"San Diego-Chula Vista-Carlsbad, CA Metro Area",Government,230200.0
2020-09-01,"San Diego-Chula Vista-Carlsbad, CA Metro Area",Total Private,1130900.0
2020-09-01,"San Francisco-Oakland-Berkeley, CA Metro Area",Government,304800.0
2020-09-01,"San Francisco-Oakland-Berkeley, CA Metro Area",Total Private,1916200.0
2020-09-01,"San Jose-Sunnyvale-Santa Clara, CA Metro Area",Government,92100.0
2020-09-01,"San Jose-Sunnyvale-Santa Clara, CA Metro Area",Total Private,965700.0
2020-09-01,"St. Louis, MO-IL Metro Area",Government,153000.0
2020-09-01,"St. Louis, MO-IL Metro Area",Total Private,1176200.0
2020-09-01,"Tampa-St. Petersburg-Clearwater, FL Metro Area",Government,155400.0
2020-09-01,"Tampa-St. Petersburg-Clearwater, FL Metro Area",Total Private,1177700.0
2020-09-01,"Yuba City, CA Metro Area",Government,12000.0
2020-09-01,"Yuba City, CA Metro Area",Total Private,33600.0
2020-10-01,"Austin-Round Rock-Georgetown, TX Metro Area",Government,188200.0
2020-10-01,"Austin-Round Rock-Georgetown, TX Metro Area",Total Private,919100.0
2020-10-01,"Charlotte-Concord-Gastonia, NC-SC Metro Area",Government,162400.0
2020-10-01,"Charlotte-Concord-Gastonia, NC-SC Metro Area",Total Private,1072500.0
2020-10-01,"Cincinnati, OH-KY-IN Metro Area",Government,129000.0
2020-10-01,"Cincinnati, OH-KY-IN Metro Area",Total Private,941800.0
2020-10-01,"Cleveland-Elyria, OH Metro Area",Government,131900.0
2020-10-01,"Cleveland-Elyria, OH Metro Area",Total Private,885200.0
2020-10-01,"Columbus, OH Metro Area",Government,177100.0
2020-10-01,"Columbus, OH Metro Area",Total Private,903700.0
2020-10-01,"Detroit-Warren-Dearborn, MI Metro Area",Government,182900.0
2020-10-01,"Detroit-Warren-Dearborn, MI Metro Area",Total Private,1719900.0
2020-10-01,"Indianapolis-Carmel-Anderson, IN Metro Area",Government,135800.0
2020-10-01,"Indianapolis-Carmel-Anderson, IN Metro Area",Total Private,931100.0
2020-10-01,"Kansas City, MO-KS Metro Area",Government,147400.0
2020-10-01,"Kansas City, MO-KS Metro Area",Total Private,915300.0
2020-10-01,"Miami-Fort Lauderdale-Pompano Beach, FL Metro Area",Government,307400.0
2020-10-01,"Miami-Fort Lauderdale-Pompano Beach, FL Metro Area",Total Private,2254600.0
2020-10-01,"Orlando-Kissimmee-Sanford, FL Metro Area",Government,127400.0
2020-10-01,"Orlando-Kissimmee-Sanford, FL Metro Area",Total Private,1085500.0
2020-10-01,"Phoenix-Mesa-Chandler, AZ Metro Area",Government,245300.0
2020-10-01,"Phoenix-Mesa-Chandler, AZ Metro Area",Total Private,1910000.0
2020-10-01,"Pittsburgh, PA Metro Area",Government,111600.0
2020-10-01,"Pittsburgh, PA Metro Area",Total Private,992900.0
2020-10-01,"Portland-Vancouver-Hillsboro, OR-WA Metro Area",Government,142200.0
2020-10-01,"Portland-Vancouver-Hillsboro, OR-WA Metro Area",Total Private,1003800.0
2020-10-01,"Riverside-San Bernardino-Ontario, CA Metro Area",Government,241400.0
2020-10-01,"Riverside-San Bernardino-Ontario, CA Metro Area",Total Private,1283700.0
2020-10-01,"Sacramento-Roseville-Folsom, CA Metro Area",Government,234700.0
2020-10-01,"Sacramento-Roseville-Folsom, CA Metro Area",Total Private,747400.0
2020-10-01,"Salt Lake City, UT Metro Area",Government,107500.0
2020-10-01,"Salt Lake City, UT Metro Area",Total Private,641800.0
2020-10-01,"San Antonio-New Braunfels, TX Metro Area",Government,173400.0
2020-10-01,"San Antonio-New Braunfels, TX Metro Area",Total Private,859400.0
2020-10-01,"San Diego-Chula Vista-Carlsbad, CA Metro Area",Government,235400.0
2020-10-01,"San Diego-Chula Vista-Carlsbad, CA Metro Area",Total Private,1159000.0
2020-10-01,"San Francisco-Oakland-Berkeley, CA Metro Area",Government,306500.0
2020-10-01,"San Francisco-Oakland-Berkeley, CA Metro Area",Total Private,1956100.0
2020-10-01,"San Jose-Sunnyvale-Santa Clara, CA Metro Area",Government,93300.0
2020-10-01,"San Jose-Sunnyvale-Santa Clara, CA Metro Area",Total Private,979300.0
2020-10-01,"St. Louis, MO-IL Metro Area",Government,154000.0
2020-10-01,"St. Louis, MO-IL Metro Area",Total Private,1196900.0
2020-10-01,"Tampa-St. Petersburg-Clearwater, FL Metro Area",Government,157400.0
2020-10-01,"Tampa-St. Petersburg-Clearwater, FL Metro Area",Total Private,1203200.0
2020-10-01,"Yuba City, CA Metro Area",Government,11700.0
2020-10-01,"Yuba City, CA Metro Area",Total Private,34100.0
2020-11-01,"Austin-Round Rock-Georgetown, TX Metro Area",Government,188200.0
2020-11-01,"Austin-Round Rock-Georgetown, TX Metro Area",Total Private,929300.0
2020-11-01,"Charlotte-Concord-Gastonia, NC-SC Metro Area",Government,163300.0
2020-11-01,"Charlotte-Concord-Gastonia, NC-SC Metro Area",Total Private,1081300.0
2020-11-01,"Cincinnati, OH-KY-IN Metro Area",Government,128100.0
2020-11-01,"Cincinnati, OH-KY-IN Metro Area",Total Private,947900.0
2020-11-01,"Cleveland-Elyria, OH Metro Area",Government,131500.0
2020-11-01,"Cleveland-Elyria, OH Metro Area",Total Private,888500.0
2020-11-01,"Columbus, OH Metro Area",Government,177500.0
2020-11-01,"Columbus, OH Metro Area",Total Private,911400.0
2020-11-01,"Detroit-Warren-Dearborn, MI Metro Area",Government,183300.0
2020-11-01,"Detroit-Warren-Dearborn, MI Metro Area",Total Private,1728900.0
2020-11-01,"Indianapolis-Carmel-Anderson, IN Metro Area",Government,135800.0
2020-11-01,"Indianapolis-Carmel-Anderson, IN Metro Area",Total Private,936900.0
2020-11-01,"Kansas City, MO-KS Metro Area",Government,146900.0
2020-11-01,"Kansas City, MO-KS Metro Area",Total Private,919400.0
2020-11-01,"Miami-Fort Lauderdale-Pompano Beach, FL Metro Area",Government,305600.0
2020-11-01,"Miami-Fort Lauderdale-Pompano Beach, FL Metro Area",Total Private,2281300.0
2020-11-01,"Orlando-Kissimmee-Sanford, FL Metro Area",Government,126800.0
2020-11-01,"Orlando-Kissimmee-Sanford, FL Metro Area",Total Private,1112400.0
2020-11-01,"Phoenix-Mesa-Chandler, AZ Metro Area",Government,245400.0
2020-11-01,"Phoenix-Mesa-Chandler, AZ Metro Area",Total Private,1939100.0
2020-11-01,"Pittsburgh, PA Metro Area",Government,112200.0
2020-11-01,"Pittsburgh, PA Metro Area",Total Private,995000.0
2020-11-01,"Portland-Vancouver-Hillsboro, OR-WA Metro Area",Government,142700.0
2020-11-01,"Portland-Vancouver-Hillsboro, OR-WA Metro Area",Total Private,1007300.0
2020-11-01,"Riverside-San Bernardino-Ontario, CA Metro Area",Government,240600.0
2020-11-01,"Riverside-San Bernardino-Ontario, CA Metro Area",Total Private,1308900.0
2020-11-01,"Sacramento-Roseville-Folsom, CA Metro Area",Government,234700.0
2020-11-01,"Sacramento-Roseville-Folsom, CA Metro Area",Total Private,754400.0
2020-11-01,"Salt Lake City, UT Metro Area",Government,106400.0
2020-11-01,"Salt Lake City, UT Metro Area",Total Private,647400.0
2020-11-01,"San Antonio-New Braunfels, TX Metro Area",Government,173700.0
2020-11-01,"San Antonio-New Braunfels, TX Metro Area",Total Private,867800.0
2020-11-01,"San Diego-Chula Vista-Carlsbad, CA Metro Area",Government,236200.0
2020-11-01,"San Diego-Chula Vista-Carlsbad, CA Metro Area",Total Private,1168300.0
2020-11-01,"San Francisco-Oakland-Berkeley, CA Metro Area",Government,306300.0
2020-11-01,"San Francisco-Oakland-Berkeley, CA Metro Area",Total Private,1969000.0
2020-11-01,"San Jose-Sunnyvale-Santa Clara, CA Metro Area",Government,92700.0
2020-11-01,"San Jose-Sunnyvale-Santa Clara, CA Metro Area",Total Private,986300.0
2020-11-01,"St. Louis, MO-IL Metro Area",Government,153300.0
2020-11-01,"St. Louis, MO-IL Metro Area",Total Private,1200500.0
2020-11-01,"Tampa-St. Petersburg-Clearwater, FL Metro Area",Government,157100.0
2020-11-01,"Tampa-St. Petersburg-Clearwater, FL Metro Area",Total Private,1216300.0
2020-11-01,"Yuba City, CA Metro Area",Government,12000.0
2020-11-01,"Yuba City, CA Metro Area",Total Private,34400.0
2020-12-01,"Austin-Round Rock-Georgetown, TX Metro Area",Government,188000.0
2020-12-01,"Austin-Round Rock-Georgetown, TX Metro Area",Total Private,935800.0
2020-12-01,"Charlotte-Concord-Gastonia, NC-SC Metro Area",Government,161900.0
2020-12-01,"Charlotte-Concord-Gastonia, NC-SC Metro Area",Total Private,1087500.0
2020-12-01,"Cincinnati, OH-KY-IN Metro Area",Government,126000.0
2020-12-01,"Cincinnati, OH-KY-IN Metro Area",Total Private,950600.0
2020-12-01,"Cleveland-Elyria, OH Metro Area",Government,130400.0
2020-12-01,"Cleveland-Elyria, OH Metro Area",Total Private,886800.0
2020-12-01,"Columbus, OH Metro Area",Government,175800.0
2020-12-01,"Columbus, OH Metro Area",Total Private,911200.0
2020-12-01,"Detroit-Warren-Dearborn, MI Metro Area",Government,179400.0
2020-12-01,"Detroit-Warren-Dearborn, MI Metro Area",Total Private,1699700.0
2020-12-01,"Indianapolis-Carmel-Anderson, IN Metro Area",Government,135400.0
2020-12-01,"Indianapolis-Carmel-Anderson, IN Metro Area",Total Private,935100.0
2020-12-01,"Kansas City, MO-KS Metro Area",Government,147200.0
2020-12-01,"Kansas City, MO-KS Metro Area",Total Private,924800.0
2020-12-01,"Miami-Fort Lauderdale-Pompano Beach, FL Metro Area",Government,302000.0
2020-12-01,"Miami-Fort Lauderdale-Pompano Beach, FL Metro Area",Total Private,2301600.0
2020-12-01,"Orlando-Kissimmee-Sanford, FL Metro Area",Government,125700.0
2020-12-01,"Orlando-Kissimmee-Sanford, FL Metro Area",Total Private,1118700.0
2020-12-01,"Phoenix-Mesa-Chandler, AZ Metro Area",Government,242400.0
2020-12-01,"Phoenix-Mesa-Chandler, AZ Metro Area",Total Private,1949600.0
2020-12-01,"Pittsburgh, PA Metro Area",Government,110500.0
2020-12-01,"Pittsburgh, PA Metro Area",Total Private,981900.0
2020-12-01,"Portland-Vancouver-Hillsboro, OR-WA Metro Area",Government,142100.0
2020-12-01,"Portland-Vancouver-Hillsboro, OR-WA Metro Area",Total Private,996200.0
2020-12-01,"Riverside-San Bernardino-Ontario, CA Metro Area",Government,239600.0
2020-12-01,"Riverside-San Bernardino-Ontario, CA Metro Area",Total Private,1301900.0
2020-12-01,"Sacramento-Roseville-Folsom, CA Metro Area",Government,233600.0
2020-12-01,"Sacramento-Roseville-Folsom, CA Metro Area",Total Private,749100.0
2020-12-01,"Salt Lake City, UT Metro Area",Government,106500.0
2020-12-01,"Salt Lake City, UT Metro Area",Total Private,650500.0
2020-12-01,"San Antonio-New Braunfels, TX Metro Area",Government,173800.0
2020-12-01,"San Antonio-New Braunfels, TX Metro Area",Total Private,872100.0
2020-12-01,"San Diego-Chula Vista-Carlsbad, CA Metro Area",Government,235700.0
2020-12-01,"San Diego-Chula Vista-Carlsbad, CA Metro Area",Total Private,1151500.0
2020-12-01,"San Francisco-Oakland-Berkeley, CA Metro Area",Government,302300.0
2020-12-01,"San Francisco-Oakland-Berkeley, CA Metro Area",Total Private,1963500.0
2020-12-01,"San Jose-Sunnyvale-Santa Clara, CA Metro Area",Government,92800.0
2020-12-01,"San Jose-Sunnyvale-Santa Clara, CA Metro Area",Total Private,981400.0
2020-12-01,"St. Louis, MO-IL Metro Area",Government,153600.0
2020-12-01,"St. Louis, MO-IL Metro Area",Total Private,1197500.0
2020-12-01,"Tampa-St. Petersburg-Clearwater, FL Metro Area",Government,156700.0
2020-12-01,"Tampa-St. Petersburg-Clearwater, FL Metro Area",Total Private,1225600.0
2020-12-01,"Yuba City, CA Metro Area",Government,12300.0
2020-12-01,"Yuba City, CA Metro Area",Total Private,33800.0
2021-01-01,"Austin-Round Rock-Georgetown, TX Metro Area",Government,188000.0
2021-01-01,"Austin-Round Rock-Georgetown, TX Metro Area",Total Private,923200.0
2021-01-01,"Charlotte-Concord-Gastonia, NC-SC Metro Area",Government,157400.0
2021-01-01,"Charlotte-Concord-Gastonia, NC-SC Metro Area",Total Private,1068800.0
2021-01-01,"Cincinnati, OH-KY-IN Metro Area",Government,124800.0
2021-01-01,"Cincinnati, OH-KY-IN Metro Area",Total Private,937200.0
2021-01-01,"Cleveland-Elyria, OH Metro Area",Government,128000.0
2021-01-01,"Cleveland-Elyria, OH Metro Area",Total Private,872400.0
2021-01-01,"Columbus, OH Metro Area",Government,177700.0
2021-01-01,"Columbus, OH Metro Area",Total Private,895200.0
2021-01-01,"Detroit-Warren-Dearborn, MI Metro Area",Government,176900.0
2021-01-01,"Detroit-Warren-Dearborn, MI Metro Area",Total Private,1678700.0
2021-01-01,"Indianapolis-Carmel-Anderson, IN Metro Area",Government,133400.0
2021-01-01,"Indianapolis-Carmel-Anderson, IN Metro Area",Total Private,919500.0
2021-01-01,"Kansas City, MO-KS Metro Area",Government,145100.0
2021-01-01,"Kansas City, MO-KS Metro Area",Total Private,909900.0
2021-01-01,"Miami-Fort Lauderdale-Pompano Beach, FL Metro Area",Government,303100.0
2021-01-01,"Miami-Fort Lauderdale-Pompano Beach, FL Metro Area",Total Private,2278100.0
2021-01-01,"Orlando-Kissimmee-Sanford, FL Metro Area",Government,125500.0
2021-01-01,"Orlando-Kissimmee-Sanford, FL Metro Area",Total Private,1095300.0
2021-01-01,"Phoenix-Mesa-Chandler, AZ Metro Area",Government,241300.0
2021-01-01,"Phoenix-Mesa-Chandler, AZ Metro Area",Total Private,1919700.0
2021-01-01,"Pittsburgh, PA Metro Area",Government,107700.0
2021-01-01,"Pittsburgh, PA Metro Area",Total Private,962800.0
2021-01-01,"Portland-Vancouver-Hillsboro, OR-WA Metro Area",Government,141600.0
2021-01-01,"Portland-Vancouver-Hillsboro, OR-WA Metro Area",Total Private,979800.0
2021-01-01,"Riverside-San Bernardino-Ontario, CA Metro Area",Government,239100.0
2021-01-01,"Riverside-San Bernardino-Ontario, CA Metro Area",Total Private,1266100.0
2021-01-01,"Sacramento-Roseville-Folsom, CA Metro Area",Government,234900.0
2021-01-01,"Sacramento-Roseville-Folsom, CA Metro Area",Total Private,733200.0
2021-01-01,"Salt Lake City, UT Metro Area",Government,105900.0
2021-01-01,"Salt Lake City, UT Metro Area",Total Private,642700.0
2021-01-01,"San Antonio-New Braunfels, TX Metro Area",Government,171700.0
2021-01-01,"San Antonio-New Braunfels, TX Metro Area",Total Private,854700.0
2021-01-01,"San Diego-Chula Vista-Carlsbad, CA Metro Area",Government,233700.0
2021-01-01,"San Diego-Chula Vista-Carlsbad, CA Metro Area",Total Private,1118500.0
2021-01-01,"San Francisco-Oakland-Berkeley, CA Metro Area",Government,302400.0
2021-01-01,"San Francisco-Oakland-Berkeley, CA Metro Area",Total Private,1910100.0
2021-01-01,"San Jose-Sunnyvale-Santa Clara, CA Metro Area",Government,91600.0
2021-01-01,"San Jose-Sunnyvale-Santa Clara, CA Metro Area",Total Private,960000.0
2021-01-01,"St. Louis, MO-IL Metro Area",Government,149600.0
2021-01-01,"St. Louis, MO-IL Metro Area",Total Private,1179300.0
2021-01-01,"Tampa-St. Petersburg-Clearwater, FL Metro Area",Government,155300.0
2021-01-01,"Tampa-St. Petersburg-Clearwater, FL Metro Area",Total Private,1211200.0
2021-01-01,"Yuba City, CA Metro Area",Government,11700.0
2021-01-01,"Yuba City, CA Metro Area",Total Private,33300.0
2021-02-01,"Austin-Round Rock-Georgetown, TX Metro Area",Government,188900.0
2021-02-01,"Austin-Round Rock-Georgetown, TX Metro Area",Total Private,926300.0
2021-02-01,"Charlotte-Concord-Gastonia, NC-SC Metro Area",Government,158900.0
2021-02-01,"Charlotte-Concord-Gastonia, NC-SC Metro Area",Total Private,1073300.0
2021-02-01,"Cincinnati, OH-KY-IN Metro Area",Government,125300.0
2021-02-01,"Cincinnati, OH-KY-IN Metro Area",Total Private,936000.0
2021-02-01,"Cleveland-Elyria, OH Metro Area",Government,129500.0
2021-02-01,"Cleveland-Elyria, OH Metro Area",Total Private,873100.0
2021-02-01,"Columbus, OH Metro Area",Government,179500.0
2021-02-01,"Columbus, OH Metro Area",Total Private,895200.0
2021-02-01,"Detroit-Warren-Dearborn, MI Metro Area",Government,179800.0
2021-02-01,"Detroit-Warren-Dearborn, MI Metro Area",Total Private,1705200.0
2021-02-01,"Indianapolis-Carmel-Anderson, IN Metro Area",Government,134000.0
2021-02-01,"Indianapolis-Carmel-Anderson, IN Metro Area",Total Private,920100.0
2021-02-01,"Kansas City, MO-KS Metro Area",Government,146000.0
2021-02-01,"Kansas City, MO-KS Metro Area",Total Private,899700.0
2021-02-01,"Miami-Fort Lauderdale-Pompano Beach, FL Metro Area",Government,305100.0
2021-02-01,"Miami-Fort Lauderdale-Pompano Beach, FL Metro Area",Total Private,2303700.0
2021-02-01,"Orlando-Kissimmee-Sanford, FL Metro Area",Government,126400.0
2021-02-01,"Orlando-Kissimmee-Sanford, FL Metro Area",Total Private,1108300.0
2021-02-01,"Phoenix-Mesa-Chandler, AZ Metro Area",Government,243100.0
2021-02-01,"Phoenix-Mesa-Chandler, AZ Metro Area",Total Private,1939700.0
2021-02-01,"Pittsburgh, PA Metro Area",Government,110500.0
2021-02-01,"Pittsburgh, PA Metro Area",Total Private,968400.0
2021-02-01,"Portland-Vancouver-Hillsboro, OR-WA Metro Area",Government,143400.0
2021-02-01,"Portland-Vancouver-Hillsboro, OR-WA Metro Area",Total Private,990200.0
2021-02-01,"Riverside-San Bernardino-Ontario, CA Metro Area",Government,238400.0
2021-02-01,"Riverside-San Bernardino-Ontario, CA Metro Area",Total Private,1292800.0
2021-02-01,"Sacramento-Roseville-Folsom, CA Metro Area",Government,235700.0
2021-02-01,"Sacramento-Roseville-Folsom, CA Metro Area",Total Private,746100.0
2021-02-01,"Salt Lake City, UT Metro Area",Government,106500.0
2021-02-01,"Salt Lake City, UT Metro Area",Total Private,646600.0
2021-02-01,"San Antonio-New Braunfels, TX Metro Area",Government,172500.0
2021-02-01,"San Antonio-New Braunfels, TX Metro Area",Total Private,854500.0
2021-02-01,"San Diego-Chula Vista-Carlsbad, CA Metro Area",Government,234000.0
2021-02-01,"San Diego-Chula Vista-Carlsbad, CA Metro Area",Total Private,1152000.0
2021-02-01,"San Francisco-Oakland-Berkeley, CA Metro Area",Government,303600.0
2021-02-01,"San Francisco-Oakland-Berkeley, CA Metro Area",Total Private,1944800.0
2021-02-01,"San Jose-Sunnyvale-Santa Clara, CA Metro Area",Government,91300.0
2021-02-01,"San Jose-Sunnyvale-Santa Clara, CA Metro Area",Total Private,975300.0
2021-02-01,"St. Louis, MO-IL Metro Area",Government,151900.0
2021-02-01,"St. Louis, MO-IL Metro Area",Total Private,1180500.0
2021-02-01,"Tampa-St. Petersburg-Clearwater, FL Metro Area",Government,156500.0
2021-02-01,"Tampa-St. Petersburg-Clearwater, FL Metro Area",Total Private,1221700.0
2021-02-01,"Yuba City, CA Metro Area",Government,12000.0
2021-02-01,"Yuba City, CA Metro Area",Total Private,33500.0
2021-03-01,"Austin-Round Rock-Georgetown, TX Metro Area",Government,187900.0
2021-03-01,"Austin-Round Rock-Georgetown, TX Metro Area",Total Private,942200.0
2021-03-01,"Charlotte-Concord-Gastonia, NC-SC Metro Area",Government,160100.0
2021-03-01,"Charlotte-Concord-Gastonia, NC-SC Metro Area",Total Private,1079000.0
2021-03-01,"Cincinnati, OH-KY-IN Metro Area",Government,125700.0
2021-03-01,"Cincinnati, OH-KY-IN Metro Area",Total Private,946100.0
2021-03-01,"Cleveland-Elyria, OH Metro Area",Government,129699.99999999999
2021-03-01,"Cleveland-Elyria, OH Metro Area",Total Private,876800.0
2021-03-01,"Columbus, OH Metro Area",Government,178200.0
2021-03-01,"Columbus, OH Metro Area",Total Private,898300.0
2021-03-01,"Detroit-Warren-Dearborn, MI Metro Area",Government,180400.0
2021-03-01,"Detroit-Warren-Dearborn, MI Metro Area",Total Private,1714100.0
2021-03-01,"Indianapolis-Carmel-Anderson, IN Metro Area",Government,135300.0
2021-03-01,"Indianapolis-Carmel-Anderson, IN Metro Area",Total Private,928200.0
2021-03-01,"Kansas City, MO-KS Metro Area",Government,146500.0
2021-03-01,"Kansas City, MO-KS Metro Area",Total Private,913300.0
2021-03-01,"Miami-Fort Lauderdale-Pompano Beach, FL Metro Area",Government,304900.0
2021-03-01,"Miami-Fort Lauderdale-Pompano Beach, FL Metro Area",Total Private,2314700.0
2021-03-01,"Orlando-Kissimmee-Sanford, FL Metro Area",Government,126500.0
2021-03-01,"Orlando-Kissimmee-Sanford, FL Metro Area",Total Private,1118600.0
2021-03-01,"Phoenix-Mesa-Chandler, AZ Metro Area",Government,243400.0
2021-03-01,"Phoenix-Mesa-Chandler, AZ Metro Area",Total Private,1947300.0
2021-03-01,"Pittsburgh, PA Metro Area",Government,111600.0
2021-03-01,"Pittsburgh, PA Metro Area",Total Private,980800.0
2021-03-01,"Portland-Vancouver-Hillsboro, OR-WA Metro Area",Government,144700.0
2021-03-01,"Portland-Vancouver-Hillsboro, OR-WA Metro Area",Total Private,1007200.0
2021-03-01,"Riverside-San Bernardino-Ontario, CA Metro Area",Government,239700.0
2021-03-01,"Riverside-San Bernardino-Ontario, CA Metro Area",Total Private,1298100.0
2021-03-01,"Sacramento-Roseville-Folsom, CA Metro Area",Government,238100.0
2021-03-01,"Sacramento-Roseville-Folsom, CA Metro Area",Total Private,751800.0
2021-03-01,"Salt Lake City, UT Metro Area",Government,107500.0
2021-03-01,"Salt Lake City, UT Metro Area",Total Private,648000.0
2021-03-01,"San Antonio-New Braunfels, TX Metro Area",Government,172300.0
2021-03-01,"San Antonio-New Braunfels, TX Metro Area",Total Private,866500.0
2021-03-01,"San Diego-Chula Vista-Carlsbad, CA Metro Area",Government,235600.0
2021-03-01,"San Diego-Chula Vista-Carlsbad, CA Metro Area",Total Private,1162100.0
2021-03-01,"San Francisco-Oakland-Berkeley, CA Metro Area",Government,305400.0
2021-03-01,"San Francisco-Oakland-Berkeley, CA Metro Area",Total Private,1962300.0
2021-03-01,"San Jose-Sunnyvale-Santa Clara, CA Metro Area",Government,92200.0
2021-03-01,"San Jose-Sunnyvale-Santa Clara, CA Metro Area",Total Private,981000.0
2021-03-01,"St. Louis, MO-IL Metro Area",Government,152900.0
2021-03-01,"St. Louis, MO-IL Metro Area",Total Private,1194000.0
2021-03-01,"Tampa-St. Petersburg-Clearwater, FL Metro Area",Government,156300.0
2021-03-01,"Tampa-St. Petersburg-Clearwater, FL Metro Area",Total Private,1230000.0
2021-03-01,"Yuba City, CA Metro Area",Government,11900.0
2021-03-01,"Yuba City, CA Metro Area",Total Private,33800.0
2021-04-01,"Austin-Round Rock-Georgetown, TX Metro Area",Government,187800.0
2021-04-01,"Austin-Round Rock-Georgetown, TX Metro Area",Total Private,958500.0
2021-04-01,"Charlotte-Concord-Gastonia, NC-SC Metro Area",Government,161400.0
2021-04-01,"Charlotte-Concord-Gastonia, NC-SC Metro Area",Total Private,1084600.0
2021-04-01,"Cincinnati, OH-KY-IN Metro Area",Government,127000.0
2021-04-01,"Cincinnati, OH-KY-IN Metro Area",Total Private,952900.0
2021-04-01,"Cleveland-Elyria, OH Metro Area",Government,130900.0
2021-04-01,"Cleveland-Elyria, OH Metro Area",Total Private,886800.0
2021-04-01,"Columbus, OH Metro Area",Government,178900.0
2021-04-01,"Columbus, OH Metro Area",Total Private,905300.0
2021-04-01,"Detroit-Warren-Dearborn, MI Metro Area",Government,180900.0
2021-04-01,"Detroit-Warren-Dearborn, MI Metro Area",Total Private,1710200.0
2021-04-01,"Indianapolis-Carmel-Anderson, IN Metro Area",Government,136100.0
2021-04-01,"Indianapolis-Carmel-Anderson, IN Metro Area",Total Private,932400.0
2021-04-01,"Kansas City, MO-KS Metro Area",Government,147600.0
2021-04-01,"Kansas City, MO-KS Metro Area",Total Private,921300.0
2021-04-01,"Miami-Fort Lauderdale-Pompano Beach, FL Metro Area",Government,303500.0
2021-04-01,"Miami-Fort Lauderdale-Pompano Beach, FL Metro Area",Total Private,2322400.0
2021-04-01,"Orlando-Kissimmee-Sanford, FL Metro Area",Government,126400.0
2021-04-01,"Orlando-Kissimmee-Sanford, FL Metro Area",Total Private,1128300.0
2021-04-01,"Phoenix-Mesa-Chandler, AZ Metro Area",Government,244300.0
2021-04-01,"Phoenix-Mesa-Chandler, AZ Metro Area",Total Private,1953000.0
2021-04-01,"Pittsburgh, PA Metro Area",Government,111500.0
2021-04-01,"Pittsburgh, PA Metro Area",Total Private,993300.0
2021-04-01,"Portland-Vancouver-Hillsboro, OR-WA Metro Area",Government,146900.0
2021-04-01,"Portland-Vancouver-Hillsboro, OR-WA Metro Area",Total Private,1014300.0
2021-04-01,"Riverside-San Bernardino-Ontario, CA Metro Area",Government,241800.0
2021-04-01,"Riverside-San Bernardino-Ontario, CA Metro Area",Total Private,1312100.0
2021-04-01,"Sacramento-Roseville-Folsom, CA Metro Area",Government,239700.0
2021-04-01,"Sacramento-Roseville-Folsom, CA Metro Area",Total Private,762800.0
2021-04-01,"Salt Lake City, UT Metro Area",Government,108400.0
2021-04-01,"Salt Lake City, UT Metro Area",Total Private,652500.0
2021-04-01,"San Antonio-New Braunfels, TX Metro Area",Government,173200.0
2021-04-01,"San Antonio-New Braunfels, TX Metro Area",Total Private,874800.0
2021-04-01,"San Diego-Chula Vista-Carlsbad, CA Metro Area",Government,237900.0
2021-04-01,"San Diego-Chula Vista-Carlsbad, CA Metro Area",Total Private,1180300.0
2021-04-01,"San Francisco-Oakland-Berkeley, CA Metro Area",Government,307400.0
2021-04-01,"San Francisco-Oakland-Berkeley, CA Metro Area",Total Private,1988600.0
2021-04-01,"San Jose-Sunnyvale-Santa Clara, CA Metro Area",Government,93400.0
2021-04-01,"San Jose-Sunnyvale-Santa Clara, CA Metro Area",Total Private,990400.0
2021-04-01,"St. Louis, MO-IL Metro Area",Government,154700.0
2021-04-01,"St. Louis, MO-IL Metro Area",Total Private,1206500.0
2021-04-01,"Tampa-St. Petersburg-Clearwater, FL Metro Area",Government,155900.0
2021-04-01,"Tampa-St. Petersburg-Clearwater, FL Metro Area",Total Private,1230200.0
2021-04-01,"Yuba City, CA Metro Area",Government,12500.0
2021-04-01,"Yuba City, CA Metro Area",Total Private,34400.0
2021-05-01,"Austin-Round Rock-Georgetown, TX Metro Area",Government,188100.0
2021-05-01,"Austin-Round Rock-Georgetown, TX Metro Area",Total Private,969300.0
2021-05-01,"Charlotte-Concord-Gastonia, NC-SC Metro Area",Government,161800.0
2021-05-01,"Charlotte-Concord-Gastonia, NC-SC Metro Area",Total Private,1093700.0
2021-05-01,"Cincinnati, OH-KY-IN Metro Area",Government,126700.0
2021-05-01,"Cincinnati, OH-KY-IN Metro Area",Total Private,963900.0
2021-05-01,"Cleveland-Elyria, OH Metro Area",Government,131800.0
2021-05-01,"Cleveland-Elyria, OH Metro Area",Total Private,895700.0
2021-05-01,"Columbus, OH Metro Area",Government,179600.0
2021-05-01,"Columbus, OH Metro Area",Total Private,912900.0
2021-05-01,"Detroit-Warren-Dearborn, MI Metro Area",Government,179000.0
2021-05-01,"Detroit-Warren-Dearborn, MI Metro Area",Total Private,1732600.0
2021-05-01,"Indianapolis-Carmel-Anderson, IN Metro Area",Government,137100.0
2021-05-01,"Indianapolis-Carmel-Anderson, IN Metro Area",Total Private,942200.0
2021-05-01,"Kansas City, MO-KS Metro Area",Government,148400.0
2021-05-01,"Kansas City, MO-KS Metro Area",Total Private,927000.0
2021-05-01,"Miami-Fort Lauderdale-Pompano Beach, FL Metro Area",Government,305800.0
2021-05-01,"Miami-Fort Lauderdale-Pompano Beach, FL Metro Area",Total Private,2332000.0
2021-05-01,"Orlando-Kissimmee-Sanford, FL Metro Area",Government,123600.0
2021-05-01,"Orlando-Kissimmee-Sanford, FL Metro Area",Total Private,1138300.0
2021-05-01,"Phoenix-Mesa-Chandler, AZ Metro Area",Government,240000.0
2021-05-01,"Phoenix-Mesa-Chandler, AZ Metro Area",Total Private,1955900.0
2021-05-01,"Pittsburgh, PA Metro Area",Government,111200.0
2021-05-01,"Pittsburgh, PA Metro Area",Total Private,1001800.0
2021-05-01,"Portland-Vancouver-Hillsboro, OR-WA Metro Area",Government,147300.0
2021-05-01,"Portland-Vancouver-Hillsboro, OR-WA Metro Area",Total Private,1019300.0
2021-05-01,"Riverside-San Bernardino-Ontario, CA Metro Area",Government,243500.0
2021-05-01,"Riverside-San Bernardino-Ontario, CA Metro Area",Total Private,1321100.0
2021-05-01,"Sacramento-Roseville-Folsom, CA Metro Area",Government,241100.0
2021-05-01,"Sacramento-Roseville-Folsom, CA Metro Area",Total Private,766200.0
2021-05-01,"Salt Lake City, UT Metro Area",Government,108500.0
2021-05-01,"Salt Lake City, UT Metro Area",Total Private,654300.0
2021-05-01,"San Antonio-New Braunfels, TX Metro Area",Government,173100.0
2021-05-01,"San Antonio-New Braunfels, TX Metro Area",Total Private,883400.0
2021-05-01,"San Diego-Chula Vista-Carlsbad, CA Metro Area",Government,240200.0
2021-05-01,"San Diego-Chula Vista-Carlsbad, CA Metro Area",Total Private,1190200.0
2021-05-01,"San Francisco-Oakland-Berkeley, CA Metro Area",Government,309700.0
2021-05-01,"San Francisco-Oakland-Berkeley, CA Metro Area",Total Private,2004900.0
2021-05-01,"San Jose-Sunnyvale-Santa Clara, CA Metro Area",Government,94200.0
2021-05-01,"San Jose-Sunnyvale-Santa Clara, CA Metro Area",Total Private,996500.0
2021-05-01,"St. Louis, MO-IL Metro Area",Government,154700.0
2021-05-01,"St. Louis, MO-IL Metro Area",Total Private,1212100.0
2021-05-01,"Tampa-St. Petersburg-Clearwater, FL Metro Area",Government,153800.0
2021-05-01,"Tampa-St. Petersburg-Clearwater, FL Metro Area",Total Private,1237700.0
2021-05-01,"Yuba City, CA Metro Area",Government,12600.0
2021-05-01,"Yuba City, CA Metro Area",Total Private,34900.0
2021-06-01,"Austin-Round Rock-Georgetown, TX Metro Area",Government,186900.0
2021-06-01,"Austin-Round Rock-Georgetown, TX Metro Area",Total Private,983700.0
2021-06-01,"Charlotte-Concord-Gastonia, NC-SC Metro Area",Government,154100.0
2021-06-01,"Charlotte-Concord-Gastonia, NC-SC Metro Area",Total Private,1099300.0
2021-06-01,"Cincinnati, OH-KY-IN Metro Area",Government,120500.0
2021-06-01,"Cincinnati, OH-KY-IN Metro Area",Total Private,972900.0
2021-06-01,"Cleveland-Elyria, OH Metro Area",Government,130600.0
2021-06-01,"Cleveland-Elyria, OH Metro Area",Total Private,902600.0
2021-06-01,"Columbus, OH Metro Area",Government,176800.0
2021-06-01,"Columbus, OH Metro Area",Total Private,920800.0
2021-06-01,"Detroit-Warren-Dearborn, MI Metro Area",Government,178700.0
2021-06-01,"Detroit-Warren-Dearborn, MI Metro Area",Total Private,1755600.0
2021-06-01,"Indianapolis-Carmel-Anderson, IN Metro Area",Government,131000.0
2021-06-01,"Indianapolis-Carmel-Anderson, IN Metro Area",Total Private,947700.0
2021-06-01,"Kansas City, MO-KS Metro Area",Government,146600.0
2021-06-01,"Kansas City, MO-KS Metro Area",Total Private,931900.0
2021-06-01,"Miami-Fort Lauderdale-Pompano Beach, FL Metro Area",Government,285100.0
2021-06-01,"Miami-Fort Lauderdale-Pompano Beach, FL Metro Area",Total Private,2330700.0
2021-06-01,"Orlando-Kissimmee-Sanford, FL Metro Area",Government,115100.0
2021-06-01,"Orlando-Kissimmee-Sanford, FL Metro Area",Total Private,1149500.0
2021-06-01,"Phoenix-Mesa-Chandler, AZ Metro Area",Government,221000.0
2021-06-01,"Phoenix-Mesa-Chandler, AZ Metro Area",Total Private,1956900.0
2021-06-01,"Pittsburgh, PA Metro Area",Government,110800.0
2021-06-01,"Pittsburgh, PA Metro Area",Total Private,1006000.0
2021-06-01,"Portland-Vancouver-Hillsboro, OR-WA Metro Area",Government,147300.0
2021-06-01,"Portland-Vancouver-Hillsboro, OR-WA Metro Area",Total Private,1025700.0
2021-06-01,"Riverside-San Bernardino-Ontario, CA Metro Area",Government,244300.0
2021-06-01,"Riverside-San Bernardino-Ontario, CA Metro Area",Total Private,1319300.0
2021-06-01,"Sacramento-Roseville-Folsom, CA Metro Area",Government,241800.0
2021-06-01,"Sacramento-Roseville-Folsom, CA Metro Area",Total Private,771200.0
2021-06-01,"Salt Lake City, UT Metro Area",Government,109000.0
2021-06-01,"Salt Lake City, UT Metro Area",Total Private,659300.0
2021-06-01,"San Antonio-New Braunfels, TX Metro Area",Government,172300.0
2021-06-01,"San Antonio-New Braunfels, TX Metro Area",Total Private,893600.0
2021-06-01,"San Diego-Chula Vista-Carlsbad, CA Metro Area",Government,239900.0
2021-06-01,"San Diego-Chula Vista-Carlsbad, CA Metro Area",Total Private,1198300.0
2021-06-01,"San Francisco-Oakland-Berkeley, CA Metro Area",Government,309900.0
2021-06-01,"San Francisco-Oakland-Berkeley, CA Metro Area",Total Private,2022900.0
2021-06-01,"San Jose-Sunnyvale-Santa Clara, CA Metro Area",Government,94500.0
2021-06-01,"San Jose-Sunnyvale-Santa Clara, CA Metro Area",Total Private,1004000.0
2021-06-01,"St. Louis, MO-IL Metro Area",Government,154500.0
2021-06-01,"St. Louis, MO-IL Metro Area",Total Private,1219900.0
2021-06-01,"Tampa-St. Petersburg-Clearwater, FL Metro Area",Government,145100.0
2021-06-01,"Tampa-St. Petersburg-Clearwater, FL Metro Area",Total Private,1244200.0
2021-06-01,"Yuba City, CA Metro Area",Government,13100.0
2021-06-01,"Yuba City, CA Metro Area",Total Private,35100.0
2021-07-01,"Austin-Round Rock-Georgetown, TX Metro Area",Government,178200.0
2021-07-01,"Austin-Round Rock-Georgetown, TX Metro Area",Total Private,1000400.0
2021-07-01,"Charlotte-Concord-Gastonia, NC-SC Metro Area",Government,140200.0
2021-07-01,"Charlotte-Concord-Gastonia, NC-SC Metro Area",Total Private,1110000.0
2021-07-01,"Cincinnati, OH-KY-IN Metro Area",Government,117500.0
2021-07-01,"Cincinnati, OH-KY-IN Metro Area",Total Private,981100.0
2021-07-01,"Cleveland-Elyria, OH Metro Area",Government,126700.0
2021-07-01,"Cleveland-Elyria, OH Metro Area",Total Private,915200.0
2021-07-01,"Columbus, OH Metro Area",Government,176700.0
2021-07-01,"Columbus, OH Metro Area",Total Private,934800.0
2021-07-01,"Detroit-Warren-Dearborn, MI Metro Area",Government,167000.0
2021-07-01,"Detroit-Warren-Dearborn, MI Metro Area",Total Private,1750100.0
2021-07-01,"Indianapolis-Carmel-Anderson, IN Metro Area",Government,122200.0
2021-07-01,"Indianapolis-Carmel-Anderson, IN Metro Area",Total Private,965400.0
2021-07-01,"Kansas City, MO-KS Metro Area",Government,139300.0
2021-07-01,"Kansas City, MO-KS Metro Area",Total Private,945300.0
2021-07-01,"Miami-Fort Lauderdale-Pompano Beach, FL Metro Area",Government,285100.0
2021-07-01,"Miami-Fort Lauderdale-Pompano Beach, FL Metro Area",Total Private,2357300.0
2021-07-01,"Orlando-Kissimmee-Sanford, FL Metro Area",Government,115900.0
2021-07-01,"Orlando-Kissimmee-Sanford, FL Metro Area",Total Private,1172700.0
2021-07-01,"Phoenix-Mesa-Chandler, AZ Metro Area",Government,218400.0
2021-07-01,"Phoenix-Mesa-Chandler, AZ Metro Area",Total Private,1967100.0
2021-07-01,"Pittsburgh, PA Metro Area",Government,106400.0
2021-07-01,"Pittsburgh, PA Metro Area",Total Private,1011100.0
2021-07-01,"Portland-Vancouver-Hillsboro, OR-WA Metro Area",Government,141000.0
2021-07-01,"Portland-Vancouver-Hillsboro, OR-WA Metro Area",Total Private,1037400.0000000001
2021-07-01,"Riverside-San Bernardino-Ontario, CA Metro Area",Government,233100.0
2021-07-01,"Riverside-San Bernardino-Ontario, CA Metro Area",Total Private,1333600.0
2021-07-01,"Sacramento-Roseville-Folsom, CA Metro Area",Government,235100.0
2021-07-01,"Sacramento-Roseville-Folsom, CA Metro Area",Total Private,784600.0
2021-07-01,"Salt Lake City, UT Metro Area",Government,104600.0
2021-07-01,"Salt Lake City, UT Metro Area",Total Private,665000.0
2021-07-01,"San Antonio-New Braunfels, TX Metro Area",Government,168400.0
2021-07-01,"San Antonio-New Braunfels, TX Metro Area",Total Private,899000.0
2021-07-01,"San Diego-Chula Vista-Carlsbad, CA Metro Area",Government,227100.0
2021-07-01,"San Diego-Chula Vista-Carlsbad, CA Metro Area",Total Private,1221200.0
2021-07-01,"San Francisco-Oakland-Berkeley, CA Metro Area",Government,297100.0
2021-07-01,"San Francisco-Oakland-Berkeley, CA Metro Area",Total Private,2054000.0
2021-07-01,"San Jose-Sunnyvale-Santa Clara, CA Metro Area",Government,88600.0
2021-07-01,"San Jose-Sunnyvale-Santa Clara, CA Metro Area",Total Private,1016400.0
2021-07-01,"St. Louis, MO-IL Metro Area",Government,138000.0
2021-07-01,"St. Louis, MO-IL Metro Area",Total Private,1229800.0
2021-07-01,"Tampa-St. Petersburg-Clearwater, FL Metro Area",Government,143000.0
2021-07-01,"Tampa-St. Petersburg-Clearwater, FL Metro Area",Total Private,1253400.0
2021-07-01,"Yuba City, CA Metro Area",Government,11800.0
2021-07-01,"Yuba City, CA Metro Area",Total Private,35300.0
2021-08-01,"Austin-Round Rock-Georgetown, TX Metro Area",Government,177700.0
2021-08-01,"Austin-Round Rock-Georgetown, TX Metro Area",Total Private,1004100.0
2021-08-01,"Charlotte-Concord-Gastonia, NC-SC Metro Area",Government,149900.0
2021-08-01,"Charlotte-Concord-Gastonia, NC-SC Metro Area",Total Private,1107600.0
2021-08-01,"Cincinnati, OH-KY-IN Metro Area",Government,122200.0
2021-08-01,"Cincinnati, OH-KY-IN Metro Area",Total Private,981400.0
2021-08-01,"Cleveland-Elyria, OH Metro Area",Government,125500.0
2021-08-01,"Cleveland-Elyria, OH Metro Area",Total Private,914100.0
2021-08-01,"Columbus, OH Metro Area",Government,175600.0
2021-08-01,"Columbus, OH Metro Area",Total Private,935600.0
2021-08-01,"Detroit-Warren-Dearborn, MI Metro Area",Government,169300.0
2021-08-01,"Detroit-Warren-Dearborn, MI Metro Area",Total Private,1770700.0
2021-08-01,"Indianapolis-Carmel-Anderson, IN Metro Area",Government,134300.0
2021-08-01,"Indianapolis-Carmel-Anderson, IN Metro Area",Total Private,967500.0
2021-08-01,"Kansas City, MO-KS Metro Area",Government,141000.0
2021-08-01,"Kansas City, MO-KS Metro Area",Total Private,944800.0
2021-08-01,"Miami-Fort Lauderdale-Pompano Beach, FL Metro Area",Government,304100.0
2021-08-01,"Miami-Fort Lauderdale-Pompano Beach, FL Metro Area",Total Private,2364800.0
2021-08-01,"Orlando-Kissimmee-Sanford, FL Metro Area",Government,125100.0
2021-08-01,"Orlando-Kissimmee-Sanford, FL Metro Area",Total Private,1182200.0
2021-08-01,"Phoenix-Mesa-Chandler, AZ Metro Area",Government,236500.0
2021-08-01,"Phoenix-Mesa-Chandler, AZ Metro Area",Total Private,1986700.0
2021-08-01,"Pittsburgh, PA Metro Area",Government,103700.0
2021-08-01,"Pittsburgh, PA Metro Area",Total Private,1009600.0
2021-08-01,"Portland-Vancouver-Hillsboro, OR-WA Metro Area",Government,140500.0
2021-08-01,"Portland-Vancouver-Hillsboro, OR-WA Metro Area",Total Private,1039800.0
2021-08-01,"Riverside-San Bernardino-Ontario, CA Metro Area",Government,237300.0
2021-08-01,"Riverside-San Bernardino-Ontario, CA Metro Area",Total Private,1337600.0
2021-08-01,"Sacramento-Roseville-Folsom, CA Metro Area",Government,238100.0
2021-08-01,"Sacramento-Roseville-Folsom, CA Metro Area",Total Private,785900.0
2021-08-01,"Salt Lake City, UT Metro Area",Government,105400.0
2021-08-01,"Salt Lake City, UT Metro Area",Total Private,668200.0
2021-08-01,"San Antonio-New Braunfels, TX Metro Area",Government,165300.0
2021-08-01,"San Antonio-New Braunfels, TX Metro Area",Total Private,900700.0
2021-08-01,"San Diego-Chula Vista-Carlsbad, CA Metro Area",Government,231200.0
2021-08-01,"San Diego-Chula Vista-Carlsbad, CA Metro Area",Total Private,1225800.0
2021-08-01,"San Francisco-Oakland-Berkeley, CA Metro Area",Government,301700.0
2021-08-01,"San Francisco-Oakland-Berkeley, CA Metro Area",Total Private,2060600.0
2021-08-01,"San Jose-Sunnyvale-Santa Clara, CA Metro Area",Government,90400.0
2021-08-01,"San Jose-Sunnyvale-Santa Clara, CA Metro Area",Total Private,1020500.0
2021-08-01,"St. Louis, MO-IL Metro Area",Government,138900.0
2021-08-01,"St. Louis, MO-IL Metro Area",Total Private,1229100.0
2021-08-01,"Tampa-St. Petersburg-Clearwater, FL Metro Area",Government,150400.0
2021-08-01,"Tampa-St. Petersburg-Clearwater, FL Metro Area",Total Private,1257500.0
2021-08-01,"Yuba City, CA Metro Area",Government,12300.0
2021-08-01,"Yuba City, CA Metro Area",Total Private,35200.0
2021-09-01,"Austin-Round Rock-Georgetown, TX Metro Area",Government,182000.0
2021-09-01,"Austin-Round Rock-Georgetown, TX Metro Area",Total Private,1006600.0
2021-09-01,"Charlotte-Concord-Gastonia, NC-SC Metro Area",Government,158600.0
2021-09-01,"Charlotte-Concord-Gastonia, NC-SC Metro Area",Total Private,1098600.0
2021-09-01,"Cincinnati, OH-KY-IN Metro Area",Government,128400.0
2021-09-01,"Cincinnati, OH-KY-IN Metro Area",Total Private,971000.0
2021-09-01,"Cleveland-Elyria, OH Metro Area",Government,128100.0
2021-09-01,"Cleveland-Elyria, OH Metro Area",Total Private,900000.0
2021-09-01,"Columbus, OH Metro Area",Government,178200.0
2021-09-01,"Columbus, OH Metro Area",Total Private,922800.0
2021-09-01,"Detroit-Warren-Dearborn, MI Metro Area",Government,183500.0
2021-09-01,"Detroit-Warren-Dearborn, MI Metro Area",Total Private,1759000.0
2021-09-01,"Indianapolis-Carmel-Anderson, IN Metro Area",Government,134300.0
2021-09-01,"Indianapolis-Carmel-Anderson, IN Metro Area",Total Private,954600.0
2021-09-01,"Kansas City, MO-KS Metro Area",Government,146700.0
2021-09-01,"Kansas City, MO-KS Metro Area",Total Private,930300.0
2021-09-01,"Miami-Fort Lauderdale-Pompano Beach, FL Metro Area",Government,304500.0
2021-09-01,"Miami-Fort Lauderdale-Pompano Beach, FL Metro Area",Total Private,2367500.0
2021-09-01,"Orlando-Kissimmee-Sanford, FL Metro Area",Government,125800.0
2021-09-01,"Orlando-Kissimmee-Sanford, FL Metro Area",Total Private,1188200.0
2021-09-01,"Phoenix-Mesa-Chandler, AZ Metro Area",Government,244200.0
2021-09-01,"Phoenix-Mesa-Chandler, AZ Metro Area",Total Private,1998600.0
2021-09-01,"Pittsburgh, PA Metro Area",Government,111700.0
2021-09-01,"Pittsburgh, PA Metro Area",Total Private,1011200.0
2021-09-01,"Portland-Vancouver-Hillsboro, OR-WA Metro Area",Government,145300.0
2021-09-01,"Portland-Vancouver-Hillsboro, OR-WA Metro Area",Total Private,1040099.9999999999
2021-09-01,"Riverside-San Bernardino-Ontario, CA Metro Area",Government,241500.0
2021-09-01,"Riverside-San Bernardino-Ontario, CA Metro Area",Total Private,1336000.0
2021-09-01,"Sacramento-Roseville-Folsom, CA Metro Area",Government,241200.0
2021-09-01,"Sacramento-Roseville-Folsom, CA Metro Area",Total Private,779200.0
2021-09-01,"Salt Lake City, UT Metro Area",Government,108000.0
2021-09-01,"Salt Lake City, UT Metro Area",Total Private,663900.0
2021-09-01,"San Antonio-New Braunfels, TX Metro Area",Government,173100.0
2021-09-01,"San Antonio-New Braunfels, TX Metro Area",Total Private,900600.0
2021-09-01,"San Diego-Chula Vista-Carlsbad, CA Metro Area",Government,240700.0
2021-09-01,"San Diego-Chula Vista-Carlsbad, CA Metro Area",Total Private,1220800.0
2021-09-01,"San Francisco-Oakland-Berkeley, CA Metro Area",Government,307900.0
2021-09-01,"San Francisco-Oakland-Berkeley, CA Metro Area",Total Private,2054600.0
2021-09-01,"San Jose-Sunnyvale-Santa Clara, CA Metro Area",Government,93900.0
2021-09-01,"San Jose-Sunnyvale-Santa Clara, CA Metro Area",Total Private,1015500.0
2021-09-01,"St. Louis, MO-IL Metro Area",Government,153700.0
2021-09-01,"St. Louis, MO-IL Metro Area",Total Private,1219300.0
2021-09-01,"Tampa-St. Petersburg-Clearwater, FL Metro Area",Government,153000.0
2021-09-01,"Tampa-St. Petersburg-Clearwater, FL Metro Area",Total Private,1262700.0
2021-09-01,"Yuba City, CA Metro Area",Government,13000.0
2021-09-01,"Yuba City, CA Metro Area",Total Private,35200.0
2021-10-01,"Austin-Round Rock-Georgetown, TX Metro Area",Government,187900.0
2021-10-01,"Austin-Round Rock-Georgetown, TX Metro Area",Total Private,1030900.0000000001
2021-10-01,"Charlotte-Concord-Gastonia, NC-SC Metro Area",Government,159900.0
2021-10-01,"Charlotte-Concord-Gastonia, NC-SC Metro Area",Total Private,1123200.0
2021-10-01,"Cincinnati, OH-KY-IN Metro Area",Government,130699.99999999999
2021-10-01,"Cincinnati, OH-KY-IN Metro Area",Total Private,984200.0
2021-10-01,"Cleveland-Elyria, OH Metro Area",Government,131400.0
2021-10-01,"Cleveland-Elyria, OH Metro Area",Total Private,913300.0
2021-10-01,"Columbus, OH Metro Area",Government,180500.0
2021-10-01,"Columbus, OH Metro Area",Total Private,945400.0
2021-10-01,"Detroit-Warren-Dearborn, MI Metro Area",Government,184800.0
2021-10-01,"Detroit-Warren-Dearborn, MI Metro Area",Total Private,1797000.0
2021-10-01,"Indianapolis-Carmel-Anderson, IN Metro Area",Government,135900.0
2021-10-01,"Indianapolis-Carmel-Anderson, IN Metro Area",Total Private,974800.0
2021-10-01,"Kansas City, MO-KS Metro Area",Government,147600.0
2021-10-01,"Kansas City, MO-KS Metro Area",Total Private,949200.0
2021-10-01,"Miami-Fort Lauderdale-Pompano Beach, FL Metro Area",Government,305100.0
2021-10-01,"Miami-Fort Lauderdale-Pompano Beach, FL Metro Area",Total Private,2424800.0
2021-10-01,"Orlando-Kissimmee-Sanford, FL Metro Area",Government,126400.0
2021-10-01,"Orlando-Kissimmee-Sanford, FL Metro Area",Total Private,1220700.0
2021-10-01,"Phoenix-Mesa-Chandler, AZ Metro Area",Government,246000.0
2021-10-01,"Phoenix-Mesa-Chandler, AZ Metro Area",Total Private,2033700.0
2021-10-01,"Pittsburgh, PA Metro Area",Government,112800.0
2021-10-01,"Pittsburgh, PA Metro Area",Total Private,1023800.0
2021-10-01,"Portland-Vancouver-Hillsboro, OR-WA Metro Area",Government,149700.0
2021-10-01,"Portland-Vancouver-Hillsboro, OR-WA Metro Area",Total Private,1050900.0
2021-10-01,"Riverside-San Bernardino-Ontario, CA Metro Area",Government,247300.0
2021-10-01,"Riverside-San Bernardino-Ontario, CA Metro Area",Total Private,1376600.0
2021-10-01,"Sacramento-Roseville-Folsom, CA Metro Area",Government,244500.0
2021-10-01,"Sacramento-Roseville-Folsom, CA Metro Area",Total Private,794800.0
2021-10-01,"Salt Lake City, UT Metro Area",Government,108300.0
2021-10-01,"Salt Lake City, UT Metro Area",Total Private,673500.0
2021-10-01,"San Antonio-New Braunfels, TX Metro Area",Government,175600.0
2021-10-01,"San Antonio-New Braunfels, TX Metro Area",Total Private,916200.0
2021-10-01,"San Diego-Chula Vista-Carlsbad, CA Metro Area",Government,244900.0
2021-10-01,"San Diego-Chula Vista-Carlsbad, CA Metro Area",Total Private,1249900.0
2021-10-01,"San Francisco-Oakland-Berkeley, CA Metro Area",Government,312100.0
2021-10-01,"San Francisco-Oakland-Berkeley, CA Metro Area",Total Private,2101300.0
2021-10-01,"San Jose-Sunnyvale-Santa Clara, CA Metro Area",Government,95400.0
2021-10-01,"San Jose-Sunnyvale-Santa Clara, CA Metro Area",Total Private,1032800.0
2021-10-01,"St. Louis, MO-IL Metro Area",Government,154600.0
2021-10-01,"St. Louis, MO-IL Metro Area",Total Private,1239000.0
2021-10-01,"Tampa-St. Petersburg-Clearwater, FL Metro Area",Government,153800.0
2021-10-01,"Tampa-St. Petersburg-Clearwater, FL Metro Area",Total Private,1289300.0
2021-10-01,"Yuba City, CA Metro Area",Government,13200.0
2021-10-01,"Yuba City, CA Metro Area",Total Private,36000.0
2021-11-01,"Austin-Round Rock-Georgetown, TX Metro Area",Government,188300.0
2021-11-01,"Austin-Round Rock-Georgetown, TX Metro Area",Total Private,1042000.0
2021-11-01,"Charlotte-Concord-Gastonia, NC-SC Metro Area",Government,160300.0
2021-11-01,"Charlotte-Concord-Gastonia, NC-SC Metro Area",Total Private,1133000.0
2021-11-01,"Cincinnati, OH-KY-IN Metro Area",Government,130800.00000000001
2021-11-01,"Cincinnati, OH-KY-IN Metro Area",Total Private,991000.0
2021-11-01,"Cleveland-Elyria, OH Metro Area",Government,131900.0
2021-11-01,"Cleveland-Elyria, OH Metro Area",Total Private,917100.0
2021-11-01,"Columbus, OH Metro Area",Government,180700.0
2021-11-01,"Columbus, OH Metro Area",Total Private,954400.0
2021-11-01,"Detroit-Warren-Dearborn, MI Metro Area",Government,185700.0
2021-11-01,"Detroit-Warren-Dearborn, MI Metro Area",Total Private,1812200.0
2021-11-01,"Indianapolis-Carmel-Anderson, IN Metro Area",Government,137200.0
2021-11-01,"Indianapolis-Carmel-Anderson, IN Metro Area",Total Private,983700.0
2021-11-01,"Kansas City, MO-KS Metro Area",Government,147100.0
2021-11-01,"Kansas City, MO-KS Metro Area",Total Private,954100.0
2021-11-01,"Miami-Fort Lauderdale-Pompano Beach, FL Metro Area",Government,306500.0
2021-11-01,"Miami-Fort Lauderdale-Pompano Beach, FL Metro Area",Total Private,2459700.0
2021-11-01,"Orlando-Kissimmee-Sanford, FL Metro Area",Government,127000.0
2021-11-01,"Orlando-Kissimmee-Sanford, FL Metro Area",Total Private,1237100.0
2021-11-01,"Phoenix-Mesa-Chandler, AZ Metro Area",Government,246900.0
2021-11-01,"Phoenix-Mesa-Chandler, AZ Metro Area",Total Private,2054800.0000000002
2021-11-01,"Pittsburgh, PA Metro Area",Government,113700.0
2021-11-01,"Pittsburgh, PA Metro Area",Total Private,1028000.0
2021-11-01,"Portland-Vancouver-Hillsboro, OR-WA Metro Area",Government,149900.0
2021-11-01,"Portland-Vancouver-Hillsboro, OR-WA Metro Area",Total Private,1057200.0
2021-11-01,"Riverside-San Bernardino-Ontario, CA Metro Area",Government,248800.0
2021-11-01,"Riverside-San Bernardino-Ontario, CA Metro Area",Total Private,1398400.0
2021-11-01,"Sacramento-Roseville-Folsom, CA Metro Area",Government,246200.0
2021-11-01,"Sacramento-Roseville-Folsom, CA Metro Area",Total Private,798300.0
2021-11-01,"Salt Lake City, UT Metro Area",Government,108300.0
2021-11-01,"Salt Lake City, UT Metro Area",Total Private,678700.0
2021-11-01,"San Antonio-New Braunfels, TX Metro Area",Government,176000.0
2021-11-01,"San Antonio-New Braunfels, TX Metro Area",Total Private,923700.0
2021-11-01,"San Diego-Chula Vista-Carlsbad, CA Metro Area",Government,244800.0
2021-11-01,"San Diego-Chula Vista-Carlsbad, CA Metro Area",Total Private,1264200.0
2021-11-01,"San Francisco-Oakland-Berkeley, CA Metro Area",Government,313800.0
2021-11-01,"San Francisco-Oakland-Berkeley, CA Metro Area",Total Private,2116900.0
2021-11-01,"San Jose-Sunnyvale-Santa Clara, CA Metro Area",Government,96400.0
2021-11-01,"San Jose-Sunnyvale-Santa Clara, CA Metro Area",Total Private,1040200.0
2021-11-01,"St. Louis, MO-IL Metro Area",Government,154100.0
2021-11-01,"St. Louis, MO-IL Metro Area",Total Private,1245400.0
2021-11-01,"Tampa-St. Petersburg-Clearwater, FL Metro Area",Government,154800.0
2021-11-01,"Tampa-St. Petersburg-Clearwater, FL Metro Area",Total Private,1302500.0
2021-11-01,"Yuba City, CA Metro Area",Government,13400.0
2021-11-01,"Yuba City, CA Metro Area",Total Private,36100.0
2021-12-01,"Austin-Round Rock-Georgetown, TX Metro Area",Government,187700.0
2021-12-01,"Austin-Round Rock-Georgetown, TX Metro Area",Total Private,1048700.0
2021-12-01,"Charlotte-Concord-Gastonia, NC-SC Metro Area",Government,161000.0
2021-12-01,"Charlotte-Concord-Gastonia, NC-SC Metro Area",Total Private,1137800.0
2021-12-01,"Cincinnati, OH-KY-IN Metro Area",Government,128000.0
2021-12-01,"Cincinnati, OH-KY-IN Metro Area",Total Private,993000.0
2021-12-01,"Cleveland-Elyria, OH Metro Area",Government,130100.0
2021-12-01,"Cleveland-Elyria, OH Metro Area",Total Private,914400.0
2021-12-01,"Columbus, OH Metro Area",Government,179000.0
2021-12-01,"Columbus, OH Metro Area",Total Private,956200.0
2021-12-01,"Detroit-Warren-Dearborn, MI Metro Area",Government,183800.0
2021-12-01,"Detroit-Warren-Dearborn, MI Metro Area",Total Private,1809400.0
2021-12-01,"Indianapolis-Carmel-Anderson, IN Metro Area",Government,137000.0
2021-12-01,"Indianapolis-Carmel-Anderson, IN Metro Area",Total Private,983400.0
2021-12-01,"Kansas City, MO-KS Metro Area",Government,146200.0
2021-12-01,"Kansas City, MO-KS Metro Area",Total Private,954800.0
2021-12-01,"Miami-Fort Lauderdale-Pompano Beach, FL Metro Area",Government,305300.0
2021-12-01,"Miami-Fort Lauderdale-Pompano Beach, FL Metro Area",Total Private,2467800.0
2021-12-01,"Orlando-Kissimmee-Sanford, FL Metro Area",Government,125100.0
2021-12-01,"Orlando-Kissimmee-Sanford, FL Metro Area",Total Private,1242700.0
2021-12-01,"Phoenix-Mesa-Chandler, AZ Metro Area",Government,244300.0
2021-12-01,"Phoenix-Mesa-Chandler, AZ Metro Area",Total Private,2067300.0000000002
2021-12-01,"Pittsburgh, PA Metro Area",Government,111900.0
2021-12-01,"Pittsburgh, PA Metro Area",Total Private,1025599.9999999999
2021-12-01,"Portland-Vancouver-Hillsboro, OR-WA Metro Area",Government,149500.0
2021-12-01,"Portland-Vancouver-Hillsboro, OR-WA Metro Area",Total Private,1059100.0
2021-12-01,"Riverside-San Bernardino-Ontario, CA Metro Area",Government,248900.0
2021-12-01,"Riverside-San Bernardino-Ontario, CA Metro Area",Total Private,1405900.0
2021-12-01,"Sacramento-Roseville-Folsom, CA Metro Area",Government,245700.0
2021-12-01,"Sacramento-Roseville-Folsom, CA Metro Area",Total Private,799400.0
2021-12-01,"Salt Lake City, UT Metro Area",Government,107800.0
2021-12-01,"Salt Lake City, UT Metro Area",Total Private,681800.0
2021-12-01,"San Antonio-New Braunfels, TX Metro Area",Government,174700.0
2021-12-01,"San Antonio-New Braunfels, TX Metro Area",Total Private,928300.0
2021-12-01,"San Diego-Chula Vista-Carlsbad, CA Metro Area",Government,244800.0
2021-12-01,"San Diego-Chula Vista-Carlsbad, CA Metro Area",Total Private,1266500.0
2021-12-01,"San Francisco-Oakland-Berkeley, CA Metro Area",Government,312300.0
2021-12-01,"San Francisco-Oakland-Berkeley, CA Metro Area",Total Private,2129400.0
2021-12-01,"San Jose-Sunnyvale-Santa Clara, CA Metro Area",Government,97200.0
2021-12-01,"San Jose-Sunnyvale-Santa Clara, CA Metro Area",Total Private,1042400.0000000001
2021-12-01,"St. Louis, MO-IL Metro Area",Government,154100.0
2021-12-01,"St. Louis, MO-IL Metro Area",Total Private,1245900.0
2021-12-01,"Tampa-St. Petersburg-Clearwater, FL Metro Area",Government,154200.0
2021-12-01,"Tampa-St. Petersburg-Clearwater, FL Metro Area",Total Private,1309400.0
2021-12-01,"Yuba City, CA Metro Area",Government,13500.0
2021-12-01,"Yuba City, CA Metro Area",Total Private,36000.0
2022-01-01,"Austin-Round Rock-Georgetown, TX Metro Area",Government,187200.0
2022-01-01,"Austin-Round Rock-Georgetown, TX Metro Area",Total Private,1032400.0000000001
2022-01-01,"Charlotte-Concord-Gastonia, NC-SC Metro Area",Government,156700.0
2022-01-01,"Charlotte-Concord-Gastonia, NC-SC Metro Area",Total Private,1118600.0
2022-01-01,"Cincinnati, OH-KY-IN Metro Area",Government,129000.0
2022-01-01,"Cincinnati, OH-KY-IN Metro Area",Total Private,972600.0
2022-01-01,"Cleveland-Elyria, OH Metro Area",Government,128500.0
2022-01-01,"Cleveland-Elyria, OH Metro Area",Total Private,892700.0
2022-01-01,"Columbus, OH Metro Area",Government,179200.0
2022-01-01,"Columbus, OH Metro Area",Total Private,937700.0
2022-01-01,"Detroit-Warren-Dearborn, MI Metro Area",Government,180400.0
2022-01-01,"Detroit-Warren-Dearborn, MI Metro Area",Total Private,1776000.0
2022-01-01,"Indianapolis-Carmel-Anderson, IN Metro Area",Government,135600.0
2022-01-01,"Indianapolis-Carmel-Anderson, IN Metro Area",Total Private,964700.0
2022-01-01,"Kansas City, MO-KS Metro Area",Government,144500.0
2022-01-01,"Kansas City, MO-KS Metro Area",Total Private,940200.0
2022-01-01,"Miami-Fort Lauderdale-Pompano Beach, FL Metro Area",Government,302000.0
2022-01-01,"Miami-Fort Lauderdale-Pompano Beach, FL Metro Area",Total Private,2439800.0
2022-01-01,"Orlando-Kissimmee-Sanford, FL Metro Area",Government,125800.0
2022-01-01,"Orlando-Kissimmee-Sanford, FL Metro Area",Total Private,1226300.0
2022-01-01,"Phoenix-Mesa-Chandler, AZ Metro Area",Government,242500.0
2022-01-01,"Phoenix-Mesa-Chandler, AZ Metro Area",Total Private,2034800.0
2022-01-01,"Pittsburgh, PA Metro Area",Government,109000.0
2022-01-01,"Pittsburgh, PA Metro Area",Total Private,1003300.0
2022-01-01,"Portland-Vancouver-Hillsboro, OR-WA Metro Area",Government,148500.0
2022-01-01,"Portland-Vancouver-Hillsboro, OR-WA Metro Area",Total Private,1044400.0000000001
2022-01-01,"Riverside-San Bernardino-Ontario, CA Metro Area",Government,248400.0
2022-01-01,"Riverside-San Bernardino-Ontario, CA Metro Area",Total Private,1380100.0
2022-01-01,"Sacramento-Roseville-Folsom, CA Metro Area",Government,245000.0
2022-01-01,"Sacramento-Roseville-Folsom, CA Metro Area",Total Private,784100.0
2022-01-01,"Salt Lake City, UT Metro Area",Government,107600.0
2022-01-01,"Salt Lake City, UT Metro Area",Total Private,670800.0
2022-01-01,"San Antonio-New Braunfels, TX Metro Area",Government,174400.0
2022-01-01,"San Antonio-New Braunfels, TX Metro Area",Total Private,916000.0
2022-01-01,"San Diego-Chula Vista-Carlsbad, CA Metro Area",Government,244800.0
2022-01-01,"San Diego-Chula Vista-Carlsbad, CA Metro Area",Total Private,1243600.0
2022-01-01,"San Francisco-Oakland-Berkeley, CA Metro Area",Government,312400.0
2022-01-01,"San Francisco-Oakland-Berkeley, CA Metro Area",Total Private,2088000.0
2022-01-01,"San Jose-Sunnyvale-Santa Clara, CA Metro Area",Government,94900.0
2022-01-01,"San Jose-Sunnyvale-Santa Clara, CA Metro Area",Total Private,1025500.0
2022-01-01,"St. Louis, MO-IL Metro Area",Government,150400.0
2022-01-01,"St. Louis, MO-IL Metro Area",Total Private,1217500.0
2022-01-01,"Tampa-St. Petersburg-Clearwater, FL Metro Area",Government,153000.0
2022-01-01,"Tampa-St. Petersburg-Clearwater, FL Metro Area",Total Private,1293200.0
2022-01-01,"Yuba City, CA Metro Area",Government,13000.0
2022-01-01,"Yuba City, CA Metro Area",Total Private,35100.0
2022-02-01,"Austin-Round Rock-Georgetown, TX Metro Area",Government,188600.0
2022-02-01,"Austin-Round Rock-Georgetown, TX Metro Area",Total Private,1048800.0
2022-02-01,"Charlotte-Concord-Gastonia, NC-SC Metro Area",Government,158300.0
2022-02-01,"Charlotte-Concord-Gastonia, NC-SC Metro Area",Total Private,1133700.0
2022-02-01,"Cincinnati, OH-KY-IN Metro Area",Government,129199.99999999999
2022-02-01,"Cincinnati, OH-KY-IN Metro Area",Total Private,979300.0
2022-02-01,"Cleveland-Elyria, OH Metro Area",Government,130400.0
2022-02-01,"Cleveland-Elyria, OH Metro Area",Total Private,895000.0
2022-02-01,"Columbus, OH Metro Area",Government,181600.0
2022-02-01,"Columbus, OH Metro Area",Total Private,944400.0
2022-02-01,"Detroit-Warren-Dearborn, MI Metro Area",Government,184000.0
2022-02-01,"Detroit-Warren-Dearborn, MI Metro Area",Total Private,1783200.0
2022-02-01,"Indianapolis-Carmel-Anderson, IN Metro Area",Government,135600.0
2022-02-01,"Indianapolis-Carmel-Anderson, IN Metro Area",Total Private,969900.0
2022-02-01,"Kansas City, MO-KS Metro Area",Government,145400.0
2022-02-01,"Kansas City, MO-KS Metro Area",Total Private,946400.0
2022-02-01,"Miami-Fort Lauderdale-Pompano Beach, FL Metro Area",Government,303400.0
2022-02-01,"Miami-Fort Lauderdale-Pompano Beach, FL Metro Area",Total Private,2472800.0
2022-02-01,"Orlando-Kissimmee-Sanford, FL Metro Area",Government,126400.0
2022-02-01,"Orlando-Kissimmee-Sanford, FL Metro Area",Total Private,1246800.0
2022-02-01,"Phoenix-Mesa-Chandler, AZ Metro Area",Government,245100.0
2022-02-01,"Phoenix-Mesa-Chandler, AZ Metro Area",Total Private,2062199.9999999998
2022-02-01,"Pittsburgh, PA Metro Area",Government,111900.0
2022-02-01,"Pittsburgh, PA Metro Area",Total Private,1009000.0
2022-02-01,"Portland-Vancouver-Hillsboro, OR-WA Metro Area",Government,150000.0
2022-02-01,"Portland-Vancouver-Hillsboro, OR-WA Metro Area",Total Private,1058000.0
2022-02-01,"Riverside-San Bernardino-Ontario, CA Metro Area",Government,248800.0
2022-02-01,"Riverside-San Bernardino-Ontario, CA Metro Area",Total Private,1406800.0
2022-02-01,"Sacramento-Roseville-Folsom, CA Metro Area",Government,244000.0
2022-02-01,"Sacramento-Roseville-Folsom, CA Metro Area",Total Private,796400.0
2022-02-01,"Salt Lake City, UT Metro Area",Government,108000.0
2022-02-01,"Salt Lake City, UT Metro Area",Total Private,678800.0
2022-02-01,"San Antonio-New Braunfels, TX Metro Area",Government,175500.0
2022-02-01,"San Antonio-New Braunfels, TX Metro Area",Total Private,930100.0
2022-02-01,"San Diego-Chula Vista-Carlsbad, CA Metro Area",Government,244600.0
2022-02-01,"San Diego-Chula Vista-Carlsbad, CA Metro Area",Total Private,1261300.0
2022-02-01,"San Francisco-Oakland-Berkeley, CA Metro Area",Government,312400.0
2022-02-01,"San Francisco-Oakland-Berkeley, CA Metro Area",Total Private,2117000.0
2022-02-01,"San Jose-Sunnyvale-Santa Clara, CA Metro Area",Government,95200.0
2022-02-01,"San Jose-Sunnyvale-Santa Clara, CA Metro Area",Total Private,1036099.9999999999
2022-02-01,"St. Louis, MO-IL Metro Area",Government,152300.0
2022-02-01,"St. Louis, MO-IL Metro Area",Total Private,1229100.0
2022-02-01,"Tampa-St. Petersburg-Clearwater, FL Metro Area",Government,154400.0
2022-02-01,"Tampa-St. Petersburg-Clearwater, FL Metro Area",Total Private,1306600.0
2022-02-01,"Yuba City, CA Metro Area",Government,13400.0
2022-02-01,"Yuba City, CA Metro Area",Total Private,35600.0
2022-03-01,"Austin-Round Rock-Georgetown, TX Metro Area",Government,187200.0
2022-03-01,"Austin-Round Rock-Georgetown, TX Metro Area",Total Private,1056600.0
2022-03-01,"Charlotte-Concord-Gastonia, NC-SC Metro Area",Government,161600.0
2022-03-01,"Charlotte-Concord-Gastonia, NC-SC Metro Area",Total Private,1138500.0
2022-03-01,"Cincinnati, OH-KY-IN Metro Area",Government,129000.0
2022-03-01,"Cincinnati, OH-KY-IN Metro Area",Total Private,986900.0
2022-03-01,"Cleveland-Elyria, OH Metro Area",Government,129600.0
2022-03-01,"Cleveland-Elyria, OH Metro Area",Total Private,898400.0
2022-03-01,"Columbus, OH Metro Area",Government,179700.0
2022-03-01,"Columbus, OH Metro Area",Total Private,946400.0
2022-03-01,"Detroit-Warren-Dearborn, MI Metro Area",Government,184200.0
2022-03-01,"Detroit-Warren-Dearborn, MI Metro Area",Total Private,1797000.0
2022-03-01,"Indianapolis-Carmel-Anderson, IN Metro Area",Government,136900.0
2022-03-01,"Indianapolis-Carmel-Anderson, IN Metro Area",Total Private,975600.0
2022-03-01,"Kansas City, MO-KS Metro Area",Government,145700.0
2022-03-01,"Kansas City, MO-KS Metro Area",Total Private,947300.0
2022-03-01,"Miami-Fort Lauderdale-Pompano Beach, FL Metro Area",Government,304000.0
2022-03-01,"Miami-Fort Lauderdale-Pompano Beach, FL Metro Area",Total Private,2474000.0
2022-03-01,"Orlando-Kissimmee-Sanford, FL Metro Area",Government,126600.0
2022-03-01,"Orlando-Kissimmee-Sanford, FL Metro Area",Total Private,1251900.0
2022-03-01,"Phoenix-Mesa-Chandler, AZ Metro Area",Government,244800.0
2022-03-01,"Phoenix-Mesa-Chandler, AZ Metro Area",Total Private,2062000.0
2022-03-01,"Pittsburgh, PA Metro Area",Government,112300.0
2022-03-01,"Pittsburgh, PA Metro Area",Total Private,1018300.0
2022-03-01,"Portland-Vancouver-Hillsboro, OR-WA Metro Area",Government,150800.0
2022-03-01,"Portland-Vancouver-Hillsboro, OR-WA Metro Area",Total Private,1065400.0
2022-03-01,"Riverside-San Bernardino-Ontario, CA Metro Area",Government,250900.0
2022-03-01,"Riverside-San Bernardino-Ontario, CA Metro Area",Total Private,1407600.0
2022-03-01,"Sacramento-Roseville-Folsom, CA Metro Area",Government,247200.0
2022-03-01,"Sacramento-Roseville-Folsom, CA Metro Area",Total Private,798800.0
2022-03-01,"Salt Lake City, UT Metro Area",Government,108800.0
2022-03-01,"Salt Lake City, UT Metro Area",Total Private,680600.0
2022-03-01,"San Antonio-New Braunfels, TX Metro Area",Government,175200.0
2022-03-01,"San Antonio-New Braunfels, TX Metro Area",Total Private,931800.0
2022-03-01,"San Diego-Chula Vista-Carlsbad, CA Metro Area",Government,247400.0
2022-03-01,"San Diego-Chula Vista-Carlsbad, CA Metro Area",Total Private,1267600.0
2022-03-01,"San Francisco-Oakland-Berkeley, CA Metro Area",Government,316000.0
2022-03-01,"San Francisco-Oakland-Berkeley, CA Metro Area",Total Private,2127000.0
2022-03-01,"San Jose-Sunnyvale-Santa Clara, CA Metro Area",Government,96300.0
2022-03-01,"San Jose-Sunnyvale-Santa Clara, CA Metro Area",Total Private,1040700.0
2022-03-01,"St. Louis, MO-IL Metro Area",Government,152500.0
2022-03-01,"St. Louis, MO-IL Metro Area",Total Private,1235700.0
2022-03-01,"Tampa-St. Petersburg-Clearwater, FL Metro Area",Government,153700.0
2022-03-01,"Tampa-St. Petersburg-Clearwater, FL Metro Area",Total Private,1309600.0
2022-03-01,"Yuba City, CA Metro Area",Government,13500.0
2022-03-01,"Yuba City, CA Metro Area",Total Private,36000.0
2022-04-01,"Austin-Round Rock-Georgetown, TX Metro Area",Government,187500.0
2022-04-01,"Austin-Round Rock-Georgetown, TX Metro Area",Total Private,1074800.0
2022-04-01,"Charlotte-Concord-Gastonia, NC-SC Metro Area",Government,162200.0
2022-04-01,"Charlotte-Concord-Gastonia, NC-SC Metro Area",Total Private,1146900.0
2022-04-01,"Cincinnati, OH-KY-IN Metro Area",Government,130300.00000000001
2022-04-01,"Cincinnati, OH-KY-IN Metro Area",Total Private,997000.0
2022-04-01,"Cleveland-Elyria, OH Metro Area",Government,131500.0
2022-04-01,"Cleveland-Elyria, OH Metro Area",Total Private,914400.0
2022-04-01,"Columbus, OH Metro Area",Government,183800.0
2022-04-01,"Columbus, OH Metro Area",Total Private,950300.0
2022-04-01,"Detroit-Warren-Dearborn, MI Metro Area",Government,186300.0
2022-04-01,"Detroit-Warren-Dearborn, MI Metro Area",Total Private,1817700.0
2022-04-01,"Indianapolis-Carmel-Anderson, IN Metro Area",Government,136000.0
2022-04-01,"Indianapolis-Carmel-Anderson, IN Metro Area",Total Private,985000.0
2022-04-01,"Kansas City, MO-KS Metro Area",Government,145400.0
2022-04-01,"Kansas City, MO-KS Metro Area",Total Private,958800.0
2022-04-01,"Miami-Fort Lauderdale-Pompano Beach, FL Metro Area",Government,303200.0
2022-04-01,"Miami-Fort Lauderdale-Pompano Beach, FL Metro Area",Total Private,2496800.0
2022-04-01,"Orlando-Kissimmee-Sanford, FL Metro Area",Government,127000.0
2022-04-01,"Orlando-Kissimmee-Sanford, FL Metro Area",Total Private,1264200.0
2022-04-01,"Phoenix-Mesa-Chandler, AZ Metro Area",Government,246200.0
2022-04-01,"Phoenix-Mesa-Chandler, AZ Metro Area",Total Private,2085900.0
2022-04-01,"Pittsburgh, PA Metro Area",Government,112300.0
2022-04-01,"Pittsburgh, PA Metro Area",Total Private,1030400.0000000001
2022-04-01,"Portland-Vancouver-Hillsboro, OR-WA Metro Area",Government,150900.0
2022-04-01,"Portland-Vancouver-Hillsboro, OR-WA Metro Area",Total Private,1069700.0
2022-04-01,"Riverside-San Bernardino-Ontario, CA Metro Area",Government,250500.0
2022-04-01,"Riverside-San Bernardino-Ontario, CA Metro Area",Total Private,1405900.0
2022-04-01,"Sacramento-Roseville-Folsom, CA Metro Area",Government,248100.0
2022-04-01,"Sacramento-Roseville-Folsom, CA Metro Area",Total Private,806500.0
2022-04-01,"Salt Lake City, UT Metro Area",Government,108800.0
2022-04-01,"Salt Lake City, UT Metro Area",Total Private,686200.0
2022-04-01,"San Antonio-New Braunfels, TX Metro Area",Government,175200.0
2022-04-01,"San Antonio-New Braunfels, TX Metro Area",Total Private,939500.0
2022-04-01,"San Diego-Chula Vista-Carlsbad, CA Metro Area",Government,248600.0
2022-04-01,"San Diego-Chula Vista-Carlsbad, CA Metro Area",Total Private,1280000.0
2022-04-01,"San Francisco-Oakland-Berkeley, CA Metro Area",Government,316800.0
2022-04-01,"San Francisco-Oakland-Berkeley, CA Metro Area",Total Private,2136800.0
2022-04-01,"San Jose-Sunnyvale-Santa Clara, CA Metro Area",Government,96700.0
2022-04-01,"San Jose-Sunnyvale-Santa Clara, CA Metro Area",Total Private,1049000.0
2022-04-01,"St. Louis, MO-IL Metro Area",Government,154200.0
2022-04-01,"St. Louis, MO-IL Metro Area",Total Private,1248600.0
2022-04-01,"Tampa-St. Petersburg-Clearwater, FL Metro Area",Government,154200.0
2022-04-01,"Tampa-St. Petersburg-Clearwater, FL Metro Area",Total Private,1327300.0
2022-04-01,"Yuba City, CA Metro Area",Government,13400.0
2022-04-01,"Yuba City, CA Metro Area",Total Private,36200.0
2022-05-01,"Austin-Round Rock-Georgetown, TX Metro Area",Government,187500.0
2022-05-01,"Austin-Round Rock-Georgetown, TX Metro Area",Total Private,1079200.0
2022-05-01,"Charlotte-Concord-Gastonia, NC-SC Metro Area",Government,162300.0
2022-05-01,"Charlotte-Concord-Gastonia, NC-SC Metro Area",Total Private,1156200.0
2022-05-01,"Cincinnati, OH-KY-IN Metro Area",Government,128400.0
2022-05-01,"Cincinnati, OH-KY-IN Metro Area",Total Private,1005700.0
2022-05-01,"Cleveland-Elyria, OH Metro Area",Government,132900.0
2022-05-01,"Cleveland-Elyria, OH Metro Area",Total Private,922800.0
2022-05-01,"Columbus, OH Metro Area",Government,181500.0
2022-05-01,"Columbus, OH Metro Area",Total Private,954400.0
2022-05-01,"Detroit-Warren-Dearborn, MI Metro Area",Government,184300.0
2022-05-01,"Detroit-Warren-Dearborn, MI Metro Area",Total Private,1833200.0
2022-05-01,"Indianapolis-Carmel-Anderson, IN Metro Area",Government,136400.0
2022-05-01,"Indianapolis-Carmel-Anderson, IN Metro Area",Total Private,994300.0
2022-05-01,"Kansas City, MO-KS Metro Area",Government,146100.0
2022-05-01,"Kansas City, MO-KS Metro Area",Total Private,963300.0
2022-05-01,"Miami-Fort Lauderdale-Pompano Beach, FL Metro Area",Government,305600.0
2022-05-01,"Miami-Fort Lauderdale-Pompano Beach, FL Metro Area",Total Private,2500600.0
2022-05-01,"Orlando-Kissimmee-Sanford, FL Metro Area",Government,124400.0
2022-05-01,"Orlando-Kissimmee-Sanford, FL Metro Area",Total Private,1268800.0
2022-05-01,"Phoenix-Mesa-Chandler, AZ Metro Area",Government,242900.0
2022-05-01,"Phoenix-Mesa-Chandler, AZ Metro Area",Total Private,2085500.0
2022-05-01,"Pittsburgh, PA Metro Area",Government,111600.0
2022-05-01,"Pittsburgh, PA Metro Area",Total Private,1038500.0
2022-05-01,"Portland-Vancouver-Hillsboro, OR-WA Metro Area",Government,151800.0
2022-05-01,"Portland-Vancouver-Hillsboro, OR-WA Metro Area",Total Private,1071600.0
2022-05-01,"Riverside-San Bernardino-Ontario, CA Metro Area",Government,252100.0
2022-05-01,"Riverside-San Bernardino-Ontario, CA Metro Area",Total Private,1405100.0
2022-05-01,"Sacramento-Roseville-Folsom, CA Metro Area",Government,249400.0
2022-05-01,"Sacramento-Roseville-Folsom, CA Metro Area",Total Private,809100.0
2022-05-01,"Salt Lake City, UT Metro Area",Government,109300.0
2022-05-01,"Salt Lake City, UT Metro Area",Total Private,688300.0
2022-05-01,"San Antonio-New Braunfels, TX Metro Area",Government,175200.0
2022-05-01,"San Antonio-New Braunfels, TX Metro Area",Total Private,943200.0
2022-05-01,"San Diego-Chula Vista-Carlsbad, CA Metro Area",Government,250000.0
2022-05-01,"San Diego-Chula Vista-Carlsbad, CA Metro Area",Total Private,1283000.0
2022-05-01,"San Francisco-Oakland-Berkeley, CA Metro Area",Government,318400.0
2022-05-01,"San Francisco-Oakland-Berkeley, CA Metro Area",Total Private,2148500.0
2022-05-01,"San Jose-Sunnyvale-Santa Clara, CA Metro Area",Government,97500.0
2022-05-01,"San Jose-Sunnyvale-Santa Clara, CA Metro Area",Total Private,1053500.0
2022-05-01,"St. Louis, MO-IL Metro Area",Government,153500.0
2022-05-01,"St. Louis, MO-IL Metro Area",Total Private,1256600.0
2022-05-01,"Tampa-St. Petersburg-Clearwater, FL Metro Area",Government,152600.0
2022-05-01,"Tampa-St. Petersburg-Clearwater, FL Metro Area",Total Private,1326600.0
2022-05-01,"Yuba City, CA Metro Area",Government,13800.0
2022-05-01,"Yuba City, CA Metro Area",Total Private,36700.0
2022-06-01,"Austin-Round Rock-Georgetown, TX Metro Area",Government,186600.0
2022-06-01,"Austin-Round Rock-Georgetown, TX Metro Area",Total Private,1087800.0
2022-06-01,"Charlotte-Concord-Gastonia, NC-SC Metro Area",Government,158700.0
2022-06-01,"Charlotte-Concord-Gastonia, NC-SC Metro Area",Total Private,1160100.0
2022-06-01,"Cincinnati, OH-KY-IN Metro Area",Government,124000.0
2022-06-01,"Cincinnati, OH-KY-IN Metro Area",Total Private,1011200.0
2022-06-01,"Cleveland-Elyria, OH Metro Area",Government,131500.0
2022-06-01,"Cleveland-Elyria, OH Metro Area",Total Private,927300.0
2022-06-01,"Columbus, OH Metro Area",Government,174400.0
2022-06-01,"Columbus, OH Metro Area",Total Private,958300.0
2022-06-01,"Detroit-Warren-Dearborn, MI Metro Area",Government,183500.0
2022-06-01,"Detroit-Warren-Dearborn, MI Metro Area",Total Private,1845000.0
2022-06-01,"Indianapolis-Carmel-Anderson, IN Metro Area",Government,128199.99999999999
2022-06-01,"Indianapolis-Carmel-Anderson, IN Metro Area",Total Private,998500.0
2022-06-01,"Kansas City, MO-KS Metro Area",Government,144500.0
2022-06-01,"Kansas City, MO-KS Metro Area",Total Private,966900.0
2022-06-01,"Miami-Fort Lauderdale-Pompano Beach, FL Metro Area",Government,285000.0
2022-06-01,"Miami-Fort Lauderdale-Pompano Beach, FL Metro Area",Total Private,2488500.0
2022-06-01,"Orlando-Kissimmee-Sanford, FL Metro Area",Government,115800.0
2022-06-01,"Orlando-Kissimmee-Sanford, FL Metro Area",Total Private,1270200.0
2022-06-01,"Phoenix-Mesa-Chandler, AZ Metro Area",Government,221300.0
2022-06-01,"Phoenix-Mesa-Chandler, AZ Metro Area",Total Private,2073000.0
2022-06-01,"Pittsburgh, PA Metro Area",Government,110800.0
2022-06-01,"Pittsburgh, PA Metro Area",Total Private,1034800.0
2022-06-01,"Portland-Vancouver-Hillsboro, OR-WA Metro Area",Government,149800.0
2022-06-01,"Portland-Vancouver-Hillsboro, OR-WA Metro Area",Total Private,1073600.0
2022-06-01,"Riverside-San Bernardino-Ontario, CA Metro Area",Government,250300.0
2022-06-01,"Riverside-San Bernardino-Ontario, CA Metro Area",Total Private,1402600.0
2022-06-01,"Sacramento-Roseville-Folsom, CA Metro Area",Government,248700.0
2022-06-01,"Sacramento-Roseville-Folsom, CA Metro Area",Total Private,811200.0
2022-06-01,"Salt Lake City, UT Metro Area",Government,110700.0
2022-06-01,"Salt Lake City, UT Metro Area",Total Private,690200.0
2022-06-01,"San Antonio-New Braunfels, TX Metro Area",Government,173600.0
2022-06-01,"San Antonio-New Braunfels, TX Metro Area",Total Private,951600.0
2022-06-01,"San Diego-Chula Vista-Carlsbad, CA Metro Area",Government,251700.0
2022-06-01,"San Diego-Chula Vista-Carlsbad, CA Metro Area",Total Private,1284400.0
2022-06-01,"San Francisco-Oakland-Berkeley, CA Metro Area",Government,318500.0
2022-06-01,"San Francisco-Oakland-Berkeley, CA Metro Area",Total Private,2164800.0
2022-06-01,"San Jose-Sunnyvale-Santa Clara, CA Metro Area",Government,97100.0
2022-06-01,"San Jose-Sunnyvale-Santa Clara, CA Metro Area",Total Private,1061600.0
2022-06-01,"St. Louis, MO-IL Metro Area",Government,155400.0
2022-06-01,"St. Louis, MO-IL Metro Area",Total Private,1263500.0
2022-06-01,"Tampa-St. Petersburg-Clearwater, FL Metro Area",Government,144300.0
2022-06-01,"Tampa-St. Petersburg-Clearwater, FL Metro Area",Total Private,1326500.0
2022-06-01,"Yuba City, CA Metro Area",Government,14000.0
2022-06-01,"Yuba City, CA Metro Area",Total Private,37000.0
2022-07-01,"Austin-Round Rock-Georgetown, TX Metro Area",Government,179100.0
2022-07-01,"Austin-Round Rock-Georgetown, TX Metro Area",Total Private,1105200.0
2022-07-01,"Charlotte-Concord-Gastonia, NC-SC Metro Area",Government,145700.0
2022-07-01,"Charlotte-Concord-Gastonia, NC-SC Metro Area",Total Private,1166700.0
2022-07-01,"Cincinnati, OH-KY-IN Metro Area",Government,119700.0
2022-07-01,"Cincinnati, OH-KY-IN Metro Area",Total Private,1016700.0
2022-07-01,"Cleveland-Elyria, OH Metro Area",Government,128900.0
2022-07-01,"Cleveland-Elyria, OH Metro Area",Total Private,930400.0
2022-07-01,"Columbus, OH Metro Area",Government,177700.0
2022-07-01,"Columbus, OH Metro Area",Total Private,962800.0
2022-07-01,"Detroit-Warren-Dearborn, MI Metro Area",Government,171100.0
2022-07-01,"Detroit-Warren-Dearborn, MI Metro Area",Total Private,1846100.0
2022-07-01,"Indianapolis-Carmel-Anderson, IN Metro Area",Government,122500.0
2022-07-01,"Indianapolis-Carmel-Anderson, IN Metro Area",Total Private,1010400.0
2022-07-01,"Kansas City, MO-KS Metro Area",Government,140200.0
2022-07-01,"Kansas City, MO-KS Metro Area",Total Private,976700.0
2022-07-01,"Miami-Fort Lauderdale-Pompano Beach, FL Metro Area",Government,285500.0
2022-07-01,"Miami-Fort Lauderdale-Pompano Beach, FL Metro Area",Total Private,2500400.0
2022-07-01,"Orlando-Kissimmee-Sanford, FL Metro Area",Government,117700.0
2022-07-01,"Orlando-Kissimmee-Sanford, FL Metro Area",Total Private,1282200.0
2022-07-01,"Phoenix-Mesa-Chandler, AZ Metro Area",Government,220000.0
2022-07-01,"Phoenix-Mesa-Chandler, AZ Metro Area",Total Private,2079000.0
2022-07-01,"Pittsburgh, PA Metro Area",Government,105600.0
2022-07-01,"Pittsburgh, PA Metro Area",Total Private,1042099.9999999999
2022-07-01,"Portland-Vancouver-Hillsboro, OR-WA Metro Area",Government,145800.0
2022-07-01,"Portland-Vancouver-Hillsboro, OR-WA Metro Area",Total Private,1086000.0
2022-07-01,"Riverside-San Bernardino-Ontario, CA Metro Area",Government,237100.0
2022-07-01,"Riverside-San Bernardino-Ontario, CA Metro Area",Total Private,1408400.0
2022-07-01,"Sacramento-Roseville-Folsom, CA Metro Area",Government,239500.0
2022-07-01,"Sacramento-Roseville-Folsom, CA Metro Area",Total Private,818400.0
2022-07-01,"Salt Lake City, UT Metro Area",Government,106800.0
2022-07-01,"Salt Lake City, UT Metro Area",Total Private,695900.0
2022-07-01,"San Antonio-New Braunfels, TX Metro Area",Government,168800.0
2022-07-01,"San Antonio-New Braunfels, TX Metro Area",Total Private,959300.0
2022-07-01,"San Diego-Chula Vista-Carlsbad, CA Metro Area",Government,235600.0
2022-07-01,"San Diego-Chula Vista-Carlsbad, CA Metro Area",Total Private,1291800.0
2022-07-01,"San Francisco-Oakland-Berkeley, CA Metro Area",Government,302800.0
2022-07-01,"San Francisco-Oakland-Berkeley, CA Metro Area",Total Private,2169700.0
2022-07-01,"San Jose-Sunnyvale-Santa Clara, CA Metro Area",Government,89700.0
2022-07-01,"San Jose-Sunnyvale-Santa Clara, CA Metro Area",Total Private,1067900.0
2022-07-01,"St. Louis, MO-IL Metro Area",Government,137400.0
2022-07-01,"St. Louis, MO-IL Metro Area",Total Private,1265600.0
2022-07-01,"Tampa-St. Petersburg-Clearwater, FL Metro Area",Government,142400.0
2022-07-01,"Tampa-St. Petersburg-Clearwater, FL Metro Area",Total Private,1332200.0
2022-07-01,"Yuba City, CA Metro Area",Government,12500.0
2022-07-01,"Yuba City, CA Metro Area",Total Private,36600.0
2022-08-01,"Austin-Round Rock-Georgetown, TX Metro Area",Government,180200.0
2022-08-01,"Austin-Round Rock-Georgetown, TX Metro Area",Total Private,1109700.0
2022-08-01,"Charlotte-Concord-Gastonia, NC-SC Metro Area",Government,155600.0
2022-08-01,"Charlotte-Concord-Gastonia, NC-SC Metro Area",Total Private,1167800.0
2022-08-01,"Cincinnati, OH-KY-IN Metro Area",Government,124500.0
2022-08-01,"Cincinnati, OH-KY-IN Metro Area",Total Private,1018400.0
2022-08-01,"Cleveland-Elyria, OH Metro Area",Government,128300.00000000001
2022-08-01,"Cleveland-Elyria, OH Metro Area",Total Private,931700.0
2022-08-01,"Columbus, OH Metro Area",Government,178300.0
2022-08-01,"Columbus, OH Metro Area",Total Private,961100.0
2022-08-01,"Detroit-Warren-Dearborn, MI Metro Area",Government,173000.0
2022-08-01,"Detroit-Warren-Dearborn, MI Metro Area",Total Private,1848600.0
2022-08-01,"Indianapolis-Carmel-Anderson, IN Metro Area",Government,134000.0
2022-08-01,"Indianapolis-Carmel-Anderson, IN Metro Area",Total Private,1011400.0
2022-08-01,"Kansas City, MO-KS Metro Area",Government,140600.0
2022-08-01,"Kansas City, MO-KS Metro Area",Total Private,979500.0
2022-08-01,"Miami-Fort Lauderdale-Pompano Beach, FL Metro Area",Government,304300.0
2022-08-01,"Miami-Fort Lauderdale-Pompano Beach, FL Metro Area",Total Private,2512500.0
2022-08-01,"Orlando-Kissimmee-Sanford, FL Metro Area",Government,126000.0
2022-08-01,"Orlando-Kissimmee-Sanford, FL Metro Area",Total Private,1291400.0
2022-08-01,"Phoenix-Mesa-Chandler, AZ Metro Area",Government,238600.0
2022-08-01,"Phoenix-Mesa-Chandler, AZ Metro Area",Total Private,2097700.0
2022-08-01,"Pittsburgh, PA Metro Area",Government,102600.0
2022-08-01,"Pittsburgh, PA Metro Area",Total Private,1038900.0000000001
2022-08-01,"Portland-Vancouver-Hillsboro, OR-WA Metro Area",Government,147600.0
2022-08-01,"Portland-Vancouver-Hillsboro, OR-WA Metro Area",Total Private,1087600.0
2022-08-01,"Riverside-San Bernardino-Ontario, CA Metro Area",Government,243200.0
2022-08-01,"Riverside-San Bernardino-Ontario, CA Metro Area",Total Private,1408900.0
2022-08-01,"Sacramento-Roseville-Folsom, CA Metro Area",Government,242500.0
2022-08-01,"Sacramento-Roseville-Folsom, CA Metro Area",Total Private,820500.0
2022-08-01,"Salt Lake City, UT Metro Area",Government,108300.0
2022-08-01,"Salt Lake City, UT Metro Area",Total Private,699300.0
2022-08-01,"San Antonio-New Braunfels, TX Metro Area",Government,168000.0
2022-08-01,"San Antonio-New Braunfels, TX Metro Area",Total Private,962800.0
2022-08-01,"San Diego-Chula Vista-Carlsbad, CA Metro Area",Government,236500.0
2022-08-01,"San Diego-Chula Vista-Carlsbad, CA Metro Area",Total Private,1297300.0
2022-08-01,"San Francisco-Oakland-Berkeley, CA Metro Area",Government,303500.0
2022-08-01,"San Francisco-Oakland-Berkeley, CA Metro Area",Total Private,2174400.0
2022-08-01,"San Jose-Sunnyvale-Santa Clara, CA Metro Area",Government,91600.0
2022-08-01,"San Jose-Sunnyvale-Santa Clara, CA Metro Area",Total Private,1071200.0
2022-08-01,"St. Louis, MO-IL Metro Area",Government,137500.0
2022-08-01,"St. Louis, MO-IL Metro Area",Total Private,1265600.0
2022-08-01,"Tampa-St. Petersburg-Clearwater, FL Metro Area",Government,150300.0
2022-08-01,"Tampa-St. Petersburg-Clearwater, FL Metro Area",Total Private,1340100.0
2022-08-01,"Yuba City, CA Metro Area",Government,13100.0
2022-08-01,"Yuba City, CA Metro Area",Total Private,37200.0
2022-09-01,"Austin-Round Rock-Georgetown, TX Metro Area",Government,184200.0
2022-09-01,"Austin-Round Rock-Georgetown, TX Metro Area",Total Private,1109300.0
2022-09-01,"Charlotte-Concord-Gastonia, NC-SC Metro Area",Government,163300.0
2022-09-01,"Charlotte-Concord-Gastonia, NC-SC Metro Area",Total Private,1159900.0
2022-09-01,"Cincinnati, OH-KY-IN Metro Area",Government,129900.0
2022-09-01,"Cincinnati, OH-KY-IN Metro Area",Total Private,1013300.0
2022-09-01,"Cleveland-Elyria, OH Metro Area",Government,128699.99999999999
2022-09-01,"Cleveland-Elyria, OH Metro Area",Total Private,923500.0
2022-09-01,"Columbus, OH Metro Area",Government,180900.0
2022-09-01,"Columbus, OH Metro Area",Total Private,954800.0
2022-09-01,"Detroit-Warren-Dearborn, MI Metro Area",Government,187200.0
2022-09-01,"Detroit-Warren-Dearborn, MI Metro Area",Total Private,1833300.0
2022-09-01,"Indianapolis-Carmel-Anderson, IN Metro Area",Government,135900.0
2022-09-01,"Indianapolis-Carmel-Anderson, IN Metro Area",Total Private,1005500.0
2022-09-01,"Kansas City, MO-KS Metro Area",Government,146000.0
2022-09-01,"Kansas City, MO-KS Metro Area",Total Private,975400.0
2022-09-01,"Miami-Fort Lauderdale-Pompano Beach, FL Metro Area",Government,305200.0
2022-09-01,"Miami-Fort Lauderdale-Pompano Beach, FL Metro Area",Total Private,2522300.0
2022-09-01,"Orlando-Kissimmee-Sanford, FL Metro Area",Government,126900.0
2022-09-01,"Orlando-Kissimmee-Sanford, FL Metro Area",Total Private,1296100.0
2022-09-01,"Phoenix-Mesa-Chandler, AZ Metro Area",Government,248000.0
2022-09-01,"Phoenix-Mesa-Chandler, AZ Metro Area",Total Private,2106800.0
2022-09-01,"Pittsburgh, PA Metro Area",Government,111700.0
2022-09-01,"Pittsburgh, PA Metro Area",Total Private,1042700.0
2022-09-01,"Portland-Vancouver-Hillsboro, OR-WA Metro Area",Government,146800.0
2022-09-01,"Portland-Vancouver-Hillsboro, OR-WA Metro Area",Total Private,1087200.0
2022-09-01,"Riverside-San Bernardino-Ontario, CA Metro Area",Government,249100.0
2022-09-01,"Riverside-San Bernardino-Ontario, CA Metro Area",Total Private,1408100.0
2022-09-01,"Sacramento-Roseville-Folsom, CA Metro Area",Government,244700.0
2022-09-01,"Sacramento-Roseville-Folsom, CA Metro Area",Total Private,815800.0
2022-09-01,"Salt Lake City, UT Metro Area",Government,111000.0
2022-09-01,"Salt Lake City, UT Metro Area",Total Private,698300.0
2022-09-01,"San Antonio-New Braunfels, TX Metro Area",Government,176200.0
2022-09-01,"San Antonio-New Braunfels, TX Metro Area",Total Private,960300.0
2022-09-01,"San Diego-Chula Vista-Carlsbad, CA Metro Area",Government,244500.0
2022-09-01,"San Diego-Chula Vista-Carlsbad, CA Metro Area",Total Private,1293600.0
2022-09-01,"San Francisco-Oakland-Berkeley, CA Metro Area",Government,309100.0
2022-09-01,"San Francisco-Oakland-Berkeley, CA Metro Area",Total Private,2164500.0
2022-09-01,"San Jose-Sunnyvale-Santa Clara, CA Metro Area",Government,95300.0
2022-09-01,"San Jose-Sunnyvale-Santa Clara, CA Metro Area",Total Private,1065100.0
2022-09-01,"St. Louis, MO-IL Metro Area",Government,153100.0
2022-09-01,"St. Louis, MO-IL Metro Area",Total Private,1259300.0
2022-09-01,"Tampa-St. Petersburg-Clearwater, FL Metro Area",Government,153100.0
2022-09-01,"Tampa-St. Petersburg-Clearwater, FL Metro Area",Total Private,1339600.0
2022-09-01,"Yuba City, CA Metro Area",Government,13600.0
2022-09-01,"Yuba City, CA Metro Area",Total Private,37300.0
2022-10-01,"Austin-Round Rock-Georgetown, TX Metro Area",Government,190500.0
2022-10-01,"Austin-Round Rock-Georgetown, TX Metro Area",Total Private,1117200.0
2022-10-01,"Charlotte-Concord-Gastonia, NC-SC Metro Area",Government,164200.0
2022-10-01,"Charlotte-Concord-Gastonia, NC-SC Metro Area",Total Private,1167200.0
2022-10-01,"Cincinnati, OH-KY-IN Metro Area",Government,131500.0
2022-10-01,"Cincinnati, OH-KY-IN Metro Area",Total Private,1016100.0
2022-10-01,"Cleveland-Elyria, OH Metro Area",Government,132500.0
2022-10-01,"Cleveland-Elyria, OH Metro Area",Total Private,930100.0
2022-10-01,"Columbus, OH Metro Area",Government,183200.0
2022-10-01,"Columbus, OH Metro Area",Total Private,962200.0
2022-10-01,"Detroit-Warren-Dearborn, MI Metro Area",Government,187600.0
2022-10-01,"Detroit-Warren-Dearborn, MI Metro Area",Total Private,1844900.0
2022-10-01,"Indianapolis-Carmel-Anderson, IN Metro Area",Government,137500.0
2022-10-01,"Indianapolis-Carmel-Anderson, IN Metro Area",Total Private,1009100.0
2022-10-01,"Kansas City, MO-KS Metro Area",Government,146600.0
2022-10-01,"Kansas City, MO-KS Metro Area",Total Private,982200.0
2022-10-01,"Miami-Fort Lauderdale-Pompano Beach, FL Metro Area",Government,306700.0
2022-10-01,"Miami-Fort Lauderdale-Pompano Beach, FL Metro Area",Total Private,2555800.0
2022-10-01,"Orlando-Kissimmee-Sanford, FL Metro Area",Government,128400.0
2022-10-01,"Orlando-Kissimmee-Sanford, FL Metro Area",Total Private,1311000.0
2022-10-01,"Phoenix-Mesa-Chandler, AZ Metro Area",Government,250000.0
2022-10-01,"Phoenix-Mesa-Chandler, AZ Metro Area",Total Private,2129800.0
2022-10-01,"Pittsburgh, PA Metro Area",Government,111600.0
2022-10-01,"Pittsburgh, PA Metro Area",Total Private,1046800.0
2022-10-01,"Portland-Vancouver-Hillsboro, OR-WA Metro Area",Government,151400.0
2022-10-01,"Portland-Vancouver-Hillsboro, OR-WA Metro Area",Total Private,1084700.0
2022-10-01,"Riverside-San Bernardino-Ontario, CA Metro Area",Government,254000.0
2022-10-01,"Riverside-San Bernardino-Ontario, CA Metro Area",Total Private,1417400.0
2022-10-01,"Sacramento-Roseville-Folsom, CA Metro Area",Government,247500.0
2022-10-01,"Sacramento-Roseville-Folsom, CA Metro Area",Total Private,819100.0
2022-10-01,"Salt Lake City, UT Metro Area",Government,111300.0
2022-10-01,"Salt Lake City, UT Metro Area",Total Private,700500.0
2022-10-01,"San Antonio-New Braunfels, TX Metro Area",Government,178100.0
2022-10-01,"San Antonio-New Braunfels, TX Metro Area",Total Private,964600.0
2022-10-01,"San Diego-Chula Vista-Carlsbad, CA Metro Area",Government,247600.0
2022-10-01,"San Diego-Chula Vista-Carlsbad, CA Metro Area",Total Private,1302100.0
2022-10-01,"San Francisco-Oakland-Berkeley, CA Metro Area",Government,311000.0
2022-10-01,"San Francisco-Oakland-Berkeley, CA Metro Area",Total Private,2171800.0
2022-10-01,"San Jose-Sunnyvale-Santa Clara, CA Metro Area",Government,98600.0
2022-10-01,"San Jose-Sunnyvale-Santa Clara, CA Metro Area",Total Private,1070700.0
2022-10-01,"St. Louis, MO-IL Metro Area",Government,154000.0
2022-10-01,"St. Louis, MO-IL Metro Area",Total Private,1266900.0
2022-10-01,"Tampa-St. Petersburg-Clearwater, FL Metro Area",Government,154900.0
2022-10-01,"Tampa-St. Petersburg-Clearwater, FL Metro Area",Total Private,1353600.0
2022-10-01,"Yuba City, CA Metro Area",Government,13700.0
2022-10-01,"Yuba City, CA Metro Area",Total Private,37000.0
2022-11-01,"Austin-Round Rock-Georgetown, TX Metro Area",Government,191200.0
2022-11-01,"Austin-Round Rock-Georgetown, TX Metro Area",Total Private,1124500.0
2022-11-01,"Charlotte-Concord-Gastonia, NC-SC Metro Area",Government,166300.0
2022-11-01,"Charlotte-Concord-Gastonia, NC-SC Metro Area",Total Private,1171700.0
2022-11-01,"Cincinnati, OH-KY-IN Metro Area",Government,131700.0
2022-11-01,"Cincinnati, OH-KY-IN Metro Area",Total Private,1019800.0
2022-11-01,"Cleveland-Elyria, OH Metro Area",Government,133000.0
2022-11-01,"Cleveland-Elyria, OH Metro Area",Total Private,930900.0
2022-11-01,"Columbus, OH Metro Area",Government,183800.0
2022-11-01,"Columbus, OH Metro Area",Total Private,967000.0
2022-11-01,"Detroit-Warren-Dearborn, MI Metro Area",Government,191000.0
2022-11-01,"Detroit-Warren-Dearborn, MI Metro Area",Total Private,1854200.0
2022-11-01,"Indianapolis-Carmel-Anderson, IN Metro Area",Government,139100.0
2022-11-01,"Indianapolis-Carmel-Anderson, IN Metro Area",Total Private,1016200.0
2022-11-01,"Kansas City, MO-KS Metro Area",Government,147300.0
2022-11-01,"Kansas City, MO-KS Metro Area",Total Private,985600.0
2022-11-01,"Miami-Fort Lauderdale-Pompano Beach, FL Metro Area",Government,307200.0
2022-11-01,"Miami-Fort Lauderdale-Pompano Beach, FL Metro Area",Total Private,2579500.0
2022-11-01,"Orlando-Kissimmee-Sanford, FL Metro Area",Government,128400.0
2022-11-01,"Orlando-Kissimmee-Sanford, FL Metro Area",Total Private,1319600.0
2022-11-01,"Phoenix-Mesa-Chandler, AZ Metro Area",Government,251800.0
2022-11-01,"Phoenix-Mesa-Chandler, AZ Metro Area",Total Private,2152100.0
2022-11-01,"Pittsburgh, PA Metro Area",Government,113000.0
2022-11-01,"Pittsburgh, PA Metro Area",Total Private,1048099.9999999999
2022-11-01,"Portland-Vancouver-Hillsboro, OR-WA Metro Area",Government,152400.0
2022-11-01,"Portland-Vancouver-Hillsboro, OR-WA Metro Area",Total Private,1084300.0
2022-11-01,"Riverside-San Bernardino-Ontario, CA Metro Area",Government,257200.0
2022-11-01,"Riverside-San Bernardino-Ontario, CA Metro Area",Total Private,1433500.0
2022-11-01,"Sacramento-Roseville-Folsom, CA Metro Area",Government,253000.0
2022-11-01,"Sacramento-Roseville-Folsom, CA Metro Area",Total Private,820000.0
2022-11-01,"Salt Lake City, UT Metro Area",Government,111000.0
2022-11-01,"Salt Lake City, UT Metro Area",Total Private,704100.0
2022-11-01,"San Antonio-New Braunfels, TX Metro Area",Government,178900.0
2022-11-01,"San Antonio-New Braunfels, TX Metro Area",Total Private,969600.0
2022-11-01,"San Diego-Chula Vista-Carlsbad, CA Metro Area",Government,253500.0
2022-11-01,"San Diego-Chula Vista-Carlsbad, CA Metro Area",Total Private,1305600.0
2022-11-01,"San Francisco-Oakland-Berkeley, CA Metro Area",Government,318300.0
2022-11-01,"San Francisco-Oakland-Berkeley, CA Metro Area",Total Private,2178600.0
2022-11-01,"San Jose-Sunnyvale-Santa Clara, CA Metro Area",Government,99200.0
2022-11-01,"San Jose-Sunnyvale-Santa Clara, CA Metro Area",Total Private,1074600.0
2022-11-01,"St. Louis, MO-IL Metro Area",Government,154700.0
2022-11-01,"St. Louis, MO-IL Metro Area",Total Private,1269600.0
2022-11-01,"Tampa-St. Petersburg-Clearwater, FL Metro Area",Government,155700.0
2022-11-01,"Tampa-St. Petersburg-Clearwater, FL Metro Area",Total Private,1362200.0
2022-11-01,"Yuba City, CA Metro Area",Government,13900.0
2022-11-01,"Yuba City, CA Metro Area",Total Private,36200.0
2022-12-01,"Austin-Round Rock-Georgetown, TX Metro Area",Government,190600.0
2022-12-01,"Austin-Round Rock-Georgetown, TX Metro Area",Total Private,1124300.0
2022-12-01,"Charlotte-Concord-Gastonia, NC-SC Metro Area",Government,165300.0
2022-12-01,"Charlotte-Concord-Gastonia, NC-SC Metro Area",Total Private,1175400.0
2022-12-01,"Cincinnati, OH-KY-IN Metro Area",Government,127500.0
2022-12-01,"Cincinnati, OH-KY-IN Metro Area",Total Private,1020600.0
2022-12-01,"Cleveland-Elyria, OH Metro Area",Government,131900.0
2022-12-01,"Cleveland-Elyria, OH Metro Area",Total Private,929100.0
2022-12-01,"Columbus, OH Metro Area",Government,182000.0
2022-12-01,"Columbus, OH Metro Area",Total Private,962200.0
2022-12-01,"Detroit-Warren-Dearborn, MI Metro Area",Government,186300.0
2022-12-01,"Detroit-Warren-Dearborn, MI Metro Area",Total Private,1852100.0
2022-12-01,"Indianapolis-Carmel-Anderson, IN Metro Area",Government,139200.0
2022-12-01,"Indianapolis-Carmel-Anderson, IN Metro Area",Total Private,1013300.0
2022-12-01,"Kansas City, MO-KS Metro Area",Government,147000.0
2022-12-01,"Kansas City, MO-KS Metro Area",Total Private,984000.0
2022-12-01,"Miami-Fort Lauderdale-Pompano Beach, FL Metro Area",Government,307800.0
2022-12-01,"Miami-Fort Lauderdale-Pompano Beach, FL Metro Area",Total Private,2586800.0
2022-12-01,"Orlando-Kissimmee-Sanford, FL Metro Area",Government,127100.0
2022-12-01,"Orlando-Kissimmee-Sanford, FL Metro Area",Total Private,1321600.0
2022-12-01,"Phoenix-Mesa-Chandler, AZ Metro Area",Government,245600.0
2022-12-01,"Phoenix-Mesa-Chandler, AZ Metro Area",Total Private,2152500.0
2022-12-01,"Pittsburgh, PA Metro Area",Government,111700.0
2022-12-01,"Pittsburgh, PA Metro Area",Total Private,1044500.0
2022-12-01,"Portland-Vancouver-Hillsboro, OR-WA Metro Area",Government,152500.0
2022-12-01,"Portland-Vancouver-Hillsboro, OR-WA Metro Area",Total Private,1086500.0
2022-12-01,"Riverside-San Bernardino-Ontario, CA Metro Area",Government,257899.99999999997
2022-12-01,"Riverside-San Bernardino-Ontario, CA Metro Area",Total Private,1433100.0
2022-12-01,"Sacramento-Roseville-Folsom, CA Metro Area",Government,252500.0
2022-12-01,"Sacramento-Roseville-Folsom, CA Metro Area",Total Private,819300.0
2022-12-01,"Salt Lake City, UT Metro Area",Government,111000.0
2022-12-01,"Salt Lake City, UT Metro Area",Total Private,702500.0
2022-12-01,"San Antonio-New Braunfels, TX Metro Area",Government,178900.0
2022-12-01,"San Antonio-New Braunfels, TX Metro Area",Total Private,970800.0
2022-12-01,"San Diego-Chula Vista-Carlsbad, CA Metro Area",Government,254200.0
2022-12-01,"San Diego-Chula Vista-Carlsbad, CA Metro Area",Total Private,1304800.0
2022-12-01,"San Francisco-Oakland-Berkeley, CA Metro Area",Government,315900.0
2022-12-01,"San Francisco-Oakland-Berkeley, CA Metro Area",Total Private,2175300.0
2022-12-01,"San Jose-Sunnyvale-Santa Clara, CA Metro Area",Government,97500.0
2022-12-01,"San Jose-Sunnyvale-Santa Clara, CA Metro Area",Total Private,1073200.0
2022-12-01,"St. Louis, MO-IL Metro Area",Government,154800.0
2022-12-01,"St. Louis, MO-IL Metro Area",Total Private,1264100.0
2022-12-01,"Tampa-St. Petersburg-Clearwater, FL Metro Area",Government,155600.0
2022-12-01,"Tampa-St. Petersburg-Clearwater, FL Metro Area",Total Private,1364900.0
2022-12-01,"Yuba City, CA Metro Area",Government,14100.0
2022-12-01,"Yuba City, CA Metro Area",Total Private,36200.0
2023-01-01,"Austin-Round Rock-Georgetown, TX Metro Area",Government,190900.0
2023-01-01,"Austin-Round Rock-Georgetown, TX Metro Area",Total Private,1112700.0
2023-01-01,"Charlotte-Concord-Gastonia, NC-SC Metro Area",Government,164200.0
2023-01-01,"Charlotte-Concord-Gastonia, NC-SC Metro Area",Total Private,1162200.0
2023-01-01,"Cincinnati, OH-KY-IN Metro Area",Government,129900.0
2023-01-01,"Cincinnati, OH-KY-IN Metro Area",Total Private,1004300.0
2023-01-01,"Cleveland-Elyria, OH Metro Area",Government,130400.0
2023-01-01,"Cleveland-Elyria, OH Metro Area",Total Private,913200.0
2023-01-01,"Columbus, OH Metro Area",Government,182100.0
2023-01-01,"Columbus, OH Metro Area",Total Private,951400.0
2023-01-01,"Detroit-Warren-Dearborn, MI Metro Area",Government,182300.0
2023-01-01,"Detroit-Warren-Dearborn, MI Metro Area",Total Private,1824200.0
2023-01-01,"Indianapolis-Carmel-Anderson, IN Metro Area",Government,139100.0
2023-01-01,"Indianapolis-Carmel-Anderson, IN Metro Area",Total Private,997000.0
2023-01-01,"Kansas City, MO-KS Metro Area",Government,145200.0
2023-01-01,"Kansas City, MO-KS Metro Area",Total Private,969500.0
2023-01-01,"Miami-Fort Lauderdale-Pompano Beach, FL Metro Area",Government,306700.0
2023-01-01,"Miami-Fort Lauderdale-Pompano Beach, FL Metro Area",Total Private,2560100.0
2023-01-01,"Orlando-Kissimmee-Sanford, FL Metro Area",Government,127900.0
2023-01-01,"Orlando-Kissimmee-Sanford, FL Metro Area",Total Private,1309600.0
2023-01-01,"Phoenix-Mesa-Chandler, AZ Metro Area",Government,247500.0
2023-01-01,"Phoenix-Mesa-Chandler, AZ Metro Area",Total Private,2124000.0
2023-01-01,"Pittsburgh, PA Metro Area",Government,109800.0
2023-01-01,"Pittsburgh, PA Metro Area",Total Private,1026900.0000000001
2023-01-01,"Portland-Vancouver-Hillsboro, OR-WA Metro Area",Government,153300.0
2023-01-01,"Portland-Vancouver-Hillsboro, OR-WA Metro Area",Total Private,1081800.0
2023-01-01,"Riverside-San Bernardino-Ontario, CA Metro Area",Government,257700.0
2023-01-01,"Riverside-San Bernardino-Ontario, CA Metro Area",Total Private,1404800.0
2023-01-01,"Sacramento-Roseville-Folsom, CA Metro Area",Government,251700.0
2023-01-01,"Sacramento-Roseville-Folsom, CA Metro Area",Total Private,800000.0
2023-01-01,"Salt Lake City, UT Metro Area",Government,110600.0
2023-01-01,"Salt Lake City, UT Metro Area",Total Private,692400.0
2023-01-01,"San Antonio-New Braunfels, TX Metro Area",Government,178600.0
2023-01-01,"San Antonio-New Braunfels, TX Metro Area",Total Private,959600.0
2023-01-01,"San Diego-Chula Vista-Carlsbad, CA Metro Area",Government,250900.0
2023-01-01,"San Diego-Chula Vista-Carlsbad, CA Metro Area",Total Private,1277200.0
2023-01-01,"San Francisco-Oakland-Berkeley, CA Metro Area",Government,316900.0
2023-01-01,"San Francisco-Oakland-Berkeley, CA Metro Area",Total Private,2125900.0
2023-01-01,"San Jose-Sunnyvale-Santa Clara, CA Metro Area",Government,96500.0
2023-01-01,"San Jose-Sunnyvale-Santa Clara, CA Metro Area",Total Private,1053900.0
2023-01-01,"St. Louis, MO-IL Metro Area",Government,150800.0
2023-01-01,"St. Louis, MO-IL Metro Area",Total Private,1251000.0
2023-01-01,"Tampa-St. Petersburg-Clearwater, FL Metro Area",Government,155400.0
2023-01-01,"Tampa-St. Petersburg-Clearwater, FL Metro Area",Total Private,1353300.0
2023-01-01,"Yuba City, CA Metro Area",Government,13500.0
2023-01-01,"Yuba City, CA Metro Area",Total Private,35100.0
2023-02-01,"Austin-Round Rock-Georgetown, TX Metro Area",Government,193500.0
2023-02-01,"Austin-Round Rock-Georgetown, TX Metro Area",Total Private,1120200.0
2023-02-01,"Charlotte-Concord-Gastonia, NC-SC Metro Area",Government,164800.0
2023-02-01,"Charlotte-Concord-Gastonia, NC-SC Metro Area",Total Private,1167700.0
2023-02-01,"Cincinnati, OH-KY-IN Metro Area",Government,133400.0
2023-02-01,"Cincinnati, OH-KY-IN Metro Area",Total Private,1005100.0
2023-02-01,"Cleveland-Elyria, OH Metro Area",Government,132100.0
2023-02-01,"Cleveland-Elyria, OH Metro Area",Total Private,913200.0
2023-02-01,"Columbus, OH Metro Area",Government,185800.0
2023-02-01,"Columbus, OH Metro Area",Total Private,952200.0
2023-02-01,"Detroit-Warren-Dearborn, MI Metro Area",Government,187500.0
2023-02-01,"Detroit-Warren-Dearborn, MI Metro Area",Total Private,1821200.0
2023-02-01,"Indianapolis-Carmel-Anderson, IN Metro Area",Government,140000.0
2023-02-01,"Indianapolis-Carmel-Anderson, IN Metro Area",Total Private,1000200.0
2023-02-01,"Kansas City, MO-KS Metro Area",Government,147400.0
2023-02-01,"Kansas City, MO-KS Metro Area",Total Private,969300.0
2023-02-01,"Miami-Fort Lauderdale-Pompano Beach, FL Metro Area",Government,309800.0
2023-02-01,"Miami-Fort Lauderdale-Pompano Beach, FL Metro Area",Total Private,2576300.0
2023-02-01,"Orlando-Kissimmee-Sanford, FL Metro Area",Government,129000.0
2023-02-01,"Orlando-Kissimmee-Sanford, FL Metro Area",Total Private,1320800.0
2023-02-01,"Phoenix-Mesa-Chandler, AZ Metro Area",Government,251300.0
2023-02-01,"Phoenix-Mesa-Chandler, AZ Metro Area",Total Private,2141400.0
2023-02-01,"Pittsburgh, PA Metro Area",Government,112300.0
2023-02-01,"Pittsburgh, PA Metro Area",Total Private,1028200.0
2023-02-01,"Portland-Vancouver-Hillsboro, OR-WA Metro Area",Government,155400.0
2023-02-01,"Portland-Vancouver-Hillsboro, OR-WA Metro Area",Total Private,1085000.0
2023-02-01,"Riverside-San Bernardino-Ontario, CA Metro Area",Government,258100.00000000003
2023-02-01,"Riverside-San Bernardino-Ontario, CA Metro Area",Total Private,1407400.0
2023-02-01,"Sacramento-Roseville-Folsom, CA Metro Area",Government,252700.0
2023-02-01,"Sacramento-Roseville-Folsom, CA Metro Area",Total Private,805800.0
2023-02-01,"Salt Lake City, UT Metro Area",Government,111500.0
2023-02-01,"Salt Lake City, UT Metro Area",Total Private,696500.0
2023-02-01,"San Antonio-New Braunfels, TX Metro Area",Government,180500.0
2023-02-01,"San Antonio-New Braunfels, TX Metro Area",Total Private,966900.0
2023-02-01,"San Diego-Chula Vista-Carlsbad, CA Metro Area",Government,249700.0
2023-02-01,"San Diego-Chula Vista-Carlsbad, CA Metro Area",Total Private,1288600.0
2023-02-01,"San Francisco-Oakland-Berkeley, CA Metro Area",Government,317400.0
2023-02-01,"San Francisco-Oakland-Berkeley, CA Metro Area",Total Private,2139200.0
2023-02-01,"San Jose-Sunnyvale-Santa Clara, CA Metro Area",Government,97100.0
2023-02-01,"San Jose-Sunnyvale-Santa Clara, CA Metro Area",Total Private,1059500.0
2023-02-01,"St. Louis, MO-IL Metro Area",Government,153300.0
2023-02-01,"St. Louis, MO-IL Metro Area",Total Private,1258200.0
2023-02-01,"Tampa-St. Petersburg-Clearwater, FL Metro Area",Government,157000.0
2023-02-01,"Tampa-St. Petersburg-Clearwater, FL Metro Area",Total Private,1362400.0
2023-02-01,"Yuba City, CA Metro Area",Government,13800.0
2023-02-01,"Yuba City, CA Metro Area",Total Private,35700.0
2023-03-01,"Austin-Round Rock-Georgetown, TX Metro Area",Government,192800.0
2023-03-01,"Austin-Round Rock-Georgetown, TX Metro Area",Total Private,1127000.0
2023-03-01,"Charlotte-Concord-Gastonia, NC-SC Metro Area",Government,166000.0
2023-03-01,"Charlotte-Concord-Gastonia, NC-SC Metro Area",Total Private,1171800.0
2023-03-01,"Cincinnati, OH-KY-IN Metro Area",Government,133000.0
2023-03-01,"Cincinnati, OH-KY-IN Metro Area",Total Private,1013400.0
2023-03-01,"Cleveland-Elyria, OH Metro Area",Government,131600.0
2023-03-01,"Cleveland-Elyria, OH Metro Area",Total Private,914800.0
2023-03-01,"Columbus, OH Metro Area",Government,183800.0
2023-03-01,"Columbus, OH Metro Area",Total Private,954400.0
2023-03-01,"Detroit-Warren-Dearborn, MI Metro Area",Government,188100.0
2023-03-01,"Detroit-Warren-Dearborn, MI Metro Area",Total Private,1829700.0
2023-03-01,"Indianapolis-Carmel-Anderson, IN Metro Area",Government,141700.0
2023-03-01,"Indianapolis-Carmel-Anderson, IN Metro Area",Total Private,1003400.0
2023-03-01,"Kansas City, MO-KS Metro Area",Government,147100.0
2023-03-01,"Kansas City, MO-KS Metro Area",Total Private,974500.0
2023-03-01,"Miami-Fort Lauderdale-Pompano Beach, FL Metro Area",Government,311000.0
2023-03-01,"Miami-Fort Lauderdale-Pompano Beach, FL Metro Area",Total Private,2581000.0
2023-03-01,"Orlando-Kissimmee-Sanford, FL Metro Area",Government,129699.99999999999
2023-03-01,"Orlando-Kissimmee-Sanford, FL Metro Area",Total Private,1324100.0
2023-03-01,"Phoenix-Mesa-Chandler, AZ Metro Area",Government,251300.0
2023-03-01,"Phoenix-Mesa-Chandler, AZ Metro Area",Total Private,2141800.0
2023-03-01,"Pittsburgh, PA Metro Area",Government,112600.0
2023-03-01,"Pittsburgh, PA Metro Area",Total Private,1036700.0
2023-03-01,"Portland-Vancouver-Hillsboro, OR-WA Metro Area",Government,156100.0
2023-03-01,"Portland-Vancouver-Hillsboro, OR-WA Metro Area",Total Private,1089000.0
2023-03-01,"Riverside-San Bernardino-Ontario, CA Metro Area",Government,260399.99999999997
2023-03-01,"Riverside-San Bernardino-Ontario, CA Metro Area",Total Private,1405300.0
2023-03-01,"Sacramento-Roseville-Folsom, CA Metro Area",Government,256000.0
2023-03-01,"Sacramento-Roseville-Folsom, CA Metro Area",Total Private,803500.0
2023-03-01,"Salt Lake City, UT Metro Area",Government,112000.0
2023-03-01,"Salt Lake City, UT Metro Area",Total Private,696300.0
2023-03-01,"San Antonio-New Braunfels, TX Metro Area",Government,180800.0
2023-03-01,"San Antonio-New Braunfels, TX Metro Area",Total Private,970800.0
2023-03-01,"San Diego-Chula Vista-Carlsbad, CA Metro Area",Government,251300.0
2023-03-01,"San Diego-Chula Vista-Carlsbad, CA Metro Area",Total Private,1291400.0
2023-03-01,"San Francisco-Oakland-Berkeley, CA Metro Area",Government,320500.0
2023-03-01,"San Francisco-Oakland-Berkeley, CA Metro Area",Total Private,2136900.0
2023-03-01,"San Jose-Sunnyvale-Santa Clara, CA Metro Area",Government,98100.0
2023-03-01,"San Jose-Sunnyvale-Santa Clara, CA Metro Area",Total Private,1055600.0
2023-03-01,"St. Louis, MO-IL Metro Area",Government,154700.0
2023-03-01,"St. Louis, MO-IL Metro Area",Total Private,1261600.0
2023-03-01,"Tampa-St. Petersburg-Clearwater, FL Metro Area",Government,156300.0
2023-03-01,"Tampa-St. Petersburg-Clearwater, FL Metro Area",Total Private,1366600.0
2023-03-01,"Yuba City, CA Metro Area",Government,14000.0
2023-03-01,"Yuba City, CA Metro Area",Total Private,35600.0
2023-04-01,"Austin-Round Rock-Georgetown, TX Metro Area",Government,194800.0
2023-04-01,"Austin-Round Rock-Georgetown, TX Metro Area",Total Private,1130700.0
2023-04-01,"Charlotte-Concord-Gastonia, NC-SC Metro Area",Government,167100.0
2023-04-01,"Charlotte-Concord-Gastonia, NC-SC Metro Area",Total Private,1176700.0
2023-04-01,"Cincinnati, OH-KY-IN Metro Area",Government,132300.0
2023-04-01,"Cincinnati, OH-KY-IN Metro Area",Total Private,1016900.0
2023-04-01,"Cleveland-Elyria, OH Metro Area",Government,133200.0
2023-04-01,"Cleveland-Elyria, OH Metro Area",Total Private,921800.0
2023-04-01,"Columbus, OH Metro Area",Government,187200.0
2023-04-01,"Columbus, OH Metro Area",Total Private,961000.0
2023-04-01,"Detroit-Warren-Dearborn, MI Metro Area",Government,189000.0
2023-04-01,"Detroit-Warren-Dearborn, MI Metro Area",Total Private,1846600.0
2023-04-01,"Indianapolis-Carmel-Anderson, IN Metro Area",Government,141800.0
2023-04-01,"Indianapolis-Carmel-Anderson, IN Metro Area",Total Private,1009400.0
2023-04-01,"Kansas City, MO-KS Metro Area",Government,148100.0
2023-04-01,"Kansas City, MO-KS Metro Area",Total Private,983200.0
2023-04-01,"Miami-Fort Lauderdale-Pompano Beach, FL Metro Area",Government,311400.0
2023-04-01,"Miami-Fort Lauderdale-Pompano Beach, FL Metro Area",Total Private,2586200.0
2023-04-01,"Orlando-Kissimmee-Sanford, FL Metro Area",Government,130000.0
2023-04-01,"Orlando-Kissimmee-Sanford, FL Metro Area",Total Private,1329100.0
2023-04-01,"Phoenix-Mesa-Chandler, AZ Metro Area",Government,253600.0
2023-04-01,"Phoenix-Mesa-Chandler, AZ Metro Area",Total Private,2151700.0
2023-04-01,"Pittsburgh, PA Metro Area",Government,113000.0
2023-04-01,"Pittsburgh, PA Metro Area",Total Private,1045900.0000000001
2023-04-01,"Portland-Vancouver-Hillsboro, OR-WA Metro Area",Government,156800.0
2023-04-01,"Portland-Vancouver-Hillsboro, OR-WA Metro Area",Total Private,1087900.0
2023-04-01,"Riverside-San Bernardino-Ontario, CA Metro Area",Government,262700.0
2023-04-01,"Riverside-San Bernardino-Ontario, CA Metro Area",Total Private,1410800.0
2023-04-01,"Sacramento-Roseville-Folsom, CA Metro Area",Government,256600.00000000003
2023-04-01,"Sacramento-Roseville-Folsom, CA Metro Area",Total Private,808700.0
2023-04-01,"Salt Lake City, UT Metro Area",Government,112800.0
2023-04-01,"Salt Lake City, UT Metro Area",Total Private,700500.0
2023-04-01,"San Antonio-New Braunfels, TX Metro Area",Government,181000.0
2023-04-01,"San Antonio-New Braunfels, TX Metro Area",Total Private,972700.0
2023-04-01,"San Diego-Chula Vista-Carlsbad, CA Metro Area",Government,254100.0
2023-04-01,"San Diego-Chula Vista-Carlsbad, CA Metro Area",Total Private,1294600.0
2023-04-01,"San Francisco-Oakland-Berkeley, CA Metro Area",Government,320800.0
2023-04-01,"San Francisco-Oakland-Berkeley, CA Metro Area",Total Private,2142500.0
2023-04-01,"San Jose-Sunnyvale-Santa Clara, CA Metro Area",Government,98800.0
2023-04-01,"San Jose-Sunnyvale-Santa Clara, CA Metro Area",Total Private,1056100.0
2023-04-01,"St. Louis, MO-IL Metro Area",Government,154800.0
2023-04-01,"St. Louis, MO-IL Metro Area",Total Private,1273200.0
2023-04-01,"Tampa-St. Petersburg-Clearwater, FL Metro Area",Government,158100.0
2023-04-01,"Tampa-St. Petersburg-Clearwater, FL Metro Area",Total Private,1376100.0
2023-04-01,"Yuba City, CA Metro Area",Government,13900.0
2023-04-01,"Yuba City, CA Metro Area",Total Private,36100.0
2023-05-01,"Austin-Round Rock-Georgetown, TX Metro Area",Government,196200.0
2023-05-01,"Austin-Round Rock-Georgetown, TX Metro Area",Total Private,1134000.0
2023-05-01,"Charlotte-Concord-Gastonia, NC-SC Metro Area",Government,167000.0
2023-05-01,"Charlotte-Concord-Gastonia, NC-SC Metro Area",Total Private,1187600.0
2023-05-01,"Cincinnati, OH-KY-IN Metro Area",Government,131300.0
2023-05-01,"Cincinnati, OH-KY-IN Metro Area",Total Private,1024800.0
2023-05-01,"Cleveland-Elyria, OH Metro Area",Government,134500.0
2023-05-01,"Cleveland-Elyria, OH Metro Area",Total Private,933000.0
2023-05-01,"Columbus, OH Metro Area",Government,188900.0
2023-05-01,"Columbus, OH Metro Area",Total Private,967300.0
2023-05-01,"Detroit-Warren-Dearborn, MI Metro Area",Government,187900.0
2023-05-01,"Detroit-Warren-Dearborn, MI Metro Area",Total Private,1869400.0
2023-05-01,"Indianapolis-Carmel-Anderson, IN Metro Area",Government,143200.0
2023-05-01,"Indianapolis-Carmel-Anderson, IN Metro Area",Total Private,1019100.0
2023-05-01,"Kansas City, MO-KS Metro Area",Government,149100.0
2023-05-01,"Kansas City, MO-KS Metro Area",Total Private,988800.0
2023-05-01,"Miami-Fort Lauderdale-Pompano Beach, FL Metro Area",Government,312100.0
2023-05-01,"Miami-Fort Lauderdale-Pompano Beach, FL Metro Area",Total Private,2590600.0
2023-05-01,"Orlando-Kissimmee-Sanford, FL Metro Area",Government,128600.0
2023-05-01,"Orlando-Kissimmee-Sanford, FL Metro Area",Total Private,1333000.0
2023-05-01,"Phoenix-Mesa-Chandler, AZ Metro Area",Government,251700.0
2023-05-01,"Phoenix-Mesa-Chandler, AZ Metro Area",Total Private,2146000.0
2023-05-01,"Pittsburgh, PA Metro Area",Government,112600.0
2023-05-01,"Pittsburgh, PA Metro Area",Total Private,1051400.0
2023-05-01,"Portland-Vancouver-Hillsboro, OR-WA Metro Area",Government,157200.0
2023-05-01,"Portland-Vancouver-Hillsboro, OR-WA Metro Area",Total Private,1089800.0
2023-05-01,"Riverside-San Bernardino-Ontario, CA Metro Area",Government,264300.0
2023-05-01,"Riverside-San Bernardino-Ontario, CA Metro Area",Total Private,1418000.0
2023-05-01,"Sacramento-Roseville-Folsom, CA Metro Area",Government,260100.00000000003
2023-05-01,"Sacramento-Roseville-Folsom, CA Metro Area",Total Private,814400.0
2023-05-01,"Salt Lake City, UT Metro Area",Government,113600.0
2023-05-01,"Salt Lake City, UT Metro Area",Total Private,703700.0
2023-05-01,"San Antonio-New Braunfels, TX Metro Area",Government,181800.0
2023-05-01,"San Antonio-New Braunfels, TX Metro Area",Total Private,974300.0
2023-05-01,"San Diego-Chula Vista-Carlsbad, CA Metro Area",Government,256500.0
2023-05-01,"San Diego-Chula Vista-Carlsbad, CA Metro Area",Total Private,1302700.0
2023-05-01,"San Francisco-Oakland-Berkeley, CA Metro Area",Government,325300.0
2023-05-01,"San Francisco-Oakland-Berkeley, CA Metro Area",Total Private,2147500.0
2023-05-01,"San Jose-Sunnyvale-Santa Clara, CA Metro Area",Government,99800.0
2023-05-01,"San Jose-Sunnyvale-Santa Clara, CA Metro Area",Total Private,1059100.0
2023-05-01,"St. Louis, MO-IL Metro Area",Government,155500.0
2023-05-01,"St. Louis, MO-IL Metro Area",Total Private,1276100.0
2023-05-01,"Tampa-St. Petersburg-Clearwater, FL Metro Area",Government,156800.0
2023-05-01,"Tampa-St. Petersburg-Clearwater, FL Metro Area",Total Private,1373100.0
2023-05-01,"Yuba City, CA Metro Area",Government,13900.0
2023-05-01,"Yuba City, CA Metro Area",Total Private,36600.0
2023-06-01,"Austin-Round Rock-Georgetown, TX Metro Area",Government,195900.0
2023-06-01,"Austin-Round Rock-Georgetown, TX Metro Area",Total Private,1145200.0
2023-06-01,"Charlotte-Concord-Gastonia, NC-SC Metro Area",Government,164300.0
2023-06-01,"Charlotte-Concord-Gastonia, NC-SC Metro Area",Total Private,1197000.0
2023-06-01,"Cincinnati, OH-KY-IN Metro Area",Government,126800.0
2023-06-01,"Cincinnati, OH-KY-IN Metro Area",Total Private,1033500.0
2023-06-01,"Cleveland-Elyria, OH Metro Area",Government,134100.0
2023-06-01,"Cleveland-Elyria, OH Metro Area",Total Private,941200.0
2023-06-01,"Columbus, OH Metro Area",Government,182900.0
2023-06-01,"Columbus, OH Metro Area",Total Private,975600.0
2023-06-01,"Detroit-Warren-Dearborn, MI Metro Area",Government,187400.0
2023-06-01,"Detroit-Warren-Dearborn, MI Metro Area",Total Private,1887700.0
2023-06-01,"Indianapolis-Carmel-Anderson, IN Metro Area",Government,132400.0
2023-06-01,"Indianapolis-Carmel-Anderson, IN Metro Area",Total Private,1024300.0
2023-06-01,"Kansas City, MO-KS Metro Area",Government,149000.0
2023-06-01,"Kansas City, MO-KS Metro Area",Total Private,997500.0
2023-06-01,"Miami-Fort Lauderdale-Pompano Beach, FL Metro Area",Government,292700.0
2023-06-01,"Miami-Fort Lauderdale-Pompano Beach, FL Metro Area",Total Private,2581000.0
2023-06-01,"Orlando-Kissimmee-Sanford, FL Metro Area",Government,120200.0
2023-06-01,"Orlando-Kissimmee-Sanford, FL Metro Area",Total Private,1333800.0
2023-06-01,"Phoenix-Mesa-Chandler, AZ Metro Area",Government,229600.0
2023-06-01,"Phoenix-Mesa-Chandler, AZ Metro Area",Total Private,2138200.0
2023-06-01,"Pittsburgh, PA Metro Area",Government,112100.0
2023-06-01,"Pittsburgh, PA Metro Area",Total Private,1055400.0
2023-06-01,"Portland-Vancouver-Hillsboro, OR-WA Metro Area",Government,157600.0
2023-06-01,"Portland-Vancouver-Hillsboro, OR-WA Metro Area",Total Private,1092200.0
2023-06-01,"Riverside-San Bernardino-Ontario, CA Metro Area",Government,263100.0
2023-06-01,"Riverside-San Bernardino-Ontario, CA Metro Area",Total Private,1412600.0
2023-06-01,"Sacramento-Roseville-Folsom, CA Metro Area",Government,260200.0
2023-06-01,"Sacramento-Roseville-Folsom, CA Metro Area",Total Private,817400.0
2023-06-01,"Salt Lake City, UT Metro Area",Government,115700.0
2023-06-01,"Salt Lake City, UT Metro Area",Total Private,707300.0
2023-06-01,"San Antonio-New Braunfels, TX Metro Area",Government,180900.0
2023-06-01,"San Antonio-New Braunfels, TX Metro Area",Total Private,984700.0
2023-06-01,"San Diego-Chula Vista-Carlsbad, CA Metro Area",Government,255800.0
2023-06-01,"San Diego-Chula Vista-Carlsbad, CA Metro Area",Total Private,1305400.0
2023-06-01,"San Francisco-Oakland-Berkeley, CA Metro Area",Government,324700.0
2023-06-01,"San Francisco-Oakland-Berkeley, CA Metro Area",Total Private,2155500.0
2023-06-01,"San Jose-Sunnyvale-Santa Clara, CA Metro Area",Government,99300.0
2023-06-01,"San Jose-Sunnyvale-Santa Clara, CA Metro Area",Total Private,1063000.0
2023-06-01,"St. Louis, MO-IL Metro Area",Government,154400.0
2023-06-01,"St. Louis, MO-IL Metro Area",Total Private,1286500.0
2023-06-01,"Tampa-St. Petersburg-Clearwater, FL Metro Area",Government,148900.0
2023-06-01,"Tampa-St. Petersburg-Clearwater, FL Metro Area",Total Private,1375400.0
2023-06-01,"Yuba City, CA Metro Area",Government,14100.0
2023-06-01,"Yuba City, CA Metro Area",Total Private,36800.0
2023-07-01,"Austin-Round Rock-Georgetown, TX Metro Area",Government,184600.0
2023-07-01,"Austin-Round Rock-Georgetown, TX Metro Area",Total Private,1144800.0
2023-07-01,"Charlotte-Concord-Gastonia, NC-SC Metro Area",Government,151700.0
2023-07-01,"Charlotte-Concord-Gastonia, NC-SC Metro Area",Total Private,1195600.0
2023-07-01,"Cincinnati, OH-KY-IN Metro Area",Government,124500.0
2023-07-01,"Cincinnati, OH-KY-IN Metro Area",Total Private,1031599.9999999999
2023-07-01,"Cleveland-Elyria, OH Metro Area",Government,132700.0
2023-07-01,"Cleveland-Elyria, OH Metro Area",Total Private,939800.0
2023-07-01,"Columbus, OH Metro Area",Government,181800.0
2023-07-01,"Columbus, OH Metro Area",Total Private,977300.0
2023-07-01,"Detroit-Warren-Dearborn, MI Metro Area",Government,175200.0
2023-07-01,"Detroit-Warren-Dearborn, MI Metro Area",Total Private,1865300.0
2023-07-01,"Indianapolis-Carmel-Anderson, IN Metro Area",Government,129400.0
2023-07-01,"Indianapolis-Carmel-Anderson, IN Metro Area",Total Private,1027400.0000000001
2023-07-01,"Kansas City, MO-KS Metro Area",Government,144100.0
2023-07-01,"Kansas City, MO-KS Metro Area",Total Private,997200.0
2023-07-01,"Miami-Fort Lauderdale-Pompano Beach, FL Metro Area",Government,293700.0
2023-07-01,"Miami-Fort Lauderdale-Pompano Beach, FL Metro Area",Total Private,2575300.0
2023-07-01,"Orlando-Kissimmee-Sanford, FL Metro Area",Government,121400.0
2023-07-01,"Orlando-Kissimmee-Sanford, FL Metro Area",Total Private,1326800.0
2023-07-01,"Phoenix-Mesa-Chandler, AZ Metro Area",Government,228400.0
2023-07-01,"Phoenix-Mesa-Chandler, AZ Metro Area",Total Private,2123300.0
2023-07-01,"Pittsburgh, PA Metro Area",Government,108500.0
2023-07-01,"Pittsburgh, PA Metro Area",Total Private,1054200.0
2023-07-01,"Portland-Vancouver-Hillsboro, OR-WA Metro Area",Government,149500.0
2023-07-01,"Portland-Vancouver-Hillsboro, OR-WA Metro Area",Total Private,1091000.0
2023-07-01,"Riverside-San Bernardino-Ontario, CA Metro Area",Government,245500.0
2023-07-01,"Riverside-San Bernardino-Ontario, CA Metro Area",Total Private,1412700.0
2023-07-01,"Sacramento-Roseville-Folsom, CA Metro Area",Government,249100.0
2023-07-01,"Sacramento-Roseville-Folsom, CA Metro Area",Total Private,821600.0
2023-07-01,"Salt Lake City, UT Metro Area",Government,111100.0
2023-07-01,"Salt Lake City, UT Metro Area",Total Private,706400.0
2023-07-01,"San Antonio-New Braunfels, TX Metro Area",Government,175000.0
2023-07-01,"San Antonio-New Braunfels, TX Metro Area",Total Private,984100.0
2023-07-01,"San Diego-Chula Vista-Carlsbad, CA Metro Area",Government,238900.0
2023-07-01,"San Diego-Chula Vista-Carlsbad, CA Metro Area",Total Private,1305000.0
2023-07-01,"San Francisco-Oakland-Berkeley, CA Metro Area",Government,310000.0
2023-07-01,"San Francisco-Oakland-Berkeley, CA Metro Area",Total Private,2144600.0
2023-07-01,"San Jose-Sunnyvale-Santa Clara, CA Metro Area",Government,92300.0
2023-07-01,"San Jose-Sunnyvale-Santa Clara, CA Metro Area",Total Private,1060300.0
2023-07-01,"St. Louis, MO-IL Metro Area",Government,137500.0
2023-07-01,"St. Louis, MO-IL Metro Area",Total Private,1286900.0
2023-07-01,"Tampa-St. Petersburg-Clearwater, FL Metro Area",Government,147100.0
2023-07-01,"Tampa-St. Petersburg-Clearwater, FL Metro Area",Total Private,1375400.0
2023-07-01,"Yuba City, CA Metro Area",Government,12600.0
2023-07-01,"Yuba City, CA Metro Area",Total Private,37100.0
2023-08-01,"Austin-Round Rock-Georgetown, TX Metro Area",Government,188600.0
2023-08-01,"Austin-Round Rock-Georgetown, TX Metro Area",Total Private,1144300.0
2023-08-01,"Charlotte-Concord-Gastonia, NC-SC Metro Area",Government,162600.0
2023-08-01,"Charlotte-Concord-Gastonia, NC-SC Metro Area",Total Private,1194600.0
2023-08-01,"Cincinnati, OH-KY-IN Metro Area",Government,128100.0
2023-08-01,"Cincinnati, OH-KY-IN Metro Area",Total Private,1030800.0
2023-08-01,"Cleveland-Elyria, OH Metro Area",Government,131800.0
2023-08-01,"Cleveland-Elyria, OH Metro Area",Total Private,939400.0
2023-08-01,"Columbus, OH Metro Area",Government,183500.0
2023-08-01,"Columbus, OH Metro Area",Total Private,977900.0
2023-08-01,"Detroit-Warren-Dearborn, MI Metro Area",Government,177200.0
2023-08-01,"Detroit-Warren-Dearborn, MI Metro Area",Total Private,1866700.0
2023-08-01,"Indianapolis-Carmel-Anderson, IN Metro Area",Government,142500.0
2023-08-01,"Indianapolis-Carmel-Anderson, IN Metro Area",Total Private,1029599.9999999999
2023-08-01,"Kansas City, MO-KS Metro Area",Government,145800.0
2023-08-01,"Kansas City, MO-KS Metro Area",Total Private,988400.0
2023-08-01,"Miami-Fort Lauderdale-Pompano Beach, FL Metro Area",Government,313400.0
2023-08-01,"Miami-Fort Lauderdale-Pompano Beach, FL Metro Area",Total Private,2579700.0
2023-08-01,"Orlando-Kissimmee-Sanford, FL Metro Area",Government,130000.0
2023-08-01,"Orlando-Kissimmee-Sanford, FL Metro Area",Total Private,1329700.0
2023-08-01,"Phoenix-Mesa-Chandler, AZ Metro Area",Government,247800.0
2023-08-01,"Phoenix-Mesa-Chandler, AZ Metro Area",Total Private,2141900.0
2023-08-01,"Pittsburgh, PA Metro Area",Government,107900.0
2023-08-01,"Pittsburgh, PA Metro Area",Total Private,1051600.0
2023-08-01,"Portland-Vancouver-Hillsboro, OR-WA Metro Area",Government,148900.0
2023-08-01,"Portland-Vancouver-Hillsboro, OR-WA Metro Area",Total Private,1092200.0
2023-08-01,"Riverside-San Bernardino-Ontario, CA Metro Area",Government,250900.0
2023-08-01,"Riverside-San Bernardino-Ontario, CA Metro Area",Total Private,1414600.0
2023-08-01,"Sacramento-Roseville-Folsom, CA Metro Area",Government,252300.0
2023-08-01,"Sacramento-Roseville-Folsom, CA Metro Area",Total Private,822600.0
2023-08-01,"Salt Lake City, UT Metro Area",Government,113100.0
2023-08-01,"Salt Lake City, UT Metro Area",Total Private,708800.0
2023-08-01,"San Antonio-New Braunfels, TX Metro Area",Government,175300.0
2023-08-01,"San Antonio-New Braunfels, TX Metro Area",Total Private,986500.0
2023-08-01,"San Diego-Chula Vista-Carlsbad, CA Metro Area",Government,241100.0
2023-08-01,"San Diego-Chula Vista-Carlsbad, CA Metro Area",Total Private,1306600.0
2023-08-01,"San Francisco-Oakland-Berkeley, CA Metro Area",Government,310200.0
2023-08-01,"San Francisco-Oakland-Berkeley, CA Metro Area",Total Private,2143500.0
2023-08-01,"San Jose-Sunnyvale-Santa Clara, CA Metro Area",Government,94700.0
2023-08-01,"San Jose-Sunnyvale-Santa Clara, CA Metro Area",Total Private,1059700.0
2023-08-01,"St. Louis, MO-IL Metro Area",Government,139400.0
2023-08-01,"St. Louis, MO-IL Metro Area",Total Private,1282800.0
2023-08-01,"Tampa-St. Petersburg-Clearwater, FL Metro Area",Government,155900.0
2023-08-01,"Tampa-St. Petersburg-Clearwater, FL Metro Area",Total Private,1377800.0
2023-08-01,"Yuba City, CA Metro Area",Government,13900.0
2023-08-01,"Yuba City, CA Metro Area",Total Private,37300.0
2023-09-01,"Austin-Round Rock-Georgetown, TX Metro Area",Government,192700.0
2023-09-01,"Austin-Round Rock-Georgetown, TX Metro Area",Total Private,1142600.0
2023-09-01,"Charlotte-Concord-Gastonia, NC-SC Metro Area",Government,171100.0
2023-09-01,"Charlotte-Concord-Gastonia, NC-SC Metro Area",Total Private,1184300.0
2023-09-01,"Cincinnati, OH-KY-IN Metro Area",Government,133400.0
2023-09-01,"Cincinnati, OH-KY-IN Metro Area",Total Private,1024400.0000000001
2023-09-01,"Cleveland-Elyria, OH Metro Area",Government,132600.0
2023-09-01,"Cleveland-Elyria, OH Metro Area",Total Private,929600.0
2023-09-01,"Columbus, OH Metro Area",Government,186700.0
2023-09-01,"Columbus, OH Metro Area",Total Private,970200.0
2023-09-01,"Detroit-Warren-Dearborn, MI Metro Area",Government,191000.0
2023-09-01,"Detroit-Warren-Dearborn, MI Metro Area",Total Private,1854600.0
2023-09-01,"Indianapolis-Carmel-Anderson, IN Metro Area",Government,144200.0
2023-09-01,"Indianapolis-Carmel-Anderson, IN Metro Area",Total Private,1025400.0000000001
2023-09-01,"Kansas City, MO-KS Metro Area",Government,150000.0
2023-09-01,"Kansas City, MO-KS Metro Area",Total Private,988800.0
2023-09-01,"Miami-Fort Lauderdale-Pompano Beach, FL Metro Area",Government,315400.0
2023-09-01,"Miami-Fort Lauderdale-Pompano Beach, FL Metro Area",Total Private,2585400.0
2023-09-01,"Orlando-Kissimmee-Sanford, FL Metro Area",Government,129400.0
2023-09-01,"Orlando-Kissimmee-Sanford, FL Metro Area",Total Private,1332400.0
2023-09-01,"Phoenix-Mesa-Chandler, AZ Metro Area",Government,257899.99999999997
2023-09-01,"Phoenix-Mesa-Chandler, AZ Metro Area",Total Private,2158300.0
2023-09-01,"Pittsburgh, PA Metro Area",Government,113600.0
2023-09-01,"Pittsburgh, PA Metro Area",Total Private,1054900.0
2023-09-01,"Portland-Vancouver-Hillsboro, OR-WA Metro Area",Government,151700.0
2023-09-01,"Portland-Vancouver-Hillsboro, OR-WA Metro Area",Total Private,1091500.0
2023-09-01,"Riverside-San Bernardino-Ontario, CA Metro Area",Government,260300.0
2023-09-01,"Riverside-San Bernardino-Ontario, CA Metro Area",Total Private,1415100.0
2023-09-01,"Sacramento-Roseville-Folsom, CA Metro Area",Government,255100.0
2023-09-01,"Sacramento-Roseville-Folsom, CA Metro Area",Total Private,820200.0
2023-09-01,"Salt Lake City, UT Metro Area",Government,116200.0
2023-09-01,"Salt Lake City, UT Metro Area",Total Private,708200.0
2023-09-01,"San Antonio-New Braunfels, TX Metro Area",Government,182800.0
2023-09-01,"San Antonio-New Braunfels, TX Metro Area",Total Private,983200.0
2023-09-01,"San Diego-Chula Vista-Carlsbad, CA Metro Area",Government,249200.0
2023-09-01,"San Diego-Chula Vista-Carlsbad, CA Metro Area",Total Private,1299300.0
2023-09-01,"San Francisco-Oakland-Berkeley, CA Metro Area",Government,317200.0
2023-09-01,"San Francisco-Oakland-Berkeley, CA Metro Area",Total Private,2136900.0
2023-09-01,"San Jose-Sunnyvale-Santa Clara, CA Metro Area",Government,97800.0
2023-09-01,"San Jose-Sunnyvale-Santa Clara, CA Metro Area",Total Private,1055400.0
2023-09-01,"St. Louis, MO-IL Metro Area",Government,155900.0
2023-09-01,"St. Louis, MO-IL Metro Area",Total Private,1276300.0
2023-09-01,"Tampa-St. Petersburg-Clearwater, FL Metro Area",Government,158800.0
2023-09-01,"Tampa-St. Petersburg-Clearwater, FL Metro Area",Total Private,1373900.0
2023-09-01,"Yuba City, CA Metro Area",Government,14100.0
2023-09-01,"Yuba City, CA Metro Area",Total Private,37400.0
2023-10-01,"Austin-Round Rock-Georgetown, TX Metro Area",Government,195400.0
2023-10-01,"Austin-Round Rock-Georgetown, TX Metro Area",Total Private,1153600.0
2023-10-01,"Charlotte-Concord-Gastonia, NC-SC Metro Area",Government,172300.0
2023-10-01,"Charlotte-Concord-Gastonia, NC-SC Metro Area",Total Private,1188800.0
2023-10-01,"Cincinnati, OH-KY-IN Metro Area",Government,134000.0
2023-10-01,"Cincinnati, OH-KY-IN Metro Area",Total Private,1030000.0
2023-10-01,"Cleveland-Elyria, OH Metro Area",Government,134400.0
2023-10-01,"Cleveland-Elyria, OH Metro Area",Total Private,934500.0
2023-10-01,"Columbus, OH Metro Area",Government,188200.0
2023-10-01,"Columbus, OH Metro Area",Total Private,977100.0
2023-10-01,"Detroit-Warren-Dearborn, MI Metro Area",Government,193200.0
2023-10-01,"Detroit-Warren-Dearborn, MI Metro Area",Total Private,1848300.0
2023-10-01,"Indianapolis-Carmel-Anderson, IN Metro Area",Government,144200.0
2023-10-01,"Indianapolis-Carmel-Anderson, IN Metro Area",Total Private,1034000.0
2023-10-01,"Kansas City, MO-KS Metro Area",Government,150800.0
2023-10-01,"Kansas City, MO-KS Metro Area",Total Private,993400.0
2023-10-01,"Miami-Fort Lauderdale-Pompano Beach, FL Metro Area",Government,317500.0
2023-10-01,"Miami-Fort Lauderdale-Pompano Beach, FL Metro Area",Total Private,2617900.0
2023-10-01,"Orlando-Kissimmee-Sanford, FL Metro Area",Government,130500.0
2023-10-01,"Orlando-Kissimmee-Sanford, FL Metro Area",Total Private,1345400.0
2023-10-01,"Phoenix-Mesa-Chandler, AZ Metro Area",Government,260300.0
2023-10-01,"Phoenix-Mesa-Chandler, AZ Metro Area",Total Private,2174600.0
2023-10-01,"Pittsburgh, PA Metro Area",Government,114300.0
2023-10-01,"Pittsburgh, PA Metro Area",Total Private,1059500.0
2023-10-01,"Portland-Vancouver-Hillsboro, OR-WA Metro Area",Government,157200.0
2023-10-01,"Portland-Vancouver-Hillsboro, OR-WA Metro Area",Total Private,1086200.0
2023-10-01,"Riverside-San Bernardino-Ontario, CA Metro Area",Government,267100.0
2023-10-01,"Riverside-San Bernardino-Ontario, CA Metro Area",Total Private,1433700.0
2023-10-01,"Sacramento-Roseville-Folsom, CA Metro Area",Government,258899.99999999997
2023-10-01,"Sacramento-Roseville-Folsom, CA Metro Area",Total Private,829200.0
2023-10-01,"Salt Lake City, UT Metro Area",Government,116500.0
2023-10-01,"Salt Lake City, UT Metro Area",Total Private,713500.0
2023-10-01,"San Antonio-New Braunfels, TX Metro Area",Government,185000.0
2023-10-01,"San Antonio-New Braunfels, TX Metro Area",Total Private,992100.0
2023-10-01,"San Diego-Chula Vista-Carlsbad, CA Metro Area",Government,255300.0
2023-10-01,"San Diego-Chula Vista-Carlsbad, CA Metro Area",Total Private,1309000.0
2023-10-01,"San Francisco-Oakland-Berkeley, CA Metro Area",Government,320500.0
2023-10-01,"San Francisco-Oakland-Berkeley, CA Metro Area",Total Private,2155900.0
2023-10-01,"San Jose-Sunnyvale-Santa Clara, CA Metro Area",Government,99800.0
2023-10-01,"San Jose-Sunnyvale-Santa Clara, CA Metro Area",Total Private,1063400.0
2023-10-01,"St. Louis, MO-IL Metro Area",Government,157000.0
2023-10-01,"St. Louis, MO-IL Metro Area",Total Private,1285900.0
2023-10-01,"Tampa-St. Petersburg-Clearwater, FL Metro Area",Government,160100.0
2023-10-01,"Tampa-St. Petersburg-Clearwater, FL Metro Area",Total Private,1386400.0
2023-10-01,"Yuba City, CA Metro Area",Government,14200.0
2023-10-01,"Yuba City, CA Metro Area",Total Private,37700.0
2023-11-01,"Austin-Round Rock-Georgetown, TX Metro Area",Government,197900.0
2023-11-01,"Austin-Round Rock-Georgetown, TX Metro Area",Total Private,1161100.0
2023-11-01,"Charlotte-Concord-Gastonia, NC-SC Metro Area",Government,174700.0
2023-11-01,"Charlotte-Concord-Gastonia, NC-SC Metro Area",Total Private,1194100.0
2023-11-01,"Cincinnati, OH-KY-IN Metro Area",Government,134300.0
2023-11-01,"Cincinnati, OH-KY-IN Metro Area",Total Private,1029700.0
2023-11-01,"Cleveland-Elyria, OH Metro Area",Government,136100.0
2023-11-01,"Cleveland-Elyria, OH Metro Area",Total Private,934700.0
2023-11-01,"Columbus, OH Metro Area",Government,189500.0
2023-11-01,"Columbus, OH Metro Area",Total Private,978500.0
2023-11-01,"Detroit-Warren-Dearborn, MI Metro Area",Government,194200.0
2023-11-01,"Detroit-Warren-Dearborn, MI Metro Area",Total Private,1851800.0
2023-11-01,"Indianapolis-Carmel-Anderson, IN Metro Area",Government,145200.0
2023-11-01,"Indianapolis-Carmel-Anderson, IN Metro Area",Total Private,1038400.0000000001
2023-11-01,"Kansas City, MO-KS Metro Area",Government,152100.0
2023-11-01,"Kansas City, MO-KS Metro Area",Total Private,995600.0
2023-11-01,"Miami-Fort Lauderdale-Pompano Beach, FL Metro Area",Government,317900.0
2023-11-01,"Miami-Fort Lauderdale-Pompano Beach, FL Metro Area",Total Private,2642800.0
2023-11-01,"Orlando-Kissimmee-Sanford, FL Metro Area",Government,131100.0
2023-11-01,"Orlando-Kissimmee-Sanford, FL Metro Area",Total Private,1356800.0
2023-11-01,"Phoenix-Mesa-Chandler, AZ Metro Area",Government,260600.00000000003
2023-11-01,"Phoenix-Mesa-Chandler, AZ Metro Area",Total Private,2203900.0
2023-11-01,"Pittsburgh, PA Metro Area",Government,115400.0
2023-11-01,"Pittsburgh, PA Metro Area",Total Private,1061100.0
2023-11-01,"Portland-Vancouver-Hillsboro, OR-WA Metro Area",Government,157500.0
2023-11-01,"Portland-Vancouver-Hillsboro, OR-WA Metro Area",Total Private,1082600.0
2023-11-01,"Riverside-San Bernardino-Ontario, CA Metro Area",Government,270200.0
2023-11-01,"Riverside-San Bernardino-Ontario, CA Metro Area",Total Private,1443400.0
2023-11-01,"Sacramento-Roseville-Folsom, CA Metro Area",Government,262000.0
2023-11-01,"Sacramento-Roseville-Folsom, CA Metro Area",Total Private,833300.0
2023-11-01,"Salt Lake City, UT Metro Area",Government,116300.0
2023-11-01,"Salt Lake City, UT Metro Area",Total Private,716300.0
2023-11-01,"San Antonio-New Braunfels, TX Metro Area",Government,186300.0
2023-11-01,"San Antonio-New Braunfels, TX Metro Area",Total Private,997200.0
2023-11-01,"San Diego-Chula Vista-Carlsbad, CA Metro Area",Government,256500.0
2023-11-01,"San Diego-Chula Vista-Carlsbad, CA Metro Area",Total Private,1313800.0
2023-11-01,"San Francisco-Oakland-Berkeley, CA Metro Area",Government,324700.0
2023-11-01,"San Francisco-Oakland-Berkeley, CA Metro Area",Total Private,2158100.0
2023-11-01,"San Jose-Sunnyvale-Santa Clara, CA Metro Area",Government,100600.0
2023-11-01,"San Jose-Sunnyvale-Santa Clara, CA Metro Area",Total Private,1064400.0
2023-11-01,"St. Louis, MO-IL Metro Area",Government,157400.0
2023-11-01,"St. Louis, MO-IL Metro Area",Total Private,1292900.0
2023-11-01,"Tampa-St. Petersburg-Clearwater, FL Metro Area",Government,160600.0
2023-11-01,"Tampa-St. Petersburg-Clearwater, FL Metro Area",Total Private,1399300.0
2023-11-01,"Yuba City, CA Metro Area",Government,14500.0
2023-11-01,"Yuba City, CA Metro Area",Total Private,37900.0
2023-12-01,"Austin-Round Rock-Georgetown, TX Metro Area",Government,197200.0
2023-12-01,"Austin-Round Rock-Georgetown, TX Metro Area",Total Private,1159500.0
2023-12-01,"Charlotte-Concord-Gastonia, NC-SC Metro Area",Government,173600.0
2023-12-01,"Charlotte-Concord-Gastonia, NC-SC Metro Area",Total Private,1192700.0
2023-12-01,"Cincinnati, OH-KY-IN Metro Area",Government,130400.0
2023-12-01,"Cincinnati, OH-KY-IN Metro Area",Total Private,1030300.0
2023-12-01,"Cleveland-Elyria, OH Metro Area",Government,135200.0
2023-12-01,"Cleveland-Elyria, OH Metro Area",Total Private,934100.0
2023-12-01,"Columbus, OH Metro Area",Government,189700.0
2023-12-01,"Columbus, OH Metro Area",Total Private,974600.0
2023-12-01,"Detroit-Warren-Dearborn, MI Metro Area",Government,192200.0
2023-12-01,"Detroit-Warren-Dearborn, MI Metro Area",Total Private,1854700.0
2023-12-01,"Indianapolis-Carmel-Anderson, IN Metro Area",Government,145000.0
2023-12-01,"Indianapolis-Carmel-Anderson, IN Metro Area",Total Private,1035800.0
2023-12-01,"Kansas City, MO-KS Metro Area",Government,151000.0
2023-12-01,"Kansas City, MO-KS Metro Area",Total Private,994200.0
2023-12-01,"Miami-Fort Lauderdale-Pompano Beach, FL Metro Area",Government,318000.0
2023-12-01,"Miami-Fort Lauderdale-Pompano Beach, FL Metro Area",Total Private,2661200.0
2023-12-01,"Orlando-Kissimmee-Sanford, FL Metro Area",Government,130300.00000000001
2023-12-01,"Orlando-Kissimmee-Sanford, FL Metro Area",Total Private,1360600.0
2023-12-01,"Phoenix-Mesa-Chandler, AZ Metro Area",Government,256500.0
2023-12-01,"Phoenix-Mesa-Chandler, AZ Metro Area",Total Private,2213400.0
2023-12-01,"Pittsburgh, PA Metro Area",Government,114100.0
2023-12-01,"Pittsburgh, PA Metro Area",Total Private,1055000.0
2023-12-01,"Portland-Vancouver-Hillsboro, OR-WA Metro Area",Government,156900.0
2023-12-01,"Portland-Vancouver-Hillsboro, OR-WA Metro Area",Total Private,1083500.0
2023-12-01,"Riverside-San Bernardino-Ontario, CA Metro Area",Government,270300.0
2023-12-01,"Riverside-San Bernardino-Ontario, CA Metro Area",Total Private,1448200.0
2023-12-01,"Sacramento-Roseville-Folsom, CA Metro Area",Government,261100.00000000003
2023-12-01,"Sacramento-Roseville-Folsom, CA Metro Area",Total Private,834800.0
2023-12-01,"Salt Lake City, UT Metro Area",Government,116200.0
2023-12-01,"Salt Lake City, UT Metro Area",Total Private,714200.0
2023-12-01,"San Antonio-New Braunfels, TX Metro Area",Government,186900.0
2023-12-01,"San Antonio-New Braunfels, TX Metro Area",Total Private,1000000.0
2023-12-01,"San Diego-Chula Vista-Carlsbad, CA Metro Area",Government,256399.99999999997
2023-12-01,"San Diego-Chula Vista-Carlsbad, CA Metro Area",Total Private,1315600.0
2023-12-01,"San Francisco-Oakland-Berkeley, CA Metro Area",Government,323500.0
2023-12-01,"San Francisco-Oakland-Berkeley, CA Metro Area",Total Private,2167200.0
2023-12-01,"San Jose-Sunnyvale-Santa Clara, CA Metro Area",Government,100400.0
2023-12-01,"San Jose-Sunnyvale-Santa Clara, CA Metro Area",Total Private,1067400.0
2023-12-01,"St. Louis, MO-IL Metro Area",Government,157700.0
2023-12-01,"St. Louis, MO-IL Metro Area",Total Private,1288100.0
2023-12-01,"Tampa-St. Petersburg-Clearwater, FL Metro Area",Government,159500.0
2023-12-01,"Tampa-St. Petersburg-Clearwater, FL Metro Area",Total Private,1400100.0
2023-12-01,"Yuba City, CA Metro Area",Government,14600.0
2023-12-01,"Yuba City, CA Metro Area",Total Private,38000.0
2024-01-01,"Austin-Round Rock-Georgetown, TX Metro Area",Government,195100.0
2024-01-01,"Austin-Round Rock-Georgetown, TX Metro Area",Total Private,1138800.0
2024-01-01,"Charlotte-Concord-Gastonia, NC-SC Metro Area",Government,172200.0
2024-01-01,"Charlotte-Concord-Gastonia, NC-SC Metro Area",Total Private,1169900.0
2024-01-01,"Cincinnati, OH-KY-IN Metro Area",Government,131800.0
2024-01-01,"Cincinnati, OH-KY-IN Metro Area",Total Private,1005500.0
2024-01-01,"Cleveland-Elyria, OH Metro Area",Government,130400.0
2024-01-01,"Cleveland-Elyria, OH Metro Area",Total Private,915000.0
2024-01-01,"Columbus, OH Metro Area",Government,189200.0
2024-01-01,"Columbus, OH Metro Area",Total Private,949000.0
2024-01-01,"Detroit-Warren-Dearborn, MI Metro Area",Government,187300.0
2024-01-01,"Detroit-Warren-Dearborn, MI Metro Area",Total Private,1812100.0
2024-01-01,"Indianapolis-Carmel-Anderson, IN Metro Area",Government,142600.0
2024-01-01,"Indianapolis-Carmel-Anderson, IN Metro Area",Total Private,1015700.0
2024-01-01,"Kansas City, MO-KS Metro Area",Government,149300.0
2024-01-01,"Kansas City, MO-KS Metro Area",Total Private,971900.0
2024-01-01,"Miami-Fort Lauderdale-Pompano Beach, FL Metro Area",Government,318300.0
2024-01-01,"Miami-Fort Lauderdale-Pompano Beach, FL Metro Area",Total Private,2624400.0
2024-01-01,"Orlando-Kissimmee-Sanford, FL Metro Area",Government,130500.0
2024-01-01,"Orlando-Kissimmee-Sanford, FL Metro Area",Total Private,1337300.0
2024-01-01,"Phoenix-Mesa-Chandler, AZ Metro Area",Government,258500.0
2024-01-01,"Phoenix-Mesa-Chandler, AZ Metro Area",Total Private,2174600.0
2024-01-01,"Pittsburgh, PA Metro Area",Government,112000.0
2024-01-01,"Pittsburgh, PA Metro Area",Total Private,1031200.0
2024-01-01,"Portland-Vancouver-Hillsboro, OR-WA Metro Area",Government,156000.0
2024-01-01,"Portland-Vancouver-Hillsboro, OR-WA Metro Area",Total Private,1055900.0
2024-01-01,"Riverside-San Bernardino-Ontario, CA Metro Area",Government,270200.0
2024-01-01,"Riverside-San Bernardino-Ontario, CA Metro Area",Total Private,1414700.0
2024-01-01,"Sacramento-Roseville-Folsom, CA Metro Area",Government,261500.0
2024-01-01,"Sacramento-Roseville-Folsom, CA Metro Area",Total Private,820100.0
2024-01-01,"Salt Lake City, UT Metro Area",Government,115800.0
2024-01-01,"Salt Lake City, UT Metro Area",Total Private,703200.0
2024-01-01,"San Antonio-New Braunfels, TX Metro Area",Government,183400.0
2024-01-01,"San Antonio-New Braunfels, TX Metro Area",Total Private,984500.0
2024-01-01,"San Diego-Chula Vista-Carlsbad, CA Metro Area",Government,255100.0
2024-01-01,"San Diego-Chula Vista-Carlsbad, CA Metro Area",Total Private,1290800.0
2024-01-01,"San Francisco-Oakland-Berkeley, CA Metro Area",Government,324100.0
2024-01-01,"San Francisco-Oakland-Berkeley, CA Metro Area",Total Private,2121900.0
2024-01-01,"San Jose-Sunnyvale-Santa Clara, CA Metro Area",Government,99400.0
2024-01-01,"San Jose-Sunnyvale-Santa Clara, CA Metro Area",Total Private,1048200.0
2024-01-01,"St. Louis, MO-IL Metro Area",Government,154300.0
2024-01-01,"St. Louis, MO-IL Metro Area",Total Private,1261800.0
2024-01-01,"Tampa-St. Petersburg-Clearwater, FL Metro Area",Government,159100.0
2024-01-01,"Tampa-St. Petersburg-Clearwater, FL Metro Area",Total Private,1382000.0
2024-01-01,"Yuba City, CA Metro Area",Government,14000.0
2024-01-01,"Yuba City, CA Metro Area",Total Private,37300.0
2024-02-01,"Austin-Round Rock-Georgetown, TX Metro Area",Government,199500.0
2024-02-01,"Austin-Round Rock-Georgetown, TX Metro Area",Total Private,1149500.0
2024-02-01,"Charlotte-Concord-Gastonia, NC-SC Metro Area",Government,172900.0
2024-02-01,"Charlotte-Concord-Gastonia, NC-SC Metro Area",Total Private,1178300.0
2024-02-01,"Cincinnati, OH-KY-IN Metro Area",Government,134700.0
2024-02-01,"Cincinnati, OH-KY-IN Metro Area",Total Private,1004700.0
2024-02-01,"Cleveland-Elyria, OH Metro Area",Government,133700.0
2024-02-01,"Cleveland-Elyria, OH Metro Area",Total Private,919800.0
2024-02-01,"Columbus, OH Metro Area",Government,191900.0
2024-02-01,"Columbus, OH Metro Area",Total Private,951300.0
2024-02-01,"Detroit-Warren-Dearborn, MI Metro Area",Government,191400.0
2024-02-01,"Detroit-Warren-Dearborn, MI Metro Area",Total Private,1818900.0
2024-02-01,"Indianapolis-Carmel-Anderson, IN Metro Area",Government,145200.0
2024-02-01,"Indianapolis-Carmel-Anderson, IN Metro Area",Total Private,1021400.0
2024-02-01,"Kansas City, MO-KS Metro Area",Government,151400.0
2024-02-01,"Kansas City, MO-KS Metro Area",Total Private,977200.0
2024-02-01,"Miami-Fort Lauderdale-Pompano Beach, FL Metro Area",Government,320000.0
2024-02-01,"Miami-Fort Lauderdale-Pompano Beach, FL Metro Area",Total Private,2633600.0
2024-02-01,"Orlando-Kissimmee-Sanford, FL Metro Area",Government,131900.0
2024-02-01,"Orlando-Kissimmee-Sanford, FL Metro Area",Total Private,1344900.0
2024-02-01,"Phoenix-Mesa-Chandler, AZ Metro Area",Government,263000.0
2024-02-01,"Phoenix-Mesa-Chandler, AZ Metro Area",Total Private,2182500.0
2024-02-01,"Pittsburgh, PA Metro Area",Government,113900.0
2024-02-01,"Pittsburgh, PA Metro Area",Total Private,1035900.0000000001
2024-02-01,"Portland-Vancouver-Hillsboro, OR-WA Metro Area",Government,157600.0
2024-02-01,"Portland-Vancouver-Hillsboro, OR-WA Metro Area",Total Private,1061000.0
2024-02-01,"Riverside-San Bernardino-Ontario, CA Metro Area",Government,270900.0
2024-02-01,"Riverside-San Bernardino-Ontario, CA Metro Area",Total Private,1415600.0
2024-02-01,"Sacramento-Roseville-Folsom, CA Metro Area",Government,262100.00000000003
2024-02-01,"Sacramento-Roseville-Folsom, CA Metro Area",Total Private,825200.0
2024-02-01,"Salt Lake City, UT Metro Area",Government,116700.0
2024-02-01,"Salt Lake City, UT Metro Area",Total Private,703900.0
2024-02-01,"San Antonio-New Braunfels, TX Metro Area",Government,187300.0
2024-02-01,"San Antonio-New Braunfels, TX Metro Area",Total Private,989400.0
2024-02-01,"San Diego-Chula Vista-Carlsbad, CA Metro Area",Government,255500.0
2024-02-01,"San Diego-Chula Vista-Carlsbad, CA Metro Area",Total Private,1297300.0
2024-02-01,"San Francisco-Oakland-Berkeley, CA Metro Area",Government,325300.0
2024-02-01,"San Francisco-Oakland-Berkeley, CA Metro Area",Total Private,2128000.0
2024-02-01,"San Jose-Sunnyvale-Santa Clara, CA Metro Area",Government,99700.0
2024-02-01,"San Jose-Sunnyvale-Santa Clara, CA Metro Area",Total Private,1050300.0
2024-02-01,"St. Louis, MO-IL Metro Area",Government,156800.0
2024-02-01,"St. Louis, MO-IL Metro Area",Total Private,1269500.0
2024-02-01,"Tampa-St. Petersburg-Clearwater, FL Metro Area",Government,160200.0
2024-02-01,"Tampa-St. Petersburg-Clearwater, FL Metro Area",Total Private,1392100.0
2024-02-01,"Yuba City, CA Metro Area",Government,13900.0
2024-02-01,"Yuba City, CA Metro Area",Total Private,37300.0
2024-03-01,"Austin-Round Rock-Georgetown, TX Metro Area",Government,200000.0
2024-03-01,"Austin-Round Rock-Georgetown, TX Metro Area",Total Private,1147600.0
2024-03-01,"Charlotte-Concord-Gastonia, NC-SC Metro Area",Government,174000.0
2024-03-01,"Charlotte-Concord-Gastonia, NC-SC Metro Area",Total Private,1181100.0
2024-03-01,"Cincinnati, OH-KY-IN Metro Area",Government,134700.0
2024-03-01,"Cincinnati, OH-KY-IN Metro Area",Total Private,1012400.0
2024-03-01,"Cleveland-Elyria, OH Metro Area",Government,134700.0
2024-03-01,"Cleveland-Elyria, OH Metro Area",Total Private,923700.0
2024-03-01,"Columbus, OH Metro Area",Government,192100.0
2024-03-01,"Columbus, OH Metro Area",Total Private,955200.0
2024-03-01,"Detroit-Warren-Dearborn, MI Metro Area",Government,192100.0
2024-03-01,"Detroit-Warren-Dearborn, MI Metro Area",Total Private,1827800.0
2024-03-01,"Indianapolis-Carmel-Anderson, IN Metro Area",Government,145700.0
2024-03-01,"Indianapolis-Carmel-Anderson, IN Metro Area",Total Private,1025400.0000000001
2024-03-01,"Kansas City, MO-KS Metro Area",Government,151800.0
2024-03-01,"Kansas City, MO-KS Metro Area",Total Private,981800.0
2024-03-01,"Miami-Fort Lauderdale-Pompano Beach, FL Metro Area",Government,321900.0
2024-03-01,"Miami-Fort Lauderdale-Pompano Beach, FL Metro Area",Total Private,2636500.0
2024-03-01,"Orlando-Kissimmee-Sanford, FL Metro Area",Government,132300.0
2024-03-01,"Orlando-Kissimmee-Sanford, FL Metro Area",Total Private,1348100.0
2024-03-01,"Phoenix-Mesa-Chandler, AZ Metro Area",Government,263200.0
2024-03-01,"Phoenix-Mesa-Chandler, AZ Metro Area",Total Private,2182700.0
2024-03-01,"Pittsburgh, PA Metro Area",Government,114200.0
2024-03-01,"Pittsburgh, PA Metro Area",Total Private,1044400.0000000001
2024-03-01,"Portland-Vancouver-Hillsboro, OR-WA Metro Area",Government,158800.0
2024-03-01,"Portland-Vancouver-Hillsboro, OR-WA Metro Area",Total Private,1064800.0
2024-03-01,"Riverside-San Bernardino-Ontario, CA Metro Area",Government,273200.0
2024-03-01,"Riverside-San Bernardino-Ontario, CA Metro Area",Total Private,1418800.0
2024-03-01,"Sacramento-Roseville-Folsom, CA Metro Area",Government,264900.0
2024-03-01,"Sacramento-Roseville-Folsom, CA Metro Area",Total Private,825800.0
2024-03-01,"Salt Lake City, UT Metro Area",Government,117300.0
2024-03-01,"Salt Lake City, UT Metro Area",Total Private,705700.0
2024-03-01,"San Antonio-New Braunfels, TX Metro Area",Government,187500.0
2024-03-01,"San Antonio-New Braunfels, TX Metro Area",Total Private,988800.0
2024-03-01,"San Diego-Chula Vista-Carlsbad, CA Metro Area",Government,257500.0
2024-03-01,"San Diego-Chula Vista-Carlsbad, CA Metro Area",Total Private,1299200.0
2024-03-01,"San Francisco-Oakland-Berkeley, CA Metro Area",Government,329000.0
2024-03-01,"San Francisco-Oakland-Berkeley, CA Metro Area",Total Private,2130600.0
2024-03-01,"San Jose-Sunnyvale-Santa Clara, CA Metro Area",Government,101700.0
2024-03-01,"San Jose-Sunnyvale-Santa Clara, CA Metro Area",Total Private,1052900.0
2024-03-01,"St. Louis, MO-IL Metro Area",Government,157400.0
2024-03-01,"St. Louis, MO-IL Metro Area",Total Private,1278700.0
2024-03-01,"Tampa-St. Petersburg-Clearwater, FL Metro Area",Government,160400.0
2024-03-01,"Tampa-St. Petersburg-Clearwater, FL Metro Area",Total Private,1392500.0
2024-03-01,"Yuba City, CA Metro Area",Government,14300.0
2024-03-01,"Yuba City, CA Metro Area",Total Private,37300.0
2024-04-01,"Austin-Round Rock-Georgetown, TX Metro Area",Government,200500.0
2024-04-01,"Austin-Round Rock-Georgetown, TX Metro Area",Total Private,1153900.0
2024-04-01,"Charlotte-Concord-Gastonia, NC-SC Metro Area",Government,174900.0
2024-04-01,"Charlotte-Concord-Gastonia, NC-SC Metro Area",Total Private,1187500.0
2024-04-01,"Cincinnati, OH-KY-IN Metro Area",Government,133800.0
2024-04-01,"Cincinnati, OH-KY-IN Metro Area",Total Private,1019400.0
2024-04-01,"Cleveland-Elyria, OH Metro Area",Government,133700.0
2024-04-01,"Cleveland-Elyria, OH Metro Area",Total Private,929000.0
2024-04-01,"Columbus, OH Metro Area",Government,190500.0
2024-04-01,"Columbus, OH Metro Area",Total Private,960500.0
2024-04-01,"Detroit-Warren-Dearborn, MI Metro Area",Government,193000.0
2024-04-01,"Detroit-Warren-Dearborn, MI Metro Area",Total Private,1845500.0
2024-04-01,"Indianapolis-Carmel-Anderson, IN Metro Area",Government,145800.0
2024-04-01,"Indianapolis-Carmel-Anderson, IN Metro Area",Total Private,1032700.0
2024-04-01,"Kansas City, MO-KS Metro Area",Government,152300.0
2024-04-01,"Kansas City, MO-KS Metro Area",Total Private,996400.0
2024-04-01,"Miami-Fort Lauderdale-Pompano Beach, FL Metro Area",Government,321500.0
2024-04-01,"Miami-Fort Lauderdale-Pompano Beach, FL Metro Area",Total Private,2646500.0
2024-04-01,"Orlando-Kissimmee-Sanford, FL Metro Area",Government,132500.0
2024-04-01,"Orlando-Kissimmee-Sanford, FL Metro Area",Total Private,1350900.0
2024-04-01,"Phoenix-Mesa-Chandler, AZ Metro Area",Government,263900.0
2024-04-01,"Phoenix-Mesa-Chandler, AZ Metro Area",Total Private,2192100.0
2024-04-01,"Pittsburgh, PA Metro Area",Government,114300.0
2024-04-01,"Pittsburgh, PA Metro Area",Total Private,1056600.0
2024-04-01,"Portland-Vancouver-Hillsboro, OR-WA Metro Area",Government,159300.0
2024-04-01,"Portland-Vancouver-Hillsboro, OR-WA Metro Area",Total Private,1070800.0
2024-04-01,"Riverside-San Bernardino-Ontario, CA Metro Area",Government,274700.0
2024-04-01,"Riverside-San Bernardino-Ontario, CA Metro Area",Total Private,1419800.0
2024-04-01,"Sacramento-Roseville-Folsom, CA Metro Area",Government,265300.0
2024-04-01,"Sacramento-Roseville-Folsom, CA Metro Area",Total Private,831100.0
2024-04-01,"Salt Lake City, UT Metro Area",Government,118200.0
2024-04-01,"Salt Lake City, UT Metro Area",Total Private,710500.0
2024-04-01,"San Antonio-New Braunfels, TX Metro Area",Government,188200.0
2024-04-01,"San Antonio-New Braunfels, TX Metro Area",Total Private,993400.0
2024-04-01,"San Diego-Chula Vista-Carlsbad, CA Metro Area",Government,259300.0
2024-04-01,"San Diego-Chula Vista-Carlsbad, CA Metro Area",Total Private,1303400.0
2024-04-01,"San Francisco-Oakland-Berkeley, CA Metro Area",Government,328900.0
2024-04-01,"San Francisco-Oakland-Berkeley, CA Metro Area",Total Private,2136200.0
2024-04-01,"San Jose-Sunnyvale-Santa Clara, CA Metro Area",Government,100400.0
2024-04-01,"San Jose-Sunnyvale-Santa Clara, CA Metro Area",Total Private,1055200.0
2024-04-01,"St. Louis, MO-IL Metro Area",Government,157400.0
2024-04-01,"St. Louis, MO-IL Metro Area",Total Private,1297700.0
2024-04-01,"Tampa-St. Petersburg-Clearwater, FL Metro Area",Government,161000.0
2024-04-01,"Tampa-St. Petersburg-Clearwater, FL Metro Area",Total Private,1398200.0
2024-04-01,"Yuba City, CA Metro Area",Government,14800.0
2024-04-01,"Yuba City, CA Metro Area",Total Private,37500.0
