date_,Geography,Variable,Value
2000-01-01,"Austin-Round Rock-Georgetown, TX Metro Area",Total,657400.0
2000-02-01,"Austin-Round Rock-Georgetown, TX Metro Area",Total,667000.0
2000-03-01,"Austin-Round Rock-Georgetown, TX Metro Area",Total,674300.0
2000-04-01,"Austin-Round Rock-Georgetown, TX Metro Area",Total,675000.0
2000-05-01,"Austin-Round Rock-Georgetown, TX Metro Area",Total,682400.0
2000-06-01,"Austin-Round Rock-Georgetown, TX Metro Area",Total,687700.0
2000-07-01,"Austin-Round Rock-Georgetown, TX Metro Area",Total,679200.0
2000-08-01,"Austin-Round Rock-Georgetown, TX Metro Area",Total,688400.0
2000-09-01,"Austin-Round Rock-Georgetown, TX Metro Area",Total,695100.0
2000-10-01,"Austin-Round Rock-Georgetown, TX Metro Area",Total,697200.0
2000-11-01,"Austin-Round Rock-Georgetown, TX Metro Area",Total,701600.0
2000-12-01,"Austin-Round Rock-Georgetown, TX Metro Area",Total,702400.0
2001-01-01,"Austin-Round Rock-Georgetown, TX Metro Area",Total,687100.0
2001-02-01,"Austin-Round Rock-Georgetown, TX Metro Area",Total,692200.0
2001-03-01,"Austin-Round Rock-Georgetown, TX Metro Area",Total,695100.0
2001-04-01,"Austin-Round Rock-Georgetown, TX Metro Area",Total,690900.0
2001-05-01,"Austin-Round Rock-Georgetown, TX Metro Area",Total,690700.0
2001-06-01,"Austin-Round Rock-Georgetown, TX Metro Area",Total,690400.0
2001-07-01,"Austin-Round Rock-Georgetown, TX Metro Area",Total,675400.0
2001-08-01,"Austin-Round Rock-Georgetown, TX Metro Area",Total,680600.0
2001-09-01,"Austin-Round Rock-Georgetown, TX Metro Area",Total,683800.0
2001-10-01,"Austin-Round Rock-Georgetown, TX Metro Area",Total,680100.0
2001-11-01,"Austin-Round Rock-Georgetown, TX Metro Area",Total,679600.0
2001-12-01,"Austin-Round Rock-Georgetown, TX Metro Area",Total,677500.0
2002-01-01,"Austin-Round Rock-Georgetown, TX Metro Area",Total,663300.0
2002-02-01,"Austin-Round Rock-Georgetown, TX Metro Area",Total,667800.0
2002-03-01,"Austin-Round Rock-Georgetown, TX Metro Area",Total,670799.9999999991
2002-04-01,"Austin-Round Rock-Georgetown, TX Metro Area",Total,672200.0
2002-05-01,"Austin-Round Rock-Georgetown, TX Metro Area",Total,674400.0
2002-06-01,"Austin-Round Rock-Georgetown, TX Metro Area",Total,669100.0
2002-07-01,"Austin-Round Rock-Georgetown, TX Metro Area",Total,660700.0
2002-08-01,"Austin-Round Rock-Georgetown, TX Metro Area",Total,666000.0
2002-09-01,"Austin-Round Rock-Georgetown, TX Metro Area",Total,671500.0
2002-10-01,"Austin-Round Rock-Georgetown, TX Metro Area",Total,669800.0
2002-11-01,"Austin-Round Rock-Georgetown, TX Metro Area",Total,673500.0
2002-12-01,"Austin-Round Rock-Georgetown, TX Metro Area",Total,672000.0
2003-01-01,"Austin-Round Rock-Georgetown, TX Metro Area",Total,657600.0
2003-02-01,"Austin-Round Rock-Georgetown, TX Metro Area",Total,660200.0
2003-03-01,"Austin-Round Rock-Georgetown, TX Metro Area",Total,660700.0
2003-04-01,"Austin-Round Rock-Georgetown, TX Metro Area",Total,664700.0
2003-05-01,"Austin-Round Rock-Georgetown, TX Metro Area",Total,666600.0
2003-06-01,"Austin-Round Rock-Georgetown, TX Metro Area",Total,665600.0
2003-07-01,"Austin-Round Rock-Georgetown, TX Metro Area",Total,657600.0
2003-08-01,"Austin-Round Rock-Georgetown, TX Metro Area",Total,660800.0
2003-09-01,"Austin-Round Rock-Georgetown, TX Metro Area",Total,666400.0
2003-10-01,"Austin-Round Rock-Georgetown, TX Metro Area",Total,667199.9999999991
2003-11-01,"Austin-Round Rock-Georgetown, TX Metro Area",Total,668899.9999999991
2003-12-01,"Austin-Round Rock-Georgetown, TX Metro Area",Total,670699.9999999991
2004-01-01,"Austin-Round Rock-Georgetown, TX Metro Area",Total,659900.0
2004-02-01,"Austin-Round Rock-Georgetown, TX Metro Area",Total,667200.0
2004-03-01,"Austin-Round Rock-Georgetown, TX Metro Area",Total,672800.0
2004-04-01,"Austin-Round Rock-Georgetown, TX Metro Area",Total,676900.0
2004-05-01,"Austin-Round Rock-Georgetown, TX Metro Area",Total,679500.0
2004-06-01,"Austin-Round Rock-Georgetown, TX Metro Area",Total,679900.0
2004-07-01,"Austin-Round Rock-Georgetown, TX Metro Area",Total,673400.0
2004-08-01,"Austin-Round Rock-Georgetown, TX Metro Area",Total,678100.0
2004-09-01,"Austin-Round Rock-Georgetown, TX Metro Area",Total,684600.0
2004-10-01,"Austin-Round Rock-Georgetown, TX Metro Area",Total,688600.0
2004-11-01,"Austin-Round Rock-Georgetown, TX Metro Area",Total,692300.0
2004-12-01,"Austin-Round Rock-Georgetown, TX Metro Area",Total,694300.0
2005-01-01,"Austin-Round Rock-Georgetown, TX Metro Area",Total,684700.0
2005-02-01,"Austin-Round Rock-Georgetown, TX Metro Area",Total,692100.0
2005-03-01,"Austin-Round Rock-Georgetown, TX Metro Area",Total,697300.0
2005-04-01,"Austin-Round Rock-Georgetown, TX Metro Area",Total,703000.0
2005-05-01,"Austin-Round Rock-Georgetown, TX Metro Area",Total,706200.0
2005-06-01,"Austin-Round Rock-Georgetown, TX Metro Area",Total,707300.0
2005-07-01,"Austin-Round Rock-Georgetown, TX Metro Area",Total,700200.0
2005-08-01,"Austin-Round Rock-Georgetown, TX Metro Area",Total,703200.0
2005-09-01,"Austin-Round Rock-Georgetown, TX Metro Area",Total,712300.0
2005-10-01,"Austin-Round Rock-Georgetown, TX Metro Area",Total,711500.0
2005-11-01,"Austin-Round Rock-Georgetown, TX Metro Area",Total,718200.0
2005-12-01,"Austin-Round Rock-Georgetown, TX Metro Area",Total,720300.0
2006-01-01,"Austin-Round Rock-Georgetown, TX Metro Area",Total,709400.0
2006-02-01,"Austin-Round Rock-Georgetown, TX Metro Area",Total,717400.0
2006-03-01,"Austin-Round Rock-Georgetown, TX Metro Area",Total,724300.0
2006-04-01,"Austin-Round Rock-Georgetown, TX Metro Area",Total,730300.0
2006-05-01,"Austin-Round Rock-Georgetown, TX Metro Area",Total,734800.0
2006-06-01,"Austin-Round Rock-Georgetown, TX Metro Area",Total,738100.0
2006-07-01,"Austin-Round Rock-Georgetown, TX Metro Area",Total,726500.0
2006-08-01,"Austin-Round Rock-Georgetown, TX Metro Area",Total,734500.0
2006-09-01,"Austin-Round Rock-Georgetown, TX Metro Area",Total,749800.0
2006-10-01,"Austin-Round Rock-Georgetown, TX Metro Area",Total,751200.0
2006-11-01,"Austin-Round Rock-Georgetown, TX Metro Area",Total,758100.0
2006-12-01,"Austin-Round Rock-Georgetown, TX Metro Area",Total,763200.0
2007-01-01,"Austin-Round Rock-Georgetown, TX Metro Area",Total,746300.0
2007-02-01,"Austin-Round Rock-Georgetown, TX Metro Area",Total,758500.0
2007-03-01,"Austin-Round Rock-Georgetown, TX Metro Area",Total,766700.0
2007-04-01,"Austin-Round Rock-Georgetown, TX Metro Area",Total,769700.0
2007-05-01,"Austin-Round Rock-Georgetown, TX Metro Area",Total,774600.0
2007-06-01,"Austin-Round Rock-Georgetown, TX Metro Area",Total,777800.0
2007-07-01,"Austin-Round Rock-Georgetown, TX Metro Area",Total,765800.0
2007-08-01,"Austin-Round Rock-Georgetown, TX Metro Area",Total,769600.0
2007-09-01,"Austin-Round Rock-Georgetown, TX Metro Area",Total,778800.0
2007-10-01,"Austin-Round Rock-Georgetown, TX Metro Area",Total,782500.0
2007-11-01,"Austin-Round Rock-Georgetown, TX Metro Area",Total,787800.0
2007-12-01,"Austin-Round Rock-Georgetown, TX Metro Area",Total,789200.0
2008-01-01,"Austin-Round Rock-Georgetown, TX Metro Area",Total,779300.0
2008-02-01,"Austin-Round Rock-Georgetown, TX Metro Area",Total,787500.0
2008-03-01,"Austin-Round Rock-Georgetown, TX Metro Area",Total,789800.0
2008-04-01,"Austin-Round Rock-Georgetown, TX Metro Area",Total,791900.0
2008-05-01,"Austin-Round Rock-Georgetown, TX Metro Area",Total,795800.0
2008-06-01,"Austin-Round Rock-Georgetown, TX Metro Area",Total,795800.0
2008-07-01,"Austin-Round Rock-Georgetown, TX Metro Area",Total,783000.0
2008-08-01,"Austin-Round Rock-Georgetown, TX Metro Area",Total,786600.0
2008-09-01,"Austin-Round Rock-Georgetown, TX Metro Area",Total,795600.0
2008-10-01,"Austin-Round Rock-Georgetown, TX Metro Area",Total,796200.0
2008-11-01,"Austin-Round Rock-Georgetown, TX Metro Area",Total,798800.0
2008-12-01,"Austin-Round Rock-Georgetown, TX Metro Area",Total,795800.0
2009-01-01,"Austin-Round Rock-Georgetown, TX Metro Area",Total,776000.0
2009-02-01,"Austin-Round Rock-Georgetown, TX Metro Area",Total,776400.0
2009-03-01,"Austin-Round Rock-Georgetown, TX Metro Area",Total,776900.0
2009-04-01,"Austin-Round Rock-Georgetown, TX Metro Area",Total,778300.0
2009-05-01,"Austin-Round Rock-Georgetown, TX Metro Area",Total,780500.0
2009-06-01,"Austin-Round Rock-Georgetown, TX Metro Area",Total,778300.0
2009-07-01,"Austin-Round Rock-Georgetown, TX Metro Area",Total,763600.0
2009-08-01,"Austin-Round Rock-Georgetown, TX Metro Area",Total,764800.0
2009-09-01,"Austin-Round Rock-Georgetown, TX Metro Area",Total,771100.0
2009-10-01,"Austin-Round Rock-Georgetown, TX Metro Area",Total,773800.0
2009-11-01,"Austin-Round Rock-Georgetown, TX Metro Area",Total,777800.0
2009-12-01,"Austin-Round Rock-Georgetown, TX Metro Area",Total,777600.0
2010-01-01,"Austin-Round Rock-Georgetown, TX Metro Area",Total,766100.0
2010-02-01,"Austin-Round Rock-Georgetown, TX Metro Area",Total,771900.0
2010-03-01,"Austin-Round Rock-Georgetown, TX Metro Area",Total,780500.0
2010-04-01,"Austin-Round Rock-Georgetown, TX Metro Area",Total,783900.0
2010-05-01,"Austin-Round Rock-Georgetown, TX Metro Area",Total,789000.0
2010-06-01,"Austin-Round Rock-Georgetown, TX Metro Area",Total,791200.0
2010-07-01,"Austin-Round Rock-Georgetown, TX Metro Area",Total,778100.0
2010-08-01,"Austin-Round Rock-Georgetown, TX Metro Area",Total,781100.0
2010-09-01,"Austin-Round Rock-Georgetown, TX Metro Area",Total,787500.0
2010-10-01,"Austin-Round Rock-Georgetown, TX Metro Area",Total,797200.0
2010-11-01,"Austin-Round Rock-Georgetown, TX Metro Area",Total,802700.0
2010-12-01,"Austin-Round Rock-Georgetown, TX Metro Area",Total,802600.0
2011-01-01,"Austin-Round Rock-Georgetown, TX Metro Area",Total,790000.0
2011-02-01,"Austin-Round Rock-Georgetown, TX Metro Area",Total,798100.0
2011-03-01,"Austin-Round Rock-Georgetown, TX Metro Area",Total,805300.0
2011-04-01,"Austin-Round Rock-Georgetown, TX Metro Area",Total,813500.0
2011-05-01,"Austin-Round Rock-Georgetown, TX Metro Area",Total,814900.0
2011-06-01,"Austin-Round Rock-Georgetown, TX Metro Area",Total,816500.0
2011-07-01,"Austin-Round Rock-Georgetown, TX Metro Area",Total,805400.0
2011-08-01,"Austin-Round Rock-Georgetown, TX Metro Area",Total,810100.0
2011-09-01,"Austin-Round Rock-Georgetown, TX Metro Area",Total,819100.0
2011-10-01,"Austin-Round Rock-Georgetown, TX Metro Area",Total,821700.0
2011-11-01,"Austin-Round Rock-Georgetown, TX Metro Area",Total,828200.0
2011-12-01,"Austin-Round Rock-Georgetown, TX Metro Area",Total,829500.0
2012-01-01,"Austin-Round Rock-Georgetown, TX Metro Area",Total,820300.0
2012-02-01,"Austin-Round Rock-Georgetown, TX Metro Area",Total,826700.0
2012-03-01,"Austin-Round Rock-Georgetown, TX Metro Area",Total,833700.0
2012-04-01,"Austin-Round Rock-Georgetown, TX Metro Area",Total,838400.0
2012-05-01,"Austin-Round Rock-Georgetown, TX Metro Area",Total,843400.0
2012-06-01,"Austin-Round Rock-Georgetown, TX Metro Area",Total,848200.0
2012-07-01,"Austin-Round Rock-Georgetown, TX Metro Area",Total,836600.0
2012-08-01,"Austin-Round Rock-Georgetown, TX Metro Area",Total,842500.0
2012-09-01,"Austin-Round Rock-Georgetown, TX Metro Area",Total,852900.0
2012-10-01,"Austin-Round Rock-Georgetown, TX Metro Area",Total,860400.0
2012-11-01,"Austin-Round Rock-Georgetown, TX Metro Area",Total,871100.0
2012-12-01,"Austin-Round Rock-Georgetown, TX Metro Area",Total,870200.0
2013-01-01,"Austin-Round Rock-Georgetown, TX Metro Area",Total,856200.0
2013-02-01,"Austin-Round Rock-Georgetown, TX Metro Area",Total,865900.0
2013-03-01,"Austin-Round Rock-Georgetown, TX Metro Area",Total,872500.0
2013-04-01,"Austin-Round Rock-Georgetown, TX Metro Area",Total,879500.0
2013-05-01,"Austin-Round Rock-Georgetown, TX Metro Area",Total,884700.0
2013-06-01,"Austin-Round Rock-Georgetown, TX Metro Area",Total,889800.0
2013-07-01,"Austin-Round Rock-Georgetown, TX Metro Area",Total,879600.0
2013-08-01,"Austin-Round Rock-Georgetown, TX Metro Area",Total,882900.0
2013-09-01,"Austin-Round Rock-Georgetown, TX Metro Area",Total,893200.0
2013-10-01,"Austin-Round Rock-Georgetown, TX Metro Area",Total,899100.0
2013-11-01,"Austin-Round Rock-Georgetown, TX Metro Area",Total,909500.0
2013-12-01,"Austin-Round Rock-Georgetown, TX Metro Area",Total,908500.0
2014-01-01,"Austin-Round Rock-Georgetown, TX Metro Area",Total,896500.0
2014-02-01,"Austin-Round Rock-Georgetown, TX Metro Area",Total,907000.0
2014-03-01,"Austin-Round Rock-Georgetown, TX Metro Area",Total,914700.0
2014-04-01,"Austin-Round Rock-Georgetown, TX Metro Area",Total,919600.0
2014-05-01,"Austin-Round Rock-Georgetown, TX Metro Area",Total,924300.0
2014-06-01,"Austin-Round Rock-Georgetown, TX Metro Area",Total,929500.0
2014-07-01,"Austin-Round Rock-Georgetown, TX Metro Area",Total,919000.0
2014-08-01,"Austin-Round Rock-Georgetown, TX Metro Area",Total,921100.0
2014-09-01,"Austin-Round Rock-Georgetown, TX Metro Area",Total,929600.0
2014-10-01,"Austin-Round Rock-Georgetown, TX Metro Area",Total,938100.0
2014-11-01,"Austin-Round Rock-Georgetown, TX Metro Area",Total,945800.0
2014-12-01,"Austin-Round Rock-Georgetown, TX Metro Area",Total,947300.0
2015-01-01,"Austin-Round Rock-Georgetown, TX Metro Area",Total,934900.0
2015-02-01,"Austin-Round Rock-Georgetown, TX Metro Area",Total,944900.0
2015-03-01,"Austin-Round Rock-Georgetown, TX Metro Area",Total,951400.0
2015-04-01,"Austin-Round Rock-Georgetown, TX Metro Area",Total,957300.0
2015-05-01,"Austin-Round Rock-Georgetown, TX Metro Area",Total,963700.0
2015-06-01,"Austin-Round Rock-Georgetown, TX Metro Area",Total,970500.0
2015-07-01,"Austin-Round Rock-Georgetown, TX Metro Area",Total,962100.0
2015-08-01,"Austin-Round Rock-Georgetown, TX Metro Area",Total,964000.0
2015-09-01,"Austin-Round Rock-Georgetown, TX Metro Area",Total,972100.0
2015-10-01,"Austin-Round Rock-Georgetown, TX Metro Area",Total,981400.0
2015-11-01,"Austin-Round Rock-Georgetown, TX Metro Area",Total,987200.0
2015-12-01,"Austin-Round Rock-Georgetown, TX Metro Area",Total,988700.0
2016-01-01,"Austin-Round Rock-Georgetown, TX Metro Area",Total,976600.0
2016-02-01,"Austin-Round Rock-Georgetown, TX Metro Area",Total,986500.0
2016-03-01,"Austin-Round Rock-Georgetown, TX Metro Area",Total,990500.0
2016-04-01,"Austin-Round Rock-Georgetown, TX Metro Area",Total,997600.0
2016-05-01,"Austin-Round Rock-Georgetown, TX Metro Area",Total,1000600.0
2016-06-01,"Austin-Round Rock-Georgetown, TX Metro Area",Total,1005400.0
2016-07-01,"Austin-Round Rock-Georgetown, TX Metro Area",Total,1001400.0
2016-08-01,"Austin-Round Rock-Georgetown, TX Metro Area",Total,1001700.0
2016-09-01,"Austin-Round Rock-Georgetown, TX Metro Area",Total,1009400.0
2016-10-01,"Austin-Round Rock-Georgetown, TX Metro Area",Total,1017300.0
2016-11-01,"Austin-Round Rock-Georgetown, TX Metro Area",Total,1022500.0
2016-12-01,"Austin-Round Rock-Georgetown, TX Metro Area",Total,1022600.0
2017-01-01,"Austin-Round Rock-Georgetown, TX Metro Area",Total,1011100.0
2017-02-01,"Austin-Round Rock-Georgetown, TX Metro Area",Total,1020500.0
2017-03-01,"Austin-Round Rock-Georgetown, TX Metro Area",Total,1026600.0
2017-04-01,"Austin-Round Rock-Georgetown, TX Metro Area",Total,1031900.0
2017-05-01,"Austin-Round Rock-Georgetown, TX Metro Area",Total,1037900.0
2017-06-01,"Austin-Round Rock-Georgetown, TX Metro Area",Total,1042700.0
2017-07-01,"Austin-Round Rock-Georgetown, TX Metro Area",Total,1033000.0
2017-08-01,"Austin-Round Rock-Georgetown, TX Metro Area",Total,1033500.0
2017-09-01,"Austin-Round Rock-Georgetown, TX Metro Area",Total,1039900.0
2017-10-01,"Austin-Round Rock-Georgetown, TX Metro Area",Total,1051700.0
2017-11-01,"Austin-Round Rock-Georgetown, TX Metro Area",Total,1056800.0
2017-12-01,"Austin-Round Rock-Georgetown, TX Metro Area",Total,1058100.0
2018-01-01,"Austin-Round Rock-Georgetown, TX Metro Area",Total,1046300.0
2018-02-01,"Austin-Round Rock-Georgetown, TX Metro Area",Total,1057800.0
2018-03-01,"Austin-Round Rock-Georgetown, TX Metro Area",Total,1063500.0
2018-04-01,"Austin-Round Rock-Georgetown, TX Metro Area",Total,1069200.0
2018-05-01,"Austin-Round Rock-Georgetown, TX Metro Area",Total,1076200.0
2018-06-01,"Austin-Round Rock-Georgetown, TX Metro Area",Total,1084200.0
2018-07-01,"Austin-Round Rock-Georgetown, TX Metro Area",Total,1074900.0
2018-08-01,"Austin-Round Rock-Georgetown, TX Metro Area",Total,1078100.0
2018-09-01,"Austin-Round Rock-Georgetown, TX Metro Area",Total,1082400.0
2018-10-01,"Austin-Round Rock-Georgetown, TX Metro Area",Total,1096000.0
2018-11-01,"Austin-Round Rock-Georgetown, TX Metro Area",Total,1102900.0
2018-12-01,"Austin-Round Rock-Georgetown, TX Metro Area",Total,1102800.0
2019-01-01,"Austin-Round Rock-Georgetown, TX Metro Area",Total,1089400.0
2019-02-01,"Austin-Round Rock-Georgetown, TX Metro Area",Total,1102000.0
2019-03-01,"Austin-Round Rock-Georgetown, TX Metro Area",Total,1105800.0
2019-04-01,"Austin-Round Rock-Georgetown, TX Metro Area",Total,1113100.0
2019-05-01,"Austin-Round Rock-Georgetown, TX Metro Area",Total,1117500.0
2019-06-01,"Austin-Round Rock-Georgetown, TX Metro Area",Total,1123200.0
2019-07-01,"Austin-Round Rock-Georgetown, TX Metro Area",Total,1118000.0
2019-08-01,"Austin-Round Rock-Georgetown, TX Metro Area",Total,1120900.0
2019-09-01,"Austin-Round Rock-Georgetown, TX Metro Area",Total,1123600.0
2019-10-01,"Austin-Round Rock-Georgetown, TX Metro Area",Total,1136600.0
2019-11-01,"Austin-Round Rock-Georgetown, TX Metro Area",Total,1146500.0
2019-12-01,"Austin-Round Rock-Georgetown, TX Metro Area",Total,1147000.0
2020-01-01,"Austin-Round Rock-Georgetown, TX Metro Area",Total,1136300.0
2020-02-01,"Austin-Round Rock-Georgetown, TX Metro Area",Total,1144800.0
2020-03-01,"Austin-Round Rock-Georgetown, TX Metro Area",Total,1140100.0
2020-04-01,"Austin-Round Rock-Georgetown, TX Metro Area",Total,1007600.0
2020-05-01,"Austin-Round Rock-Georgetown, TX Metro Area",Total,1032800.0
2020-06-01,"Austin-Round Rock-Georgetown, TX Metro Area",Total,1062700.0
2020-07-01,"Austin-Round Rock-Georgetown, TX Metro Area",Total,1064800.0
2020-08-01,"Austin-Round Rock-Georgetown, TX Metro Area",Total,1074800.0
2020-09-01,"Austin-Round Rock-Georgetown, TX Metro Area",Total,1084600.0
2020-10-01,"Austin-Round Rock-Georgetown, TX Metro Area",Total,1107300.0
2020-11-01,"Austin-Round Rock-Georgetown, TX Metro Area",Total,1117500.0
2020-12-01,"Austin-Round Rock-Georgetown, TX Metro Area",Total,1123800.0
2021-01-01,"Austin-Round Rock-Georgetown, TX Metro Area",Total,1111200.0
2021-02-01,"Austin-Round Rock-Georgetown, TX Metro Area",Total,1115200.0
2021-03-01,"Austin-Round Rock-Georgetown, TX Metro Area",Total,1130100.0
2021-04-01,"Austin-Round Rock-Georgetown, TX Metro Area",Total,1146300.0
2021-05-01,"Austin-Round Rock-Georgetown, TX Metro Area",Total,1157400.0
2021-06-01,"Austin-Round Rock-Georgetown, TX Metro Area",Total,1170600.0
2021-07-01,"Austin-Round Rock-Georgetown, TX Metro Area",Total,1178600.0
2021-08-01,"Austin-Round Rock-Georgetown, TX Metro Area",Total,1181800.0
2021-09-01,"Austin-Round Rock-Georgetown, TX Metro Area",Total,1188600.0
2021-10-01,"Austin-Round Rock-Georgetown, TX Metro Area",Total,1218800.0
2021-11-01,"Austin-Round Rock-Georgetown, TX Metro Area",Total,1230300.0
2021-12-01,"Austin-Round Rock-Georgetown, TX Metro Area",Total,1236400.0
2022-01-01,"Austin-Round Rock-Georgetown, TX Metro Area",Total,1219600.0
2022-02-01,"Austin-Round Rock-Georgetown, TX Metro Area",Total,1237400.0
2022-03-01,"Austin-Round Rock-Georgetown, TX Metro Area",Total,1243800.0
2022-04-01,"Austin-Round Rock-Georgetown, TX Metro Area",Total,1262300.0
2022-05-01,"Austin-Round Rock-Georgetown, TX Metro Area",Total,1266700.0
2022-06-01,"Austin-Round Rock-Georgetown, TX Metro Area",Total,1274400.0
2022-07-01,"Austin-Round Rock-Georgetown, TX Metro Area",Total,1284300.0
2022-08-01,"Austin-Round Rock-Georgetown, TX Metro Area",Total,1289900.0
2022-09-01,"Austin-Round Rock-Georgetown, TX Metro Area",Total,1293500.0
2022-10-01,"Austin-Round Rock-Georgetown, TX Metro Area",Total,1307700.0
2022-11-01,"Austin-Round Rock-Georgetown, TX Metro Area",Total,1315700.0
2022-12-01,"Austin-Round Rock-Georgetown, TX Metro Area",Total,1314900.0
2023-01-01,"Austin-Round Rock-Georgetown, TX Metro Area",Total,1303600.0
2023-02-01,"Austin-Round Rock-Georgetown, TX Metro Area",Total,1313700.0
2023-03-01,"Austin-Round Rock-Georgetown, TX Metro Area",Total,1319800.0
2023-04-01,"Austin-Round Rock-Georgetown, TX Metro Area",Total,1325500.0
2023-05-01,"Austin-Round Rock-Georgetown, TX Metro Area",Total,1330200.0
2023-06-01,"Austin-Round Rock-Georgetown, TX Metro Area",Total,1341100.0
2023-07-01,"Austin-Round Rock-Georgetown, TX Metro Area",Total,1329400.0
2023-08-01,"Austin-Round Rock-Georgetown, TX Metro Area",Total,1332900.0
2023-09-01,"Austin-Round Rock-Georgetown, TX Metro Area",Total,1335300.0
2023-10-01,"Austin-Round Rock-Georgetown, TX Metro Area",Total,1349000.0
2023-11-01,"Austin-Round Rock-Georgetown, TX Metro Area",Total,1359000.0
2023-12-01,"Austin-Round Rock-Georgetown, TX Metro Area",Total,1356700.0
2024-01-01,"Austin-Round Rock-Georgetown, TX Metro Area",Total,1333900.0
2024-02-01,"Austin-Round Rock-Georgetown, TX Metro Area",Total,1349000.0
2024-03-01,"Austin-Round Rock-Georgetown, TX Metro Area",Total,1347600.0
2024-04-01,"Austin-Round Rock-Georgetown, TX Metro Area",Total,1352800.0
2024-05-01,"Austin-Round Rock-Georgetown, TX Metro Area",Total,1357800.0
2000-01-01,"Charlotte-Concord-Gastonia, NC-SC Metro Area",Total,912100.0
2000-02-01,"Charlotte-Concord-Gastonia, NC-SC Metro Area",Total,914500.0
2000-03-01,"Charlotte-Concord-Gastonia, NC-SC Metro Area",Total,924900.0
2000-04-01,"Charlotte-Concord-Gastonia, NC-SC Metro Area",Total,932100.0
2000-05-01,"Charlotte-Concord-Gastonia, NC-SC Metro Area",Total,937300.0
2000-06-01,"Charlotte-Concord-Gastonia, NC-SC Metro Area",Total,942000.0
2000-07-01,"Charlotte-Concord-Gastonia, NC-SC Metro Area",Total,924000.0
2000-08-01,"Charlotte-Concord-Gastonia, NC-SC Metro Area",Total,929700.0
2000-09-01,"Charlotte-Concord-Gastonia, NC-SC Metro Area",Total,936500.0
2000-10-01,"Charlotte-Concord-Gastonia, NC-SC Metro Area",Total,940900.0
2000-11-01,"Charlotte-Concord-Gastonia, NC-SC Metro Area",Total,941000.0
2000-12-01,"Charlotte-Concord-Gastonia, NC-SC Metro Area",Total,941600.0
2001-01-01,"Charlotte-Concord-Gastonia, NC-SC Metro Area",Total,922600.0
2001-02-01,"Charlotte-Concord-Gastonia, NC-SC Metro Area",Total,926400.0
2001-03-01,"Charlotte-Concord-Gastonia, NC-SC Metro Area",Total,929300.0
2001-04-01,"Charlotte-Concord-Gastonia, NC-SC Metro Area",Total,933100.0
2001-05-01,"Charlotte-Concord-Gastonia, NC-SC Metro Area",Total,933300.0
2001-06-01,"Charlotte-Concord-Gastonia, NC-SC Metro Area",Total,931400.0
2001-07-01,"Charlotte-Concord-Gastonia, NC-SC Metro Area",Total,913500.0
2001-08-01,"Charlotte-Concord-Gastonia, NC-SC Metro Area",Total,923300.0
2001-09-01,"Charlotte-Concord-Gastonia, NC-SC Metro Area",Total,925200.0
2001-10-01,"Charlotte-Concord-Gastonia, NC-SC Metro Area",Total,928400.0
2001-11-01,"Charlotte-Concord-Gastonia, NC-SC Metro Area",Total,926800.0
2001-12-01,"Charlotte-Concord-Gastonia, NC-SC Metro Area",Total,923900.0
2002-01-01,"Charlotte-Concord-Gastonia, NC-SC Metro Area",Total,905400.0
2002-02-01,"Charlotte-Concord-Gastonia, NC-SC Metro Area",Total,911700.0
2002-03-01,"Charlotte-Concord-Gastonia, NC-SC Metro Area",Total,919100.0
2002-04-01,"Charlotte-Concord-Gastonia, NC-SC Metro Area",Total,920400.0
2002-05-01,"Charlotte-Concord-Gastonia, NC-SC Metro Area",Total,923500.0
2002-06-01,"Charlotte-Concord-Gastonia, NC-SC Metro Area",Total,924500.0
2002-07-01,"Charlotte-Concord-Gastonia, NC-SC Metro Area",Total,909800.0
2002-08-01,"Charlotte-Concord-Gastonia, NC-SC Metro Area",Total,921100.0
2002-09-01,"Charlotte-Concord-Gastonia, NC-SC Metro Area",Total,926300.0
2002-10-01,"Charlotte-Concord-Gastonia, NC-SC Metro Area",Total,928100.0
2002-11-01,"Charlotte-Concord-Gastonia, NC-SC Metro Area",Total,928300.0
2002-12-01,"Charlotte-Concord-Gastonia, NC-SC Metro Area",Total,926100.0
2003-01-01,"Charlotte-Concord-Gastonia, NC-SC Metro Area",Total,907900.0
2003-02-01,"Charlotte-Concord-Gastonia, NC-SC Metro Area",Total,909300.0
2003-03-01,"Charlotte-Concord-Gastonia, NC-SC Metro Area",Total,916400.0
2003-04-01,"Charlotte-Concord-Gastonia, NC-SC Metro Area",Total,919300.0
2003-05-01,"Charlotte-Concord-Gastonia, NC-SC Metro Area",Total,926500.0
2003-06-01,"Charlotte-Concord-Gastonia, NC-SC Metro Area",Total,921800.0
2003-07-01,"Charlotte-Concord-Gastonia, NC-SC Metro Area",Total,892700.0
2003-08-01,"Charlotte-Concord-Gastonia, NC-SC Metro Area",Total,906600.0
2003-09-01,"Charlotte-Concord-Gastonia, NC-SC Metro Area",Total,917700.0
2003-10-01,"Charlotte-Concord-Gastonia, NC-SC Metro Area",Total,924600.0
2003-11-01,"Charlotte-Concord-Gastonia, NC-SC Metro Area",Total,926600.0
2003-12-01,"Charlotte-Concord-Gastonia, NC-SC Metro Area",Total,926400.0
2004-01-01,"Charlotte-Concord-Gastonia, NC-SC Metro Area",Total,906000.0
2004-02-01,"Charlotte-Concord-Gastonia, NC-SC Metro Area",Total,908300.0
2004-03-01,"Charlotte-Concord-Gastonia, NC-SC Metro Area",Total,916600.0
2004-04-01,"Charlotte-Concord-Gastonia, NC-SC Metro Area",Total,919800.0
2004-05-01,"Charlotte-Concord-Gastonia, NC-SC Metro Area",Total,927800.0
2004-06-01,"Charlotte-Concord-Gastonia, NC-SC Metro Area",Total,926600.0
2004-07-01,"Charlotte-Concord-Gastonia, NC-SC Metro Area",Total,908400.0
2004-08-01,"Charlotte-Concord-Gastonia, NC-SC Metro Area",Total,925000.0
2004-09-01,"Charlotte-Concord-Gastonia, NC-SC Metro Area",Total,935400.0
2004-10-01,"Charlotte-Concord-Gastonia, NC-SC Metro Area",Total,943000.0
2004-11-01,"Charlotte-Concord-Gastonia, NC-SC Metro Area",Total,945400.0
2004-12-01,"Charlotte-Concord-Gastonia, NC-SC Metro Area",Total,945000.0
2005-01-01,"Charlotte-Concord-Gastonia, NC-SC Metro Area",Total,926200.0
2005-02-01,"Charlotte-Concord-Gastonia, NC-SC Metro Area",Total,930700.0
2005-03-01,"Charlotte-Concord-Gastonia, NC-SC Metro Area",Total,938000.0
2005-04-01,"Charlotte-Concord-Gastonia, NC-SC Metro Area",Total,944800.0
2005-05-01,"Charlotte-Concord-Gastonia, NC-SC Metro Area",Total,950200.0
2005-06-01,"Charlotte-Concord-Gastonia, NC-SC Metro Area",Total,946600.0
2005-07-01,"Charlotte-Concord-Gastonia, NC-SC Metro Area",Total,930000.0
2005-08-01,"Charlotte-Concord-Gastonia, NC-SC Metro Area",Total,948100.0
2005-09-01,"Charlotte-Concord-Gastonia, NC-SC Metro Area",Total,959900.0
2005-10-01,"Charlotte-Concord-Gastonia, NC-SC Metro Area",Total,969300.0
2005-11-01,"Charlotte-Concord-Gastonia, NC-SC Metro Area",Total,971500.0
2005-12-01,"Charlotte-Concord-Gastonia, NC-SC Metro Area",Total,971900.0
2006-01-01,"Charlotte-Concord-Gastonia, NC-SC Metro Area",Total,961700.0
2006-02-01,"Charlotte-Concord-Gastonia, NC-SC Metro Area",Total,965200.0
2006-03-01,"Charlotte-Concord-Gastonia, NC-SC Metro Area",Total,974999.999999999
2006-04-01,"Charlotte-Concord-Gastonia, NC-SC Metro Area",Total,985400.0
2006-05-01,"Charlotte-Concord-Gastonia, NC-SC Metro Area",Total,992700.0
2006-06-01,"Charlotte-Concord-Gastonia, NC-SC Metro Area",Total,986200.0
2006-07-01,"Charlotte-Concord-Gastonia, NC-SC Metro Area",Total,970500.0
2006-08-01,"Charlotte-Concord-Gastonia, NC-SC Metro Area",Total,992300.0
2006-09-01,"Charlotte-Concord-Gastonia, NC-SC Metro Area",Total,1003400.0
2006-10-01,"Charlotte-Concord-Gastonia, NC-SC Metro Area",Total,1012400.0
2006-11-01,"Charlotte-Concord-Gastonia, NC-SC Metro Area",Total,1019800.0
2006-12-01,"Charlotte-Concord-Gastonia, NC-SC Metro Area",Total,1021100.0
2007-01-01,"Charlotte-Concord-Gastonia, NC-SC Metro Area",Total,1002100.0
2007-02-01,"Charlotte-Concord-Gastonia, NC-SC Metro Area",Total,1008000.0
2007-03-01,"Charlotte-Concord-Gastonia, NC-SC Metro Area",Total,1019100.0
2007-04-01,"Charlotte-Concord-Gastonia, NC-SC Metro Area",Total,1019700.0
2007-05-01,"Charlotte-Concord-Gastonia, NC-SC Metro Area",Total,1028100.0
2007-06-01,"Charlotte-Concord-Gastonia, NC-SC Metro Area",Total,1023800.0
2007-07-01,"Charlotte-Concord-Gastonia, NC-SC Metro Area",Total,1001600.0
2007-08-01,"Charlotte-Concord-Gastonia, NC-SC Metro Area",Total,1025900.0
2007-09-01,"Charlotte-Concord-Gastonia, NC-SC Metro Area",Total,1033400.0
2007-10-01,"Charlotte-Concord-Gastonia, NC-SC Metro Area",Total,1041300.0
2007-11-01,"Charlotte-Concord-Gastonia, NC-SC Metro Area",Total,1045100.0
2007-12-01,"Charlotte-Concord-Gastonia, NC-SC Metro Area",Total,1047100.0
2008-01-01,"Charlotte-Concord-Gastonia, NC-SC Metro Area",Total,1019200.0
2008-02-01,"Charlotte-Concord-Gastonia, NC-SC Metro Area",Total,1025600.0
2008-03-01,"Charlotte-Concord-Gastonia, NC-SC Metro Area",Total,1031800.0
2008-04-01,"Charlotte-Concord-Gastonia, NC-SC Metro Area",Total,1028700.0
2008-05-01,"Charlotte-Concord-Gastonia, NC-SC Metro Area",Total,1034300.0
2008-06-01,"Charlotte-Concord-Gastonia, NC-SC Metro Area",Total,1026300.0
2008-07-01,"Charlotte-Concord-Gastonia, NC-SC Metro Area",Total,999500.0
2008-08-01,"Charlotte-Concord-Gastonia, NC-SC Metro Area",Total,1021300.0
2008-09-01,"Charlotte-Concord-Gastonia, NC-SC Metro Area",Total,1026600.0
2008-10-01,"Charlotte-Concord-Gastonia, NC-SC Metro Area",Total,1023200.0
2008-11-01,"Charlotte-Concord-Gastonia, NC-SC Metro Area",Total,1016700.0
2008-12-01,"Charlotte-Concord-Gastonia, NC-SC Metro Area",Total,1013500.0
2009-01-01,"Charlotte-Concord-Gastonia, NC-SC Metro Area",Total,976500.0
2009-02-01,"Charlotte-Concord-Gastonia, NC-SC Metro Area",Total,974700.0
2009-03-01,"Charlotte-Concord-Gastonia, NC-SC Metro Area",Total,972600.0
2009-04-01,"Charlotte-Concord-Gastonia, NC-SC Metro Area",Total,965500.0
2009-05-01,"Charlotte-Concord-Gastonia, NC-SC Metro Area",Total,967400.0
2009-06-01,"Charlotte-Concord-Gastonia, NC-SC Metro Area",Total,957700.0
2009-07-01,"Charlotte-Concord-Gastonia, NC-SC Metro Area",Total,932200.0
2009-08-01,"Charlotte-Concord-Gastonia, NC-SC Metro Area",Total,952000.0
2009-09-01,"Charlotte-Concord-Gastonia, NC-SC Metro Area",Total,954100.0
2009-10-01,"Charlotte-Concord-Gastonia, NC-SC Metro Area",Total,953700.0
2009-11-01,"Charlotte-Concord-Gastonia, NC-SC Metro Area",Total,954700.0
2009-12-01,"Charlotte-Concord-Gastonia, NC-SC Metro Area",Total,954400.0
2010-01-01,"Charlotte-Concord-Gastonia, NC-SC Metro Area",Total,935900.0
2010-02-01,"Charlotte-Concord-Gastonia, NC-SC Metro Area",Total,938600.0
2010-03-01,"Charlotte-Concord-Gastonia, NC-SC Metro Area",Total,948100.0
2010-04-01,"Charlotte-Concord-Gastonia, NC-SC Metro Area",Total,955300.0
2010-05-01,"Charlotte-Concord-Gastonia, NC-SC Metro Area",Total,965300.0
2010-06-01,"Charlotte-Concord-Gastonia, NC-SC Metro Area",Total,956200.0
2010-07-01,"Charlotte-Concord-Gastonia, NC-SC Metro Area",Total,933900.0
2010-08-01,"Charlotte-Concord-Gastonia, NC-SC Metro Area",Total,955600.0
2010-09-01,"Charlotte-Concord-Gastonia, NC-SC Metro Area",Total,959700.0
2010-10-01,"Charlotte-Concord-Gastonia, NC-SC Metro Area",Total,971500.0
2010-11-01,"Charlotte-Concord-Gastonia, NC-SC Metro Area",Total,975500.0
2010-12-01,"Charlotte-Concord-Gastonia, NC-SC Metro Area",Total,976200.0
2011-01-01,"Charlotte-Concord-Gastonia, NC-SC Metro Area",Total,954100.0
2011-02-01,"Charlotte-Concord-Gastonia, NC-SC Metro Area",Total,964500.0
2011-03-01,"Charlotte-Concord-Gastonia, NC-SC Metro Area",Total,972800.0
2011-04-01,"Charlotte-Concord-Gastonia, NC-SC Metro Area",Total,978600.0
2011-05-01,"Charlotte-Concord-Gastonia, NC-SC Metro Area",Total,982500.0
2011-06-01,"Charlotte-Concord-Gastonia, NC-SC Metro Area",Total,977000.0
2011-07-01,"Charlotte-Concord-Gastonia, NC-SC Metro Area",Total,956400.0
2011-08-01,"Charlotte-Concord-Gastonia, NC-SC Metro Area",Total,980700.0
2011-09-01,"Charlotte-Concord-Gastonia, NC-SC Metro Area",Total,985700.0
2011-10-01,"Charlotte-Concord-Gastonia, NC-SC Metro Area",Total,991100.0
2011-11-01,"Charlotte-Concord-Gastonia, NC-SC Metro Area",Total,998400.0
2011-12-01,"Charlotte-Concord-Gastonia, NC-SC Metro Area",Total,998900.0
2012-01-01,"Charlotte-Concord-Gastonia, NC-SC Metro Area",Total,983900.0
2012-02-01,"Charlotte-Concord-Gastonia, NC-SC Metro Area",Total,989300.0
2012-03-01,"Charlotte-Concord-Gastonia, NC-SC Metro Area",Total,1000700.0
2012-04-01,"Charlotte-Concord-Gastonia, NC-SC Metro Area",Total,1005000.0
2012-05-01,"Charlotte-Concord-Gastonia, NC-SC Metro Area",Total,1014400.0
2012-06-01,"Charlotte-Concord-Gastonia, NC-SC Metro Area",Total,1003200.0
2012-07-01,"Charlotte-Concord-Gastonia, NC-SC Metro Area",Total,984100.0
2012-08-01,"Charlotte-Concord-Gastonia, NC-SC Metro Area",Total,1005500.0
2012-09-01,"Charlotte-Concord-Gastonia, NC-SC Metro Area",Total,1011600.0
2012-10-01,"Charlotte-Concord-Gastonia, NC-SC Metro Area",Total,1022200.0
2012-11-01,"Charlotte-Concord-Gastonia, NC-SC Metro Area",Total,1028400.0
2012-12-01,"Charlotte-Concord-Gastonia, NC-SC Metro Area",Total,1029900.0
2013-01-01,"Charlotte-Concord-Gastonia, NC-SC Metro Area",Total,1008200.0
2013-02-01,"Charlotte-Concord-Gastonia, NC-SC Metro Area",Total,1015100.0
2013-03-01,"Charlotte-Concord-Gastonia, NC-SC Metro Area",Total,1023300.0
2013-04-01,"Charlotte-Concord-Gastonia, NC-SC Metro Area",Total,1028800.0
2013-05-01,"Charlotte-Concord-Gastonia, NC-SC Metro Area",Total,1036400.0
2013-06-01,"Charlotte-Concord-Gastonia, NC-SC Metro Area",Total,1026100.0
2013-07-01,"Charlotte-Concord-Gastonia, NC-SC Metro Area",Total,1009800.0
2013-08-01,"Charlotte-Concord-Gastonia, NC-SC Metro Area",Total,1030000.0
2013-09-01,"Charlotte-Concord-Gastonia, NC-SC Metro Area",Total,1035600.0
2013-10-01,"Charlotte-Concord-Gastonia, NC-SC Metro Area",Total,1049800.0
2013-11-01,"Charlotte-Concord-Gastonia, NC-SC Metro Area",Total,1057100.0
2013-12-01,"Charlotte-Concord-Gastonia, NC-SC Metro Area",Total,1060600.0
2014-01-01,"Charlotte-Concord-Gastonia, NC-SC Metro Area",Total,1043400.0
2014-02-01,"Charlotte-Concord-Gastonia, NC-SC Metro Area",Total,1042300.0
2014-03-01,"Charlotte-Concord-Gastonia, NC-SC Metro Area",Total,1056300.0
2014-04-01,"Charlotte-Concord-Gastonia, NC-SC Metro Area",Total,1065000.0
2014-05-01,"Charlotte-Concord-Gastonia, NC-SC Metro Area",Total,1074800.0
2014-06-01,"Charlotte-Concord-Gastonia, NC-SC Metro Area",Total,1067700.0
2014-07-01,"Charlotte-Concord-Gastonia, NC-SC Metro Area",Total,1050000.0
2014-08-01,"Charlotte-Concord-Gastonia, NC-SC Metro Area",Total,1068600.0
2014-09-01,"Charlotte-Concord-Gastonia, NC-SC Metro Area",Total,1075700.0
2014-10-01,"Charlotte-Concord-Gastonia, NC-SC Metro Area",Total,1091700.0
2014-11-01,"Charlotte-Concord-Gastonia, NC-SC Metro Area",Total,1097800.0
2014-12-01,"Charlotte-Concord-Gastonia, NC-SC Metro Area",Total,1102900.0
2015-01-01,"Charlotte-Concord-Gastonia, NC-SC Metro Area",Total,1082700.0
2015-02-01,"Charlotte-Concord-Gastonia, NC-SC Metro Area",Total,1090200.0
2015-03-01,"Charlotte-Concord-Gastonia, NC-SC Metro Area",Total,1096100.0
2015-04-01,"Charlotte-Concord-Gastonia, NC-SC Metro Area",Total,1103400.0
2015-05-01,"Charlotte-Concord-Gastonia, NC-SC Metro Area",Total,1116500.0
2015-06-01,"Charlotte-Concord-Gastonia, NC-SC Metro Area",Total,1115000.0
2015-07-01,"Charlotte-Concord-Gastonia, NC-SC Metro Area",Total,1096900.0
2015-08-01,"Charlotte-Concord-Gastonia, NC-SC Metro Area",Total,1112300.0
2015-09-01,"Charlotte-Concord-Gastonia, NC-SC Metro Area",Total,1117600.0
2015-10-01,"Charlotte-Concord-Gastonia, NC-SC Metro Area",Total,1134600.0
2015-11-01,"Charlotte-Concord-Gastonia, NC-SC Metro Area",Total,1141400.0
2015-12-01,"Charlotte-Concord-Gastonia, NC-SC Metro Area",Total,1147900.0
2016-01-01,"Charlotte-Concord-Gastonia, NC-SC Metro Area",Total,1125200.0
2016-02-01,"Charlotte-Concord-Gastonia, NC-SC Metro Area",Total,1130500.0
2016-03-01,"Charlotte-Concord-Gastonia, NC-SC Metro Area",Total,1139900.0
2016-04-01,"Charlotte-Concord-Gastonia, NC-SC Metro Area",Total,1149900.0
2016-05-01,"Charlotte-Concord-Gastonia, NC-SC Metro Area",Total,1155200.0
2016-06-01,"Charlotte-Concord-Gastonia, NC-SC Metro Area",Total,1152500.0
2016-07-01,"Charlotte-Concord-Gastonia, NC-SC Metro Area",Total,1139500.0
2016-08-01,"Charlotte-Concord-Gastonia, NC-SC Metro Area",Total,1152700.0
2016-09-01,"Charlotte-Concord-Gastonia, NC-SC Metro Area",Total,1163200.0
2016-10-01,"Charlotte-Concord-Gastonia, NC-SC Metro Area",Total,1171700.0
2016-11-01,"Charlotte-Concord-Gastonia, NC-SC Metro Area",Total,1176800.0
2016-12-01,"Charlotte-Concord-Gastonia, NC-SC Metro Area",Total,1178700.0
2017-01-01,"Charlotte-Concord-Gastonia, NC-SC Metro Area",Total,1159100.0
2017-02-01,"Charlotte-Concord-Gastonia, NC-SC Metro Area",Total,1165100.0
2017-03-01,"Charlotte-Concord-Gastonia, NC-SC Metro Area",Total,1174200.0
2017-04-01,"Charlotte-Concord-Gastonia, NC-SC Metro Area",Total,1177500.0
2017-05-01,"Charlotte-Concord-Gastonia, NC-SC Metro Area",Total,1187399.99999999
2017-06-01,"Charlotte-Concord-Gastonia, NC-SC Metro Area",Total,1188200.0
2017-07-01,"Charlotte-Concord-Gastonia, NC-SC Metro Area",Total,1170900.0
2017-08-01,"Charlotte-Concord-Gastonia, NC-SC Metro Area",Total,1186700.0
2017-09-01,"Charlotte-Concord-Gastonia, NC-SC Metro Area",Total,1191000.0
2017-10-01,"Charlotte-Concord-Gastonia, NC-SC Metro Area",Total,1199600.0
2017-11-01,"Charlotte-Concord-Gastonia, NC-SC Metro Area",Total,1204400.0
2017-12-01,"Charlotte-Concord-Gastonia, NC-SC Metro Area",Total,1206000.0
2018-01-01,"Charlotte-Concord-Gastonia, NC-SC Metro Area",Total,1186900.0
2018-02-01,"Charlotte-Concord-Gastonia, NC-SC Metro Area",Total,1194700.0
2018-03-01,"Charlotte-Concord-Gastonia, NC-SC Metro Area",Total,1202400.0
2018-04-01,"Charlotte-Concord-Gastonia, NC-SC Metro Area",Total,1206600.0
2018-05-01,"Charlotte-Concord-Gastonia, NC-SC Metro Area",Total,1215700.0
2018-06-01,"Charlotte-Concord-Gastonia, NC-SC Metro Area",Total,1216700.0
2018-07-01,"Charlotte-Concord-Gastonia, NC-SC Metro Area",Total,1203300.0
2018-08-01,"Charlotte-Concord-Gastonia, NC-SC Metro Area",Total,1217700.0
2018-09-01,"Charlotte-Concord-Gastonia, NC-SC Metro Area",Total,1218600.0
2018-10-01,"Charlotte-Concord-Gastonia, NC-SC Metro Area",Total,1232700.0
2018-11-01,"Charlotte-Concord-Gastonia, NC-SC Metro Area",Total,1237800.0
2018-12-01,"Charlotte-Concord-Gastonia, NC-SC Metro Area",Total,1236900.0
2019-01-01,"Charlotte-Concord-Gastonia, NC-SC Metro Area",Total,1222800.0
2019-02-01,"Charlotte-Concord-Gastonia, NC-SC Metro Area",Total,1228300.0
2019-03-01,"Charlotte-Concord-Gastonia, NC-SC Metro Area",Total,1235400.0
2019-04-01,"Charlotte-Concord-Gastonia, NC-SC Metro Area",Total,1238400.0
2019-05-01,"Charlotte-Concord-Gastonia, NC-SC Metro Area",Total,1245700.0
2019-06-01,"Charlotte-Concord-Gastonia, NC-SC Metro Area",Total,1248600.0
2019-07-01,"Charlotte-Concord-Gastonia, NC-SC Metro Area",Total,1234500.0
2019-08-01,"Charlotte-Concord-Gastonia, NC-SC Metro Area",Total,1251300.0
2019-09-01,"Charlotte-Concord-Gastonia, NC-SC Metro Area",Total,1251100.0
2019-10-01,"Charlotte-Concord-Gastonia, NC-SC Metro Area",Total,1261800.0
2019-11-01,"Charlotte-Concord-Gastonia, NC-SC Metro Area",Total,1270200.0
2019-12-01,"Charlotte-Concord-Gastonia, NC-SC Metro Area",Total,1269400.0
2020-01-01,"Charlotte-Concord-Gastonia, NC-SC Metro Area",Total,1255700.0
2020-02-01,"Charlotte-Concord-Gastonia, NC-SC Metro Area",Total,1261200.0
2020-03-01,"Charlotte-Concord-Gastonia, NC-SC Metro Area",Total,1257500.0
2020-04-01,"Charlotte-Concord-Gastonia, NC-SC Metro Area",Total,1111600.0
2020-05-01,"Charlotte-Concord-Gastonia, NC-SC Metro Area",Total,1140300.0
2020-06-01,"Charlotte-Concord-Gastonia, NC-SC Metro Area",Total,1177500.0
2020-07-01,"Charlotte-Concord-Gastonia, NC-SC Metro Area",Total,1179700.0
2020-08-01,"Charlotte-Concord-Gastonia, NC-SC Metro Area",Total,1199900.0
2020-09-01,"Charlotte-Concord-Gastonia, NC-SC Metro Area",Total,1207400.0
2020-10-01,"Charlotte-Concord-Gastonia, NC-SC Metro Area",Total,1234900.0
2020-11-01,"Charlotte-Concord-Gastonia, NC-SC Metro Area",Total,1244600.0
2020-12-01,"Charlotte-Concord-Gastonia, NC-SC Metro Area",Total,1249400.0
2021-01-01,"Charlotte-Concord-Gastonia, NC-SC Metro Area",Total,1226200.0
2021-02-01,"Charlotte-Concord-Gastonia, NC-SC Metro Area",Total,1232200.0
2021-03-01,"Charlotte-Concord-Gastonia, NC-SC Metro Area",Total,1239100.0
2021-04-01,"Charlotte-Concord-Gastonia, NC-SC Metro Area",Total,1246000.0
2021-05-01,"Charlotte-Concord-Gastonia, NC-SC Metro Area",Total,1255500.0
2021-06-01,"Charlotte-Concord-Gastonia, NC-SC Metro Area",Total,1253400.0
2021-07-01,"Charlotte-Concord-Gastonia, NC-SC Metro Area",Total,1250200.0
2021-08-01,"Charlotte-Concord-Gastonia, NC-SC Metro Area",Total,1257500.0
2021-09-01,"Charlotte-Concord-Gastonia, NC-SC Metro Area",Total,1257200.0
2021-10-01,"Charlotte-Concord-Gastonia, NC-SC Metro Area",Total,1283100.0
2021-11-01,"Charlotte-Concord-Gastonia, NC-SC Metro Area",Total,1293300.0
2021-12-01,"Charlotte-Concord-Gastonia, NC-SC Metro Area",Total,1298800.0
2022-01-01,"Charlotte-Concord-Gastonia, NC-SC Metro Area",Total,1275300.0
2022-02-01,"Charlotte-Concord-Gastonia, NC-SC Metro Area",Total,1292000.0
2022-03-01,"Charlotte-Concord-Gastonia, NC-SC Metro Area",Total,1300100.0
2022-04-01,"Charlotte-Concord-Gastonia, NC-SC Metro Area",Total,1309100.0
2022-05-01,"Charlotte-Concord-Gastonia, NC-SC Metro Area",Total,1318500.0
2022-06-01,"Charlotte-Concord-Gastonia, NC-SC Metro Area",Total,1318800.0
2022-07-01,"Charlotte-Concord-Gastonia, NC-SC Metro Area",Total,1312400.0
2022-08-01,"Charlotte-Concord-Gastonia, NC-SC Metro Area",Total,1323400.0
2022-09-01,"Charlotte-Concord-Gastonia, NC-SC Metro Area",Total,1323200.0
2022-10-01,"Charlotte-Concord-Gastonia, NC-SC Metro Area",Total,1331400.0
2022-11-01,"Charlotte-Concord-Gastonia, NC-SC Metro Area",Total,1338000.0
2022-12-01,"Charlotte-Concord-Gastonia, NC-SC Metro Area",Total,1340700.0
2023-01-01,"Charlotte-Concord-Gastonia, NC-SC Metro Area",Total,1326400.0
2023-02-01,"Charlotte-Concord-Gastonia, NC-SC Metro Area",Total,1332500.0
2023-03-01,"Charlotte-Concord-Gastonia, NC-SC Metro Area",Total,1337800.0
2023-04-01,"Charlotte-Concord-Gastonia, NC-SC Metro Area",Total,1343800.0
2023-05-01,"Charlotte-Concord-Gastonia, NC-SC Metro Area",Total,1354600.0
2023-06-01,"Charlotte-Concord-Gastonia, NC-SC Metro Area",Total,1361300.0
2023-07-01,"Charlotte-Concord-Gastonia, NC-SC Metro Area",Total,1347300.0
2023-08-01,"Charlotte-Concord-Gastonia, NC-SC Metro Area",Total,1357200.0
2023-09-01,"Charlotte-Concord-Gastonia, NC-SC Metro Area",Total,1355400.0
2023-10-01,"Charlotte-Concord-Gastonia, NC-SC Metro Area",Total,1361100.0
2023-11-01,"Charlotte-Concord-Gastonia, NC-SC Metro Area",Total,1368800.0
2023-12-01,"Charlotte-Concord-Gastonia, NC-SC Metro Area",Total,1366300.0
2024-01-01,"Charlotte-Concord-Gastonia, NC-SC Metro Area",Total,1342100.0
2024-02-01,"Charlotte-Concord-Gastonia, NC-SC Metro Area",Total,1351200.0
2024-03-01,"Charlotte-Concord-Gastonia, NC-SC Metro Area",Total,1355100.0
2024-04-01,"Charlotte-Concord-Gastonia, NC-SC Metro Area",Total,1362700.0
2024-05-01,"Charlotte-Concord-Gastonia, NC-SC Metro Area",Total,1374000.0
2000-01-01,"Cincinnati, OH-KY-IN Metro Area",Total,992400.0
2000-02-01,"Cincinnati, OH-KY-IN Metro Area",Total,998700.0
2000-03-01,"Cincinnati, OH-KY-IN Metro Area",Total,1008700.0
2000-04-01,"Cincinnati, OH-KY-IN Metro Area",Total,1012400.0
2000-05-01,"Cincinnati, OH-KY-IN Metro Area",Total,1022200.0
2000-06-01,"Cincinnati, OH-KY-IN Metro Area",Total,1024200.0
2000-07-01,"Cincinnati, OH-KY-IN Metro Area",Total,1013800.0
2000-08-01,"Cincinnati, OH-KY-IN Metro Area",Total,1014900.0
2000-09-01,"Cincinnati, OH-KY-IN Metro Area",Total,1017400.0
2000-10-01,"Cincinnati, OH-KY-IN Metro Area",Total,1019300.0
2000-11-01,"Cincinnati, OH-KY-IN Metro Area",Total,1022400.0
2000-12-01,"Cincinnati, OH-KY-IN Metro Area",Total,1027100.0
2001-01-01,"Cincinnati, OH-KY-IN Metro Area",Total,995300.0
2001-02-01,"Cincinnati, OH-KY-IN Metro Area",Total,998699.999999999
2001-03-01,"Cincinnati, OH-KY-IN Metro Area",Total,1005900.0
2001-04-01,"Cincinnati, OH-KY-IN Metro Area",Total,1007400.0
2001-05-01,"Cincinnati, OH-KY-IN Metro Area",Total,1014700.0
2001-06-01,"Cincinnati, OH-KY-IN Metro Area",Total,1017200.0
2001-07-01,"Cincinnati, OH-KY-IN Metro Area",Total,1007400.0
2001-08-01,"Cincinnati, OH-KY-IN Metro Area",Total,1010000.0
2001-09-01,"Cincinnati, OH-KY-IN Metro Area",Total,1010000.0
2001-10-01,"Cincinnati, OH-KY-IN Metro Area",Total,1011600.0
2001-11-01,"Cincinnati, OH-KY-IN Metro Area",Total,1011799.999999999
2001-12-01,"Cincinnati, OH-KY-IN Metro Area",Total,1012800.0
2002-01-01,"Cincinnati, OH-KY-IN Metro Area",Total,985400.0
2002-02-01,"Cincinnati, OH-KY-IN Metro Area",Total,988500.0
2002-03-01,"Cincinnati, OH-KY-IN Metro Area",Total,995800.0
2002-04-01,"Cincinnati, OH-KY-IN Metro Area",Total,1001300.0
2002-05-01,"Cincinnati, OH-KY-IN Metro Area",Total,1010300.0
2002-06-01,"Cincinnati, OH-KY-IN Metro Area",Total,1011300.0
2002-07-01,"Cincinnati, OH-KY-IN Metro Area",Total,1006200.0
2002-08-01,"Cincinnati, OH-KY-IN Metro Area",Total,1009800.0
2002-09-01,"Cincinnati, OH-KY-IN Metro Area",Total,1011500.0
2002-10-01,"Cincinnati, OH-KY-IN Metro Area",Total,1012600.0
2002-11-01,"Cincinnati, OH-KY-IN Metro Area",Total,1016700.0
2002-12-01,"Cincinnati, OH-KY-IN Metro Area",Total,1018900.0
2003-01-01,"Cincinnati, OH-KY-IN Metro Area",Total,995900.0
2003-02-01,"Cincinnati, OH-KY-IN Metro Area",Total,995200.0
2003-03-01,"Cincinnati, OH-KY-IN Metro Area",Total,1004700.0
2003-04-01,"Cincinnati, OH-KY-IN Metro Area",Total,1014900.0
2003-05-01,"Cincinnati, OH-KY-IN Metro Area",Total,1020600.0
2003-06-01,"Cincinnati, OH-KY-IN Metro Area",Total,1021000.0
2003-07-01,"Cincinnati, OH-KY-IN Metro Area",Total,1011000.0
2003-08-01,"Cincinnati, OH-KY-IN Metro Area",Total,1017900.0
2003-09-01,"Cincinnati, OH-KY-IN Metro Area",Total,1016100.0
2003-10-01,"Cincinnati, OH-KY-IN Metro Area",Total,1017800.0
2003-11-01,"Cincinnati, OH-KY-IN Metro Area",Total,1020000.0
2003-12-01,"Cincinnati, OH-KY-IN Metro Area",Total,1022900.0
2004-01-01,"Cincinnati, OH-KY-IN Metro Area",Total,995100.0
2004-02-01,"Cincinnati, OH-KY-IN Metro Area",Total,997100.0
2004-03-01,"Cincinnati, OH-KY-IN Metro Area",Total,1009300.0
2004-04-01,"Cincinnati, OH-KY-IN Metro Area",Total,1019500.0
2004-05-01,"Cincinnati, OH-KY-IN Metro Area",Total,1027000.0
2004-06-01,"Cincinnati, OH-KY-IN Metro Area",Total,1032500.0
2004-07-01,"Cincinnati, OH-KY-IN Metro Area",Total,1028000.0
2004-08-01,"Cincinnati, OH-KY-IN Metro Area",Total,1032000.0
2004-09-01,"Cincinnati, OH-KY-IN Metro Area",Total,1030200.0
2004-10-01,"Cincinnati, OH-KY-IN Metro Area",Total,1031600.0
2004-11-01,"Cincinnati, OH-KY-IN Metro Area",Total,1035000.0
2004-12-01,"Cincinnati, OH-KY-IN Metro Area",Total,1036400.0
2005-01-01,"Cincinnati, OH-KY-IN Metro Area",Total,1001499.999999999
2005-02-01,"Cincinnati, OH-KY-IN Metro Area",Total,1006500.0
2005-03-01,"Cincinnati, OH-KY-IN Metro Area",Total,1017400.0
2005-04-01,"Cincinnati, OH-KY-IN Metro Area",Total,1030000.0
2005-05-01,"Cincinnati, OH-KY-IN Metro Area",Total,1038000.0
2005-06-01,"Cincinnati, OH-KY-IN Metro Area",Total,1042300.0
2005-07-01,"Cincinnati, OH-KY-IN Metro Area",Total,1035200.0
2005-08-01,"Cincinnati, OH-KY-IN Metro Area",Total,1036900.0
2005-09-01,"Cincinnati, OH-KY-IN Metro Area",Total,1040900.0
2005-10-01,"Cincinnati, OH-KY-IN Metro Area",Total,1037500.0
2005-11-01,"Cincinnati, OH-KY-IN Metro Area",Total,1042300.0
2005-12-01,"Cincinnati, OH-KY-IN Metro Area",Total,1045200.0
2006-01-01,"Cincinnati, OH-KY-IN Metro Area",Total,1014500.0
2006-02-01,"Cincinnati, OH-KY-IN Metro Area",Total,1018000.0
2006-03-01,"Cincinnati, OH-KY-IN Metro Area",Total,1025200.0
2006-04-01,"Cincinnati, OH-KY-IN Metro Area",Total,1033300.0
2006-05-01,"Cincinnati, OH-KY-IN Metro Area",Total,1040500.0
2006-06-01,"Cincinnati, OH-KY-IN Metro Area",Total,1044900.0
2006-07-01,"Cincinnati, OH-KY-IN Metro Area",Total,1035000.0
2006-08-01,"Cincinnati, OH-KY-IN Metro Area",Total,1039800.0
2006-09-01,"Cincinnati, OH-KY-IN Metro Area",Total,1039500.0
2006-10-01,"Cincinnati, OH-KY-IN Metro Area",Total,1037300.0
2006-11-01,"Cincinnati, OH-KY-IN Metro Area",Total,1041200.0
2006-12-01,"Cincinnati, OH-KY-IN Metro Area",Total,1043800.0
2007-01-01,"Cincinnati, OH-KY-IN Metro Area",Total,1019600.0
2007-02-01,"Cincinnati, OH-KY-IN Metro Area",Total,1020000.0
2007-03-01,"Cincinnati, OH-KY-IN Metro Area",Total,1033100.0
2007-04-01,"Cincinnati, OH-KY-IN Metro Area",Total,1042600.0
2007-05-01,"Cincinnati, OH-KY-IN Metro Area",Total,1053900.0
2007-06-01,"Cincinnati, OH-KY-IN Metro Area",Total,1054200.0
2007-07-01,"Cincinnati, OH-KY-IN Metro Area",Total,1043000.0
2007-08-01,"Cincinnati, OH-KY-IN Metro Area",Total,1048700.0
2007-09-01,"Cincinnati, OH-KY-IN Metro Area",Total,1048300.0
2007-10-01,"Cincinnati, OH-KY-IN Metro Area",Total,1052800.0
2007-11-01,"Cincinnati, OH-KY-IN Metro Area",Total,1056100.0
2007-12-01,"Cincinnati, OH-KY-IN Metro Area",Total,1058100.0
2008-01-01,"Cincinnati, OH-KY-IN Metro Area",Total,1031000.0
2008-02-01,"Cincinnati, OH-KY-IN Metro Area",Total,1032600.0
2008-03-01,"Cincinnati, OH-KY-IN Metro Area",Total,1035300.0
2008-04-01,"Cincinnati, OH-KY-IN Metro Area",Total,1049400.0
2008-05-01,"Cincinnati, OH-KY-IN Metro Area",Total,1056700.0
2008-06-01,"Cincinnati, OH-KY-IN Metro Area",Total,1051000.0
2008-07-01,"Cincinnati, OH-KY-IN Metro Area",Total,1045400.0
2008-08-01,"Cincinnati, OH-KY-IN Metro Area",Total,1048300.0
2008-09-01,"Cincinnati, OH-KY-IN Metro Area",Total,1040400.0
2008-10-01,"Cincinnati, OH-KY-IN Metro Area",Total,1041000.0
2008-11-01,"Cincinnati, OH-KY-IN Metro Area",Total,1036300.0
2008-12-01,"Cincinnati, OH-KY-IN Metro Area",Total,1033900.0
2009-01-01,"Cincinnati, OH-KY-IN Metro Area",Total,996700.0
2009-02-01,"Cincinnati, OH-KY-IN Metro Area",Total,993200.0
2009-03-01,"Cincinnati, OH-KY-IN Metro Area",Total,992600.0
2009-04-01,"Cincinnati, OH-KY-IN Metro Area",Total,995100.0
2009-05-01,"Cincinnati, OH-KY-IN Metro Area",Total,1000700.0
2009-06-01,"Cincinnati, OH-KY-IN Metro Area",Total,994900.0
2009-07-01,"Cincinnati, OH-KY-IN Metro Area",Total,984700.0
2009-08-01,"Cincinnati, OH-KY-IN Metro Area",Total,990100.0
2009-09-01,"Cincinnati, OH-KY-IN Metro Area",Total,987100.0
2009-10-01,"Cincinnati, OH-KY-IN Metro Area",Total,988200.0
2009-11-01,"Cincinnati, OH-KY-IN Metro Area",Total,989700.0
2009-12-01,"Cincinnati, OH-KY-IN Metro Area",Total,989700.0
2010-01-01,"Cincinnati, OH-KY-IN Metro Area",Total,959900.0
2010-02-01,"Cincinnati, OH-KY-IN Metro Area",Total,960300.0
2010-03-01,"Cincinnati, OH-KY-IN Metro Area",Total,970900.0
2010-04-01,"Cincinnati, OH-KY-IN Metro Area",Total,985700.0
2010-05-01,"Cincinnati, OH-KY-IN Metro Area",Total,995700.0
2010-06-01,"Cincinnati, OH-KY-IN Metro Area",Total,991300.0
2010-07-01,"Cincinnati, OH-KY-IN Metro Area",Total,980800.0
2010-08-01,"Cincinnati, OH-KY-IN Metro Area",Total,985200.0
2010-09-01,"Cincinnati, OH-KY-IN Metro Area",Total,983700.0
2010-10-01,"Cincinnati, OH-KY-IN Metro Area",Total,990400.0
2010-11-01,"Cincinnati, OH-KY-IN Metro Area",Total,992200.0
2010-12-01,"Cincinnati, OH-KY-IN Metro Area",Total,990700.0
2011-01-01,"Cincinnati, OH-KY-IN Metro Area",Total,964900.0
2011-02-01,"Cincinnati, OH-KY-IN Metro Area",Total,968500.0
2011-03-01,"Cincinnati, OH-KY-IN Metro Area",Total,978100.0
2011-04-01,"Cincinnati, OH-KY-IN Metro Area",Total,993400.0
2011-05-01,"Cincinnati, OH-KY-IN Metro Area",Total,999800.0
2011-06-01,"Cincinnati, OH-KY-IN Metro Area",Total,997100.0
2011-07-01,"Cincinnati, OH-KY-IN Metro Area",Total,995400.0
2011-08-01,"Cincinnati, OH-KY-IN Metro Area",Total,1002800.0
2011-09-01,"Cincinnati, OH-KY-IN Metro Area",Total,1001400.0
2011-10-01,"Cincinnati, OH-KY-IN Metro Area",Total,1003000.0
2011-11-01,"Cincinnati, OH-KY-IN Metro Area",Total,1005500.0
2011-12-01,"Cincinnati, OH-KY-IN Metro Area",Total,1004900.0
2012-01-01,"Cincinnati, OH-KY-IN Metro Area",Total,979500.0
2012-02-01,"Cincinnati, OH-KY-IN Metro Area",Total,986600.0
2012-03-01,"Cincinnati, OH-KY-IN Metro Area",Total,996500.0
2012-04-01,"Cincinnati, OH-KY-IN Metro Area",Total,1008500.0
2012-05-01,"Cincinnati, OH-KY-IN Metro Area",Total,1019300.0
2012-06-01,"Cincinnati, OH-KY-IN Metro Area",Total,1019300.0
2012-07-01,"Cincinnati, OH-KY-IN Metro Area",Total,1009900.0
2012-08-01,"Cincinnati, OH-KY-IN Metro Area",Total,1015300.0
2012-09-01,"Cincinnati, OH-KY-IN Metro Area",Total,1016899.999999999
2012-10-01,"Cincinnati, OH-KY-IN Metro Area",Total,1021900.0
2012-11-01,"Cincinnati, OH-KY-IN Metro Area",Total,1021000.0
2012-12-01,"Cincinnati, OH-KY-IN Metro Area",Total,1018100.0
2013-01-01,"Cincinnati, OH-KY-IN Metro Area",Total,990800.0
2013-02-01,"Cincinnati, OH-KY-IN Metro Area",Total,1000100.0
2013-03-01,"Cincinnati, OH-KY-IN Metro Area",Total,1006800.0
2013-04-01,"Cincinnati, OH-KY-IN Metro Area",Total,1026300.0
2013-05-01,"Cincinnati, OH-KY-IN Metro Area",Total,1036800.0
2013-06-01,"Cincinnati, OH-KY-IN Metro Area",Total,1034400.0
2013-07-01,"Cincinnati, OH-KY-IN Metro Area",Total,1024900.0
2013-08-01,"Cincinnati, OH-KY-IN Metro Area",Total,1034400.0
2013-09-01,"Cincinnati, OH-KY-IN Metro Area",Total,1035200.0
2013-10-01,"Cincinnati, OH-KY-IN Metro Area",Total,1038600.0
2013-11-01,"Cincinnati, OH-KY-IN Metro Area",Total,1041400.0
2013-12-01,"Cincinnati, OH-KY-IN Metro Area",Total,1036900.0
2014-01-01,"Cincinnati, OH-KY-IN Metro Area",Total,1009100.0
2014-02-01,"Cincinnati, OH-KY-IN Metro Area",Total,1015200.0
2014-03-01,"Cincinnati, OH-KY-IN Metro Area",Total,1027600.0
2014-04-01,"Cincinnati, OH-KY-IN Metro Area",Total,1042000.0
2014-05-01,"Cincinnati, OH-KY-IN Metro Area",Total,1054700.0
2014-06-01,"Cincinnati, OH-KY-IN Metro Area",Total,1050900.0
2014-07-01,"Cincinnati, OH-KY-IN Metro Area",Total,1044600.0
2014-08-01,"Cincinnati, OH-KY-IN Metro Area",Total,1051900.0
2014-09-01,"Cincinnati, OH-KY-IN Metro Area",Total,1048700.0
2014-10-01,"Cincinnati, OH-KY-IN Metro Area",Total,1053400.0
2014-11-01,"Cincinnati, OH-KY-IN Metro Area",Total,1057500.0
2014-12-01,"Cincinnati, OH-KY-IN Metro Area",Total,1058800.0
2015-01-01,"Cincinnati, OH-KY-IN Metro Area",Total,1030500.0
2015-02-01,"Cincinnati, OH-KY-IN Metro Area",Total,1032400.0
2015-03-01,"Cincinnati, OH-KY-IN Metro Area",Total,1042100.0
2015-04-01,"Cincinnati, OH-KY-IN Metro Area",Total,1057800.0
2015-05-01,"Cincinnati, OH-KY-IN Metro Area",Total,1070600.0
2015-06-01,"Cincinnati, OH-KY-IN Metro Area",Total,1072199.999999999
2015-07-01,"Cincinnati, OH-KY-IN Metro Area",Total,1067500.0
2015-08-01,"Cincinnati, OH-KY-IN Metro Area",Total,1071000.0
2015-09-01,"Cincinnati, OH-KY-IN Metro Area",Total,1068700.0
2015-10-01,"Cincinnati, OH-KY-IN Metro Area",Total,1073400.0
2015-11-01,"Cincinnati, OH-KY-IN Metro Area",Total,1077500.0
2015-12-01,"Cincinnati, OH-KY-IN Metro Area",Total,1078400.0
2016-01-01,"Cincinnati, OH-KY-IN Metro Area",Total,1051700.0
2016-02-01,"Cincinnati, OH-KY-IN Metro Area",Total,1055100.0
2016-03-01,"Cincinnati, OH-KY-IN Metro Area",Total,1066500.0
2016-04-01,"Cincinnati, OH-KY-IN Metro Area",Total,1079300.0
2016-05-01,"Cincinnati, OH-KY-IN Metro Area",Total,1088400.0
2016-06-01,"Cincinnati, OH-KY-IN Metro Area",Total,1086800.0
2016-07-01,"Cincinnati, OH-KY-IN Metro Area",Total,1086500.0
2016-08-01,"Cincinnati, OH-KY-IN Metro Area",Total,1088000.0
2016-09-01,"Cincinnati, OH-KY-IN Metro Area",Total,1087600.0
2016-10-01,"Cincinnati, OH-KY-IN Metro Area",Total,1091200.0
2016-11-01,"Cincinnati, OH-KY-IN Metro Area",Total,1094400.0
2016-12-01,"Cincinnati, OH-KY-IN Metro Area",Total,1093900.0
2017-01-01,"Cincinnati, OH-KY-IN Metro Area",Total,1068200.0
2017-02-01,"Cincinnati, OH-KY-IN Metro Area",Total,1074100.0
2017-03-01,"Cincinnati, OH-KY-IN Metro Area",Total,1081700.0
2017-04-01,"Cincinnati, OH-KY-IN Metro Area",Total,1092800.0
2017-05-01,"Cincinnati, OH-KY-IN Metro Area",Total,1101300.0
2017-06-01,"Cincinnati, OH-KY-IN Metro Area",Total,1106999.999999999
2017-07-01,"Cincinnati, OH-KY-IN Metro Area",Total,1098300.0
2017-08-01,"Cincinnati, OH-KY-IN Metro Area",Total,1101400.0
2017-09-01,"Cincinnati, OH-KY-IN Metro Area",Total,1099000.0
2017-10-01,"Cincinnati, OH-KY-IN Metro Area",Total,1103000.0
2017-11-01,"Cincinnati, OH-KY-IN Metro Area",Total,1106900.0
2017-12-01,"Cincinnati, OH-KY-IN Metro Area",Total,1109100.0
2018-01-01,"Cincinnati, OH-KY-IN Metro Area",Total,1080800.0
2018-02-01,"Cincinnati, OH-KY-IN Metro Area",Total,1086100.0
2018-03-01,"Cincinnati, OH-KY-IN Metro Area",Total,1092900.0
2018-04-01,"Cincinnati, OH-KY-IN Metro Area",Total,1102300.0
2018-05-01,"Cincinnati, OH-KY-IN Metro Area",Total,1111000.0
2018-06-01,"Cincinnati, OH-KY-IN Metro Area",Total,1118899.999999999
2018-07-01,"Cincinnati, OH-KY-IN Metro Area",Total,1113200.0
2018-08-01,"Cincinnati, OH-KY-IN Metro Area",Total,1114300.0
2018-09-01,"Cincinnati, OH-KY-IN Metro Area",Total,1113600.0
2018-10-01,"Cincinnati, OH-KY-IN Metro Area",Total,1117300.0
2018-11-01,"Cincinnati, OH-KY-IN Metro Area",Total,1123100.0
2018-12-01,"Cincinnati, OH-KY-IN Metro Area",Total,1120700.0
2019-01-01,"Cincinnati, OH-KY-IN Metro Area",Total,1094100.0
2019-02-01,"Cincinnati, OH-KY-IN Metro Area",Total,1096600.0
2019-03-01,"Cincinnati, OH-KY-IN Metro Area",Total,1104700.0
2019-04-01,"Cincinnati, OH-KY-IN Metro Area",Total,1114100.0
2019-05-01,"Cincinnati, OH-KY-IN Metro Area",Total,1122900.0
2019-06-01,"Cincinnati, OH-KY-IN Metro Area",Total,1128500.0
2019-07-01,"Cincinnati, OH-KY-IN Metro Area",Total,1120700.0
2019-08-01,"Cincinnati, OH-KY-IN Metro Area",Total,1122200.0
2019-09-01,"Cincinnati, OH-KY-IN Metro Area",Total,1122400.0
2019-10-01,"Cincinnati, OH-KY-IN Metro Area",Total,1128700.0
2019-11-01,"Cincinnati, OH-KY-IN Metro Area",Total,1135300.0
2019-12-01,"Cincinnati, OH-KY-IN Metro Area",Total,1134300.0
2020-01-01,"Cincinnati, OH-KY-IN Metro Area",Total,1108200.0
2020-02-01,"Cincinnati, OH-KY-IN Metro Area",Total,1109900.0
2020-03-01,"Cincinnati, OH-KY-IN Metro Area",Total,1107000.0
2020-04-01,"Cincinnati, OH-KY-IN Metro Area",Total,953400.0
2020-05-01,"Cincinnati, OH-KY-IN Metro Area",Total,987100.0
2020-06-01,"Cincinnati, OH-KY-IN Metro Area",Total,1034500.0
2020-07-01,"Cincinnati, OH-KY-IN Metro Area",Total,1042800.0
2020-08-01,"Cincinnati, OH-KY-IN Metro Area",Total,1052000.0
2020-09-01,"Cincinnati, OH-KY-IN Metro Area",Total,1059900.0
2020-10-01,"Cincinnati, OH-KY-IN Metro Area",Total,1070800.0
2020-11-01,"Cincinnati, OH-KY-IN Metro Area",Total,1076000.0
2020-12-01,"Cincinnati, OH-KY-IN Metro Area",Total,1076600.0
2021-01-01,"Cincinnati, OH-KY-IN Metro Area",Total,1062000.0
2021-02-01,"Cincinnati, OH-KY-IN Metro Area",Total,1061300.0
2021-03-01,"Cincinnati, OH-KY-IN Metro Area",Total,1071800.0
2021-04-01,"Cincinnati, OH-KY-IN Metro Area",Total,1079900.0
2021-05-01,"Cincinnati, OH-KY-IN Metro Area",Total,1090600.0
2021-06-01,"Cincinnati, OH-KY-IN Metro Area",Total,1093400.0
2021-07-01,"Cincinnati, OH-KY-IN Metro Area",Total,1098600.0
2021-08-01,"Cincinnati, OH-KY-IN Metro Area",Total,1103600.0
2021-09-01,"Cincinnati, OH-KY-IN Metro Area",Total,1099400.0
2021-10-01,"Cincinnati, OH-KY-IN Metro Area",Total,1114899.999999999
2021-11-01,"Cincinnati, OH-KY-IN Metro Area",Total,1121800.0
2021-12-01,"Cincinnati, OH-KY-IN Metro Area",Total,1121000.0
2022-01-01,"Cincinnati, OH-KY-IN Metro Area",Total,1101600.0
2022-02-01,"Cincinnati, OH-KY-IN Metro Area",Total,1108499.999999999
2022-03-01,"Cincinnati, OH-KY-IN Metro Area",Total,1115900.0
2022-04-01,"Cincinnati, OH-KY-IN Metro Area",Total,1127300.0
2022-05-01,"Cincinnati, OH-KY-IN Metro Area",Total,1134100.0
2022-06-01,"Cincinnati, OH-KY-IN Metro Area",Total,1135200.0
2022-07-01,"Cincinnati, OH-KY-IN Metro Area",Total,1136400.0
2022-08-01,"Cincinnati, OH-KY-IN Metro Area",Total,1142900.0
2022-09-01,"Cincinnati, OH-KY-IN Metro Area",Total,1143200.0
2022-10-01,"Cincinnati, OH-KY-IN Metro Area",Total,1147600.0
2022-11-01,"Cincinnati, OH-KY-IN Metro Area",Total,1151500.0
2022-12-01,"Cincinnati, OH-KY-IN Metro Area",Total,1148100.0
2023-01-01,"Cincinnati, OH-KY-IN Metro Area",Total,1134200.0
2023-02-01,"Cincinnati, OH-KY-IN Metro Area",Total,1138500.0
2023-03-01,"Cincinnati, OH-KY-IN Metro Area",Total,1146400.0
2023-04-01,"Cincinnati, OH-KY-IN Metro Area",Total,1149200.0
2023-05-01,"Cincinnati, OH-KY-IN Metro Area",Total,1156100.0
2023-06-01,"Cincinnati, OH-KY-IN Metro Area",Total,1160300.0
2023-07-01,"Cincinnati, OH-KY-IN Metro Area",Total,1156099.99999999
2023-08-01,"Cincinnati, OH-KY-IN Metro Area",Total,1158900.0
2023-09-01,"Cincinnati, OH-KY-IN Metro Area",Total,1157800.0
2023-10-01,"Cincinnati, OH-KY-IN Metro Area",Total,1164000.0
2023-11-01,"Cincinnati, OH-KY-IN Metro Area",Total,1164000.0
2023-12-01,"Cincinnati, OH-KY-IN Metro Area",Total,1160700.0
2024-01-01,"Cincinnati, OH-KY-IN Metro Area",Total,1137300.0
2024-02-01,"Cincinnati, OH-KY-IN Metro Area",Total,1139400.0
2024-03-01,"Cincinnati, OH-KY-IN Metro Area",Total,1147100.0
2024-04-01,"Cincinnati, OH-KY-IN Metro Area",Total,1153400.0
2024-05-01,"Cincinnati, OH-KY-IN Metro Area",Total,1166000.0
2000-01-01,"Cleveland-Elyria, OH Metro Area",Total,1113700.0
2000-02-01,"Cleveland-Elyria, OH Metro Area",Total,1118100.0
2000-03-01,"Cleveland-Elyria, OH Metro Area",Total,1126300.0
2000-04-01,"Cleveland-Elyria, OH Metro Area",Total,1132000.0
2000-05-01,"Cleveland-Elyria, OH Metro Area",Total,1144400.0
2000-06-01,"Cleveland-Elyria, OH Metro Area",Total,1149600.0
2000-07-01,"Cleveland-Elyria, OH Metro Area",Total,1138300.0
2000-08-01,"Cleveland-Elyria, OH Metro Area",Total,1139800.0
2000-09-01,"Cleveland-Elyria, OH Metro Area",Total,1140400.0
2000-10-01,"Cleveland-Elyria, OH Metro Area",Total,1139900.0
2000-11-01,"Cleveland-Elyria, OH Metro Area",Total,1143300.0
2000-12-01,"Cleveland-Elyria, OH Metro Area",Total,1145100.0
2001-01-01,"Cleveland-Elyria, OH Metro Area",Total,1112600.0
2001-02-01,"Cleveland-Elyria, OH Metro Area",Total,1114200.0
2001-03-01,"Cleveland-Elyria, OH Metro Area",Total,1121000.0
2001-04-01,"Cleveland-Elyria, OH Metro Area",Total,1121500.0
2001-05-01,"Cleveland-Elyria, OH Metro Area",Total,1129300.0
2001-06-01,"Cleveland-Elyria, OH Metro Area",Total,1133500.0
2001-07-01,"Cleveland-Elyria, OH Metro Area",Total,1119900.0
2001-08-01,"Cleveland-Elyria, OH Metro Area",Total,1118900.0
2001-09-01,"Cleveland-Elyria, OH Metro Area",Total,1110200.0
2001-10-01,"Cleveland-Elyria, OH Metro Area",Total,1109200.0
2001-11-01,"Cleveland-Elyria, OH Metro Area",Total,1109900.0
2001-12-01,"Cleveland-Elyria, OH Metro Area",Total,1108200.0
2002-01-01,"Cleveland-Elyria, OH Metro Area",Total,1069500.0
2002-02-01,"Cleveland-Elyria, OH Metro Area",Total,1072100.0
2002-03-01,"Cleveland-Elyria, OH Metro Area",Total,1078400.0
2002-04-01,"Cleveland-Elyria, OH Metro Area",Total,1078600.0
2002-05-01,"Cleveland-Elyria, OH Metro Area",Total,1087400.0
2002-06-01,"Cleveland-Elyria, OH Metro Area",Total,1091100.0
2002-07-01,"Cleveland-Elyria, OH Metro Area",Total,1081600.0
2002-08-01,"Cleveland-Elyria, OH Metro Area",Total,1084000.0
2002-09-01,"Cleveland-Elyria, OH Metro Area",Total,1084400.0
2002-10-01,"Cleveland-Elyria, OH Metro Area",Total,1086900.0
2002-11-01,"Cleveland-Elyria, OH Metro Area",Total,1086700.0
2002-12-01,"Cleveland-Elyria, OH Metro Area",Total,1085800.0
2003-01-01,"Cleveland-Elyria, OH Metro Area",Total,1057000.0
2003-02-01,"Cleveland-Elyria, OH Metro Area",Total,1058000.0
2003-03-01,"Cleveland-Elyria, OH Metro Area",Total,1063700.0
2003-04-01,"Cleveland-Elyria, OH Metro Area",Total,1072000.0
2003-05-01,"Cleveland-Elyria, OH Metro Area",Total,1083300.0
2003-06-01,"Cleveland-Elyria, OH Metro Area",Total,1084900.0
2003-07-01,"Cleveland-Elyria, OH Metro Area",Total,1076000.0
2003-08-01,"Cleveland-Elyria, OH Metro Area",Total,1076200.0
2003-09-01,"Cleveland-Elyria, OH Metro Area",Total,1077000.0
2003-10-01,"Cleveland-Elyria, OH Metro Area",Total,1079700.0
2003-11-01,"Cleveland-Elyria, OH Metro Area",Total,1080300.0
2003-12-01,"Cleveland-Elyria, OH Metro Area",Total,1081000.0
2004-01-01,"Cleveland-Elyria, OH Metro Area",Total,1047200.0
2004-02-01,"Cleveland-Elyria, OH Metro Area",Total,1050400.0
2004-03-01,"Cleveland-Elyria, OH Metro Area",Total,1059800.0
2004-04-01,"Cleveland-Elyria, OH Metro Area",Total,1067600.0
2004-05-01,"Cleveland-Elyria, OH Metro Area",Total,1076700.0
2004-06-01,"Cleveland-Elyria, OH Metro Area",Total,1082500.0
2004-07-01,"Cleveland-Elyria, OH Metro Area",Total,1076100.0
2004-08-01,"Cleveland-Elyria, OH Metro Area",Total,1076300.0
2004-09-01,"Cleveland-Elyria, OH Metro Area",Total,1077000.0
2004-10-01,"Cleveland-Elyria, OH Metro Area",Total,1081900.0
2004-11-01,"Cleveland-Elyria, OH Metro Area",Total,1084700.0
2004-12-01,"Cleveland-Elyria, OH Metro Area",Total,1083900.0
2005-01-01,"Cleveland-Elyria, OH Metro Area",Total,1044800.0
2005-02-01,"Cleveland-Elyria, OH Metro Area",Total,1051100.0
2005-03-01,"Cleveland-Elyria, OH Metro Area",Total,1058000.0
2005-04-01,"Cleveland-Elyria, OH Metro Area",Total,1068500.0
2005-05-01,"Cleveland-Elyria, OH Metro Area",Total,1075400.0
2005-06-01,"Cleveland-Elyria, OH Metro Area",Total,1081900.0
2005-07-01,"Cleveland-Elyria, OH Metro Area",Total,1075300.0
2005-08-01,"Cleveland-Elyria, OH Metro Area",Total,1077100.0
2005-09-01,"Cleveland-Elyria, OH Metro Area",Total,1079700.0
2005-10-01,"Cleveland-Elyria, OH Metro Area",Total,1082600.0
2005-11-01,"Cleveland-Elyria, OH Metro Area",Total,1085200.0
2005-12-01,"Cleveland-Elyria, OH Metro Area",Total,1085200.0
2006-01-01,"Cleveland-Elyria, OH Metro Area",Total,1053500.0
2006-02-01,"Cleveland-Elyria, OH Metro Area",Total,1057500.0
2006-03-01,"Cleveland-Elyria, OH Metro Area",Total,1065300.0
2006-04-01,"Cleveland-Elyria, OH Metro Area",Total,1074700.0
2006-05-01,"Cleveland-Elyria, OH Metro Area",Total,1082000.0
2006-06-01,"Cleveland-Elyria, OH Metro Area",Total,1088800.0
2006-07-01,"Cleveland-Elyria, OH Metro Area",Total,1076800.0
2006-08-01,"Cleveland-Elyria, OH Metro Area",Total,1078300.0
2006-09-01,"Cleveland-Elyria, OH Metro Area",Total,1079000.0
2006-10-01,"Cleveland-Elyria, OH Metro Area",Total,1080100.0
2006-11-01,"Cleveland-Elyria, OH Metro Area",Total,1081000.0
2006-12-01,"Cleveland-Elyria, OH Metro Area",Total,1081200.0
2007-01-01,"Cleveland-Elyria, OH Metro Area",Total,1052700.0
2007-02-01,"Cleveland-Elyria, OH Metro Area",Total,1052600.0
2007-03-01,"Cleveland-Elyria, OH Metro Area",Total,1061400.0
2007-04-01,"Cleveland-Elyria, OH Metro Area",Total,1070300.0
2007-05-01,"Cleveland-Elyria, OH Metro Area",Total,1080100.0
2007-06-01,"Cleveland-Elyria, OH Metro Area",Total,1090100.0
2007-07-01,"Cleveland-Elyria, OH Metro Area",Total,1075500.0
2007-08-01,"Cleveland-Elyria, OH Metro Area",Total,1076900.0
2007-09-01,"Cleveland-Elyria, OH Metro Area",Total,1073700.0
2007-10-01,"Cleveland-Elyria, OH Metro Area",Total,1076500.0
2007-11-01,"Cleveland-Elyria, OH Metro Area",Total,1079400.0
2007-12-01,"Cleveland-Elyria, OH Metro Area",Total,1077400.0
2008-01-01,"Cleveland-Elyria, OH Metro Area",Total,1049900.0
2008-02-01,"Cleveland-Elyria, OH Metro Area",Total,1050400.0
2008-03-01,"Cleveland-Elyria, OH Metro Area",Total,1048200.0
2008-04-01,"Cleveland-Elyria, OH Metro Area",Total,1060700.0
2008-05-01,"Cleveland-Elyria, OH Metro Area",Total,1072700.0
2008-06-01,"Cleveland-Elyria, OH Metro Area",Total,1075700.0
2008-07-01,"Cleveland-Elyria, OH Metro Area",Total,1064300.0
2008-08-01,"Cleveland-Elyria, OH Metro Area",Total,1062500.0
2008-09-01,"Cleveland-Elyria, OH Metro Area",Total,1060800.0
2008-10-01,"Cleveland-Elyria, OH Metro Area",Total,1058800.0
2008-11-01,"Cleveland-Elyria, OH Metro Area",Total,1052500.0
2008-12-01,"Cleveland-Elyria, OH Metro Area",Total,1044800.0
2009-01-01,"Cleveland-Elyria, OH Metro Area",Total,1009100.0
2009-02-01,"Cleveland-Elyria, OH Metro Area",Total,1006100.0
2009-03-01,"Cleveland-Elyria, OH Metro Area",Total,1003400.0
2009-04-01,"Cleveland-Elyria, OH Metro Area",Total,1004900.0
2009-05-01,"Cleveland-Elyria, OH Metro Area",Total,1008500.0
2009-06-01,"Cleveland-Elyria, OH Metro Area",Total,1006700.0
2009-07-01,"Cleveland-Elyria, OH Metro Area",Total,995900.0
2009-08-01,"Cleveland-Elyria, OH Metro Area",Total,992400.0
2009-09-01,"Cleveland-Elyria, OH Metro Area",Total,994100.0
2009-10-01,"Cleveland-Elyria, OH Metro Area",Total,995800.0
2009-11-01,"Cleveland-Elyria, OH Metro Area",Total,997100.0
2009-12-01,"Cleveland-Elyria, OH Metro Area",Total,994500.0
2010-01-01,"Cleveland-Elyria, OH Metro Area",Total,969100.0
2010-02-01,"Cleveland-Elyria, OH Metro Area",Total,969700.0
2010-03-01,"Cleveland-Elyria, OH Metro Area",Total,972800.0
2010-04-01,"Cleveland-Elyria, OH Metro Area",Total,986200.0
2010-05-01,"Cleveland-Elyria, OH Metro Area",Total,998500.0
2010-06-01,"Cleveland-Elyria, OH Metro Area",Total,1000000.0
2010-07-01,"Cleveland-Elyria, OH Metro Area",Total,996200.0
2010-08-01,"Cleveland-Elyria, OH Metro Area",Total,995700.0
2010-09-01,"Cleveland-Elyria, OH Metro Area",Total,995400.0
2010-10-01,"Cleveland-Elyria, OH Metro Area",Total,1002100.0
2010-11-01,"Cleveland-Elyria, OH Metro Area",Total,1003500.0
2010-12-01,"Cleveland-Elyria, OH Metro Area",Total,1001500.0
2011-01-01,"Cleveland-Elyria, OH Metro Area",Total,971400.0
2011-02-01,"Cleveland-Elyria, OH Metro Area",Total,977500.0
2011-03-01,"Cleveland-Elyria, OH Metro Area",Total,981800.0
2011-04-01,"Cleveland-Elyria, OH Metro Area",Total,998800.0
2011-05-01,"Cleveland-Elyria, OH Metro Area",Total,1006300.0
2011-06-01,"Cleveland-Elyria, OH Metro Area",Total,1007900.0
2011-07-01,"Cleveland-Elyria, OH Metro Area",Total,1008900.0
2011-08-01,"Cleveland-Elyria, OH Metro Area",Total,1011800.0
2011-09-01,"Cleveland-Elyria, OH Metro Area",Total,1007400.0
2011-10-01,"Cleveland-Elyria, OH Metro Area",Total,1009900.0
2011-11-01,"Cleveland-Elyria, OH Metro Area",Total,1016500.0
2011-12-01,"Cleveland-Elyria, OH Metro Area",Total,1015100.0
2012-01-01,"Cleveland-Elyria, OH Metro Area",Total,987100.0
2012-02-01,"Cleveland-Elyria, OH Metro Area",Total,994500.0
2012-03-01,"Cleveland-Elyria, OH Metro Area",Total,1002900.0
2012-04-01,"Cleveland-Elyria, OH Metro Area",Total,1016200.0
2012-05-01,"Cleveland-Elyria, OH Metro Area",Total,1027300.0
2012-06-01,"Cleveland-Elyria, OH Metro Area",Total,1032900.0
2012-07-01,"Cleveland-Elyria, OH Metro Area",Total,1025800.0
2012-08-01,"Cleveland-Elyria, OH Metro Area",Total,1025499.999999999
2012-09-01,"Cleveland-Elyria, OH Metro Area",Total,1023800.0
2012-10-01,"Cleveland-Elyria, OH Metro Area",Total,1031400.0
2012-11-01,"Cleveland-Elyria, OH Metro Area",Total,1034900.0
2012-12-01,"Cleveland-Elyria, OH Metro Area",Total,1032000.0
2013-01-01,"Cleveland-Elyria, OH Metro Area",Total,1002200.0
2013-02-01,"Cleveland-Elyria, OH Metro Area",Total,1004900.0
2013-03-01,"Cleveland-Elyria, OH Metro Area",Total,1009900.0
2013-04-01,"Cleveland-Elyria, OH Metro Area",Total,1023900.0
2013-05-01,"Cleveland-Elyria, OH Metro Area",Total,1037200.0
2013-06-01,"Cleveland-Elyria, OH Metro Area",Total,1042700.0
2013-07-01,"Cleveland-Elyria, OH Metro Area",Total,1033400.0
2013-08-01,"Cleveland-Elyria, OH Metro Area",Total,1040000.0
2013-09-01,"Cleveland-Elyria, OH Metro Area",Total,1032800.0
2013-10-01,"Cleveland-Elyria, OH Metro Area",Total,1040500.0
2013-11-01,"Cleveland-Elyria, OH Metro Area",Total,1044700.0
2013-12-01,"Cleveland-Elyria, OH Metro Area",Total,1043500.0
2014-01-01,"Cleveland-Elyria, OH Metro Area",Total,1011000.0
2014-02-01,"Cleveland-Elyria, OH Metro Area",Total,1012100.0
2014-03-01,"Cleveland-Elyria, OH Metro Area",Total,1017700.0
2014-04-01,"Cleveland-Elyria, OH Metro Area",Total,1031500.0
2014-05-01,"Cleveland-Elyria, OH Metro Area",Total,1044900.0
2014-06-01,"Cleveland-Elyria, OH Metro Area",Total,1048800.0
2014-07-01,"Cleveland-Elyria, OH Metro Area",Total,1039600.0
2014-08-01,"Cleveland-Elyria, OH Metro Area",Total,1044800.0
2014-09-01,"Cleveland-Elyria, OH Metro Area",Total,1039300.0
2014-10-01,"Cleveland-Elyria, OH Metro Area",Total,1047900.0
2014-11-01,"Cleveland-Elyria, OH Metro Area",Total,1050400.0
2014-12-01,"Cleveland-Elyria, OH Metro Area",Total,1051300.0
2015-01-01,"Cleveland-Elyria, OH Metro Area",Total,1018500.0
2015-02-01,"Cleveland-Elyria, OH Metro Area",Total,1022100.0
2015-03-01,"Cleveland-Elyria, OH Metro Area",Total,1024500.0
2015-04-01,"Cleveland-Elyria, OH Metro Area",Total,1041600.0
2015-05-01,"Cleveland-Elyria, OH Metro Area",Total,1056800.0
2015-06-01,"Cleveland-Elyria, OH Metro Area",Total,1058600.0
2015-07-01,"Cleveland-Elyria, OH Metro Area",Total,1052799.999999999
2015-08-01,"Cleveland-Elyria, OH Metro Area",Total,1054300.0
2015-09-01,"Cleveland-Elyria, OH Metro Area",Total,1045900.0
2015-10-01,"Cleveland-Elyria, OH Metro Area",Total,1055300.0
2015-11-01,"Cleveland-Elyria, OH Metro Area",Total,1056600.0
2015-12-01,"Cleveland-Elyria, OH Metro Area",Total,1057300.0
2016-01-01,"Cleveland-Elyria, OH Metro Area",Total,1033600.0
2016-02-01,"Cleveland-Elyria, OH Metro Area",Total,1036000.0
2016-03-01,"Cleveland-Elyria, OH Metro Area",Total,1040800.0
2016-04-01,"Cleveland-Elyria, OH Metro Area",Total,1053300.0
2016-05-01,"Cleveland-Elyria, OH Metro Area",Total,1063600.0
2016-06-01,"Cleveland-Elyria, OH Metro Area",Total,1064200.0
2016-07-01,"Cleveland-Elyria, OH Metro Area",Total,1063600.0
2016-08-01,"Cleveland-Elyria, OH Metro Area",Total,1064300.0
2016-09-01,"Cleveland-Elyria, OH Metro Area",Total,1056100.0
2016-10-01,"Cleveland-Elyria, OH Metro Area",Total,1062600.0
2016-11-01,"Cleveland-Elyria, OH Metro Area",Total,1065000.0
2016-12-01,"Cleveland-Elyria, OH Metro Area",Total,1060600.0
2017-01-01,"Cleveland-Elyria, OH Metro Area",Total,1033500.0
2017-02-01,"Cleveland-Elyria, OH Metro Area",Total,1037900.0
2017-03-01,"Cleveland-Elyria, OH Metro Area",Total,1041900.0
2017-04-01,"Cleveland-Elyria, OH Metro Area",Total,1055000.0
2017-05-01,"Cleveland-Elyria, OH Metro Area",Total,1066800.0
2017-06-01,"Cleveland-Elyria, OH Metro Area",Total,1073100.0
2017-07-01,"Cleveland-Elyria, OH Metro Area",Total,1065600.0
2017-08-01,"Cleveland-Elyria, OH Metro Area",Total,1067400.0
2017-09-01,"Cleveland-Elyria, OH Metro Area",Total,1061300.0
2017-10-01,"Cleveland-Elyria, OH Metro Area",Total,1068600.0
2017-11-01,"Cleveland-Elyria, OH Metro Area",Total,1068000.0
2017-12-01,"Cleveland-Elyria, OH Metro Area",Total,1065700.0
2018-01-01,"Cleveland-Elyria, OH Metro Area",Total,1042200.0
2018-02-01,"Cleveland-Elyria, OH Metro Area",Total,1047400.0
2018-03-01,"Cleveland-Elyria, OH Metro Area",Total,1051600.0
2018-04-01,"Cleveland-Elyria, OH Metro Area",Total,1063300.0
2018-05-01,"Cleveland-Elyria, OH Metro Area",Total,1076100.0
2018-06-01,"Cleveland-Elyria, OH Metro Area",Total,1083300.0
2018-07-01,"Cleveland-Elyria, OH Metro Area",Total,1079200.0
2018-08-01,"Cleveland-Elyria, OH Metro Area",Total,1081600.0
2018-09-01,"Cleveland-Elyria, OH Metro Area",Total,1071700.0
2018-10-01,"Cleveland-Elyria, OH Metro Area",Total,1080900.0
2018-11-01,"Cleveland-Elyria, OH Metro Area",Total,1083000.0
2018-12-01,"Cleveland-Elyria, OH Metro Area",Total,1080000.0
2019-01-01,"Cleveland-Elyria, OH Metro Area",Total,1059400.0
2019-02-01,"Cleveland-Elyria, OH Metro Area",Total,1062800.0
2019-03-01,"Cleveland-Elyria, OH Metro Area",Total,1065200.0
2019-04-01,"Cleveland-Elyria, OH Metro Area",Total,1076700.0
2019-05-01,"Cleveland-Elyria, OH Metro Area",Total,1088500.0
2019-06-01,"Cleveland-Elyria, OH Metro Area",Total,1093400.0
2019-07-01,"Cleveland-Elyria, OH Metro Area",Total,1090600.0
2019-08-01,"Cleveland-Elyria, OH Metro Area",Total,1089600.0
2019-09-01,"Cleveland-Elyria, OH Metro Area",Total,1080800.0
2019-10-01,"Cleveland-Elyria, OH Metro Area",Total,1088200.0
2019-11-01,"Cleveland-Elyria, OH Metro Area",Total,1090400.0
2019-12-01,"Cleveland-Elyria, OH Metro Area",Total,1086900.0
2020-01-01,"Cleveland-Elyria, OH Metro Area",Total,1063600.0
2020-02-01,"Cleveland-Elyria, OH Metro Area",Total,1066800.0
2020-03-01,"Cleveland-Elyria, OH Metro Area",Total,1056900.0
2020-04-01,"Cleveland-Elyria, OH Metro Area",Total,916200.0
2020-05-01,"Cleveland-Elyria, OH Metro Area",Total,954300.0
2020-06-01,"Cleveland-Elyria, OH Metro Area",Total,992300.0
2020-07-01,"Cleveland-Elyria, OH Metro Area",Total,995300.0
2020-08-01,"Cleveland-Elyria, OH Metro Area",Total,1000000.0
2020-09-01,"Cleveland-Elyria, OH Metro Area",Total,1002300.0
2020-10-01,"Cleveland-Elyria, OH Metro Area",Total,1017100.0
2020-11-01,"Cleveland-Elyria, OH Metro Area",Total,1020000.0
2020-12-01,"Cleveland-Elyria, OH Metro Area",Total,1017200.0
2021-01-01,"Cleveland-Elyria, OH Metro Area",Total,1000400.0
2021-02-01,"Cleveland-Elyria, OH Metro Area",Total,1002600.0
2021-03-01,"Cleveland-Elyria, OH Metro Area",Total,1006499.999999999
2021-04-01,"Cleveland-Elyria, OH Metro Area",Total,1017700.0
2021-05-01,"Cleveland-Elyria, OH Metro Area",Total,1027500.0
2021-06-01,"Cleveland-Elyria, OH Metro Area",Total,1033200.0
2021-07-01,"Cleveland-Elyria, OH Metro Area",Total,1041900.0
2021-08-01,"Cleveland-Elyria, OH Metro Area",Total,1039600.0
2021-09-01,"Cleveland-Elyria, OH Metro Area",Total,1028100.0
2021-10-01,"Cleveland-Elyria, OH Metro Area",Total,1044700.0
2021-11-01,"Cleveland-Elyria, OH Metro Area",Total,1049000.0
2021-12-01,"Cleveland-Elyria, OH Metro Area",Total,1044500.0
2022-01-01,"Cleveland-Elyria, OH Metro Area",Total,1021200.0
2022-02-01,"Cleveland-Elyria, OH Metro Area",Total,1025400.0
2022-03-01,"Cleveland-Elyria, OH Metro Area",Total,1028000.0
2022-04-01,"Cleveland-Elyria, OH Metro Area",Total,1045900.0
2022-05-01,"Cleveland-Elyria, OH Metro Area",Total,1055700.0
2022-06-01,"Cleveland-Elyria, OH Metro Area",Total,1058800.0
2022-07-01,"Cleveland-Elyria, OH Metro Area",Total,1059300.0
2022-08-01,"Cleveland-Elyria, OH Metro Area",Total,1060000.0
2022-09-01,"Cleveland-Elyria, OH Metro Area",Total,1052199.999999999
2022-10-01,"Cleveland-Elyria, OH Metro Area",Total,1062600.0
2022-11-01,"Cleveland-Elyria, OH Metro Area",Total,1063900.0
2022-12-01,"Cleveland-Elyria, OH Metro Area",Total,1061000.0
2023-01-01,"Cleveland-Elyria, OH Metro Area",Total,1043600.0
2023-02-01,"Cleveland-Elyria, OH Metro Area",Total,1045300.0
2023-03-01,"Cleveland-Elyria, OH Metro Area",Total,1046400.0
2023-04-01,"Cleveland-Elyria, OH Metro Area",Total,1055000.0
2023-05-01,"Cleveland-Elyria, OH Metro Area",Total,1067500.0
2023-06-01,"Cleveland-Elyria, OH Metro Area",Total,1075300.0
2023-07-01,"Cleveland-Elyria, OH Metro Area",Total,1072500.0
2023-08-01,"Cleveland-Elyria, OH Metro Area",Total,1071200.0
2023-09-01,"Cleveland-Elyria, OH Metro Area",Total,1062200.0
2023-10-01,"Cleveland-Elyria, OH Metro Area",Total,1068900.0
2023-11-01,"Cleveland-Elyria, OH Metro Area",Total,1070800.0
2023-12-01,"Cleveland-Elyria, OH Metro Area",Total,1069300.0
2024-01-01,"Cleveland-Elyria, OH Metro Area",Total,1045400.0
2024-02-01,"Cleveland-Elyria, OH Metro Area",Total,1053500.0
2024-03-01,"Cleveland-Elyria, OH Metro Area",Total,1058400.0
2024-04-01,"Cleveland-Elyria, OH Metro Area",Total,1062700.0
2024-05-01,"Cleveland-Elyria, OH Metro Area",Total,1073400.0
2000-01-01,"Columbus, OH Metro Area",Total,910100.0
2000-02-01,"Columbus, OH Metro Area",Total,916200.0
2000-03-01,"Columbus, OH Metro Area",Total,922700.0
2000-04-01,"Columbus, OH Metro Area",Total,929600.0
2000-05-01,"Columbus, OH Metro Area",Total,936600.0
2000-06-01,"Columbus, OH Metro Area",Total,936200.0
2000-07-01,"Columbus, OH Metro Area",Total,932400.0
2000-08-01,"Columbus, OH Metro Area",Total,933900.0
2000-09-01,"Columbus, OH Metro Area",Total,935300.0
2000-10-01,"Columbus, OH Metro Area",Total,944300.0
2000-11-01,"Columbus, OH Metro Area",Total,951800.0
2000-12-01,"Columbus, OH Metro Area",Total,955300.0
2001-01-01,"Columbus, OH Metro Area",Total,930400.0
2001-02-01,"Columbus, OH Metro Area",Total,933600.0
2001-03-01,"Columbus, OH Metro Area",Total,938400.0
2001-04-01,"Columbus, OH Metro Area",Total,942400.0
2001-05-01,"Columbus, OH Metro Area",Total,945300.0
2001-06-01,"Columbus, OH Metro Area",Total,941400.0
2001-07-01,"Columbus, OH Metro Area",Total,933200.0
2001-08-01,"Columbus, OH Metro Area",Total,931400.0
2001-09-01,"Columbus, OH Metro Area",Total,931300.0
2001-10-01,"Columbus, OH Metro Area",Total,939400.0
2001-11-01,"Columbus, OH Metro Area",Total,944500.0
2001-12-01,"Columbus, OH Metro Area",Total,946100.0
2002-01-01,"Columbus, OH Metro Area",Total,920800.0
2002-02-01,"Columbus, OH Metro Area",Total,923300.0
2002-03-01,"Columbus, OH Metro Area",Total,928700.0
2002-04-01,"Columbus, OH Metro Area",Total,931200.0
2002-05-01,"Columbus, OH Metro Area",Total,936600.0
2002-06-01,"Columbus, OH Metro Area",Total,933000.0
2002-07-01,"Columbus, OH Metro Area",Total,926900.0
2002-08-01,"Columbus, OH Metro Area",Total,926000.0
2002-09-01,"Columbus, OH Metro Area",Total,930600.0
2002-10-01,"Columbus, OH Metro Area",Total,936500.0
2002-11-01,"Columbus, OH Metro Area",Total,941100.0
2002-12-01,"Columbus, OH Metro Area",Total,940700.0
2003-01-01,"Columbus, OH Metro Area",Total,917900.0
2003-02-01,"Columbus, OH Metro Area",Total,916800.0
2003-03-01,"Columbus, OH Metro Area",Total,921100.0
2003-04-01,"Columbus, OH Metro Area",Total,927500.0
2003-05-01,"Columbus, OH Metro Area",Total,932100.0
2003-06-01,"Columbus, OH Metro Area",Total,928100.0
2003-07-01,"Columbus, OH Metro Area",Total,924300.0
2003-08-01,"Columbus, OH Metro Area",Total,924800.0
2003-09-01,"Columbus, OH Metro Area",Total,926600.0
2003-10-01,"Columbus, OH Metro Area",Total,935900.0
2003-11-01,"Columbus, OH Metro Area",Total,940900.0
2003-12-01,"Columbus, OH Metro Area",Total,941600.0
2004-01-01,"Columbus, OH Metro Area",Total,911100.0
2004-02-01,"Columbus, OH Metro Area",Total,913500.0
2004-03-01,"Columbus, OH Metro Area",Total,922500.0
2004-04-01,"Columbus, OH Metro Area",Total,929700.0
2004-05-01,"Columbus, OH Metro Area",Total,937300.0
2004-06-01,"Columbus, OH Metro Area",Total,935600.0
2004-07-01,"Columbus, OH Metro Area",Total,931500.0
2004-08-01,"Columbus, OH Metro Area",Total,933200.0
2004-09-01,"Columbus, OH Metro Area",Total,936400.0
2004-10-01,"Columbus, OH Metro Area",Total,948300.0
2004-11-01,"Columbus, OH Metro Area",Total,954400.0
2004-12-01,"Columbus, OH Metro Area",Total,954500.0
2005-01-01,"Columbus, OH Metro Area",Total,920300.0
2005-02-01,"Columbus, OH Metro Area",Total,922800.0
2005-03-01,"Columbus, OH Metro Area",Total,929600.0
2005-04-01,"Columbus, OH Metro Area",Total,939000.0
2005-05-01,"Columbus, OH Metro Area",Total,945100.0
2005-06-01,"Columbus, OH Metro Area",Total,941500.0
2005-07-01,"Columbus, OH Metro Area",Total,937200.0
2005-08-01,"Columbus, OH Metro Area",Total,938700.0
2005-09-01,"Columbus, OH Metro Area",Total,945300.0
2005-10-01,"Columbus, OH Metro Area",Total,953400.0
2005-11-01,"Columbus, OH Metro Area",Total,959700.0
2005-12-01,"Columbus, OH Metro Area",Total,959900.0
2006-01-01,"Columbus, OH Metro Area",Total,929000.0
2006-02-01,"Columbus, OH Metro Area",Total,934000.0
2006-03-01,"Columbus, OH Metro Area",Total,941400.0
2006-04-01,"Columbus, OH Metro Area",Total,948600.0
2006-05-01,"Columbus, OH Metro Area",Total,954800.0
2006-06-01,"Columbus, OH Metro Area",Total,951800.0
2006-07-01,"Columbus, OH Metro Area",Total,945100.0
2006-08-01,"Columbus, OH Metro Area",Total,946500.0
2006-09-01,"Columbus, OH Metro Area",Total,951700.0
2006-10-01,"Columbus, OH Metro Area",Total,960000.0
2006-11-01,"Columbus, OH Metro Area",Total,966700.0
2006-12-01,"Columbus, OH Metro Area",Total,969200.0
2007-01-01,"Columbus, OH Metro Area",Total,944400.0
2007-02-01,"Columbus, OH Metro Area",Total,942000.0
2007-03-01,"Columbus, OH Metro Area",Total,950000.0
2007-04-01,"Columbus, OH Metro Area",Total,959400.0
2007-05-01,"Columbus, OH Metro Area",Total,967800.0
2007-06-01,"Columbus, OH Metro Area",Total,966200.0
2007-07-01,"Columbus, OH Metro Area",Total,957600.0
2007-08-01,"Columbus, OH Metro Area",Total,957600.0
2007-09-01,"Columbus, OH Metro Area",Total,962600.0
2007-10-01,"Columbus, OH Metro Area",Total,970000.0
2007-11-01,"Columbus, OH Metro Area",Total,976700.0
2007-12-01,"Columbus, OH Metro Area",Total,975600.0
2008-01-01,"Columbus, OH Metro Area",Total,948800.0
2008-02-01,"Columbus, OH Metro Area",Total,950200.0
2008-03-01,"Columbus, OH Metro Area",Total,950100.0
2008-04-01,"Columbus, OH Metro Area",Total,960200.0
2008-05-01,"Columbus, OH Metro Area",Total,966200.0
2008-06-01,"Columbus, OH Metro Area",Total,960400.0
2008-07-01,"Columbus, OH Metro Area",Total,955400.0
2008-08-01,"Columbus, OH Metro Area",Total,955200.0
2008-09-01,"Columbus, OH Metro Area",Total,956900.0
2008-10-01,"Columbus, OH Metro Area",Total,963600.0
2008-11-01,"Columbus, OH Metro Area",Total,962000.0
2008-12-01,"Columbus, OH Metro Area",Total,957900.0
2009-01-01,"Columbus, OH Metro Area",Total,927000.0
2009-02-01,"Columbus, OH Metro Area",Total,923000.0
2009-03-01,"Columbus, OH Metro Area",Total,923300.0
2009-04-01,"Columbus, OH Metro Area",Total,927500.0
2009-05-01,"Columbus, OH Metro Area",Total,931300.0
2009-06-01,"Columbus, OH Metro Area",Total,922800.0
2009-07-01,"Columbus, OH Metro Area",Total,913800.0
2009-08-01,"Columbus, OH Metro Area",Total,913300.0
2009-09-01,"Columbus, OH Metro Area",Total,916700.0
2009-10-01,"Columbus, OH Metro Area",Total,924900.0
2009-11-01,"Columbus, OH Metro Area",Total,926700.0
2009-12-01,"Columbus, OH Metro Area",Total,923600.0
2010-01-01,"Columbus, OH Metro Area",Total,899900.0
2010-02-01,"Columbus, OH Metro Area",Total,901200.0
2010-03-01,"Columbus, OH Metro Area",Total,906700.0
2010-04-01,"Columbus, OH Metro Area",Total,919200.0
2010-05-01,"Columbus, OH Metro Area",Total,927400.0
2010-06-01,"Columbus, OH Metro Area",Total,921100.0
2010-07-01,"Columbus, OH Metro Area",Total,916000.0
2010-08-01,"Columbus, OH Metro Area",Total,918600.0
2010-09-01,"Columbus, OH Metro Area",Total,923400.0
2010-10-01,"Columbus, OH Metro Area",Total,933800.0
2010-11-01,"Columbus, OH Metro Area",Total,938300.0
2010-12-01,"Columbus, OH Metro Area",Total,937700.0
2011-01-01,"Columbus, OH Metro Area",Total,912200.0
2011-02-01,"Columbus, OH Metro Area",Total,917000.0
2011-03-01,"Columbus, OH Metro Area",Total,922600.0
2011-04-01,"Columbus, OH Metro Area",Total,939200.0
2011-05-01,"Columbus, OH Metro Area",Total,946000.0
2011-06-01,"Columbus, OH Metro Area",Total,939500.0
2011-07-01,"Columbus, OH Metro Area",Total,938600.0
2011-08-01,"Columbus, OH Metro Area",Total,942600.0
2011-09-01,"Columbus, OH Metro Area",Total,951800.0
2011-10-01,"Columbus, OH Metro Area",Total,958000.0
2011-11-01,"Columbus, OH Metro Area",Total,964900.0
2011-12-01,"Columbus, OH Metro Area",Total,964100.0
2012-01-01,"Columbus, OH Metro Area",Total,940900.0
2012-02-01,"Columbus, OH Metro Area",Total,947700.0
2012-03-01,"Columbus, OH Metro Area",Total,953100.0
2012-04-01,"Columbus, OH Metro Area",Total,961800.0
2012-05-01,"Columbus, OH Metro Area",Total,971600.0
2012-06-01,"Columbus, OH Metro Area",Total,968900.0
2012-07-01,"Columbus, OH Metro Area",Total,960500.0
2012-08-01,"Columbus, OH Metro Area",Total,963600.0
2012-09-01,"Columbus, OH Metro Area",Total,973100.0
2012-10-01,"Columbus, OH Metro Area",Total,987300.0
2012-11-01,"Columbus, OH Metro Area",Total,994700.0
2012-12-01,"Columbus, OH Metro Area",Total,993100.0
2013-01-01,"Columbus, OH Metro Area",Total,966500.0
2013-02-01,"Columbus, OH Metro Area",Total,968600.0
2013-03-01,"Columbus, OH Metro Area",Total,972200.0
2013-04-01,"Columbus, OH Metro Area",Total,986700.0
2013-05-01,"Columbus, OH Metro Area",Total,997100.0
2013-06-01,"Columbus, OH Metro Area",Total,989700.0
2013-07-01,"Columbus, OH Metro Area",Total,986500.0
2013-08-01,"Columbus, OH Metro Area",Total,992000.0
2013-09-01,"Columbus, OH Metro Area",Total,997000.0
2013-10-01,"Columbus, OH Metro Area",Total,1007200.0
2013-11-01,"Columbus, OH Metro Area",Total,1018200.0
2013-12-01,"Columbus, OH Metro Area",Total,1018000.0
2014-01-01,"Columbus, OH Metro Area",Total,987500.0
2014-02-01,"Columbus, OH Metro Area",Total,990000.0
2014-03-01,"Columbus, OH Metro Area",Total,993800.0
2014-04-01,"Columbus, OH Metro Area",Total,1009800.0
2014-05-01,"Columbus, OH Metro Area",Total,1021300.0
2014-06-01,"Columbus, OH Metro Area",Total,1013800.0
2014-07-01,"Columbus, OH Metro Area",Total,1012400.0
2014-08-01,"Columbus, OH Metro Area",Total,1020200.0
2014-09-01,"Columbus, OH Metro Area",Total,1025500.0
2014-10-01,"Columbus, OH Metro Area",Total,1034800.0
2014-11-01,"Columbus, OH Metro Area",Total,1044900.0
2014-12-01,"Columbus, OH Metro Area",Total,1045300.0
2015-01-01,"Columbus, OH Metro Area",Total,1015300.0
2015-02-01,"Columbus, OH Metro Area",Total,1017000.0
2015-03-01,"Columbus, OH Metro Area",Total,1019800.0
2015-04-01,"Columbus, OH Metro Area",Total,1032200.0
2015-05-01,"Columbus, OH Metro Area",Total,1043700.0
2015-06-01,"Columbus, OH Metro Area",Total,1043400.0
2015-07-01,"Columbus, OH Metro Area",Total,1041900.0
2015-08-01,"Columbus, OH Metro Area",Total,1046800.0
2015-09-01,"Columbus, OH Metro Area",Total,1044100.0
2015-10-01,"Columbus, OH Metro Area",Total,1056400.0
2015-11-01,"Columbus, OH Metro Area",Total,1063500.0
2015-12-01,"Columbus, OH Metro Area",Total,1063400.0
2016-01-01,"Columbus, OH Metro Area",Total,1039200.0
2016-02-01,"Columbus, OH Metro Area",Total,1042100.0
2016-03-01,"Columbus, OH Metro Area",Total,1047400.0
2016-04-01,"Columbus, OH Metro Area",Total,1056300.0
2016-05-01,"Columbus, OH Metro Area",Total,1065400.0
2016-06-01,"Columbus, OH Metro Area",Total,1063400.0
2016-07-01,"Columbus, OH Metro Area",Total,1063000.0
2016-08-01,"Columbus, OH Metro Area",Total,1067900.0
2016-09-01,"Columbus, OH Metro Area",Total,1070100.0
2016-10-01,"Columbus, OH Metro Area",Total,1080300.0
2016-11-01,"Columbus, OH Metro Area",Total,1090200.0
2016-12-01,"Columbus, OH Metro Area",Total,1086700.0
2017-01-01,"Columbus, OH Metro Area",Total,1062600.0
2017-02-01,"Columbus, OH Metro Area",Total,1065500.0
2017-03-01,"Columbus, OH Metro Area",Total,1068600.0
2017-04-01,"Columbus, OH Metro Area",Total,1079100.0
2017-05-01,"Columbus, OH Metro Area",Total,1089100.0
2017-06-01,"Columbus, OH Metro Area",Total,1090200.0
2017-07-01,"Columbus, OH Metro Area",Total,1085400.0
2017-08-01,"Columbus, OH Metro Area",Total,1089700.0
2017-09-01,"Columbus, OH Metro Area",Total,1087500.0
2017-10-01,"Columbus, OH Metro Area",Total,1098700.0
2017-11-01,"Columbus, OH Metro Area",Total,1107000.0
2017-12-01,"Columbus, OH Metro Area",Total,1101400.0
2018-01-01,"Columbus, OH Metro Area",Total,1078000.0
2018-02-01,"Columbus, OH Metro Area",Total,1081300.0
2018-03-01,"Columbus, OH Metro Area",Total,1082400.0
2018-04-01,"Columbus, OH Metro Area",Total,1090900.0
2018-05-01,"Columbus, OH Metro Area",Total,1102600.0
2018-06-01,"Columbus, OH Metro Area",Total,1104700.0
2018-07-01,"Columbus, OH Metro Area",Total,1103500.0
2018-08-01,"Columbus, OH Metro Area",Total,1106900.0
2018-09-01,"Columbus, OH Metro Area",Total,1104200.0
2018-10-01,"Columbus, OH Metro Area",Total,1114500.0
2018-11-01,"Columbus, OH Metro Area",Total,1119900.0
2018-12-01,"Columbus, OH Metro Area",Total,1114700.0
2019-01-01,"Columbus, OH Metro Area",Total,1093600.0
2019-02-01,"Columbus, OH Metro Area",Total,1092700.0
2019-03-01,"Columbus, OH Metro Area",Total,1094700.0
2019-04-01,"Columbus, OH Metro Area",Total,1105200.0
2019-05-01,"Columbus, OH Metro Area",Total,1115900.0
2019-06-01,"Columbus, OH Metro Area",Total,1113700.0
2019-07-01,"Columbus, OH Metro Area",Total,1117600.0
2019-08-01,"Columbus, OH Metro Area",Total,1118800.0
2019-09-01,"Columbus, OH Metro Area",Total,1114400.0
2019-10-01,"Columbus, OH Metro Area",Total,1127800.0
2019-11-01,"Columbus, OH Metro Area",Total,1137100.0
2019-12-01,"Columbus, OH Metro Area",Total,1133800.0
2020-01-01,"Columbus, OH Metro Area",Total,1109700.0
2020-02-01,"Columbus, OH Metro Area",Total,1111400.0
2020-03-01,"Columbus, OH Metro Area",Total,1100300.0
2020-04-01,"Columbus, OH Metro Area",Total,962000.0
2020-05-01,"Columbus, OH Metro Area",Total,1005800.0
2020-06-01,"Columbus, OH Metro Area",Total,1041300.0
2020-07-01,"Columbus, OH Metro Area",Total,1053300.0
2020-08-01,"Columbus, OH Metro Area",Total,1061400.0
2020-09-01,"Columbus, OH Metro Area",Total,1063100.0
2020-10-01,"Columbus, OH Metro Area",Total,1080800.0
2020-11-01,"Columbus, OH Metro Area",Total,1088900.0
2020-12-01,"Columbus, OH Metro Area",Total,1087000.0
2021-01-01,"Columbus, OH Metro Area",Total,1072900.0
2021-02-01,"Columbus, OH Metro Area",Total,1074700.0
2021-03-01,"Columbus, OH Metro Area",Total,1076500.0
2021-04-01,"Columbus, OH Metro Area",Total,1084200.0
2021-05-01,"Columbus, OH Metro Area",Total,1092500.0
2021-06-01,"Columbus, OH Metro Area",Total,1097600.0
2021-07-01,"Columbus, OH Metro Area",Total,1111500.0
2021-08-01,"Columbus, OH Metro Area",Total,1111200.0
2021-09-01,"Columbus, OH Metro Area",Total,1101000.0
2021-10-01,"Columbus, OH Metro Area",Total,1125900.0
2021-11-01,"Columbus, OH Metro Area",Total,1135100.0
2021-12-01,"Columbus, OH Metro Area",Total,1135200.0
2022-01-01,"Columbus, OH Metro Area",Total,1116900.0
2022-02-01,"Columbus, OH Metro Area",Total,1126000.0
2022-03-01,"Columbus, OH Metro Area",Total,1126100.0
2022-04-01,"Columbus, OH Metro Area",Total,1134100.0
2022-05-01,"Columbus, OH Metro Area",Total,1135900.0
2022-06-01,"Columbus, OH Metro Area",Total,1132700.0
2022-07-01,"Columbus, OH Metro Area",Total,1140500.0
2022-08-01,"Columbus, OH Metro Area",Total,1139400.0
2022-09-01,"Columbus, OH Metro Area",Total,1135700.0
2022-10-01,"Columbus, OH Metro Area",Total,1145400.0
2022-11-01,"Columbus, OH Metro Area",Total,1150800.0
2022-12-01,"Columbus, OH Metro Area",Total,1144200.0
2023-01-01,"Columbus, OH Metro Area",Total,1133500.0
2023-02-01,"Columbus, OH Metro Area",Total,1138000.0
2023-03-01,"Columbus, OH Metro Area",Total,1138200.0
2023-04-01,"Columbus, OH Metro Area",Total,1148200.0
2023-05-01,"Columbus, OH Metro Area",Total,1156200.0
2023-06-01,"Columbus, OH Metro Area",Total,1158500.0
2023-07-01,"Columbus, OH Metro Area",Total,1159100.0
2023-08-01,"Columbus, OH Metro Area",Total,1161400.0
2023-09-01,"Columbus, OH Metro Area",Total,1156900.0
2023-10-01,"Columbus, OH Metro Area",Total,1165300.0
2023-11-01,"Columbus, OH Metro Area",Total,1168000.0
2023-12-01,"Columbus, OH Metro Area",Total,1164300.0
2024-01-01,"Columbus, OH Metro Area",Total,1138200.0
2024-02-01,"Columbus, OH Metro Area",Total,1143200.0
2024-03-01,"Columbus, OH Metro Area",Total,1147300.0
2024-04-01,"Columbus, OH Metro Area",Total,1152700.0
2024-05-01,"Columbus, OH Metro Area",Total,1169200.0
2000-01-01,"Detroit-Warren-Dearborn, MI Metro Area",Total,2159500.0
2000-02-01,"Detroit-Warren-Dearborn, MI Metro Area",Total,2161500.0
2000-03-01,"Detroit-Warren-Dearborn, MI Metro Area",Total,2175700.0
2000-04-01,"Detroit-Warren-Dearborn, MI Metro Area",Total,2209300.0
2000-05-01,"Detroit-Warren-Dearborn, MI Metro Area",Total,2236500.0
2000-06-01,"Detroit-Warren-Dearborn, MI Metro Area",Total,2248500.0
2000-07-01,"Detroit-Warren-Dearborn, MI Metro Area",Total,2170000.0
2000-08-01,"Detroit-Warren-Dearborn, MI Metro Area",Total,2190700.0
2000-09-01,"Detroit-Warren-Dearborn, MI Metro Area",Total,2201500.0
2000-10-01,"Detroit-Warren-Dearborn, MI Metro Area",Total,2223800.0
2000-11-01,"Detroit-Warren-Dearborn, MI Metro Area",Total,2232900.0
2000-12-01,"Detroit-Warren-Dearborn, MI Metro Area",Total,2234500.0
2001-01-01,"Detroit-Warren-Dearborn, MI Metro Area",Total,2123600.0
2001-02-01,"Detroit-Warren-Dearborn, MI Metro Area",Total,2140700.0
2001-03-01,"Detroit-Warren-Dearborn, MI Metro Area",Total,2149800.0
2001-04-01,"Detroit-Warren-Dearborn, MI Metro Area",Total,2155300.0
2001-05-01,"Detroit-Warren-Dearborn, MI Metro Area",Total,2174500.0
2001-06-01,"Detroit-Warren-Dearborn, MI Metro Area",Total,2180800.0
2001-07-01,"Detroit-Warren-Dearborn, MI Metro Area",Total,2095500.0
2001-08-01,"Detroit-Warren-Dearborn, MI Metro Area",Total,2109200.0
2001-09-01,"Detroit-Warren-Dearborn, MI Metro Area",Total,2121000.0
2001-10-01,"Detroit-Warren-Dearborn, MI Metro Area",Total,2128200.0
2001-11-01,"Detroit-Warren-Dearborn, MI Metro Area",Total,2131200.0
2001-12-01,"Detroit-Warren-Dearborn, MI Metro Area",Total,2138500.0
2002-01-01,"Detroit-Warren-Dearborn, MI Metro Area",Total,2047900.0
2002-02-01,"Detroit-Warren-Dearborn, MI Metro Area",Total,2057700.0
2002-03-01,"Detroit-Warren-Dearborn, MI Metro Area",Total,2069800.0
2002-04-01,"Detroit-Warren-Dearborn, MI Metro Area",Total,2087100.0
2002-05-01,"Detroit-Warren-Dearborn, MI Metro Area",Total,2112800.0
2002-06-01,"Detroit-Warren-Dearborn, MI Metro Area",Total,2120100.0
2002-07-01,"Detroit-Warren-Dearborn, MI Metro Area",Total,2059100.0
2002-08-01,"Detroit-Warren-Dearborn, MI Metro Area",Total,2079200.0
2002-09-01,"Detroit-Warren-Dearborn, MI Metro Area",Total,2092500.0
2002-10-01,"Detroit-Warren-Dearborn, MI Metro Area",Total,2104000.0
2002-11-01,"Detroit-Warren-Dearborn, MI Metro Area",Total,2112800.0
2002-12-01,"Detroit-Warren-Dearborn, MI Metro Area",Total,2115600.0
2003-01-01,"Detroit-Warren-Dearborn, MI Metro Area",Total,2051600.0
2003-02-01,"Detroit-Warren-Dearborn, MI Metro Area",Total,2051300.0
2003-03-01,"Detroit-Warren-Dearborn, MI Metro Area",Total,2061100.0
2003-04-01,"Detroit-Warren-Dearborn, MI Metro Area",Total,2066600.0
2003-05-01,"Detroit-Warren-Dearborn, MI Metro Area",Total,2093300.0
2003-06-01,"Detroit-Warren-Dearborn, MI Metro Area",Total,2102100.0
2003-07-01,"Detroit-Warren-Dearborn, MI Metro Area",Total,2017900.0
2003-08-01,"Detroit-Warren-Dearborn, MI Metro Area",Total,2046700.0
2003-09-01,"Detroit-Warren-Dearborn, MI Metro Area",Total,2061800.0
2003-10-01,"Detroit-Warren-Dearborn, MI Metro Area",Total,2072500.0
2003-11-01,"Detroit-Warren-Dearborn, MI Metro Area",Total,2079900.0
2003-12-01,"Detroit-Warren-Dearborn, MI Metro Area",Total,2082000.0
2004-01-01,"Detroit-Warren-Dearborn, MI Metro Area",Total,2010300.0
2004-02-01,"Detroit-Warren-Dearborn, MI Metro Area",Total,2011400.0
2004-03-01,"Detroit-Warren-Dearborn, MI Metro Area",Total,2023600.0
2004-04-01,"Detroit-Warren-Dearborn, MI Metro Area",Total,2047300.0
2004-05-01,"Detroit-Warren-Dearborn, MI Metro Area",Total,2070600.0
2004-06-01,"Detroit-Warren-Dearborn, MI Metro Area",Total,2073600.0
2004-07-01,"Detroit-Warren-Dearborn, MI Metro Area",Total,1992300.0
2004-08-01,"Detroit-Warren-Dearborn, MI Metro Area",Total,2035000.0
2004-09-01,"Detroit-Warren-Dearborn, MI Metro Area",Total,2060100.0
2004-10-01,"Detroit-Warren-Dearborn, MI Metro Area",Total,2071100.0
2004-11-01,"Detroit-Warren-Dearborn, MI Metro Area",Total,2081800.0
2004-12-01,"Detroit-Warren-Dearborn, MI Metro Area",Total,2080400.0
2005-01-01,"Detroit-Warren-Dearborn, MI Metro Area",Total,2006300.0
2005-02-01,"Detroit-Warren-Dearborn, MI Metro Area",Total,2021700.0
2005-03-01,"Detroit-Warren-Dearborn, MI Metro Area",Total,2022200.0
2005-04-01,"Detroit-Warren-Dearborn, MI Metro Area",Total,2048000.0
2005-05-01,"Detroit-Warren-Dearborn, MI Metro Area",Total,2072500.0
2005-06-01,"Detroit-Warren-Dearborn, MI Metro Area",Total,2073900.0
2005-07-01,"Detroit-Warren-Dearborn, MI Metro Area",Total,2001700.0
2005-08-01,"Detroit-Warren-Dearborn, MI Metro Area",Total,2030800.0
2005-09-01,"Detroit-Warren-Dearborn, MI Metro Area",Total,2061300.0
2005-10-01,"Detroit-Warren-Dearborn, MI Metro Area",Total,2060000.0
2005-11-01,"Detroit-Warren-Dearborn, MI Metro Area",Total,2073900.0
2005-12-01,"Detroit-Warren-Dearborn, MI Metro Area",Total,2067700.0
2006-01-01,"Detroit-Warren-Dearborn, MI Metro Area",Total,1989300.0
2006-02-01,"Detroit-Warren-Dearborn, MI Metro Area",Total,1992600.0
2006-03-01,"Detroit-Warren-Dearborn, MI Metro Area",Total,2000500.0
2006-04-01,"Detroit-Warren-Dearborn, MI Metro Area",Total,2012600.0
2006-05-01,"Detroit-Warren-Dearborn, MI Metro Area",Total,2030800.0
2006-06-01,"Detroit-Warren-Dearborn, MI Metro Area",Total,2036400.0
2006-07-01,"Detroit-Warren-Dearborn, MI Metro Area",Total,1954800.0
2006-08-01,"Detroit-Warren-Dearborn, MI Metro Area",Total,1983200.0
2006-09-01,"Detroit-Warren-Dearborn, MI Metro Area",Total,2002400.0
2006-10-01,"Detroit-Warren-Dearborn, MI Metro Area",Total,1996100.0
2006-11-01,"Detroit-Warren-Dearborn, MI Metro Area",Total,2011300.0
2006-12-01,"Detroit-Warren-Dearborn, MI Metro Area",Total,2008200.0
2007-01-01,"Detroit-Warren-Dearborn, MI Metro Area",Total,1937000.0
2007-02-01,"Detroit-Warren-Dearborn, MI Metro Area",Total,1949600.0
2007-03-01,"Detroit-Warren-Dearborn, MI Metro Area",Total,1953300.0
2007-04-01,"Detroit-Warren-Dearborn, MI Metro Area",Total,1966700.0
2007-05-01,"Detroit-Warren-Dearborn, MI Metro Area",Total,1991600.0
2007-06-01,"Detroit-Warren-Dearborn, MI Metro Area",Total,1995200.0
2007-07-01,"Detroit-Warren-Dearborn, MI Metro Area",Total,1929700.0
2007-08-01,"Detroit-Warren-Dearborn, MI Metro Area",Total,1958300.0
2007-09-01,"Detroit-Warren-Dearborn, MI Metro Area",Total,1968200.0
2007-10-01,"Detroit-Warren-Dearborn, MI Metro Area",Total,1961600.0
2007-11-01,"Detroit-Warren-Dearborn, MI Metro Area",Total,1979100.0
2007-12-01,"Detroit-Warren-Dearborn, MI Metro Area",Total,1971700.0
2008-01-01,"Detroit-Warren-Dearborn, MI Metro Area",Total,1909200.0
2008-02-01,"Detroit-Warren-Dearborn, MI Metro Area",Total,1910700.0
2008-03-01,"Detroit-Warren-Dearborn, MI Metro Area",Total,1906400.0
2008-04-01,"Detroit-Warren-Dearborn, MI Metro Area",Total,1910300.0
2008-05-01,"Detroit-Warren-Dearborn, MI Metro Area",Total,1930500.0
2008-06-01,"Detroit-Warren-Dearborn, MI Metro Area",Total,1938900.0
2008-07-01,"Detroit-Warren-Dearborn, MI Metro Area",Total,1868400.0
2008-08-01,"Detroit-Warren-Dearborn, MI Metro Area",Total,1888700.0
2008-09-01,"Detroit-Warren-Dearborn, MI Metro Area",Total,1895700.0
2008-10-01,"Detroit-Warren-Dearborn, MI Metro Area",Total,1895500.0
2008-11-01,"Detroit-Warren-Dearborn, MI Metro Area",Total,1887100.0
2008-12-01,"Detroit-Warren-Dearborn, MI Metro Area",Total,1867900.0
2009-01-01,"Detroit-Warren-Dearborn, MI Metro Area",Total,1753500.0
2009-02-01,"Detroit-Warren-Dearborn, MI Metro Area",Total,1762100.0
2009-03-01,"Detroit-Warren-Dearborn, MI Metro Area",Total,1759200.0
2009-04-01,"Detroit-Warren-Dearborn, MI Metro Area",Total,1759200.0
2009-05-01,"Detroit-Warren-Dearborn, MI Metro Area",Total,1751100.0
2009-06-01,"Detroit-Warren-Dearborn, MI Metro Area",Total,1740700.0
2009-07-01,"Detroit-Warren-Dearborn, MI Metro Area",Total,1708000.0
2009-08-01,"Detroit-Warren-Dearborn, MI Metro Area",Total,1718200.0
2009-09-01,"Detroit-Warren-Dearborn, MI Metro Area",Total,1735700.0
2009-10-01,"Detroit-Warren-Dearborn, MI Metro Area",Total,1746400.0
2009-11-01,"Detroit-Warren-Dearborn, MI Metro Area",Total,1745400.0
2009-12-01,"Detroit-Warren-Dearborn, MI Metro Area",Total,1741300.0
2010-01-01,"Detroit-Warren-Dearborn, MI Metro Area",Total,1696300.0
2010-02-01,"Detroit-Warren-Dearborn, MI Metro Area",Total,1700400.0
2010-03-01,"Detroit-Warren-Dearborn, MI Metro Area",Total,1703700.0
2010-04-01,"Detroit-Warren-Dearborn, MI Metro Area",Total,1727700.0
2010-05-01,"Detroit-Warren-Dearborn, MI Metro Area",Total,1752200.0
2010-06-01,"Detroit-Warren-Dearborn, MI Metro Area",Total,1760000.0
2010-07-01,"Detroit-Warren-Dearborn, MI Metro Area",Total,1725400.0
2010-08-01,"Detroit-Warren-Dearborn, MI Metro Area",Total,1729500.0
2010-09-01,"Detroit-Warren-Dearborn, MI Metro Area",Total,1752600.0
2010-10-01,"Detroit-Warren-Dearborn, MI Metro Area",Total,1769000.0
2010-11-01,"Detroit-Warren-Dearborn, MI Metro Area",Total,1772700.0
2010-12-01,"Detroit-Warren-Dearborn, MI Metro Area",Total,1769500.0
2011-01-01,"Detroit-Warren-Dearborn, MI Metro Area",Total,1733300.0
2011-02-01,"Detroit-Warren-Dearborn, MI Metro Area",Total,1741700.0
2011-03-01,"Detroit-Warren-Dearborn, MI Metro Area",Total,1753500.0
2011-04-01,"Detroit-Warren-Dearborn, MI Metro Area",Total,1777800.0
2011-05-01,"Detroit-Warren-Dearborn, MI Metro Area",Total,1795400.0
2011-06-01,"Detroit-Warren-Dearborn, MI Metro Area",Total,1802800.0
2011-07-01,"Detroit-Warren-Dearborn, MI Metro Area",Total,1772800.0
2011-08-01,"Detroit-Warren-Dearborn, MI Metro Area",Total,1788200.0
2011-09-01,"Detroit-Warren-Dearborn, MI Metro Area",Total,1808400.0
2011-10-01,"Detroit-Warren-Dearborn, MI Metro Area",Total,1822900.0
2011-11-01,"Detroit-Warren-Dearborn, MI Metro Area",Total,1830000.0
2011-12-01,"Detroit-Warren-Dearborn, MI Metro Area",Total,1824500.0
2012-01-01,"Detroit-Warren-Dearborn, MI Metro Area",Total,1793600.0
2012-02-01,"Detroit-Warren-Dearborn, MI Metro Area",Total,1800600.0
2012-03-01,"Detroit-Warren-Dearborn, MI Metro Area",Total,1815000.0
2012-04-01,"Detroit-Warren-Dearborn, MI Metro Area",Total,1820600.0
2012-05-01,"Detroit-Warren-Dearborn, MI Metro Area",Total,1843000.0
2012-06-01,"Detroit-Warren-Dearborn, MI Metro Area",Total,1852300.0
2012-07-01,"Detroit-Warren-Dearborn, MI Metro Area",Total,1824400.0
2012-08-01,"Detroit-Warren-Dearborn, MI Metro Area",Total,1837600.0
2012-09-01,"Detroit-Warren-Dearborn, MI Metro Area",Total,1845800.0
2012-10-01,"Detroit-Warren-Dearborn, MI Metro Area",Total,1858800.0
2012-11-01,"Detroit-Warren-Dearborn, MI Metro Area",Total,1866800.0
2012-12-01,"Detroit-Warren-Dearborn, MI Metro Area",Total,1865800.0
2013-01-01,"Detroit-Warren-Dearborn, MI Metro Area",Total,1828700.0
2013-02-01,"Detroit-Warren-Dearborn, MI Metro Area",Total,1837500.0
2013-03-01,"Detroit-Warren-Dearborn, MI Metro Area",Total,1848300.0
2013-04-01,"Detroit-Warren-Dearborn, MI Metro Area",Total,1854400.0
2013-05-01,"Detroit-Warren-Dearborn, MI Metro Area",Total,1882700.0
2013-06-01,"Detroit-Warren-Dearborn, MI Metro Area",Total,1892600.0
2013-07-01,"Detroit-Warren-Dearborn, MI Metro Area",Total,1848100.0
2013-08-01,"Detroit-Warren-Dearborn, MI Metro Area",Total,1869600.0
2013-09-01,"Detroit-Warren-Dearborn, MI Metro Area",Total,1880800.0
2013-10-01,"Detroit-Warren-Dearborn, MI Metro Area",Total,1896600.0
2013-11-01,"Detroit-Warren-Dearborn, MI Metro Area",Total,1901500.0
2013-12-01,"Detroit-Warren-Dearborn, MI Metro Area",Total,1895000.0
2014-01-01,"Detroit-Warren-Dearborn, MI Metro Area",Total,1850400.0
2014-02-01,"Detroit-Warren-Dearborn, MI Metro Area",Total,1865500.0
2014-03-01,"Detroit-Warren-Dearborn, MI Metro Area",Total,1874100.0
2014-04-01,"Detroit-Warren-Dearborn, MI Metro Area",Total,1876000.0
2014-05-01,"Detroit-Warren-Dearborn, MI Metro Area",Total,1907700.0
2014-06-01,"Detroit-Warren-Dearborn, MI Metro Area",Total,1927500.0
2014-07-01,"Detroit-Warren-Dearborn, MI Metro Area",Total,1895600.0
2014-08-01,"Detroit-Warren-Dearborn, MI Metro Area",Total,1905000.0
2014-09-01,"Detroit-Warren-Dearborn, MI Metro Area",Total,1907300.0
2014-10-01,"Detroit-Warren-Dearborn, MI Metro Area",Total,1924200.0
2014-11-01,"Detroit-Warren-Dearborn, MI Metro Area",Total,1935200.0
2014-12-01,"Detroit-Warren-Dearborn, MI Metro Area",Total,1937200.0
2015-01-01,"Detroit-Warren-Dearborn, MI Metro Area",Total,1896100.0
2015-02-01,"Detroit-Warren-Dearborn, MI Metro Area",Total,1899200.0
2015-03-01,"Detroit-Warren-Dearborn, MI Metro Area",Total,1907000.0
2015-04-01,"Detroit-Warren-Dearborn, MI Metro Area",Total,1921200.0
2015-05-01,"Detroit-Warren-Dearborn, MI Metro Area",Total,1953000.0
2015-06-01,"Detroit-Warren-Dearborn, MI Metro Area",Total,1963900.0
2015-07-01,"Detroit-Warren-Dearborn, MI Metro Area",Total,1933200.0
2015-08-01,"Detroit-Warren-Dearborn, MI Metro Area",Total,1941700.0
2015-09-01,"Detroit-Warren-Dearborn, MI Metro Area",Total,1948400.0
2015-10-01,"Detroit-Warren-Dearborn, MI Metro Area",Total,1963200.0
2015-11-01,"Detroit-Warren-Dearborn, MI Metro Area",Total,1971500.0
2015-12-01,"Detroit-Warren-Dearborn, MI Metro Area",Total,1969000.0
2016-01-01,"Detroit-Warren-Dearborn, MI Metro Area",Total,1934100.0
2016-02-01,"Detroit-Warren-Dearborn, MI Metro Area",Total,1935500.0
2016-03-01,"Detroit-Warren-Dearborn, MI Metro Area",Total,1941700.0
2016-04-01,"Detroit-Warren-Dearborn, MI Metro Area",Total,1965700.0
2016-05-01,"Detroit-Warren-Dearborn, MI Metro Area",Total,1985800.0
2016-06-01,"Detroit-Warren-Dearborn, MI Metro Area",Total,1999400.0
2016-07-01,"Detroit-Warren-Dearborn, MI Metro Area",Total,1976500.0
2016-08-01,"Detroit-Warren-Dearborn, MI Metro Area",Total,1979300.0
2016-09-01,"Detroit-Warren-Dearborn, MI Metro Area",Total,1991400.0
2016-10-01,"Detroit-Warren-Dearborn, MI Metro Area",Total,1999400.0
2016-11-01,"Detroit-Warren-Dearborn, MI Metro Area",Total,2015300.0
2016-12-01,"Detroit-Warren-Dearborn, MI Metro Area",Total,2005900.0
2017-01-01,"Detroit-Warren-Dearborn, MI Metro Area",Total,1971200.0
2017-02-01,"Detroit-Warren-Dearborn, MI Metro Area",Total,1974100.0
2017-03-01,"Detroit-Warren-Dearborn, MI Metro Area",Total,1981600.0
2017-04-01,"Detroit-Warren-Dearborn, MI Metro Area",Total,1995800.0
2017-05-01,"Detroit-Warren-Dearborn, MI Metro Area",Total,2021400.0
2017-06-01,"Detroit-Warren-Dearborn, MI Metro Area",Total,2037500.0
2017-07-01,"Detroit-Warren-Dearborn, MI Metro Area",Total,1998500.0
2017-08-01,"Detroit-Warren-Dearborn, MI Metro Area",Total,2012900.0
2017-09-01,"Detroit-Warren-Dearborn, MI Metro Area",Total,2016800.0
2017-10-01,"Detroit-Warren-Dearborn, MI Metro Area",Total,2024500.0
2017-11-01,"Detroit-Warren-Dearborn, MI Metro Area",Total,2037900.0
2017-12-01,"Detroit-Warren-Dearborn, MI Metro Area",Total,2029800.0
2018-01-01,"Detroit-Warren-Dearborn, MI Metro Area",Total,1992500.0
2018-02-01,"Detroit-Warren-Dearborn, MI Metro Area",Total,2000800.0
2018-03-01,"Detroit-Warren-Dearborn, MI Metro Area",Total,2013500.0
2018-04-01,"Detroit-Warren-Dearborn, MI Metro Area",Total,2020100.0
2018-05-01,"Detroit-Warren-Dearborn, MI Metro Area",Total,2043900.0
2018-06-01,"Detroit-Warren-Dearborn, MI Metro Area",Total,2060000.0
2018-07-01,"Detroit-Warren-Dearborn, MI Metro Area",Total,2026600.0
2018-08-01,"Detroit-Warren-Dearborn, MI Metro Area",Total,2038200.0
2018-09-01,"Detroit-Warren-Dearborn, MI Metro Area",Total,2034400.0
2018-10-01,"Detroit-Warren-Dearborn, MI Metro Area",Total,2054100.0
2018-11-01,"Detroit-Warren-Dearborn, MI Metro Area",Total,2063200.0
2018-12-01,"Detroit-Warren-Dearborn, MI Metro Area",Total,2054800.0
2019-01-01,"Detroit-Warren-Dearborn, MI Metro Area",Total,2012800.0
2019-02-01,"Detroit-Warren-Dearborn, MI Metro Area",Total,2017800.0
2019-03-01,"Detroit-Warren-Dearborn, MI Metro Area",Total,2024400.0
2019-04-01,"Detroit-Warren-Dearborn, MI Metro Area",Total,2031000.0
2019-05-01,"Detroit-Warren-Dearborn, MI Metro Area",Total,2053700.0
2019-06-01,"Detroit-Warren-Dearborn, MI Metro Area",Total,2067900.0
2019-07-01,"Detroit-Warren-Dearborn, MI Metro Area",Total,2036200.0
2019-08-01,"Detroit-Warren-Dearborn, MI Metro Area",Total,2050300.0
2019-09-01,"Detroit-Warren-Dearborn, MI Metro Area",Total,2047500.0
2019-10-01,"Detroit-Warren-Dearborn, MI Metro Area",Total,2050000.0
2019-11-01,"Detroit-Warren-Dearborn, MI Metro Area",Total,2067400.0
2019-12-01,"Detroit-Warren-Dearborn, MI Metro Area",Total,2066900.0
2020-01-01,"Detroit-Warren-Dearborn, MI Metro Area",Total,2019100.0
2020-02-01,"Detroit-Warren-Dearborn, MI Metro Area",Total,2026200.0
2020-03-01,"Detroit-Warren-Dearborn, MI Metro Area",Total,2011000.0
2020-04-01,"Detroit-Warren-Dearborn, MI Metro Area",Total,1507800.0
2020-05-01,"Detroit-Warren-Dearborn, MI Metro Area",Total,1588400.0
2020-06-01,"Detroit-Warren-Dearborn, MI Metro Area",Total,1781000.0
2020-07-01,"Detroit-Warren-Dearborn, MI Metro Area",Total,1811000.0
2020-08-01,"Detroit-Warren-Dearborn, MI Metro Area",Total,1848500.0
2020-09-01,"Detroit-Warren-Dearborn, MI Metro Area",Total,1869400.0
2020-10-01,"Detroit-Warren-Dearborn, MI Metro Area",Total,1902800.0
2020-11-01,"Detroit-Warren-Dearborn, MI Metro Area",Total,1912200.0
2020-12-01,"Detroit-Warren-Dearborn, MI Metro Area",Total,1879100.0
2021-01-01,"Detroit-Warren-Dearborn, MI Metro Area",Total,1855600.0
2021-02-01,"Detroit-Warren-Dearborn, MI Metro Area",Total,1885000.0
2021-03-01,"Detroit-Warren-Dearborn, MI Metro Area",Total,1894500.0
2021-04-01,"Detroit-Warren-Dearborn, MI Metro Area",Total,1891100.0
2021-05-01,"Detroit-Warren-Dearborn, MI Metro Area",Total,1911600.0
2021-06-01,"Detroit-Warren-Dearborn, MI Metro Area",Total,1934300.0
2021-07-01,"Detroit-Warren-Dearborn, MI Metro Area",Total,1917100.0
2021-08-01,"Detroit-Warren-Dearborn, MI Metro Area",Total,1940000.0
2021-09-01,"Detroit-Warren-Dearborn, MI Metro Area",Total,1942500.0
2021-10-01,"Detroit-Warren-Dearborn, MI Metro Area",Total,1981800.0
2021-11-01,"Detroit-Warren-Dearborn, MI Metro Area",Total,1997900.0
2021-12-01,"Detroit-Warren-Dearborn, MI Metro Area",Total,1993200.0
2022-01-01,"Detroit-Warren-Dearborn, MI Metro Area",Total,1956400.0
2022-02-01,"Detroit-Warren-Dearborn, MI Metro Area",Total,1967200.0
2022-03-01,"Detroit-Warren-Dearborn, MI Metro Area",Total,1981200.0
2022-04-01,"Detroit-Warren-Dearborn, MI Metro Area",Total,2004000.0
2022-05-01,"Detroit-Warren-Dearborn, MI Metro Area",Total,2017500.0
2022-06-01,"Detroit-Warren-Dearborn, MI Metro Area",Total,2028500.0
2022-07-01,"Detroit-Warren-Dearborn, MI Metro Area",Total,2017200.0
2022-08-01,"Detroit-Warren-Dearborn, MI Metro Area",Total,2021600.0
2022-09-01,"Detroit-Warren-Dearborn, MI Metro Area",Total,2020500.0
2022-10-01,"Detroit-Warren-Dearborn, MI Metro Area",Total,2032500.0
2022-11-01,"Detroit-Warren-Dearborn, MI Metro Area",Total,2045200.0
2022-12-01,"Detroit-Warren-Dearborn, MI Metro Area",Total,2038400.0
2023-01-01,"Detroit-Warren-Dearborn, MI Metro Area",Total,2006500.0
2023-02-01,"Detroit-Warren-Dearborn, MI Metro Area",Total,2008700.0
2023-03-01,"Detroit-Warren-Dearborn, MI Metro Area",Total,2017800.0
2023-04-01,"Detroit-Warren-Dearborn, MI Metro Area",Total,2035600.0
2023-05-01,"Detroit-Warren-Dearborn, MI Metro Area",Total,2057300.0
2023-06-01,"Detroit-Warren-Dearborn, MI Metro Area",Total,2075100.0
2023-07-01,"Detroit-Warren-Dearborn, MI Metro Area",Total,2040500.0
2023-08-01,"Detroit-Warren-Dearborn, MI Metro Area",Total,2043900.0
2023-09-01,"Detroit-Warren-Dearborn, MI Metro Area",Total,2045600.0
2023-10-01,"Detroit-Warren-Dearborn, MI Metro Area",Total,2041500.0
2023-11-01,"Detroit-Warren-Dearborn, MI Metro Area",Total,2046000.0
2023-12-01,"Detroit-Warren-Dearborn, MI Metro Area",Total,2046900.0
2024-01-01,"Detroit-Warren-Dearborn, MI Metro Area",Total,1999400.0
2024-02-01,"Detroit-Warren-Dearborn, MI Metro Area",Total,2010300.0
2024-03-01,"Detroit-Warren-Dearborn, MI Metro Area",Total,2019900.0
2024-04-01,"Detroit-Warren-Dearborn, MI Metro Area",Total,2036200.0
2024-05-01,"Detroit-Warren-Dearborn, MI Metro Area",Total,2064600.0
2000-01-01,"Indianapolis-Carmel-Anderson, IN Metro Area",Total,876500.0
2000-02-01,"Indianapolis-Carmel-Anderson, IN Metro Area",Total,883300.0
2000-03-01,"Indianapolis-Carmel-Anderson, IN Metro Area",Total,893500.0
2000-04-01,"Indianapolis-Carmel-Anderson, IN Metro Area",Total,895500.0
2000-05-01,"Indianapolis-Carmel-Anderson, IN Metro Area",Total,905400.0
2000-06-01,"Indianapolis-Carmel-Anderson, IN Metro Area",Total,906400.0
2000-07-01,"Indianapolis-Carmel-Anderson, IN Metro Area",Total,890700.0
2000-08-01,"Indianapolis-Carmel-Anderson, IN Metro Area",Total,899500.0
2000-09-01,"Indianapolis-Carmel-Anderson, IN Metro Area",Total,907100.0
2000-10-01,"Indianapolis-Carmel-Anderson, IN Metro Area",Total,906700.0
2000-11-01,"Indianapolis-Carmel-Anderson, IN Metro Area",Total,904000.0
2000-12-01,"Indianapolis-Carmel-Anderson, IN Metro Area",Total,905600.0
2001-01-01,"Indianapolis-Carmel-Anderson, IN Metro Area",Total,885200.0
2001-02-01,"Indianapolis-Carmel-Anderson, IN Metro Area",Total,888200.0
2001-03-01,"Indianapolis-Carmel-Anderson, IN Metro Area",Total,897900.0
2001-04-01,"Indianapolis-Carmel-Anderson, IN Metro Area",Total,906100.0
2001-05-01,"Indianapolis-Carmel-Anderson, IN Metro Area",Total,914300.0
2001-06-01,"Indianapolis-Carmel-Anderson, IN Metro Area",Total,914500.0
2001-07-01,"Indianapolis-Carmel-Anderson, IN Metro Area",Total,898100.0
2001-08-01,"Indianapolis-Carmel-Anderson, IN Metro Area",Total,910300.0
2001-09-01,"Indianapolis-Carmel-Anderson, IN Metro Area",Total,911200.0
2001-10-01,"Indianapolis-Carmel-Anderson, IN Metro Area",Total,909300.0
2001-11-01,"Indianapolis-Carmel-Anderson, IN Metro Area",Total,908400.0
2001-12-01,"Indianapolis-Carmel-Anderson, IN Metro Area",Total,907900.0
2002-01-01,"Indianapolis-Carmel-Anderson, IN Metro Area",Total,879400.0
2002-02-01,"Indianapolis-Carmel-Anderson, IN Metro Area",Total,883200.0
2002-03-01,"Indianapolis-Carmel-Anderson, IN Metro Area",Total,889700.0
2002-04-01,"Indianapolis-Carmel-Anderson, IN Metro Area",Total,897000.0
2002-05-01,"Indianapolis-Carmel-Anderson, IN Metro Area",Total,907800.0
2002-06-01,"Indianapolis-Carmel-Anderson, IN Metro Area",Total,907500.0
2002-07-01,"Indianapolis-Carmel-Anderson, IN Metro Area",Total,893200.0
2002-08-01,"Indianapolis-Carmel-Anderson, IN Metro Area",Total,903600.0
2002-09-01,"Indianapolis-Carmel-Anderson, IN Metro Area",Total,906700.0
2002-10-01,"Indianapolis-Carmel-Anderson, IN Metro Area",Total,909000.0
2002-11-01,"Indianapolis-Carmel-Anderson, IN Metro Area",Total,911400.0
2002-12-01,"Indianapolis-Carmel-Anderson, IN Metro Area",Total,911200.0
2003-01-01,"Indianapolis-Carmel-Anderson, IN Metro Area",Total,886600.0
2003-02-01,"Indianapolis-Carmel-Anderson, IN Metro Area",Total,886400.0
2003-03-01,"Indianapolis-Carmel-Anderson, IN Metro Area",Total,892200.0
2003-04-01,"Indianapolis-Carmel-Anderson, IN Metro Area",Total,902300.0
2003-05-01,"Indianapolis-Carmel-Anderson, IN Metro Area",Total,912700.0
2003-06-01,"Indianapolis-Carmel-Anderson, IN Metro Area",Total,909700.0
2003-07-01,"Indianapolis-Carmel-Anderson, IN Metro Area",Total,898400.0
2003-08-01,"Indianapolis-Carmel-Anderson, IN Metro Area",Total,910000.0
2003-09-01,"Indianapolis-Carmel-Anderson, IN Metro Area",Total,910900.0
2003-10-01,"Indianapolis-Carmel-Anderson, IN Metro Area",Total,918600.0
2003-11-01,"Indianapolis-Carmel-Anderson, IN Metro Area",Total,920000.0
2003-12-01,"Indianapolis-Carmel-Anderson, IN Metro Area",Total,917500.0
2004-01-01,"Indianapolis-Carmel-Anderson, IN Metro Area",Total,887500.0
2004-02-01,"Indianapolis-Carmel-Anderson, IN Metro Area",Total,887800.0
2004-03-01,"Indianapolis-Carmel-Anderson, IN Metro Area",Total,899600.0
2004-04-01,"Indianapolis-Carmel-Anderson, IN Metro Area",Total,912500.0
2004-05-01,"Indianapolis-Carmel-Anderson, IN Metro Area",Total,924000.0
2004-06-01,"Indianapolis-Carmel-Anderson, IN Metro Area",Total,921900.0
2004-07-01,"Indianapolis-Carmel-Anderson, IN Metro Area",Total,915900.0
2004-08-01,"Indianapolis-Carmel-Anderson, IN Metro Area",Total,922700.0
2004-09-01,"Indianapolis-Carmel-Anderson, IN Metro Area",Total,928300.0
2004-10-01,"Indianapolis-Carmel-Anderson, IN Metro Area",Total,932100.0
2004-11-01,"Indianapolis-Carmel-Anderson, IN Metro Area",Total,934200.0
2004-12-01,"Indianapolis-Carmel-Anderson, IN Metro Area",Total,933800.0
2005-01-01,"Indianapolis-Carmel-Anderson, IN Metro Area",Total,904200.0
2005-02-01,"Indianapolis-Carmel-Anderson, IN Metro Area",Total,910500.0
2005-03-01,"Indianapolis-Carmel-Anderson, IN Metro Area",Total,918500.0
2005-04-01,"Indianapolis-Carmel-Anderson, IN Metro Area",Total,929800.0
2005-05-01,"Indianapolis-Carmel-Anderson, IN Metro Area",Total,936400.0
2005-06-01,"Indianapolis-Carmel-Anderson, IN Metro Area",Total,932400.0
2005-07-01,"Indianapolis-Carmel-Anderson, IN Metro Area",Total,923700.0
2005-08-01,"Indianapolis-Carmel-Anderson, IN Metro Area",Total,931800.0
2005-09-01,"Indianapolis-Carmel-Anderson, IN Metro Area",Total,940900.0
2005-10-01,"Indianapolis-Carmel-Anderson, IN Metro Area",Total,940500.0
2005-11-01,"Indianapolis-Carmel-Anderson, IN Metro Area",Total,944200.0
2005-12-01,"Indianapolis-Carmel-Anderson, IN Metro Area",Total,941700.0
2006-01-01,"Indianapolis-Carmel-Anderson, IN Metro Area",Total,915700.0
2006-02-01,"Indianapolis-Carmel-Anderson, IN Metro Area",Total,922200.0
2006-03-01,"Indianapolis-Carmel-Anderson, IN Metro Area",Total,931700.0
2006-04-01,"Indianapolis-Carmel-Anderson, IN Metro Area",Total,940700.0
2006-05-01,"Indianapolis-Carmel-Anderson, IN Metro Area",Total,949800.0
2006-06-01,"Indianapolis-Carmel-Anderson, IN Metro Area",Total,946000.0
2006-07-01,"Indianapolis-Carmel-Anderson, IN Metro Area",Total,931600.0
2006-08-01,"Indianapolis-Carmel-Anderson, IN Metro Area",Total,942800.0
2006-09-01,"Indianapolis-Carmel-Anderson, IN Metro Area",Total,950800.0
2006-10-01,"Indianapolis-Carmel-Anderson, IN Metro Area",Total,953200.0
2006-11-01,"Indianapolis-Carmel-Anderson, IN Metro Area",Total,957400.0
2006-12-01,"Indianapolis-Carmel-Anderson, IN Metro Area",Total,957100.0
2007-01-01,"Indianapolis-Carmel-Anderson, IN Metro Area",Total,927500.0
2007-02-01,"Indianapolis-Carmel-Anderson, IN Metro Area",Total,926700.0
2007-03-01,"Indianapolis-Carmel-Anderson, IN Metro Area",Total,942100.0
2007-04-01,"Indianapolis-Carmel-Anderson, IN Metro Area",Total,949700.0
2007-05-01,"Indianapolis-Carmel-Anderson, IN Metro Area",Total,962100.0
2007-06-01,"Indianapolis-Carmel-Anderson, IN Metro Area",Total,958700.0
2007-07-01,"Indianapolis-Carmel-Anderson, IN Metro Area",Total,944200.0
2007-08-01,"Indianapolis-Carmel-Anderson, IN Metro Area",Total,958000.0
2007-09-01,"Indianapolis-Carmel-Anderson, IN Metro Area",Total,963500.0
2007-10-01,"Indianapolis-Carmel-Anderson, IN Metro Area",Total,966600.0
2007-11-01,"Indianapolis-Carmel-Anderson, IN Metro Area",Total,970100.0
2007-12-01,"Indianapolis-Carmel-Anderson, IN Metro Area",Total,968200.0
2008-01-01,"Indianapolis-Carmel-Anderson, IN Metro Area",Total,935900.0
2008-02-01,"Indianapolis-Carmel-Anderson, IN Metro Area",Total,941100.0
2008-03-01,"Indianapolis-Carmel-Anderson, IN Metro Area",Total,947800.0
2008-04-01,"Indianapolis-Carmel-Anderson, IN Metro Area",Total,954500.0
2008-05-01,"Indianapolis-Carmel-Anderson, IN Metro Area",Total,968400.0
2008-06-01,"Indianapolis-Carmel-Anderson, IN Metro Area",Total,961300.0
2008-07-01,"Indianapolis-Carmel-Anderson, IN Metro Area",Total,952600.0
2008-08-01,"Indianapolis-Carmel-Anderson, IN Metro Area",Total,964900.0
2008-09-01,"Indianapolis-Carmel-Anderson, IN Metro Area",Total,963400.0
2008-10-01,"Indianapolis-Carmel-Anderson, IN Metro Area",Total,963200.0
2008-11-01,"Indianapolis-Carmel-Anderson, IN Metro Area",Total,957700.0
2008-12-01,"Indianapolis-Carmel-Anderson, IN Metro Area",Total,949000.0
2009-01-01,"Indianapolis-Carmel-Anderson, IN Metro Area",Total,913700.0
2009-02-01,"Indianapolis-Carmel-Anderson, IN Metro Area",Total,911800.0
2009-03-01,"Indianapolis-Carmel-Anderson, IN Metro Area",Total,912800.0
2009-04-01,"Indianapolis-Carmel-Anderson, IN Metro Area",Total,913900.0
2009-05-01,"Indianapolis-Carmel-Anderson, IN Metro Area",Total,919000.0
2009-06-01,"Indianapolis-Carmel-Anderson, IN Metro Area",Total,911400.0
2009-07-01,"Indianapolis-Carmel-Anderson, IN Metro Area",Total,900100.0
2009-08-01,"Indianapolis-Carmel-Anderson, IN Metro Area",Total,911400.0
2009-09-01,"Indianapolis-Carmel-Anderson, IN Metro Area",Total,914700.0
2009-10-01,"Indianapolis-Carmel-Anderson, IN Metro Area",Total,915500.0
2009-11-01,"Indianapolis-Carmel-Anderson, IN Metro Area",Total,918700.0
2009-12-01,"Indianapolis-Carmel-Anderson, IN Metro Area",Total,915800.0
2010-01-01,"Indianapolis-Carmel-Anderson, IN Metro Area",Total,889300.0
2010-02-01,"Indianapolis-Carmel-Anderson, IN Metro Area",Total,889500.0
2010-03-01,"Indianapolis-Carmel-Anderson, IN Metro Area",Total,898900.0
2010-04-01,"Indianapolis-Carmel-Anderson, IN Metro Area",Total,913500.0
2010-05-01,"Indianapolis-Carmel-Anderson, IN Metro Area",Total,922600.0
2010-06-01,"Indianapolis-Carmel-Anderson, IN Metro Area",Total,916400.0
2010-07-01,"Indianapolis-Carmel-Anderson, IN Metro Area",Total,907600.0
2010-08-01,"Indianapolis-Carmel-Anderson, IN Metro Area",Total,919000.0
2010-09-01,"Indianapolis-Carmel-Anderson, IN Metro Area",Total,916900.0
2010-10-01,"Indianapolis-Carmel-Anderson, IN Metro Area",Total,925900.0
2010-11-01,"Indianapolis-Carmel-Anderson, IN Metro Area",Total,927300.0
2010-12-01,"Indianapolis-Carmel-Anderson, IN Metro Area",Total,924700.0
2011-01-01,"Indianapolis-Carmel-Anderson, IN Metro Area",Total,901000.0
2011-02-01,"Indianapolis-Carmel-Anderson, IN Metro Area",Total,902699.999999999
2011-03-01,"Indianapolis-Carmel-Anderson, IN Metro Area",Total,913200.0
2011-04-01,"Indianapolis-Carmel-Anderson, IN Metro Area",Total,925900.0
2011-05-01,"Indianapolis-Carmel-Anderson, IN Metro Area",Total,933700.0
2011-06-01,"Indianapolis-Carmel-Anderson, IN Metro Area",Total,924800.0
2011-07-01,"Indianapolis-Carmel-Anderson, IN Metro Area",Total,925100.0
2011-08-01,"Indianapolis-Carmel-Anderson, IN Metro Area",Total,936400.0
2011-09-01,"Indianapolis-Carmel-Anderson, IN Metro Area",Total,943400.0
2011-10-01,"Indianapolis-Carmel-Anderson, IN Metro Area",Total,946200.0
2011-11-01,"Indianapolis-Carmel-Anderson, IN Metro Area",Total,948399.999999999
2011-12-01,"Indianapolis-Carmel-Anderson, IN Metro Area",Total,950700.0
2012-01-01,"Indianapolis-Carmel-Anderson, IN Metro Area",Total,927000.0
2012-02-01,"Indianapolis-Carmel-Anderson, IN Metro Area",Total,937200.0
2012-03-01,"Indianapolis-Carmel-Anderson, IN Metro Area",Total,942800.0
2012-04-01,"Indianapolis-Carmel-Anderson, IN Metro Area",Total,949600.0
2012-05-01,"Indianapolis-Carmel-Anderson, IN Metro Area",Total,959700.0
2012-06-01,"Indianapolis-Carmel-Anderson, IN Metro Area",Total,956100.0
2012-07-01,"Indianapolis-Carmel-Anderson, IN Metro Area",Total,948000.0
2012-08-01,"Indianapolis-Carmel-Anderson, IN Metro Area",Total,963700.0
2012-09-01,"Indianapolis-Carmel-Anderson, IN Metro Area",Total,968200.0
2012-10-01,"Indianapolis-Carmel-Anderson, IN Metro Area",Total,969599.999999999
2012-11-01,"Indianapolis-Carmel-Anderson, IN Metro Area",Total,972800.0
2012-12-01,"Indianapolis-Carmel-Anderson, IN Metro Area",Total,972000.0
2013-01-01,"Indianapolis-Carmel-Anderson, IN Metro Area",Total,944700.0
2013-02-01,"Indianapolis-Carmel-Anderson, IN Metro Area",Total,951999.999999999
2013-03-01,"Indianapolis-Carmel-Anderson, IN Metro Area",Total,959399.999999999
2013-04-01,"Indianapolis-Carmel-Anderson, IN Metro Area",Total,966999.999999999
2013-05-01,"Indianapolis-Carmel-Anderson, IN Metro Area",Total,975800.0
2013-06-01,"Indianapolis-Carmel-Anderson, IN Metro Area",Total,973200.0
2013-07-01,"Indianapolis-Carmel-Anderson, IN Metro Area",Total,965100.0
2013-08-01,"Indianapolis-Carmel-Anderson, IN Metro Area",Total,984800.0
2013-09-01,"Indianapolis-Carmel-Anderson, IN Metro Area",Total,987100.0
2013-10-01,"Indianapolis-Carmel-Anderson, IN Metro Area",Total,990200.0
2013-11-01,"Indianapolis-Carmel-Anderson, IN Metro Area",Total,1003000.0
2013-12-01,"Indianapolis-Carmel-Anderson, IN Metro Area",Total,1000500.0
2014-01-01,"Indianapolis-Carmel-Anderson, IN Metro Area",Total,963700.0
2014-02-01,"Indianapolis-Carmel-Anderson, IN Metro Area",Total,966900.0
2014-03-01,"Indianapolis-Carmel-Anderson, IN Metro Area",Total,977200.0
2014-04-01,"Indianapolis-Carmel-Anderson, IN Metro Area",Total,988000.0
2014-05-01,"Indianapolis-Carmel-Anderson, IN Metro Area",Total,1000800.0
2014-06-01,"Indianapolis-Carmel-Anderson, IN Metro Area",Total,996300.0
2014-07-01,"Indianapolis-Carmel-Anderson, IN Metro Area",Total,985500.0
2014-08-01,"Indianapolis-Carmel-Anderson, IN Metro Area",Total,1002300.0
2014-09-01,"Indianapolis-Carmel-Anderson, IN Metro Area",Total,1001600.0
2014-10-01,"Indianapolis-Carmel-Anderson, IN Metro Area",Total,1005400.0
2014-11-01,"Indianapolis-Carmel-Anderson, IN Metro Area",Total,1017700.0
2014-12-01,"Indianapolis-Carmel-Anderson, IN Metro Area",Total,1019099.999999999
2015-01-01,"Indianapolis-Carmel-Anderson, IN Metro Area",Total,987200.0
2015-02-01,"Indianapolis-Carmel-Anderson, IN Metro Area",Total,990700.0
2015-03-01,"Indianapolis-Carmel-Anderson, IN Metro Area",Total,1000400.0
2015-04-01,"Indianapolis-Carmel-Anderson, IN Metro Area",Total,1011899.999999999
2015-05-01,"Indianapolis-Carmel-Anderson, IN Metro Area",Total,1023700.0
2015-06-01,"Indianapolis-Carmel-Anderson, IN Metro Area",Total,1022400.0
2015-07-01,"Indianapolis-Carmel-Anderson, IN Metro Area",Total,1014500.0
2015-08-01,"Indianapolis-Carmel-Anderson, IN Metro Area",Total,1029499.999999999
2015-09-01,"Indianapolis-Carmel-Anderson, IN Metro Area",Total,1028600.0
2015-10-01,"Indianapolis-Carmel-Anderson, IN Metro Area",Total,1034300.0
2015-11-01,"Indianapolis-Carmel-Anderson, IN Metro Area",Total,1043000.0
2015-12-01,"Indianapolis-Carmel-Anderson, IN Metro Area",Total,1045600.0
2016-01-01,"Indianapolis-Carmel-Anderson, IN Metro Area",Total,1015000.0
2016-02-01,"Indianapolis-Carmel-Anderson, IN Metro Area",Total,1020500.0
2016-03-01,"Indianapolis-Carmel-Anderson, IN Metro Area",Total,1029600.0
2016-04-01,"Indianapolis-Carmel-Anderson, IN Metro Area",Total,1038200.0
2016-05-01,"Indianapolis-Carmel-Anderson, IN Metro Area",Total,1048000.0
2016-06-01,"Indianapolis-Carmel-Anderson, IN Metro Area",Total,1042700.0
2016-07-01,"Indianapolis-Carmel-Anderson, IN Metro Area",Total,1042300.0
2016-08-01,"Indianapolis-Carmel-Anderson, IN Metro Area",Total,1054700.0
2016-09-01,"Indianapolis-Carmel-Anderson, IN Metro Area",Total,1057300.0
2016-10-01,"Indianapolis-Carmel-Anderson, IN Metro Area",Total,1053099.999999999
2016-11-01,"Indianapolis-Carmel-Anderson, IN Metro Area",Total,1061000.0
2016-12-01,"Indianapolis-Carmel-Anderson, IN Metro Area",Total,1058200.0
2017-01-01,"Indianapolis-Carmel-Anderson, IN Metro Area",Total,1031800.0
2017-02-01,"Indianapolis-Carmel-Anderson, IN Metro Area",Total,1035900.0
2017-03-01,"Indianapolis-Carmel-Anderson, IN Metro Area",Total,1045400.0
2017-04-01,"Indianapolis-Carmel-Anderson, IN Metro Area",Total,1054000.0
2017-05-01,"Indianapolis-Carmel-Anderson, IN Metro Area",Total,1063600.0
2017-06-01,"Indianapolis-Carmel-Anderson, IN Metro Area",Total,1065000.0
2017-07-01,"Indianapolis-Carmel-Anderson, IN Metro Area",Total,1052100.0
2017-08-01,"Indianapolis-Carmel-Anderson, IN Metro Area",Total,1066600.0
2017-09-01,"Indianapolis-Carmel-Anderson, IN Metro Area",Total,1067500.0
2017-10-01,"Indianapolis-Carmel-Anderson, IN Metro Area",Total,1068900.0
2017-11-01,"Indianapolis-Carmel-Anderson, IN Metro Area",Total,1077000.0
2017-12-01,"Indianapolis-Carmel-Anderson, IN Metro Area",Total,1078100.0
2018-01-01,"Indianapolis-Carmel-Anderson, IN Metro Area",Total,1048800.0
2018-02-01,"Indianapolis-Carmel-Anderson, IN Metro Area",Total,1052100.0
2018-03-01,"Indianapolis-Carmel-Anderson, IN Metro Area",Total,1061700.0
2018-04-01,"Indianapolis-Carmel-Anderson, IN Metro Area",Total,1064500.0
2018-05-01,"Indianapolis-Carmel-Anderson, IN Metro Area",Total,1077000.0
2018-06-01,"Indianapolis-Carmel-Anderson, IN Metro Area",Total,1078600.0
2018-07-01,"Indianapolis-Carmel-Anderson, IN Metro Area",Total,1068000.0
2018-08-01,"Indianapolis-Carmel-Anderson, IN Metro Area",Total,1083800.0
2018-09-01,"Indianapolis-Carmel-Anderson, IN Metro Area",Total,1081700.0
2018-10-01,"Indianapolis-Carmel-Anderson, IN Metro Area",Total,1084400.0
2018-11-01,"Indianapolis-Carmel-Anderson, IN Metro Area",Total,1091800.0
2018-12-01,"Indianapolis-Carmel-Anderson, IN Metro Area",Total,1089400.0
2019-01-01,"Indianapolis-Carmel-Anderson, IN Metro Area",Total,1071500.0
2019-02-01,"Indianapolis-Carmel-Anderson, IN Metro Area",Total,1076000.0
2019-03-01,"Indianapolis-Carmel-Anderson, IN Metro Area",Total,1079600.0
2019-04-01,"Indianapolis-Carmel-Anderson, IN Metro Area",Total,1087100.0
2019-05-01,"Indianapolis-Carmel-Anderson, IN Metro Area",Total,1097700.0
2019-06-01,"Indianapolis-Carmel-Anderson, IN Metro Area",Total,1096600.0
2019-07-01,"Indianapolis-Carmel-Anderson, IN Metro Area",Total,1088800.0
2019-08-01,"Indianapolis-Carmel-Anderson, IN Metro Area",Total,1100800.0
2019-09-01,"Indianapolis-Carmel-Anderson, IN Metro Area",Total,1095100.0
2019-10-01,"Indianapolis-Carmel-Anderson, IN Metro Area",Total,1101300.0
2019-11-01,"Indianapolis-Carmel-Anderson, IN Metro Area",Total,1112100.0
2019-12-01,"Indianapolis-Carmel-Anderson, IN Metro Area",Total,1109800.0
2020-01-01,"Indianapolis-Carmel-Anderson, IN Metro Area",Total,1082900.0
2020-02-01,"Indianapolis-Carmel-Anderson, IN Metro Area",Total,1087000.0
2020-03-01,"Indianapolis-Carmel-Anderson, IN Metro Area",Total,1081300.0
2020-04-01,"Indianapolis-Carmel-Anderson, IN Metro Area",Total,952400.0
2020-05-01,"Indianapolis-Carmel-Anderson, IN Metro Area",Total,987700.0
2020-06-01,"Indianapolis-Carmel-Anderson, IN Metro Area",Total,1017100.0
2020-07-01,"Indianapolis-Carmel-Anderson, IN Metro Area",Total,1030100.0
2020-08-01,"Indianapolis-Carmel-Anderson, IN Metro Area",Total,1049900.0
2020-09-01,"Indianapolis-Carmel-Anderson, IN Metro Area",Total,1049900.0
2020-10-01,"Indianapolis-Carmel-Anderson, IN Metro Area",Total,1066900.0
2020-11-01,"Indianapolis-Carmel-Anderson, IN Metro Area",Total,1072700.0
2020-12-01,"Indianapolis-Carmel-Anderson, IN Metro Area",Total,1070500.0
2021-01-01,"Indianapolis-Carmel-Anderson, IN Metro Area",Total,1052900.0
2021-02-01,"Indianapolis-Carmel-Anderson, IN Metro Area",Total,1054100.0
2021-03-01,"Indianapolis-Carmel-Anderson, IN Metro Area",Total,1063500.0
2021-04-01,"Indianapolis-Carmel-Anderson, IN Metro Area",Total,1068500.0
2021-05-01,"Indianapolis-Carmel-Anderson, IN Metro Area",Total,1079300.0
2021-06-01,"Indianapolis-Carmel-Anderson, IN Metro Area",Total,1078700.0
2021-07-01,"Indianapolis-Carmel-Anderson, IN Metro Area",Total,1087600.0
2021-08-01,"Indianapolis-Carmel-Anderson, IN Metro Area",Total,1101800.0
2021-09-01,"Indianapolis-Carmel-Anderson, IN Metro Area",Total,1088900.0
2021-10-01,"Indianapolis-Carmel-Anderson, IN Metro Area",Total,1110700.0
2021-11-01,"Indianapolis-Carmel-Anderson, IN Metro Area",Total,1120900.0
2021-12-01,"Indianapolis-Carmel-Anderson, IN Metro Area",Total,1120400.0
2022-01-01,"Indianapolis-Carmel-Anderson, IN Metro Area",Total,1100300.0
2022-02-01,"Indianapolis-Carmel-Anderson, IN Metro Area",Total,1105500.0
2022-03-01,"Indianapolis-Carmel-Anderson, IN Metro Area",Total,1112500.0
2022-04-01,"Indianapolis-Carmel-Anderson, IN Metro Area",Total,1121000.0
2022-05-01,"Indianapolis-Carmel-Anderson, IN Metro Area",Total,1130700.0
2022-06-01,"Indianapolis-Carmel-Anderson, IN Metro Area",Total,1126699.999999999
2022-07-01,"Indianapolis-Carmel-Anderson, IN Metro Area",Total,1132900.0
2022-08-01,"Indianapolis-Carmel-Anderson, IN Metro Area",Total,1145400.0
2022-09-01,"Indianapolis-Carmel-Anderson, IN Metro Area",Total,1141400.0
2022-10-01,"Indianapolis-Carmel-Anderson, IN Metro Area",Total,1146600.0
2022-11-01,"Indianapolis-Carmel-Anderson, IN Metro Area",Total,1155300.0
2022-12-01,"Indianapolis-Carmel-Anderson, IN Metro Area",Total,1152500.0
2023-01-01,"Indianapolis-Carmel-Anderson, IN Metro Area",Total,1136100.0
2023-02-01,"Indianapolis-Carmel-Anderson, IN Metro Area",Total,1140200.0
2023-03-01,"Indianapolis-Carmel-Anderson, IN Metro Area",Total,1145100.0
2023-04-01,"Indianapolis-Carmel-Anderson, IN Metro Area",Total,1151200.0
2023-05-01,"Indianapolis-Carmel-Anderson, IN Metro Area",Total,1162300.0
2023-06-01,"Indianapolis-Carmel-Anderson, IN Metro Area",Total,1156700.0
2023-07-01,"Indianapolis-Carmel-Anderson, IN Metro Area",Total,1156800.0
2023-08-01,"Indianapolis-Carmel-Anderson, IN Metro Area",Total,1172099.99999999
2023-09-01,"Indianapolis-Carmel-Anderson, IN Metro Area",Total,1169600.0
2023-10-01,"Indianapolis-Carmel-Anderson, IN Metro Area",Total,1178200.0
2023-11-01,"Indianapolis-Carmel-Anderson, IN Metro Area",Total,1183600.0
2023-12-01,"Indianapolis-Carmel-Anderson, IN Metro Area",Total,1180800.0
2024-01-01,"Indianapolis-Carmel-Anderson, IN Metro Area",Total,1158300.0
2024-02-01,"Indianapolis-Carmel-Anderson, IN Metro Area",Total,1166600.0
2024-03-01,"Indianapolis-Carmel-Anderson, IN Metro Area",Total,1171100.0
2024-04-01,"Indianapolis-Carmel-Anderson, IN Metro Area",Total,1177600.0
2024-05-01,"Indianapolis-Carmel-Anderson, IN Metro Area",Total,1188000.0
2000-01-01,"Kansas City, MO-KS Metro Area",Total,957400.0
2000-02-01,"Kansas City, MO-KS Metro Area",Total,960500.0
2000-03-01,"Kansas City, MO-KS Metro Area",Total,970600.0
2000-04-01,"Kansas City, MO-KS Metro Area",Total,978000.0
2000-05-01,"Kansas City, MO-KS Metro Area",Total,981600.0
2000-06-01,"Kansas City, MO-KS Metro Area",Total,990400.0
2000-07-01,"Kansas City, MO-KS Metro Area",Total,959600.0
2000-08-01,"Kansas City, MO-KS Metro Area",Total,967600.0
2000-09-01,"Kansas City, MO-KS Metro Area",Total,981000.0
2000-10-01,"Kansas City, MO-KS Metro Area",Total,982200.0
2000-11-01,"Kansas City, MO-KS Metro Area",Total,979900.0
2000-12-01,"Kansas City, MO-KS Metro Area",Total,982000.0
2001-01-01,"Kansas City, MO-KS Metro Area",Total,963900.0
2001-02-01,"Kansas City, MO-KS Metro Area",Total,965500.0
2001-03-01,"Kansas City, MO-KS Metro Area",Total,974600.0
2001-04-01,"Kansas City, MO-KS Metro Area",Total,976700.0
2001-05-01,"Kansas City, MO-KS Metro Area",Total,980700.0
2001-06-01,"Kansas City, MO-KS Metro Area",Total,986200.0
2001-07-01,"Kansas City, MO-KS Metro Area",Total,954100.0
2001-08-01,"Kansas City, MO-KS Metro Area",Total,960800.0
2001-09-01,"Kansas City, MO-KS Metro Area",Total,970100.0
2001-10-01,"Kansas City, MO-KS Metro Area",Total,969400.0
2001-11-01,"Kansas City, MO-KS Metro Area",Total,966500.0
2001-12-01,"Kansas City, MO-KS Metro Area",Total,967200.0
2002-01-01,"Kansas City, MO-KS Metro Area",Total,949700.0
2002-02-01,"Kansas City, MO-KS Metro Area",Total,948800.0
2002-03-01,"Kansas City, MO-KS Metro Area",Total,958300.0
2002-04-01,"Kansas City, MO-KS Metro Area",Total,966900.0
2002-05-01,"Kansas City, MO-KS Metro Area",Total,970500.0
2002-06-01,"Kansas City, MO-KS Metro Area",Total,972700.0
2002-07-01,"Kansas City, MO-KS Metro Area",Total,937400.0
2002-08-01,"Kansas City, MO-KS Metro Area",Total,942900.0
2002-09-01,"Kansas City, MO-KS Metro Area",Total,954100.0
2002-10-01,"Kansas City, MO-KS Metro Area",Total,953400.0
2002-11-01,"Kansas City, MO-KS Metro Area",Total,958300.0
2002-12-01,"Kansas City, MO-KS Metro Area",Total,960500.0
2003-01-01,"Kansas City, MO-KS Metro Area",Total,940100.0
2003-02-01,"Kansas City, MO-KS Metro Area",Total,940000.0
2003-03-01,"Kansas City, MO-KS Metro Area",Total,945400.0
2003-04-01,"Kansas City, MO-KS Metro Area",Total,953000.0
2003-05-01,"Kansas City, MO-KS Metro Area",Total,957300.0
2003-06-01,"Kansas City, MO-KS Metro Area",Total,963000.0
2003-07-01,"Kansas City, MO-KS Metro Area",Total,943100.0
2003-08-01,"Kansas City, MO-KS Metro Area",Total,947700.0
2003-09-01,"Kansas City, MO-KS Metro Area",Total,957800.0
2003-10-01,"Kansas City, MO-KS Metro Area",Total,960400.0
2003-11-01,"Kansas City, MO-KS Metro Area",Total,961500.0
2003-12-01,"Kansas City, MO-KS Metro Area",Total,962500.0
2004-01-01,"Kansas City, MO-KS Metro Area",Total,939500.0
2004-02-01,"Kansas City, MO-KS Metro Area",Total,937400.0
2004-03-01,"Kansas City, MO-KS Metro Area",Total,950200.0
2004-04-01,"Kansas City, MO-KS Metro Area",Total,963800.0
2004-05-01,"Kansas City, MO-KS Metro Area",Total,967200.0
2004-06-01,"Kansas City, MO-KS Metro Area",Total,974300.0
2004-07-01,"Kansas City, MO-KS Metro Area",Total,959200.0
2004-08-01,"Kansas City, MO-KS Metro Area",Total,959100.0
2004-09-01,"Kansas City, MO-KS Metro Area",Total,969100.0
2004-10-01,"Kansas City, MO-KS Metro Area",Total,973500.0
2004-11-01,"Kansas City, MO-KS Metro Area",Total,974600.0
2004-12-01,"Kansas City, MO-KS Metro Area",Total,976600.0
2005-01-01,"Kansas City, MO-KS Metro Area",Total,950400.0
2005-02-01,"Kansas City, MO-KS Metro Area",Total,956100.0
2005-03-01,"Kansas City, MO-KS Metro Area",Total,968000.0
2005-04-01,"Kansas City, MO-KS Metro Area",Total,978200.0
2005-05-01,"Kansas City, MO-KS Metro Area",Total,981200.0
2005-06-01,"Kansas City, MO-KS Metro Area",Total,985900.0
2005-07-01,"Kansas City, MO-KS Metro Area",Total,968400.0
2005-08-01,"Kansas City, MO-KS Metro Area",Total,969900.0
2005-09-01,"Kansas City, MO-KS Metro Area",Total,979800.0
2005-10-01,"Kansas City, MO-KS Metro Area",Total,982100.0
2005-11-01,"Kansas City, MO-KS Metro Area",Total,986000.0
2005-12-01,"Kansas City, MO-KS Metro Area",Total,988100.0
2006-01-01,"Kansas City, MO-KS Metro Area",Total,966900.0
2006-02-01,"Kansas City, MO-KS Metro Area",Total,971600.0
2006-03-01,"Kansas City, MO-KS Metro Area",Total,981200.0
2006-04-01,"Kansas City, MO-KS Metro Area",Total,990600.0
2006-05-01,"Kansas City, MO-KS Metro Area",Total,995500.0
2006-06-01,"Kansas City, MO-KS Metro Area",Total,1000300.0
2006-07-01,"Kansas City, MO-KS Metro Area",Total,982300.0
2006-08-01,"Kansas City, MO-KS Metro Area",Total,986700.0
2006-09-01,"Kansas City, MO-KS Metro Area",Total,998000.0
2006-10-01,"Kansas City, MO-KS Metro Area",Total,997800.0
2006-11-01,"Kansas City, MO-KS Metro Area",Total,1002900.0
2006-12-01,"Kansas City, MO-KS Metro Area",Total,1006800.0
2007-01-01,"Kansas City, MO-KS Metro Area",Total,984100.0
2007-02-01,"Kansas City, MO-KS Metro Area",Total,987600.0
2007-03-01,"Kansas City, MO-KS Metro Area",Total,1002700.0
2007-04-01,"Kansas City, MO-KS Metro Area",Total,1008400.0
2007-05-01,"Kansas City, MO-KS Metro Area",Total,1014700.0
2007-06-01,"Kansas City, MO-KS Metro Area",Total,1019500.0
2007-07-01,"Kansas City, MO-KS Metro Area",Total,1010100.0
2007-08-01,"Kansas City, MO-KS Metro Area",Total,1013600.0
2007-09-01,"Kansas City, MO-KS Metro Area",Total,1016400.0
2007-10-01,"Kansas City, MO-KS Metro Area",Total,1014500.0
2007-11-01,"Kansas City, MO-KS Metro Area",Total,1020100.0
2007-12-01,"Kansas City, MO-KS Metro Area",Total,1017100.0
2008-01-01,"Kansas City, MO-KS Metro Area",Total,997600.0
2008-02-01,"Kansas City, MO-KS Metro Area",Total,1000300.0
2008-03-01,"Kansas City, MO-KS Metro Area",Total,1009700.0
2008-04-01,"Kansas City, MO-KS Metro Area",Total,1021300.0
2008-05-01,"Kansas City, MO-KS Metro Area",Total,1021100.0
2008-06-01,"Kansas City, MO-KS Metro Area",Total,1024000.0
2008-07-01,"Kansas City, MO-KS Metro Area",Total,1013100.0
2008-08-01,"Kansas City, MO-KS Metro Area",Total,1012100.0
2008-09-01,"Kansas City, MO-KS Metro Area",Total,1014500.0
2008-10-01,"Kansas City, MO-KS Metro Area",Total,1015500.0
2008-11-01,"Kansas City, MO-KS Metro Area",Total,1010200.0
2008-12-01,"Kansas City, MO-KS Metro Area",Total,1005100.0
2009-01-01,"Kansas City, MO-KS Metro Area",Total,978800.0
2009-02-01,"Kansas City, MO-KS Metro Area",Total,976100.0
2009-03-01,"Kansas City, MO-KS Metro Area",Total,978700.0
2009-04-01,"Kansas City, MO-KS Metro Area",Total,984800.0
2009-05-01,"Kansas City, MO-KS Metro Area",Total,985600.0
2009-06-01,"Kansas City, MO-KS Metro Area",Total,986200.0
2009-07-01,"Kansas City, MO-KS Metro Area",Total,972100.0
2009-08-01,"Kansas City, MO-KS Metro Area",Total,970600.0
2009-09-01,"Kansas City, MO-KS Metro Area",Total,972000.0
2009-10-01,"Kansas City, MO-KS Metro Area",Total,971500.0
2009-11-01,"Kansas City, MO-KS Metro Area",Total,970400.0
2009-12-01,"Kansas City, MO-KS Metro Area",Total,968100.0
2010-01-01,"Kansas City, MO-KS Metro Area",Total,942700.0
2010-02-01,"Kansas City, MO-KS Metro Area",Total,945500.0
2010-03-01,"Kansas City, MO-KS Metro Area",Total,954100.0
2010-04-01,"Kansas City, MO-KS Metro Area",Total,973300.0
2010-05-01,"Kansas City, MO-KS Metro Area",Total,979700.0
2010-06-01,"Kansas City, MO-KS Metro Area",Total,980400.0
2010-07-01,"Kansas City, MO-KS Metro Area",Total,961000.0
2010-08-01,"Kansas City, MO-KS Metro Area",Total,962000.0
2010-09-01,"Kansas City, MO-KS Metro Area",Total,972600.0
2010-10-01,"Kansas City, MO-KS Metro Area",Total,978200.0
2010-11-01,"Kansas City, MO-KS Metro Area",Total,978000.0
2010-12-01,"Kansas City, MO-KS Metro Area",Total,977700.0
2011-01-01,"Kansas City, MO-KS Metro Area",Total,951300.0
2011-02-01,"Kansas City, MO-KS Metro Area",Total,954100.0
2011-03-01,"Kansas City, MO-KS Metro Area",Total,966900.0
2011-04-01,"Kansas City, MO-KS Metro Area",Total,977500.0
2011-05-01,"Kansas City, MO-KS Metro Area",Total,982700.0
2011-06-01,"Kansas City, MO-KS Metro Area",Total,983100.0
2011-07-01,"Kansas City, MO-KS Metro Area",Total,972700.0
2011-08-01,"Kansas City, MO-KS Metro Area",Total,972500.0
2011-09-01,"Kansas City, MO-KS Metro Area",Total,982100.0
2011-10-01,"Kansas City, MO-KS Metro Area",Total,986600.0
2011-11-01,"Kansas City, MO-KS Metro Area",Total,991000.0
2011-12-01,"Kansas City, MO-KS Metro Area",Total,990000.0
2012-01-01,"Kansas City, MO-KS Metro Area",Total,969300.0
2012-02-01,"Kansas City, MO-KS Metro Area",Total,974400.0
2012-03-01,"Kansas City, MO-KS Metro Area",Total,985100.0
2012-04-01,"Kansas City, MO-KS Metro Area",Total,993500.0
2012-05-01,"Kansas City, MO-KS Metro Area",Total,999300.0
2012-06-01,"Kansas City, MO-KS Metro Area",Total,1001600.0
2012-07-01,"Kansas City, MO-KS Metro Area",Total,985200.0
2012-08-01,"Kansas City, MO-KS Metro Area",Total,993000.0
2012-09-01,"Kansas City, MO-KS Metro Area",Total,994500.0
2012-10-01,"Kansas City, MO-KS Metro Area",Total,1000700.0
2012-11-01,"Kansas City, MO-KS Metro Area",Total,1003300.0
2012-12-01,"Kansas City, MO-KS Metro Area",Total,999700.0
2013-01-01,"Kansas City, MO-KS Metro Area",Total,978400.0
2013-02-01,"Kansas City, MO-KS Metro Area",Total,982200.0
2013-03-01,"Kansas City, MO-KS Metro Area",Total,988900.0
2013-04-01,"Kansas City, MO-KS Metro Area",Total,1001800.0
2013-05-01,"Kansas City, MO-KS Metro Area",Total,1008600.0
2013-06-01,"Kansas City, MO-KS Metro Area",Total,1012800.0
2013-07-01,"Kansas City, MO-KS Metro Area",Total,997200.0
2013-08-01,"Kansas City, MO-KS Metro Area",Total,1003800.0
2013-09-01,"Kansas City, MO-KS Metro Area",Total,1010800.0
2013-10-01,"Kansas City, MO-KS Metro Area",Total,1015600.0
2013-11-01,"Kansas City, MO-KS Metro Area",Total,1015700.0
2013-12-01,"Kansas City, MO-KS Metro Area",Total,1015400.0
2014-01-01,"Kansas City, MO-KS Metro Area",Total,990600.0
2014-02-01,"Kansas City, MO-KS Metro Area",Total,996500.0
2014-03-01,"Kansas City, MO-KS Metro Area",Total,1007100.0
2014-04-01,"Kansas City, MO-KS Metro Area",Total,1021000.0
2014-05-01,"Kansas City, MO-KS Metro Area",Total,1029400.0
2014-06-01,"Kansas City, MO-KS Metro Area",Total,1033500.0
2014-07-01,"Kansas City, MO-KS Metro Area",Total,1019400.0
2014-08-01,"Kansas City, MO-KS Metro Area",Total,1024900.0
2014-09-01,"Kansas City, MO-KS Metro Area",Total,1028100.0
2014-10-01,"Kansas City, MO-KS Metro Area",Total,1037200.0
2014-11-01,"Kansas City, MO-KS Metro Area",Total,1039600.0
2014-12-01,"Kansas City, MO-KS Metro Area",Total,1040800.0
2015-01-01,"Kansas City, MO-KS Metro Area",Total,1018000.0
2015-02-01,"Kansas City, MO-KS Metro Area",Total,1024700.0
2015-03-01,"Kansas City, MO-KS Metro Area",Total,1033300.0
2015-04-01,"Kansas City, MO-KS Metro Area",Total,1043300.0
2015-05-01,"Kansas City, MO-KS Metro Area",Total,1051700.0
2015-06-01,"Kansas City, MO-KS Metro Area",Total,1056400.0
2015-07-01,"Kansas City, MO-KS Metro Area",Total,1046100.0
2015-08-01,"Kansas City, MO-KS Metro Area",Total,1046200.0
2015-09-01,"Kansas City, MO-KS Metro Area",Total,1052200.0
2015-10-01,"Kansas City, MO-KS Metro Area",Total,1061200.0
2015-11-01,"Kansas City, MO-KS Metro Area",Total,1061000.0
2015-12-01,"Kansas City, MO-KS Metro Area",Total,1062900.0
2016-01-01,"Kansas City, MO-KS Metro Area",Total,1043000.0
2016-02-01,"Kansas City, MO-KS Metro Area",Total,1046600.0
2016-03-01,"Kansas City, MO-KS Metro Area",Total,1052700.0
2016-04-01,"Kansas City, MO-KS Metro Area",Total,1069000.0
2016-05-01,"Kansas City, MO-KS Metro Area",Total,1070000.0
2016-06-01,"Kansas City, MO-KS Metro Area",Total,1071700.0
2016-07-01,"Kansas City, MO-KS Metro Area",Total,1063100.0
2016-08-01,"Kansas City, MO-KS Metro Area",Total,1068300.0
2016-09-01,"Kansas City, MO-KS Metro Area",Total,1078000.0
2016-10-01,"Kansas City, MO-KS Metro Area",Total,1083000.0
2016-11-01,"Kansas City, MO-KS Metro Area",Total,1084100.0
2016-12-01,"Kansas City, MO-KS Metro Area",Total,1083100.0
2017-01-01,"Kansas City, MO-KS Metro Area",Total,1059300.0
2017-02-01,"Kansas City, MO-KS Metro Area",Total,1065100.0
2017-03-01,"Kansas City, MO-KS Metro Area",Total,1071900.0
2017-04-01,"Kansas City, MO-KS Metro Area",Total,1082000.0
2017-05-01,"Kansas City, MO-KS Metro Area",Total,1085500.0
2017-06-01,"Kansas City, MO-KS Metro Area",Total,1090300.0
2017-07-01,"Kansas City, MO-KS Metro Area",Total,1080500.0
2017-08-01,"Kansas City, MO-KS Metro Area",Total,1082800.0
2017-09-01,"Kansas City, MO-KS Metro Area",Total,1091000.0
2017-10-01,"Kansas City, MO-KS Metro Area",Total,1092200.0
2017-11-01,"Kansas City, MO-KS Metro Area",Total,1097400.0
2017-12-01,"Kansas City, MO-KS Metro Area",Total,1097300.0
2018-01-01,"Kansas City, MO-KS Metro Area",Total,1068600.0
2018-02-01,"Kansas City, MO-KS Metro Area",Total,1074400.0
2018-03-01,"Kansas City, MO-KS Metro Area",Total,1078200.0
2018-04-01,"Kansas City, MO-KS Metro Area",Total,1087000.0
2018-05-01,"Kansas City, MO-KS Metro Area",Total,1090200.0
2018-06-01,"Kansas City, MO-KS Metro Area",Total,1098800.0
2018-07-01,"Kansas City, MO-KS Metro Area",Total,1085900.0
2018-08-01,"Kansas City, MO-KS Metro Area",Total,1089500.0
2018-09-01,"Kansas City, MO-KS Metro Area",Total,1093600.0
2018-10-01,"Kansas City, MO-KS Metro Area",Total,1098500.0
2018-11-01,"Kansas City, MO-KS Metro Area",Total,1100900.0
2018-12-01,"Kansas City, MO-KS Metro Area",Total,1101100.0
2019-01-01,"Kansas City, MO-KS Metro Area",Total,1079100.0
2019-02-01,"Kansas City, MO-KS Metro Area",Total,1078200.0
2019-03-01,"Kansas City, MO-KS Metro Area",Total,1081500.0
2019-04-01,"Kansas City, MO-KS Metro Area",Total,1097500.0
2019-05-01,"Kansas City, MO-KS Metro Area",Total,1102700.0
2019-06-01,"Kansas City, MO-KS Metro Area",Total,1106300.0
2019-07-01,"Kansas City, MO-KS Metro Area",Total,1093200.0
2019-08-01,"Kansas City, MO-KS Metro Area",Total,1099200.0
2019-09-01,"Kansas City, MO-KS Metro Area",Total,1102500.0
2019-10-01,"Kansas City, MO-KS Metro Area",Total,1109600.0
2019-11-01,"Kansas City, MO-KS Metro Area",Total,1113200.0
2019-12-01,"Kansas City, MO-KS Metro Area",Total,1115800.0
2020-01-01,"Kansas City, MO-KS Metro Area",Total,1095300.0
2020-02-01,"Kansas City, MO-KS Metro Area",Total,1094700.0
2020-03-01,"Kansas City, MO-KS Metro Area",Total,1093500.0
2020-04-01,"Kansas City, MO-KS Metro Area",Total,970100.0
2020-05-01,"Kansas City, MO-KS Metro Area",Total,1000000.0
2020-06-01,"Kansas City, MO-KS Metro Area",Total,1035300.0
2020-07-01,"Kansas City, MO-KS Metro Area",Total,1037800.0
2020-08-01,"Kansas City, MO-KS Metro Area",Total,1050000.0
2020-09-01,"Kansas City, MO-KS Metro Area",Total,1050000.0
2020-10-01,"Kansas City, MO-KS Metro Area",Total,1062700.0
2020-11-01,"Kansas City, MO-KS Metro Area",Total,1066300.0
2020-12-01,"Kansas City, MO-KS Metro Area",Total,1072000.0
2021-01-01,"Kansas City, MO-KS Metro Area",Total,1055000.0
2021-02-01,"Kansas City, MO-KS Metro Area",Total,1045700.0
2021-03-01,"Kansas City, MO-KS Metro Area",Total,1059800.0
2021-04-01,"Kansas City, MO-KS Metro Area",Total,1068900.0
2021-05-01,"Kansas City, MO-KS Metro Area",Total,1075400.0
2021-06-01,"Kansas City, MO-KS Metro Area",Total,1078500.0
2021-07-01,"Kansas City, MO-KS Metro Area",Total,1084600.0
2021-08-01,"Kansas City, MO-KS Metro Area",Total,1085800.0
2021-09-01,"Kansas City, MO-KS Metro Area",Total,1077000.0
2021-10-01,"Kansas City, MO-KS Metro Area",Total,1096800.0
2021-11-01,"Kansas City, MO-KS Metro Area",Total,1101200.0
2021-12-01,"Kansas City, MO-KS Metro Area",Total,1101000.0
2022-01-01,"Kansas City, MO-KS Metro Area",Total,1084700.0
2022-02-01,"Kansas City, MO-KS Metro Area",Total,1091800.0
2022-03-01,"Kansas City, MO-KS Metro Area",Total,1093000.0
2022-04-01,"Kansas City, MO-KS Metro Area",Total,1104200.0
2022-05-01,"Kansas City, MO-KS Metro Area",Total,1109400.0
2022-06-01,"Kansas City, MO-KS Metro Area",Total,1111400.0
2022-07-01,"Kansas City, MO-KS Metro Area",Total,1116900.0
2022-08-01,"Kansas City, MO-KS Metro Area",Total,1120100.0
2022-09-01,"Kansas City, MO-KS Metro Area",Total,1121400.0
2022-10-01,"Kansas City, MO-KS Metro Area",Total,1128800.0
2022-11-01,"Kansas City, MO-KS Metro Area",Total,1132900.0
2022-12-01,"Kansas City, MO-KS Metro Area",Total,1131000.0
2023-01-01,"Kansas City, MO-KS Metro Area",Total,1114700.0
2023-02-01,"Kansas City, MO-KS Metro Area",Total,1116700.0
2023-03-01,"Kansas City, MO-KS Metro Area",Total,1121600.0
2023-04-01,"Kansas City, MO-KS Metro Area",Total,1131300.0
2023-05-01,"Kansas City, MO-KS Metro Area",Total,1137900.0
2023-06-01,"Kansas City, MO-KS Metro Area",Total,1146500.0
2023-07-01,"Kansas City, MO-KS Metro Area",Total,1141300.0
2023-08-01,"Kansas City, MO-KS Metro Area",Total,1134200.0
2023-09-01,"Kansas City, MO-KS Metro Area",Total,1138800.0
2023-10-01,"Kansas City, MO-KS Metro Area",Total,1144200.0
2023-11-01,"Kansas City, MO-KS Metro Area",Total,1147700.0
2023-12-01,"Kansas City, MO-KS Metro Area",Total,1145200.0
2024-01-01,"Kansas City, MO-KS Metro Area",Total,1121200.0
2024-02-01,"Kansas City, MO-KS Metro Area",Total,1128600.0
2024-03-01,"Kansas City, MO-KS Metro Area",Total,1133600.0
2024-04-01,"Kansas City, MO-KS Metro Area",Total,1148800.0
2024-05-01,"Kansas City, MO-KS Metro Area",Total,1159300.0
2000-01-01,"Miami-Fort Lauderdale-Pompano Beach, FL Metro Area",Total,2121300.0
2000-02-01,"Miami-Fort Lauderdale-Pompano Beach, FL Metro Area",Total,2134500.0
2000-03-01,"Miami-Fort Lauderdale-Pompano Beach, FL Metro Area",Total,2153400.0
2000-04-01,"Miami-Fort Lauderdale-Pompano Beach, FL Metro Area",Total,2152000.0
2000-05-01,"Miami-Fort Lauderdale-Pompano Beach, FL Metro Area",Total,2162900.0
2000-06-01,"Miami-Fort Lauderdale-Pompano Beach, FL Metro Area",Total,2160600.0
2000-07-01,"Miami-Fort Lauderdale-Pompano Beach, FL Metro Area",Total,2122100.0
2000-08-01,"Miami-Fort Lauderdale-Pompano Beach, FL Metro Area",Total,2135900.0
2000-09-01,"Miami-Fort Lauderdale-Pompano Beach, FL Metro Area",Total,2169200.0
2000-10-01,"Miami-Fort Lauderdale-Pompano Beach, FL Metro Area",Total,2172300.0
2000-11-01,"Miami-Fort Lauderdale-Pompano Beach, FL Metro Area",Total,2206200.0
2000-12-01,"Miami-Fort Lauderdale-Pompano Beach, FL Metro Area",Total,2232900.0
2001-01-01,"Miami-Fort Lauderdale-Pompano Beach, FL Metro Area",Total,2189900.0
2001-02-01,"Miami-Fort Lauderdale-Pompano Beach, FL Metro Area",Total,2208100.0
2001-03-01,"Miami-Fort Lauderdale-Pompano Beach, FL Metro Area",Total,2224700.0
2001-04-01,"Miami-Fort Lauderdale-Pompano Beach, FL Metro Area",Total,2207700.0
2001-05-01,"Miami-Fort Lauderdale-Pompano Beach, FL Metro Area",Total,2208800.0
2001-06-01,"Miami-Fort Lauderdale-Pompano Beach, FL Metro Area",Total,2204500.0
2001-07-01,"Miami-Fort Lauderdale-Pompano Beach, FL Metro Area",Total,2157000.0
2001-08-01,"Miami-Fort Lauderdale-Pompano Beach, FL Metro Area",Total,2165100.0
2001-09-01,"Miami-Fort Lauderdale-Pompano Beach, FL Metro Area",Total,2192600.0
2001-10-01,"Miami-Fort Lauderdale-Pompano Beach, FL Metro Area",Total,2190900.0
2001-11-01,"Miami-Fort Lauderdale-Pompano Beach, FL Metro Area",Total,2210000.0
2001-12-01,"Miami-Fort Lauderdale-Pompano Beach, FL Metro Area",Total,2229700.0
2002-01-01,"Miami-Fort Lauderdale-Pompano Beach, FL Metro Area",Total,2188500.0
2002-02-01,"Miami-Fort Lauderdale-Pompano Beach, FL Metro Area",Total,2198000.0
2002-03-01,"Miami-Fort Lauderdale-Pompano Beach, FL Metro Area",Total,2217100.0
2002-04-01,"Miami-Fort Lauderdale-Pompano Beach, FL Metro Area",Total,2201000.0
2002-05-01,"Miami-Fort Lauderdale-Pompano Beach, FL Metro Area",Total,2206100.0
2002-06-01,"Miami-Fort Lauderdale-Pompano Beach, FL Metro Area",Total,2197700.0
2002-07-01,"Miami-Fort Lauderdale-Pompano Beach, FL Metro Area",Total,2152200.0
2002-08-01,"Miami-Fort Lauderdale-Pompano Beach, FL Metro Area",Total,2161600.0
2002-09-01,"Miami-Fort Lauderdale-Pompano Beach, FL Metro Area",Total,2193300.0
2002-10-01,"Miami-Fort Lauderdale-Pompano Beach, FL Metro Area",Total,2201400.0
2002-11-01,"Miami-Fort Lauderdale-Pompano Beach, FL Metro Area",Total,2225700.0
2002-12-01,"Miami-Fort Lauderdale-Pompano Beach, FL Metro Area",Total,2249700.0
2003-01-01,"Miami-Fort Lauderdale-Pompano Beach, FL Metro Area",Total,2203200.0
2003-02-01,"Miami-Fort Lauderdale-Pompano Beach, FL Metro Area",Total,2219200.0
2003-03-01,"Miami-Fort Lauderdale-Pompano Beach, FL Metro Area",Total,2231500.0
2003-04-01,"Miami-Fort Lauderdale-Pompano Beach, FL Metro Area",Total,2213600.0
2003-05-01,"Miami-Fort Lauderdale-Pompano Beach, FL Metro Area",Total,2210700.0
2003-06-01,"Miami-Fort Lauderdale-Pompano Beach, FL Metro Area",Total,2196400.0
2003-07-01,"Miami-Fort Lauderdale-Pompano Beach, FL Metro Area",Total,2151200.0
2003-08-01,"Miami-Fort Lauderdale-Pompano Beach, FL Metro Area",Total,2158600.0
2003-09-01,"Miami-Fort Lauderdale-Pompano Beach, FL Metro Area",Total,2189400.0
2003-10-01,"Miami-Fort Lauderdale-Pompano Beach, FL Metro Area",Total,2207100.0
2003-11-01,"Miami-Fort Lauderdale-Pompano Beach, FL Metro Area",Total,2217000.0
2003-12-01,"Miami-Fort Lauderdale-Pompano Beach, FL Metro Area",Total,2244800.0
2004-01-01,"Miami-Fort Lauderdale-Pompano Beach, FL Metro Area",Total,2217900.0
2004-02-01,"Miami-Fort Lauderdale-Pompano Beach, FL Metro Area",Total,2237500.0
2004-03-01,"Miami-Fort Lauderdale-Pompano Beach, FL Metro Area",Total,2254700.0
2004-04-01,"Miami-Fort Lauderdale-Pompano Beach, FL Metro Area",Total,2259700.0
2004-05-01,"Miami-Fort Lauderdale-Pompano Beach, FL Metro Area",Total,2260200.0
2004-06-01,"Miami-Fort Lauderdale-Pompano Beach, FL Metro Area",Total,2250800.0
2004-07-01,"Miami-Fort Lauderdale-Pompano Beach, FL Metro Area",Total,2219300.0
2004-08-01,"Miami-Fort Lauderdale-Pompano Beach, FL Metro Area",Total,2229400.0
2004-09-01,"Miami-Fort Lauderdale-Pompano Beach, FL Metro Area",Total,2245000.0
2004-10-01,"Miami-Fort Lauderdale-Pompano Beach, FL Metro Area",Total,2280500.0
2004-11-01,"Miami-Fort Lauderdale-Pompano Beach, FL Metro Area",Total,2311700.0
2004-12-01,"Miami-Fort Lauderdale-Pompano Beach, FL Metro Area",Total,2339900.0
2005-01-01,"Miami-Fort Lauderdale-Pompano Beach, FL Metro Area",Total,2295600.0
2005-02-01,"Miami-Fort Lauderdale-Pompano Beach, FL Metro Area",Total,2319400.0
2005-03-01,"Miami-Fort Lauderdale-Pompano Beach, FL Metro Area",Total,2330100.0
2005-04-01,"Miami-Fort Lauderdale-Pompano Beach, FL Metro Area",Total,2345200.0
2005-05-01,"Miami-Fort Lauderdale-Pompano Beach, FL Metro Area",Total,2347500.0
2005-06-01,"Miami-Fort Lauderdale-Pompano Beach, FL Metro Area",Total,2320200.0
2005-07-01,"Miami-Fort Lauderdale-Pompano Beach, FL Metro Area",Total,2306700.0
2005-08-01,"Miami-Fort Lauderdale-Pompano Beach, FL Metro Area",Total,2346500.0
2005-09-01,"Miami-Fort Lauderdale-Pompano Beach, FL Metro Area",Total,2362300.0
2005-10-01,"Miami-Fort Lauderdale-Pompano Beach, FL Metro Area",Total,2357500.0
2005-11-01,"Miami-Fort Lauderdale-Pompano Beach, FL Metro Area",Total,2376499.9999999898
2005-12-01,"Miami-Fort Lauderdale-Pompano Beach, FL Metro Area",Total,2409500.0
2006-01-01,"Miami-Fort Lauderdale-Pompano Beach, FL Metro Area",Total,2365800.0
2006-02-01,"Miami-Fort Lauderdale-Pompano Beach, FL Metro Area",Total,2389199.9999999898
2006-03-01,"Miami-Fort Lauderdale-Pompano Beach, FL Metro Area",Total,2410000.0
2006-04-01,"Miami-Fort Lauderdale-Pompano Beach, FL Metro Area",Total,2396500.0
2006-05-01,"Miami-Fort Lauderdale-Pompano Beach, FL Metro Area",Total,2407000.0
2006-06-01,"Miami-Fort Lauderdale-Pompano Beach, FL Metro Area",Total,2383600.0
2006-07-01,"Miami-Fort Lauderdale-Pompano Beach, FL Metro Area",Total,2352400.0
2006-08-01,"Miami-Fort Lauderdale-Pompano Beach, FL Metro Area",Total,2391700.0
2006-09-01,"Miami-Fort Lauderdale-Pompano Beach, FL Metro Area",Total,2401600.0
2006-10-01,"Miami-Fort Lauderdale-Pompano Beach, FL Metro Area",Total,2405200.0
2006-11-01,"Miami-Fort Lauderdale-Pompano Beach, FL Metro Area",Total,2436800.0
2006-12-01,"Miami-Fort Lauderdale-Pompano Beach, FL Metro Area",Total,2462900.0
2007-01-01,"Miami-Fort Lauderdale-Pompano Beach, FL Metro Area",Total,2415300.0
2007-02-01,"Miami-Fort Lauderdale-Pompano Beach, FL Metro Area",Total,2433800.0
2007-03-01,"Miami-Fort Lauderdale-Pompano Beach, FL Metro Area",Total,2449600.0
2007-04-01,"Miami-Fort Lauderdale-Pompano Beach, FL Metro Area",Total,2428600.0
2007-05-01,"Miami-Fort Lauderdale-Pompano Beach, FL Metro Area",Total,2436700.0
2007-06-01,"Miami-Fort Lauderdale-Pompano Beach, FL Metro Area",Total,2408200.0
2007-07-01,"Miami-Fort Lauderdale-Pompano Beach, FL Metro Area",Total,2366600.0
2007-08-01,"Miami-Fort Lauderdale-Pompano Beach, FL Metro Area",Total,2406400.0
2007-09-01,"Miami-Fort Lauderdale-Pompano Beach, FL Metro Area",Total,2414400.0
2007-10-01,"Miami-Fort Lauderdale-Pompano Beach, FL Metro Area",Total,2410500.0
2007-11-01,"Miami-Fort Lauderdale-Pompano Beach, FL Metro Area",Total,2441400.0
2007-12-01,"Miami-Fort Lauderdale-Pompano Beach, FL Metro Area",Total,2463100.0
2008-01-01,"Miami-Fort Lauderdale-Pompano Beach, FL Metro Area",Total,2406300.0
2008-02-01,"Miami-Fort Lauderdale-Pompano Beach, FL Metro Area",Total,2420300.0
2008-03-01,"Miami-Fort Lauderdale-Pompano Beach, FL Metro Area",Total,2426500.0
2008-04-01,"Miami-Fort Lauderdale-Pompano Beach, FL Metro Area",Total,2397400.0
2008-05-01,"Miami-Fort Lauderdale-Pompano Beach, FL Metro Area",Total,2391500.0
2008-06-01,"Miami-Fort Lauderdale-Pompano Beach, FL Metro Area",Total,2347800.0
2008-07-01,"Miami-Fort Lauderdale-Pompano Beach, FL Metro Area",Total,2300500.0
2008-08-01,"Miami-Fort Lauderdale-Pompano Beach, FL Metro Area",Total,2325900.0
2008-09-01,"Miami-Fort Lauderdale-Pompano Beach, FL Metro Area",Total,2321700.0
2008-10-01,"Miami-Fort Lauderdale-Pompano Beach, FL Metro Area",Total,2315000.0
2008-11-01,"Miami-Fort Lauderdale-Pompano Beach, FL Metro Area",Total,2327200.0
2008-12-01,"Miami-Fort Lauderdale-Pompano Beach, FL Metro Area",Total,2335700.0
2009-01-01,"Miami-Fort Lauderdale-Pompano Beach, FL Metro Area",Total,2265100.0
2009-02-01,"Miami-Fort Lauderdale-Pompano Beach, FL Metro Area",Total,2259600.0
2009-03-01,"Miami-Fort Lauderdale-Pompano Beach, FL Metro Area",Total,2254300.0
2009-04-01,"Miami-Fort Lauderdale-Pompano Beach, FL Metro Area",Total,2232500.0
2009-05-01,"Miami-Fort Lauderdale-Pompano Beach, FL Metro Area",Total,2223400.0
2009-06-01,"Miami-Fort Lauderdale-Pompano Beach, FL Metro Area",Total,2186000.0
2009-07-01,"Miami-Fort Lauderdale-Pompano Beach, FL Metro Area",Total,2152600.0
2009-08-01,"Miami-Fort Lauderdale-Pompano Beach, FL Metro Area",Total,2176000.0
2009-09-01,"Miami-Fort Lauderdale-Pompano Beach, FL Metro Area",Total,2178100.0
2009-10-01,"Miami-Fort Lauderdale-Pompano Beach, FL Metro Area",Total,2190900.0
2009-11-01,"Miami-Fort Lauderdale-Pompano Beach, FL Metro Area",Total,2213800.0
2009-12-01,"Miami-Fort Lauderdale-Pompano Beach, FL Metro Area",Total,2226400.0
2010-01-01,"Miami-Fort Lauderdale-Pompano Beach, FL Metro Area",Total,2180600.0
2010-02-01,"Miami-Fort Lauderdale-Pompano Beach, FL Metro Area",Total,2192400.0
2010-03-01,"Miami-Fort Lauderdale-Pompano Beach, FL Metro Area",Total,2200000.0
2010-04-01,"Miami-Fort Lauderdale-Pompano Beach, FL Metro Area",Total,2199300.0
2010-05-01,"Miami-Fort Lauderdale-Pompano Beach, FL Metro Area",Total,2207800.0
2010-06-01,"Miami-Fort Lauderdale-Pompano Beach, FL Metro Area",Total,2172200.0
2010-07-01,"Miami-Fort Lauderdale-Pompano Beach, FL Metro Area",Total,2150400.0
2010-08-01,"Miami-Fort Lauderdale-Pompano Beach, FL Metro Area",Total,2178800.0
2010-09-01,"Miami-Fort Lauderdale-Pompano Beach, FL Metro Area",Total,2181300.0
2010-10-01,"Miami-Fort Lauderdale-Pompano Beach, FL Metro Area",Total,2203300.0
2010-11-01,"Miami-Fort Lauderdale-Pompano Beach, FL Metro Area",Total,2229400.0
2010-12-01,"Miami-Fort Lauderdale-Pompano Beach, FL Metro Area",Total,2247100.0
2011-01-01,"Miami-Fort Lauderdale-Pompano Beach, FL Metro Area",Total,2211900.0
2011-02-01,"Miami-Fort Lauderdale-Pompano Beach, FL Metro Area",Total,2224400.0
2011-03-01,"Miami-Fort Lauderdale-Pompano Beach, FL Metro Area",Total,2230400.0
2011-04-01,"Miami-Fort Lauderdale-Pompano Beach, FL Metro Area",Total,2242800.0
2011-05-01,"Miami-Fort Lauderdale-Pompano Beach, FL Metro Area",Total,2237100.0
2011-06-01,"Miami-Fort Lauderdale-Pompano Beach, FL Metro Area",Total,2202700.0
2011-07-01,"Miami-Fort Lauderdale-Pompano Beach, FL Metro Area",Total,2186700.0
2011-08-01,"Miami-Fort Lauderdale-Pompano Beach, FL Metro Area",Total,2217600.0
2011-09-01,"Miami-Fort Lauderdale-Pompano Beach, FL Metro Area",Total,2231100.0
2011-10-01,"Miami-Fort Lauderdale-Pompano Beach, FL Metro Area",Total,2249300.0
2011-11-01,"Miami-Fort Lauderdale-Pompano Beach, FL Metro Area",Total,2277600.0
2011-12-01,"Miami-Fort Lauderdale-Pompano Beach, FL Metro Area",Total,2297200.0
2012-01-01,"Miami-Fort Lauderdale-Pompano Beach, FL Metro Area",Total,2261200.0
2012-02-01,"Miami-Fort Lauderdale-Pompano Beach, FL Metro Area",Total,2274300.0
2012-03-01,"Miami-Fort Lauderdale-Pompano Beach, FL Metro Area",Total,2286700.0
2012-04-01,"Miami-Fort Lauderdale-Pompano Beach, FL Metro Area",Total,2287300.0
2012-05-01,"Miami-Fort Lauderdale-Pompano Beach, FL Metro Area",Total,2288400.0
2012-06-01,"Miami-Fort Lauderdale-Pompano Beach, FL Metro Area",Total,2257600.0
2012-07-01,"Miami-Fort Lauderdale-Pompano Beach, FL Metro Area",Total,2235900.0
2012-08-01,"Miami-Fort Lauderdale-Pompano Beach, FL Metro Area",Total,2265900.0
2012-09-01,"Miami-Fort Lauderdale-Pompano Beach, FL Metro Area",Total,2278100.0
2012-10-01,"Miami-Fort Lauderdale-Pompano Beach, FL Metro Area",Total,2304900.0
2012-11-01,"Miami-Fort Lauderdale-Pompano Beach, FL Metro Area",Total,2336400.0
2012-12-01,"Miami-Fort Lauderdale-Pompano Beach, FL Metro Area",Total,2348800.0
2013-01-01,"Miami-Fort Lauderdale-Pompano Beach, FL Metro Area",Total,2312000.0
2013-02-01,"Miami-Fort Lauderdale-Pompano Beach, FL Metro Area",Total,2331600.0
2013-03-01,"Miami-Fort Lauderdale-Pompano Beach, FL Metro Area",Total,2342700.0
2013-04-01,"Miami-Fort Lauderdale-Pompano Beach, FL Metro Area",Total,2343500.0
2013-05-01,"Miami-Fort Lauderdale-Pompano Beach, FL Metro Area",Total,2346100.0
2013-06-01,"Miami-Fort Lauderdale-Pompano Beach, FL Metro Area",Total,2318300.0
2013-07-01,"Miami-Fort Lauderdale-Pompano Beach, FL Metro Area",Total,2301500.0
2013-08-01,"Miami-Fort Lauderdale-Pompano Beach, FL Metro Area",Total,2334100.0
2013-09-01,"Miami-Fort Lauderdale-Pompano Beach, FL Metro Area",Total,2344400.0
2013-10-01,"Miami-Fort Lauderdale-Pompano Beach, FL Metro Area",Total,2366000.0
2013-11-01,"Miami-Fort Lauderdale-Pompano Beach, FL Metro Area",Total,2405500.0
2013-12-01,"Miami-Fort Lauderdale-Pompano Beach, FL Metro Area",Total,2421000.0
2014-01-01,"Miami-Fort Lauderdale-Pompano Beach, FL Metro Area",Total,2381400.0
2014-02-01,"Miami-Fort Lauderdale-Pompano Beach, FL Metro Area",Total,2399800.0
2014-03-01,"Miami-Fort Lauderdale-Pompano Beach, FL Metro Area",Total,2411100.0
2014-04-01,"Miami-Fort Lauderdale-Pompano Beach, FL Metro Area",Total,2418900.0
2014-05-01,"Miami-Fort Lauderdale-Pompano Beach, FL Metro Area",Total,2423300.0
2014-06-01,"Miami-Fort Lauderdale-Pompano Beach, FL Metro Area",Total,2393800.0
2014-07-01,"Miami-Fort Lauderdale-Pompano Beach, FL Metro Area",Total,2378300.0
2014-08-01,"Miami-Fort Lauderdale-Pompano Beach, FL Metro Area",Total,2414500.0
2014-09-01,"Miami-Fort Lauderdale-Pompano Beach, FL Metro Area",Total,2427400.0
2014-10-01,"Miami-Fort Lauderdale-Pompano Beach, FL Metro Area",Total,2457800.0
2014-11-01,"Miami-Fort Lauderdale-Pompano Beach, FL Metro Area",Total,2495900.0
2014-12-01,"Miami-Fort Lauderdale-Pompano Beach, FL Metro Area",Total,2511800.0
2015-01-01,"Miami-Fort Lauderdale-Pompano Beach, FL Metro Area",Total,2470500.0
2015-02-01,"Miami-Fort Lauderdale-Pompano Beach, FL Metro Area",Total,2485400.0
2015-03-01,"Miami-Fort Lauderdale-Pompano Beach, FL Metro Area",Total,2496700.0
2015-04-01,"Miami-Fort Lauderdale-Pompano Beach, FL Metro Area",Total,2499300.0
2015-05-01,"Miami-Fort Lauderdale-Pompano Beach, FL Metro Area",Total,2503500.0
2015-06-01,"Miami-Fort Lauderdale-Pompano Beach, FL Metro Area",Total,2473200.0
2015-07-01,"Miami-Fort Lauderdale-Pompano Beach, FL Metro Area",Total,2463100.0
2015-08-01,"Miami-Fort Lauderdale-Pompano Beach, FL Metro Area",Total,2496900.0
2015-09-01,"Miami-Fort Lauderdale-Pompano Beach, FL Metro Area",Total,2503700.0
2015-10-01,"Miami-Fort Lauderdale-Pompano Beach, FL Metro Area",Total,2542200.0
2015-11-01,"Miami-Fort Lauderdale-Pompano Beach, FL Metro Area",Total,2574800.0
2015-12-01,"Miami-Fort Lauderdale-Pompano Beach, FL Metro Area",Total,2591100.0
2016-01-01,"Miami-Fort Lauderdale-Pompano Beach, FL Metro Area",Total,2549700.0
2016-02-01,"Miami-Fort Lauderdale-Pompano Beach, FL Metro Area",Total,2567800.0
2016-03-01,"Miami-Fort Lauderdale-Pompano Beach, FL Metro Area",Total,2574900.0
2016-04-01,"Miami-Fort Lauderdale-Pompano Beach, FL Metro Area",Total,2587500.0
2016-05-01,"Miami-Fort Lauderdale-Pompano Beach, FL Metro Area",Total,2583300.0
2016-06-01,"Miami-Fort Lauderdale-Pompano Beach, FL Metro Area",Total,2546500.0
2016-07-01,"Miami-Fort Lauderdale-Pompano Beach, FL Metro Area",Total,2541300.0
2016-08-01,"Miami-Fort Lauderdale-Pompano Beach, FL Metro Area",Total,2569700.0
2016-09-01,"Miami-Fort Lauderdale-Pompano Beach, FL Metro Area",Total,2582400.0
2016-10-01,"Miami-Fort Lauderdale-Pompano Beach, FL Metro Area",Total,2601300.0
2016-11-01,"Miami-Fort Lauderdale-Pompano Beach, FL Metro Area",Total,2635800.0
2016-12-01,"Miami-Fort Lauderdale-Pompano Beach, FL Metro Area",Total,2649300.0
2017-01-01,"Miami-Fort Lauderdale-Pompano Beach, FL Metro Area",Total,2612400.0
2017-02-01,"Miami-Fort Lauderdale-Pompano Beach, FL Metro Area",Total,2628600.0
2017-03-01,"Miami-Fort Lauderdale-Pompano Beach, FL Metro Area",Total,2638300.0
2017-04-01,"Miami-Fort Lauderdale-Pompano Beach, FL Metro Area",Total,2635800.0
2017-05-01,"Miami-Fort Lauderdale-Pompano Beach, FL Metro Area",Total,2642300.0
2017-06-01,"Miami-Fort Lauderdale-Pompano Beach, FL Metro Area",Total,2609400.0
2017-07-01,"Miami-Fort Lauderdale-Pompano Beach, FL Metro Area",Total,2592800.0
2017-08-01,"Miami-Fort Lauderdale-Pompano Beach, FL Metro Area",Total,2619600.0
2017-09-01,"Miami-Fort Lauderdale-Pompano Beach, FL Metro Area",Total,2563900.0
2017-10-01,"Miami-Fort Lauderdale-Pompano Beach, FL Metro Area",Total,2641000.0
2017-11-01,"Miami-Fort Lauderdale-Pompano Beach, FL Metro Area",Total,2675800.0
2017-12-01,"Miami-Fort Lauderdale-Pompano Beach, FL Metro Area",Total,2690400.0
2018-01-01,"Miami-Fort Lauderdale-Pompano Beach, FL Metro Area",Total,2650900.0
2018-02-01,"Miami-Fort Lauderdale-Pompano Beach, FL Metro Area",Total,2671700.0
2018-03-01,"Miami-Fort Lauderdale-Pompano Beach, FL Metro Area",Total,2679900.0
2018-04-01,"Miami-Fort Lauderdale-Pompano Beach, FL Metro Area",Total,2676800.0
2018-05-01,"Miami-Fort Lauderdale-Pompano Beach, FL Metro Area",Total,2677600.0
2018-06-01,"Miami-Fort Lauderdale-Pompano Beach, FL Metro Area",Total,2643300.0
2018-07-01,"Miami-Fort Lauderdale-Pompano Beach, FL Metro Area",Total,2635400.0
2018-08-01,"Miami-Fort Lauderdale-Pompano Beach, FL Metro Area",Total,2671800.0
2018-09-01,"Miami-Fort Lauderdale-Pompano Beach, FL Metro Area",Total,2675900.0
2018-10-01,"Miami-Fort Lauderdale-Pompano Beach, FL Metro Area",Total,2705100.0
2018-11-01,"Miami-Fort Lauderdale-Pompano Beach, FL Metro Area",Total,2735400.0
2018-12-01,"Miami-Fort Lauderdale-Pompano Beach, FL Metro Area",Total,2740100.0
2019-01-01,"Miami-Fort Lauderdale-Pompano Beach, FL Metro Area",Total,2703300.0
2019-02-01,"Miami-Fort Lauderdale-Pompano Beach, FL Metro Area",Total,2722600.0
2019-03-01,"Miami-Fort Lauderdale-Pompano Beach, FL Metro Area",Total,2726200.0
2019-04-01,"Miami-Fort Lauderdale-Pompano Beach, FL Metro Area",Total,2726300.0
2019-05-01,"Miami-Fort Lauderdale-Pompano Beach, FL Metro Area",Total,2723200.0
2019-06-01,"Miami-Fort Lauderdale-Pompano Beach, FL Metro Area",Total,2688000.0
2019-07-01,"Miami-Fort Lauderdale-Pompano Beach, FL Metro Area",Total,2683100.0
2019-08-01,"Miami-Fort Lauderdale-Pompano Beach, FL Metro Area",Total,2718600.0
2019-09-01,"Miami-Fort Lauderdale-Pompano Beach, FL Metro Area",Total,2711000.0
2019-10-01,"Miami-Fort Lauderdale-Pompano Beach, FL Metro Area",Total,2747800.0
2019-11-01,"Miami-Fort Lauderdale-Pompano Beach, FL Metro Area",Total,2784000.0
2019-12-01,"Miami-Fort Lauderdale-Pompano Beach, FL Metro Area",Total,2790900.0
2020-01-01,"Miami-Fort Lauderdale-Pompano Beach, FL Metro Area",Total,2751700.0
2020-02-01,"Miami-Fort Lauderdale-Pompano Beach, FL Metro Area",Total,2768600.0
2020-03-01,"Miami-Fort Lauderdale-Pompano Beach, FL Metro Area",Total,2734800.0
2020-04-01,"Miami-Fort Lauderdale-Pompano Beach, FL Metro Area",Total,2317800.0
2020-05-01,"Miami-Fort Lauderdale-Pompano Beach, FL Metro Area",Total,2393600.0
2020-06-01,"Miami-Fort Lauderdale-Pompano Beach, FL Metro Area",Total,2465700.0
2020-07-01,"Miami-Fort Lauderdale-Pompano Beach, FL Metro Area",Total,2461700.0
2020-08-01,"Miami-Fort Lauderdale-Pompano Beach, FL Metro Area",Total,2480400.0
2020-09-01,"Miami-Fort Lauderdale-Pompano Beach, FL Metro Area",Total,2503500.0
2020-10-01,"Miami-Fort Lauderdale-Pompano Beach, FL Metro Area",Total,2562000.0
2020-11-01,"Miami-Fort Lauderdale-Pompano Beach, FL Metro Area",Total,2586900.0
2020-12-01,"Miami-Fort Lauderdale-Pompano Beach, FL Metro Area",Total,2603600.0
2021-01-01,"Miami-Fort Lauderdale-Pompano Beach, FL Metro Area",Total,2581200.0
2021-02-01,"Miami-Fort Lauderdale-Pompano Beach, FL Metro Area",Total,2608800.0
2021-03-01,"Miami-Fort Lauderdale-Pompano Beach, FL Metro Area",Total,2619600.0
2021-04-01,"Miami-Fort Lauderdale-Pompano Beach, FL Metro Area",Total,2625900.0
2021-05-01,"Miami-Fort Lauderdale-Pompano Beach, FL Metro Area",Total,2637800.0
2021-06-01,"Miami-Fort Lauderdale-Pompano Beach, FL Metro Area",Total,2615800.0
2021-07-01,"Miami-Fort Lauderdale-Pompano Beach, FL Metro Area",Total,2642400.0
2021-08-01,"Miami-Fort Lauderdale-Pompano Beach, FL Metro Area",Total,2668900.0
2021-09-01,"Miami-Fort Lauderdale-Pompano Beach, FL Metro Area",Total,2672000.0
2021-10-01,"Miami-Fort Lauderdale-Pompano Beach, FL Metro Area",Total,2729900.0
2021-11-01,"Miami-Fort Lauderdale-Pompano Beach, FL Metro Area",Total,2766200.0
2021-12-01,"Miami-Fort Lauderdale-Pompano Beach, FL Metro Area",Total,2773100.0
2022-01-01,"Miami-Fort Lauderdale-Pompano Beach, FL Metro Area",Total,2741800.0
2022-02-01,"Miami-Fort Lauderdale-Pompano Beach, FL Metro Area",Total,2776200.0
2022-03-01,"Miami-Fort Lauderdale-Pompano Beach, FL Metro Area",Total,2778000.0
2022-04-01,"Miami-Fort Lauderdale-Pompano Beach, FL Metro Area",Total,2800000.0
2022-05-01,"Miami-Fort Lauderdale-Pompano Beach, FL Metro Area",Total,2806200.0
2022-06-01,"Miami-Fort Lauderdale-Pompano Beach, FL Metro Area",Total,2773500.0
2022-07-01,"Miami-Fort Lauderdale-Pompano Beach, FL Metro Area",Total,2785900.0
2022-08-01,"Miami-Fort Lauderdale-Pompano Beach, FL Metro Area",Total,2816800.0
2022-09-01,"Miami-Fort Lauderdale-Pompano Beach, FL Metro Area",Total,2827500.0
2022-10-01,"Miami-Fort Lauderdale-Pompano Beach, FL Metro Area",Total,2862500.0
2022-11-01,"Miami-Fort Lauderdale-Pompano Beach, FL Metro Area",Total,2886700.0
2022-12-01,"Miami-Fort Lauderdale-Pompano Beach, FL Metro Area",Total,2894600.0
2023-01-01,"Miami-Fort Lauderdale-Pompano Beach, FL Metro Area",Total,2866800.0
2023-02-01,"Miami-Fort Lauderdale-Pompano Beach, FL Metro Area",Total,2886100.0
2023-03-01,"Miami-Fort Lauderdale-Pompano Beach, FL Metro Area",Total,2892000.0
2023-04-01,"Miami-Fort Lauderdale-Pompano Beach, FL Metro Area",Total,2897600.0
2023-05-01,"Miami-Fort Lauderdale-Pompano Beach, FL Metro Area",Total,2902700.0
2023-06-01,"Miami-Fort Lauderdale-Pompano Beach, FL Metro Area",Total,2873700.0
2023-07-01,"Miami-Fort Lauderdale-Pompano Beach, FL Metro Area",Total,2869000.0
2023-08-01,"Miami-Fort Lauderdale-Pompano Beach, FL Metro Area",Total,2893100.0
2023-09-01,"Miami-Fort Lauderdale-Pompano Beach, FL Metro Area",Total,2900800.0
2023-10-01,"Miami-Fort Lauderdale-Pompano Beach, FL Metro Area",Total,2935400.0
2023-11-01,"Miami-Fort Lauderdale-Pompano Beach, FL Metro Area",Total,2960700.0
2023-12-01,"Miami-Fort Lauderdale-Pompano Beach, FL Metro Area",Total,2979200.0
2024-01-01,"Miami-Fort Lauderdale-Pompano Beach, FL Metro Area",Total,2942700.0
2024-02-01,"Miami-Fort Lauderdale-Pompano Beach, FL Metro Area",Total,2953600.0
2024-03-01,"Miami-Fort Lauderdale-Pompano Beach, FL Metro Area",Total,2958400.0
2024-04-01,"Miami-Fort Lauderdale-Pompano Beach, FL Metro Area",Total,2968600.0
2024-05-01,"Miami-Fort Lauderdale-Pompano Beach, FL Metro Area",Total,2969300.0
2000-01-01,"Orlando-Kissimmee-Sanford, FL Metro Area",Total,888300.0
2000-02-01,"Orlando-Kissimmee-Sanford, FL Metro Area",Total,898600.0
2000-03-01,"Orlando-Kissimmee-Sanford, FL Metro Area",Total,906000.0
2000-04-01,"Orlando-Kissimmee-Sanford, FL Metro Area",Total,904000.0
2000-05-01,"Orlando-Kissimmee-Sanford, FL Metro Area",Total,908500.0
2000-06-01,"Orlando-Kissimmee-Sanford, FL Metro Area",Total,904800.0
2000-07-01,"Orlando-Kissimmee-Sanford, FL Metro Area",Total,892600.0
2000-08-01,"Orlando-Kissimmee-Sanford, FL Metro Area",Total,903800.0
2000-09-01,"Orlando-Kissimmee-Sanford, FL Metro Area",Total,909300.0
2000-10-01,"Orlando-Kissimmee-Sanford, FL Metro Area",Total,907400.0
2000-11-01,"Orlando-Kissimmee-Sanford, FL Metro Area",Total,914600.0
2000-12-01,"Orlando-Kissimmee-Sanford, FL Metro Area",Total,920600.0
2001-01-01,"Orlando-Kissimmee-Sanford, FL Metro Area",Total,900400.0
2001-02-01,"Orlando-Kissimmee-Sanford, FL Metro Area",Total,909500.0
2001-03-01,"Orlando-Kissimmee-Sanford, FL Metro Area",Total,917200.0
2001-04-01,"Orlando-Kissimmee-Sanford, FL Metro Area",Total,911900.0
2001-05-01,"Orlando-Kissimmee-Sanford, FL Metro Area",Total,913900.0
2001-06-01,"Orlando-Kissimmee-Sanford, FL Metro Area",Total,904400.0
2001-07-01,"Orlando-Kissimmee-Sanford, FL Metro Area",Total,895300.0
2001-08-01,"Orlando-Kissimmee-Sanford, FL Metro Area",Total,906300.0
2001-09-01,"Orlando-Kissimmee-Sanford, FL Metro Area",Total,905900.0
2001-10-01,"Orlando-Kissimmee-Sanford, FL Metro Area",Total,896100.0
2001-11-01,"Orlando-Kissimmee-Sanford, FL Metro Area",Total,895800.0
2001-12-01,"Orlando-Kissimmee-Sanford, FL Metro Area",Total,897200.0
2002-01-01,"Orlando-Kissimmee-Sanford, FL Metro Area",Total,880400.0
2002-02-01,"Orlando-Kissimmee-Sanford, FL Metro Area",Total,890300.0
2002-03-01,"Orlando-Kissimmee-Sanford, FL Metro Area",Total,897200.0
2002-04-01,"Orlando-Kissimmee-Sanford, FL Metro Area",Total,893800.0
2002-05-01,"Orlando-Kissimmee-Sanford, FL Metro Area",Total,898000.0
2002-06-01,"Orlando-Kissimmee-Sanford, FL Metro Area",Total,890300.0
2002-07-01,"Orlando-Kissimmee-Sanford, FL Metro Area",Total,884700.0
2002-08-01,"Orlando-Kissimmee-Sanford, FL Metro Area",Total,898100.0
2002-09-01,"Orlando-Kissimmee-Sanford, FL Metro Area",Total,900500.0
2002-10-01,"Orlando-Kissimmee-Sanford, FL Metro Area",Total,905300.0
2002-11-01,"Orlando-Kissimmee-Sanford, FL Metro Area",Total,914500.0
2002-12-01,"Orlando-Kissimmee-Sanford, FL Metro Area",Total,922200.0
2003-01-01,"Orlando-Kissimmee-Sanford, FL Metro Area",Total,904500.0
2003-02-01,"Orlando-Kissimmee-Sanford, FL Metro Area",Total,909700.0
2003-03-01,"Orlando-Kissimmee-Sanford, FL Metro Area",Total,914300.0
2003-04-01,"Orlando-Kissimmee-Sanford, FL Metro Area",Total,914300.0
2003-05-01,"Orlando-Kissimmee-Sanford, FL Metro Area",Total,915900.0
2003-06-01,"Orlando-Kissimmee-Sanford, FL Metro Area",Total,907100.0
2003-07-01,"Orlando-Kissimmee-Sanford, FL Metro Area",Total,901700.0
2003-08-01,"Orlando-Kissimmee-Sanford, FL Metro Area",Total,916400.0
2003-09-01,"Orlando-Kissimmee-Sanford, FL Metro Area",Total,916800.0
2003-10-01,"Orlando-Kissimmee-Sanford, FL Metro Area",Total,924700.0
2003-11-01,"Orlando-Kissimmee-Sanford, FL Metro Area",Total,931600.0
2003-12-01,"Orlando-Kissimmee-Sanford, FL Metro Area",Total,937500.0
2004-01-01,"Orlando-Kissimmee-Sanford, FL Metro Area",Total,931100.0
2004-02-01,"Orlando-Kissimmee-Sanford, FL Metro Area",Total,939100.0
2004-03-01,"Orlando-Kissimmee-Sanford, FL Metro Area",Total,945300.0
2004-04-01,"Orlando-Kissimmee-Sanford, FL Metro Area",Total,954300.0
2004-05-01,"Orlando-Kissimmee-Sanford, FL Metro Area",Total,957700.0
2004-06-01,"Orlando-Kissimmee-Sanford, FL Metro Area",Total,950600.0
2004-07-01,"Orlando-Kissimmee-Sanford, FL Metro Area",Total,949300.0
2004-08-01,"Orlando-Kissimmee-Sanford, FL Metro Area",Total,960900.0
2004-09-01,"Orlando-Kissimmee-Sanford, FL Metro Area",Total,960700.0
2004-10-01,"Orlando-Kissimmee-Sanford, FL Metro Area",Total,973600.0
2004-11-01,"Orlando-Kissimmee-Sanford, FL Metro Area",Total,985600.0
2004-12-01,"Orlando-Kissimmee-Sanford, FL Metro Area",Total,993600.0
2005-01-01,"Orlando-Kissimmee-Sanford, FL Metro Area",Total,985100.0
2005-02-01,"Orlando-Kissimmee-Sanford, FL Metro Area",Total,992800.0
2005-03-01,"Orlando-Kissimmee-Sanford, FL Metro Area",Total,1000200.0
2005-04-01,"Orlando-Kissimmee-Sanford, FL Metro Area",Total,1007300.0
2005-05-01,"Orlando-Kissimmee-Sanford, FL Metro Area",Total,1014000.0
2005-06-01,"Orlando-Kissimmee-Sanford, FL Metro Area",Total,1003700.0
2005-07-01,"Orlando-Kissimmee-Sanford, FL Metro Area",Total,1003600.0
2005-08-01,"Orlando-Kissimmee-Sanford, FL Metro Area",Total,1018800.0
2005-09-01,"Orlando-Kissimmee-Sanford, FL Metro Area",Total,1024000.0
2005-10-01,"Orlando-Kissimmee-Sanford, FL Metro Area",Total,1026500.0
2005-11-01,"Orlando-Kissimmee-Sanford, FL Metro Area",Total,1037300.0
2005-12-01,"Orlando-Kissimmee-Sanford, FL Metro Area",Total,1044400.0
2006-01-01,"Orlando-Kissimmee-Sanford, FL Metro Area",Total,1034300.0
2006-02-01,"Orlando-Kissimmee-Sanford, FL Metro Area",Total,1041400.0
2006-03-01,"Orlando-Kissimmee-Sanford, FL Metro Area",Total,1050200.0
2006-04-01,"Orlando-Kissimmee-Sanford, FL Metro Area",Total,1055500.0
2006-05-01,"Orlando-Kissimmee-Sanford, FL Metro Area",Total,1059800.0
2006-06-01,"Orlando-Kissimmee-Sanford, FL Metro Area",Total,1050400.0
2006-07-01,"Orlando-Kissimmee-Sanford, FL Metro Area",Total,1041300.0
2006-08-01,"Orlando-Kissimmee-Sanford, FL Metro Area",Total,1059100.0
2006-09-01,"Orlando-Kissimmee-Sanford, FL Metro Area",Total,1064100.0
2006-10-01,"Orlando-Kissimmee-Sanford, FL Metro Area",Total,1064500.0
2006-11-01,"Orlando-Kissimmee-Sanford, FL Metro Area",Total,1076500.0
2006-12-01,"Orlando-Kissimmee-Sanford, FL Metro Area",Total,1084200.0
2007-01-01,"Orlando-Kissimmee-Sanford, FL Metro Area",Total,1071900.0
2007-02-01,"Orlando-Kissimmee-Sanford, FL Metro Area",Total,1081900.0
2007-03-01,"Orlando-Kissimmee-Sanford, FL Metro Area",Total,1087600.0
2007-04-01,"Orlando-Kissimmee-Sanford, FL Metro Area",Total,1087600.0
2007-05-01,"Orlando-Kissimmee-Sanford, FL Metro Area",Total,1089100.0
2007-06-01,"Orlando-Kissimmee-Sanford, FL Metro Area",Total,1075900.0
2007-07-01,"Orlando-Kissimmee-Sanford, FL Metro Area",Total,1068000.0
2007-08-01,"Orlando-Kissimmee-Sanford, FL Metro Area",Total,1081200.0
2007-09-01,"Orlando-Kissimmee-Sanford, FL Metro Area",Total,1080300.0
2007-10-01,"Orlando-Kissimmee-Sanford, FL Metro Area",Total,1084400.0
2007-11-01,"Orlando-Kissimmee-Sanford, FL Metro Area",Total,1095600.0
2007-12-01,"Orlando-Kissimmee-Sanford, FL Metro Area",Total,1096300.0
2008-01-01,"Orlando-Kissimmee-Sanford, FL Metro Area",Total,1077600.0
2008-02-01,"Orlando-Kissimmee-Sanford, FL Metro Area",Total,1087900.0
2008-03-01,"Orlando-Kissimmee-Sanford, FL Metro Area",Total,1091200.0
2008-04-01,"Orlando-Kissimmee-Sanford, FL Metro Area",Total,1080100.0
2008-05-01,"Orlando-Kissimmee-Sanford, FL Metro Area",Total,1077500.0
2008-06-01,"Orlando-Kissimmee-Sanford, FL Metro Area",Total,1060500.0
2008-07-01,"Orlando-Kissimmee-Sanford, FL Metro Area",Total,1051100.0
2008-08-01,"Orlando-Kissimmee-Sanford, FL Metro Area",Total,1059000.0
2008-09-01,"Orlando-Kissimmee-Sanford, FL Metro Area",Total,1052400.0
2008-10-01,"Orlando-Kissimmee-Sanford, FL Metro Area",Total,1048400.0
2008-11-01,"Orlando-Kissimmee-Sanford, FL Metro Area",Total,1046300.0
2008-12-01,"Orlando-Kissimmee-Sanford, FL Metro Area",Total,1044300.0
2009-01-01,"Orlando-Kissimmee-Sanford, FL Metro Area",Total,1018200.0
2009-02-01,"Orlando-Kissimmee-Sanford, FL Metro Area",Total,1017900.0
2009-03-01,"Orlando-Kissimmee-Sanford, FL Metro Area",Total,1015400.0
2009-04-01,"Orlando-Kissimmee-Sanford, FL Metro Area",Total,1009500.0
2009-05-01,"Orlando-Kissimmee-Sanford, FL Metro Area",Total,1005400.0
2009-06-01,"Orlando-Kissimmee-Sanford, FL Metro Area",Total,988500.0
2009-07-01,"Orlando-Kissimmee-Sanford, FL Metro Area",Total,977500.0
2009-08-01,"Orlando-Kissimmee-Sanford, FL Metro Area",Total,985800.0
2009-09-01,"Orlando-Kissimmee-Sanford, FL Metro Area",Total,984600.0
2009-10-01,"Orlando-Kissimmee-Sanford, FL Metro Area",Total,986700.0
2009-11-01,"Orlando-Kissimmee-Sanford, FL Metro Area",Total,992900.0
2009-12-01,"Orlando-Kissimmee-Sanford, FL Metro Area",Total,993500.0
2010-01-01,"Orlando-Kissimmee-Sanford, FL Metro Area",Total,976400.0
2010-02-01,"Orlando-Kissimmee-Sanford, FL Metro Area",Total,982400.0
2010-03-01,"Orlando-Kissimmee-Sanford, FL Metro Area",Total,990000.0
2010-04-01,"Orlando-Kissimmee-Sanford, FL Metro Area",Total,996100.0
2010-05-01,"Orlando-Kissimmee-Sanford, FL Metro Area",Total,1001100.0
2010-06-01,"Orlando-Kissimmee-Sanford, FL Metro Area",Total,989500.0
2010-07-01,"Orlando-Kissimmee-Sanford, FL Metro Area",Total,984600.0
2010-08-01,"Orlando-Kissimmee-Sanford, FL Metro Area",Total,994400.0
2010-09-01,"Orlando-Kissimmee-Sanford, FL Metro Area",Total,990400.0
2010-10-01,"Orlando-Kissimmee-Sanford, FL Metro Area",Total,998600.0
2010-11-01,"Orlando-Kissimmee-Sanford, FL Metro Area",Total,1004900.0
2010-12-01,"Orlando-Kissimmee-Sanford, FL Metro Area",Total,1006300.0
2011-01-01,"Orlando-Kissimmee-Sanford, FL Metro Area",Total,990100.0
2011-02-01,"Orlando-Kissimmee-Sanford, FL Metro Area",Total,997000.0
2011-03-01,"Orlando-Kissimmee-Sanford, FL Metro Area",Total,1003200.0
2011-04-01,"Orlando-Kissimmee-Sanford, FL Metro Area",Total,1008400.0
2011-05-01,"Orlando-Kissimmee-Sanford, FL Metro Area",Total,1007900.0
2011-06-01,"Orlando-Kissimmee-Sanford, FL Metro Area",Total,996400.0
2011-07-01,"Orlando-Kissimmee-Sanford, FL Metro Area",Total,994800.0
2011-08-01,"Orlando-Kissimmee-Sanford, FL Metro Area",Total,1005300.0
2011-09-01,"Orlando-Kissimmee-Sanford, FL Metro Area",Total,1010700.0
2011-10-01,"Orlando-Kissimmee-Sanford, FL Metro Area",Total,1013300.0
2011-11-01,"Orlando-Kissimmee-Sanford, FL Metro Area",Total,1024000.0
2011-12-01,"Orlando-Kissimmee-Sanford, FL Metro Area",Total,1026200.0
2012-01-01,"Orlando-Kissimmee-Sanford, FL Metro Area",Total,1012700.0
2012-02-01,"Orlando-Kissimmee-Sanford, FL Metro Area",Total,1022600.0
2012-03-01,"Orlando-Kissimmee-Sanford, FL Metro Area",Total,1032300.0
2012-04-01,"Orlando-Kissimmee-Sanford, FL Metro Area",Total,1031200.0
2012-05-01,"Orlando-Kissimmee-Sanford, FL Metro Area",Total,1031900.0
2012-06-01,"Orlando-Kissimmee-Sanford, FL Metro Area",Total,1022000.0
2012-07-01,"Orlando-Kissimmee-Sanford, FL Metro Area",Total,1018700.0
2012-08-01,"Orlando-Kissimmee-Sanford, FL Metro Area",Total,1029700.0
2012-09-01,"Orlando-Kissimmee-Sanford, FL Metro Area",Total,1032300.0
2012-10-01,"Orlando-Kissimmee-Sanford, FL Metro Area",Total,1044400.0
2012-11-01,"Orlando-Kissimmee-Sanford, FL Metro Area",Total,1057300.0
2012-12-01,"Orlando-Kissimmee-Sanford, FL Metro Area",Total,1057900.0
2013-01-01,"Orlando-Kissimmee-Sanford, FL Metro Area",Total,1038300.0
2013-02-01,"Orlando-Kissimmee-Sanford, FL Metro Area",Total,1052400.0
2013-03-01,"Orlando-Kissimmee-Sanford, FL Metro Area",Total,1060300.0
2013-04-01,"Orlando-Kissimmee-Sanford, FL Metro Area",Total,1060700.0
2013-05-01,"Orlando-Kissimmee-Sanford, FL Metro Area",Total,1065000.0
2013-06-01,"Orlando-Kissimmee-Sanford, FL Metro Area",Total,1058100.0
2013-07-01,"Orlando-Kissimmee-Sanford, FL Metro Area",Total,1055200.0
2013-08-01,"Orlando-Kissimmee-Sanford, FL Metro Area",Total,1070700.0
2013-09-01,"Orlando-Kissimmee-Sanford, FL Metro Area",Total,1070900.0
2013-10-01,"Orlando-Kissimmee-Sanford, FL Metro Area",Total,1080400.0
2013-11-01,"Orlando-Kissimmee-Sanford, FL Metro Area",Total,1094300.0
2013-12-01,"Orlando-Kissimmee-Sanford, FL Metro Area",Total,1096300.0
2014-01-01,"Orlando-Kissimmee-Sanford, FL Metro Area",Total,1084000.0
2014-02-01,"Orlando-Kissimmee-Sanford, FL Metro Area",Total,1093200.0
2014-03-01,"Orlando-Kissimmee-Sanford, FL Metro Area",Total,1102000.0
2014-04-01,"Orlando-Kissimmee-Sanford, FL Metro Area",Total,1104400.0
2014-05-01,"Orlando-Kissimmee-Sanford, FL Metro Area",Total,1110800.0
2014-06-01,"Orlando-Kissimmee-Sanford, FL Metro Area",Total,1102500.0
2014-07-01,"Orlando-Kissimmee-Sanford, FL Metro Area",Total,1100400.0
2014-08-01,"Orlando-Kissimmee-Sanford, FL Metro Area",Total,1116000.0
2014-09-01,"Orlando-Kissimmee-Sanford, FL Metro Area",Total,1115700.0
2014-10-01,"Orlando-Kissimmee-Sanford, FL Metro Area",Total,1124200.0
2014-11-01,"Orlando-Kissimmee-Sanford, FL Metro Area",Total,1136200.0
2014-12-01,"Orlando-Kissimmee-Sanford, FL Metro Area",Total,1139900.0
2015-01-01,"Orlando-Kissimmee-Sanford, FL Metro Area",Total,1124700.0
2015-02-01,"Orlando-Kissimmee-Sanford, FL Metro Area",Total,1137400.0
2015-03-01,"Orlando-Kissimmee-Sanford, FL Metro Area",Total,1144500.0
2015-04-01,"Orlando-Kissimmee-Sanford, FL Metro Area",Total,1152600.0
2015-05-01,"Orlando-Kissimmee-Sanford, FL Metro Area",Total,1158800.0
2015-06-01,"Orlando-Kissimmee-Sanford, FL Metro Area",Total,1151499.99999999
2015-07-01,"Orlando-Kissimmee-Sanford, FL Metro Area",Total,1151100.0
2015-08-01,"Orlando-Kissimmee-Sanford, FL Metro Area",Total,1164800.0
2015-09-01,"Orlando-Kissimmee-Sanford, FL Metro Area",Total,1166799.99999999
2015-10-01,"Orlando-Kissimmee-Sanford, FL Metro Area",Total,1180600.0
2015-11-01,"Orlando-Kissimmee-Sanford, FL Metro Area",Total,1193500.0
2015-12-01,"Orlando-Kissimmee-Sanford, FL Metro Area",Total,1199100.0
2016-01-01,"Orlando-Kissimmee-Sanford, FL Metro Area",Total,1181100.0
2016-02-01,"Orlando-Kissimmee-Sanford, FL Metro Area",Total,1192500.0
2016-03-01,"Orlando-Kissimmee-Sanford, FL Metro Area",Total,1199600.0
2016-04-01,"Orlando-Kissimmee-Sanford, FL Metro Area",Total,1206500.0
2016-05-01,"Orlando-Kissimmee-Sanford, FL Metro Area",Total,1209400.0
2016-06-01,"Orlando-Kissimmee-Sanford, FL Metro Area",Total,1198500.0
2016-07-01,"Orlando-Kissimmee-Sanford, FL Metro Area",Total,1203100.0
2016-08-01,"Orlando-Kissimmee-Sanford, FL Metro Area",Total,1215500.0
2016-09-01,"Orlando-Kissimmee-Sanford, FL Metro Area",Total,1220700.0
2016-10-01,"Orlando-Kissimmee-Sanford, FL Metro Area",Total,1228000.0
2016-11-01,"Orlando-Kissimmee-Sanford, FL Metro Area",Total,1241100.0
2016-12-01,"Orlando-Kissimmee-Sanford, FL Metro Area",Total,1244900.0
2017-01-01,"Orlando-Kissimmee-Sanford, FL Metro Area",Total,1230200.0
2017-02-01,"Orlando-Kissimmee-Sanford, FL Metro Area",Total,1240700.0
2017-03-01,"Orlando-Kissimmee-Sanford, FL Metro Area",Total,1245700.0
2017-04-01,"Orlando-Kissimmee-Sanford, FL Metro Area",Total,1249100.0
2017-05-01,"Orlando-Kissimmee-Sanford, FL Metro Area",Total,1251800.0
2017-06-01,"Orlando-Kissimmee-Sanford, FL Metro Area",Total,1243500.0
2017-07-01,"Orlando-Kissimmee-Sanford, FL Metro Area",Total,1239300.0
2017-08-01,"Orlando-Kissimmee-Sanford, FL Metro Area",Total,1252500.0
2017-09-01,"Orlando-Kissimmee-Sanford, FL Metro Area",Total,1238600.0
2017-10-01,"Orlando-Kissimmee-Sanford, FL Metro Area",Total,1271400.0
2017-11-01,"Orlando-Kissimmee-Sanford, FL Metro Area",Total,1286200.0
2017-12-01,"Orlando-Kissimmee-Sanford, FL Metro Area",Total,1291200.0
2018-01-01,"Orlando-Kissimmee-Sanford, FL Metro Area",Total,1272200.0
2018-02-01,"Orlando-Kissimmee-Sanford, FL Metro Area",Total,1284199.999999999
2018-03-01,"Orlando-Kissimmee-Sanford, FL Metro Area",Total,1291999.999999999
2018-04-01,"Orlando-Kissimmee-Sanford, FL Metro Area",Total,1293100.0
2018-05-01,"Orlando-Kissimmee-Sanford, FL Metro Area",Total,1294300.0
2018-06-01,"Orlando-Kissimmee-Sanford, FL Metro Area",Total,1284900.0
2018-07-01,"Orlando-Kissimmee-Sanford, FL Metro Area",Total,1282900.0
2018-08-01,"Orlando-Kissimmee-Sanford, FL Metro Area",Total,1298999.999999999
2018-09-01,"Orlando-Kissimmee-Sanford, FL Metro Area",Total,1300300.0
2018-10-01,"Orlando-Kissimmee-Sanford, FL Metro Area",Total,1316400.0
2018-11-01,"Orlando-Kissimmee-Sanford, FL Metro Area",Total,1330000.0
2018-12-01,"Orlando-Kissimmee-Sanford, FL Metro Area",Total,1327600.0
2019-01-01,"Orlando-Kissimmee-Sanford, FL Metro Area",Total,1310400.0
2019-02-01,"Orlando-Kissimmee-Sanford, FL Metro Area",Total,1326800.0
2019-03-01,"Orlando-Kissimmee-Sanford, FL Metro Area",Total,1332000.0
2019-04-01,"Orlando-Kissimmee-Sanford, FL Metro Area",Total,1334600.0
2019-05-01,"Orlando-Kissimmee-Sanford, FL Metro Area",Total,1334199.999999999
2019-06-01,"Orlando-Kissimmee-Sanford, FL Metro Area",Total,1322500.0
2019-07-01,"Orlando-Kissimmee-Sanford, FL Metro Area",Total,1321400.0
2019-08-01,"Orlando-Kissimmee-Sanford, FL Metro Area",Total,1337600.0
2019-09-01,"Orlando-Kissimmee-Sanford, FL Metro Area",Total,1333200.0
2019-10-01,"Orlando-Kissimmee-Sanford, FL Metro Area",Total,1347700.0
2019-11-01,"Orlando-Kissimmee-Sanford, FL Metro Area",Total,1360300.0
2019-12-01,"Orlando-Kissimmee-Sanford, FL Metro Area",Total,1361400.0
2020-01-01,"Orlando-Kissimmee-Sanford, FL Metro Area",Total,1343800.0
2020-02-01,"Orlando-Kissimmee-Sanford, FL Metro Area",Total,1354400.0
2020-03-01,"Orlando-Kissimmee-Sanford, FL Metro Area",Total,1345600.0
2020-04-01,"Orlando-Kissimmee-Sanford, FL Metro Area",Total,1147700.0
2020-05-01,"Orlando-Kissimmee-Sanford, FL Metro Area",Total,1099000.0
2020-06-01,"Orlando-Kissimmee-Sanford, FL Metro Area",Total,1125600.0
2020-07-01,"Orlando-Kissimmee-Sanford, FL Metro Area",Total,1156700.0
2020-08-01,"Orlando-Kissimmee-Sanford, FL Metro Area",Total,1176700.0
2020-09-01,"Orlando-Kissimmee-Sanford, FL Metro Area",Total,1182400.0
2020-10-01,"Orlando-Kissimmee-Sanford, FL Metro Area",Total,1212900.0
2020-11-01,"Orlando-Kissimmee-Sanford, FL Metro Area",Total,1239200.0
2020-12-01,"Orlando-Kissimmee-Sanford, FL Metro Area",Total,1244400.0
2021-01-01,"Orlando-Kissimmee-Sanford, FL Metro Area",Total,1220800.0
2021-02-01,"Orlando-Kissimmee-Sanford, FL Metro Area",Total,1234700.0
2021-03-01,"Orlando-Kissimmee-Sanford, FL Metro Area",Total,1245100.0
2021-04-01,"Orlando-Kissimmee-Sanford, FL Metro Area",Total,1254700.0
2021-05-01,"Orlando-Kissimmee-Sanford, FL Metro Area",Total,1261900.0
2021-06-01,"Orlando-Kissimmee-Sanford, FL Metro Area",Total,1264600.0
2021-07-01,"Orlando-Kissimmee-Sanford, FL Metro Area",Total,1288600.0
2021-08-01,"Orlando-Kissimmee-Sanford, FL Metro Area",Total,1307300.0
2021-09-01,"Orlando-Kissimmee-Sanford, FL Metro Area",Total,1314000.0
2021-10-01,"Orlando-Kissimmee-Sanford, FL Metro Area",Total,1347100.0
2021-11-01,"Orlando-Kissimmee-Sanford, FL Metro Area",Total,1364100.0
2021-12-01,"Orlando-Kissimmee-Sanford, FL Metro Area",Total,1367800.0
2022-01-01,"Orlando-Kissimmee-Sanford, FL Metro Area",Total,1352100.0
2022-02-01,"Orlando-Kissimmee-Sanford, FL Metro Area",Total,1373200.0
2022-03-01,"Orlando-Kissimmee-Sanford, FL Metro Area",Total,1378500.0
2022-04-01,"Orlando-Kissimmee-Sanford, FL Metro Area",Total,1391200.0
2022-05-01,"Orlando-Kissimmee-Sanford, FL Metro Area",Total,1393200.0
2022-06-01,"Orlando-Kissimmee-Sanford, FL Metro Area",Total,1386000.0
2022-07-01,"Orlando-Kissimmee-Sanford, FL Metro Area",Total,1399900.0
2022-08-01,"Orlando-Kissimmee-Sanford, FL Metro Area",Total,1417400.0
2022-09-01,"Orlando-Kissimmee-Sanford, FL Metro Area",Total,1423000.0
2022-10-01,"Orlando-Kissimmee-Sanford, FL Metro Area",Total,1439400.0
2022-11-01,"Orlando-Kissimmee-Sanford, FL Metro Area",Total,1448000.0
2022-12-01,"Orlando-Kissimmee-Sanford, FL Metro Area",Total,1448700.0
2023-01-01,"Orlando-Kissimmee-Sanford, FL Metro Area",Total,1437500.0
2023-02-01,"Orlando-Kissimmee-Sanford, FL Metro Area",Total,1449800.0
2023-03-01,"Orlando-Kissimmee-Sanford, FL Metro Area",Total,1453799.999999999
2023-04-01,"Orlando-Kissimmee-Sanford, FL Metro Area",Total,1459100.0
2023-05-01,"Orlando-Kissimmee-Sanford, FL Metro Area",Total,1461600.0
2023-06-01,"Orlando-Kissimmee-Sanford, FL Metro Area",Total,1454000.0
2023-07-01,"Orlando-Kissimmee-Sanford, FL Metro Area",Total,1448200.0
2023-08-01,"Orlando-Kissimmee-Sanford, FL Metro Area",Total,1459700.0
2023-09-01,"Orlando-Kissimmee-Sanford, FL Metro Area",Total,1461800.0
2023-10-01,"Orlando-Kissimmee-Sanford, FL Metro Area",Total,1475900.0
2023-11-01,"Orlando-Kissimmee-Sanford, FL Metro Area",Total,1487900.0
2023-12-01,"Orlando-Kissimmee-Sanford, FL Metro Area",Total,1490900.0
2024-01-01,"Orlando-Kissimmee-Sanford, FL Metro Area",Total,1467800.0
2024-02-01,"Orlando-Kissimmee-Sanford, FL Metro Area",Total,1476800.0
2024-03-01,"Orlando-Kissimmee-Sanford, FL Metro Area",Total,1480400.0
2024-04-01,"Orlando-Kissimmee-Sanford, FL Metro Area",Total,1483100.0
2024-05-01,"Orlando-Kissimmee-Sanford, FL Metro Area",Total,1480800.0
2000-01-01,"Phoenix-Mesa-Chandler, AZ Metro Area",Total,1533700.0
2000-02-01,"Phoenix-Mesa-Chandler, AZ Metro Area",Total,1557600.0
2000-03-01,"Phoenix-Mesa-Chandler, AZ Metro Area",Total,1569800.0
2000-04-01,"Phoenix-Mesa-Chandler, AZ Metro Area",Total,1572500.0
2000-05-01,"Phoenix-Mesa-Chandler, AZ Metro Area",Total,1582800.0
2000-06-01,"Phoenix-Mesa-Chandler, AZ Metro Area",Total,1563800.0
2000-07-01,"Phoenix-Mesa-Chandler, AZ Metro Area",Total,1544700.0
2000-08-01,"Phoenix-Mesa-Chandler, AZ Metro Area",Total,1564100.0
2000-09-01,"Phoenix-Mesa-Chandler, AZ Metro Area",Total,1592000.0
2000-10-01,"Phoenix-Mesa-Chandler, AZ Metro Area",Total,1602400.0
2000-11-01,"Phoenix-Mesa-Chandler, AZ Metro Area",Total,1616200.0
2000-12-01,"Phoenix-Mesa-Chandler, AZ Metro Area",Total,1631300.0
2001-01-01,"Phoenix-Mesa-Chandler, AZ Metro Area",Total,1581500.0
2001-02-01,"Phoenix-Mesa-Chandler, AZ Metro Area",Total,1606200.0
2001-03-01,"Phoenix-Mesa-Chandler, AZ Metro Area",Total,1617100.0
2001-04-01,"Phoenix-Mesa-Chandler, AZ Metro Area",Total,1611400.0
2001-05-01,"Phoenix-Mesa-Chandler, AZ Metro Area",Total,1607300.0
2001-06-01,"Phoenix-Mesa-Chandler, AZ Metro Area",Total,1589100.0
2001-07-01,"Phoenix-Mesa-Chandler, AZ Metro Area",Total,1566100.0
2001-08-01,"Phoenix-Mesa-Chandler, AZ Metro Area",Total,1583700.0
2001-09-01,"Phoenix-Mesa-Chandler, AZ Metro Area",Total,1598400.0
2001-10-01,"Phoenix-Mesa-Chandler, AZ Metro Area",Total,1601200.0
2001-11-01,"Phoenix-Mesa-Chandler, AZ Metro Area",Total,1603100.0
2001-12-01,"Phoenix-Mesa-Chandler, AZ Metro Area",Total,1606900.0
2002-01-01,"Phoenix-Mesa-Chandler, AZ Metro Area",Total,1567200.0
2002-02-01,"Phoenix-Mesa-Chandler, AZ Metro Area",Total,1582300.0
2002-03-01,"Phoenix-Mesa-Chandler, AZ Metro Area",Total,1593700.0
2002-04-01,"Phoenix-Mesa-Chandler, AZ Metro Area",Total,1606700.0
2002-05-01,"Phoenix-Mesa-Chandler, AZ Metro Area",Total,1602700.0
2002-06-01,"Phoenix-Mesa-Chandler, AZ Metro Area",Total,1591000.0
2002-07-01,"Phoenix-Mesa-Chandler, AZ Metro Area",Total,1563600.0
2002-08-01,"Phoenix-Mesa-Chandler, AZ Metro Area",Total,1587000.0
2002-09-01,"Phoenix-Mesa-Chandler, AZ Metro Area",Total,1598700.0
2002-10-01,"Phoenix-Mesa-Chandler, AZ Metro Area",Total,1610000.0
2002-11-01,"Phoenix-Mesa-Chandler, AZ Metro Area",Total,1633800.0
2002-12-01,"Phoenix-Mesa-Chandler, AZ Metro Area",Total,1633000.0
2003-01-01,"Phoenix-Mesa-Chandler, AZ Metro Area",Total,1589000.0
2003-02-01,"Phoenix-Mesa-Chandler, AZ Metro Area",Total,1608100.0
2003-03-01,"Phoenix-Mesa-Chandler, AZ Metro Area",Total,1616500.0
2003-04-01,"Phoenix-Mesa-Chandler, AZ Metro Area",Total,1622900.0
2003-05-01,"Phoenix-Mesa-Chandler, AZ Metro Area",Total,1625000.0
2003-06-01,"Phoenix-Mesa-Chandler, AZ Metro Area",Total,1606800.0
2003-07-01,"Phoenix-Mesa-Chandler, AZ Metro Area",Total,1584500.0
2003-08-01,"Phoenix-Mesa-Chandler, AZ Metro Area",Total,1611400.0
2003-09-01,"Phoenix-Mesa-Chandler, AZ Metro Area",Total,1624000.0
2003-10-01,"Phoenix-Mesa-Chandler, AZ Metro Area",Total,1644800.0
2003-11-01,"Phoenix-Mesa-Chandler, AZ Metro Area",Total,1658900.0
2003-12-01,"Phoenix-Mesa-Chandler, AZ Metro Area",Total,1670000.0
2004-01-01,"Phoenix-Mesa-Chandler, AZ Metro Area",Total,1628500.0
2004-02-01,"Phoenix-Mesa-Chandler, AZ Metro Area",Total,1650400.0
2004-03-01,"Phoenix-Mesa-Chandler, AZ Metro Area",Total,1664600.0
2004-04-01,"Phoenix-Mesa-Chandler, AZ Metro Area",Total,1679000.0
2004-05-01,"Phoenix-Mesa-Chandler, AZ Metro Area",Total,1681200.0
2004-06-01,"Phoenix-Mesa-Chandler, AZ Metro Area",Total,1666300.0
2004-07-01,"Phoenix-Mesa-Chandler, AZ Metro Area",Total,1656900.0
2004-08-01,"Phoenix-Mesa-Chandler, AZ Metro Area",Total,1677600.0
2004-09-01,"Phoenix-Mesa-Chandler, AZ Metro Area",Total,1697100.0
2004-10-01,"Phoenix-Mesa-Chandler, AZ Metro Area",Total,1727100.0
2004-11-01,"Phoenix-Mesa-Chandler, AZ Metro Area",Total,1742900.0
2004-12-01,"Phoenix-Mesa-Chandler, AZ Metro Area",Total,1758800.0
2005-01-01,"Phoenix-Mesa-Chandler, AZ Metro Area",Total,1716700.0
2005-02-01,"Phoenix-Mesa-Chandler, AZ Metro Area",Total,1744900.0
2005-03-01,"Phoenix-Mesa-Chandler, AZ Metro Area",Total,1760700.0
2005-04-01,"Phoenix-Mesa-Chandler, AZ Metro Area",Total,1785300.0
2005-05-01,"Phoenix-Mesa-Chandler, AZ Metro Area",Total,1787500.0
2005-06-01,"Phoenix-Mesa-Chandler, AZ Metro Area",Total,1770900.0
2005-07-01,"Phoenix-Mesa-Chandler, AZ Metro Area",Total,1764100.0
2005-08-01,"Phoenix-Mesa-Chandler, AZ Metro Area",Total,1790300.0
2005-09-01,"Phoenix-Mesa-Chandler, AZ Metro Area",Total,1819000.0
2005-10-01,"Phoenix-Mesa-Chandler, AZ Metro Area",Total,1827400.0
2005-11-01,"Phoenix-Mesa-Chandler, AZ Metro Area",Total,1850200.0
2005-12-01,"Phoenix-Mesa-Chandler, AZ Metro Area",Total,1862600.0
2006-01-01,"Phoenix-Mesa-Chandler, AZ Metro Area",Total,1831800.0
2006-02-01,"Phoenix-Mesa-Chandler, AZ Metro Area",Total,1864400.0
2006-03-01,"Phoenix-Mesa-Chandler, AZ Metro Area",Total,1881600.0
2006-04-01,"Phoenix-Mesa-Chandler, AZ Metro Area",Total,1885500.0
2006-05-01,"Phoenix-Mesa-Chandler, AZ Metro Area",Total,1893700.0
2006-06-01,"Phoenix-Mesa-Chandler, AZ Metro Area",Total,1873900.0
2006-07-01,"Phoenix-Mesa-Chandler, AZ Metro Area",Total,1857100.0
2006-08-01,"Phoenix-Mesa-Chandler, AZ Metro Area",Total,1882000.0
2006-09-01,"Phoenix-Mesa-Chandler, AZ Metro Area",Total,1903100.0
2006-10-01,"Phoenix-Mesa-Chandler, AZ Metro Area",Total,1910300.0
2006-11-01,"Phoenix-Mesa-Chandler, AZ Metro Area",Total,1924800.0
2006-12-01,"Phoenix-Mesa-Chandler, AZ Metro Area",Total,1932600.0
2007-01-01,"Phoenix-Mesa-Chandler, AZ Metro Area",Total,1885300.0
2007-02-01,"Phoenix-Mesa-Chandler, AZ Metro Area",Total,1911700.0
2007-03-01,"Phoenix-Mesa-Chandler, AZ Metro Area",Total,1924600.0
2007-04-01,"Phoenix-Mesa-Chandler, AZ Metro Area",Total,1917700.0
2007-05-01,"Phoenix-Mesa-Chandler, AZ Metro Area",Total,1922700.0
2007-06-01,"Phoenix-Mesa-Chandler, AZ Metro Area",Total,1902300.0
2007-07-01,"Phoenix-Mesa-Chandler, AZ Metro Area",Total,1885700.0
2007-08-01,"Phoenix-Mesa-Chandler, AZ Metro Area",Total,1914800.0
2007-09-01,"Phoenix-Mesa-Chandler, AZ Metro Area",Total,1926200.0
2007-10-01,"Phoenix-Mesa-Chandler, AZ Metro Area",Total,1935500.0
2007-11-01,"Phoenix-Mesa-Chandler, AZ Metro Area",Total,1947000.0
2007-12-01,"Phoenix-Mesa-Chandler, AZ Metro Area",Total,1948200.0
2008-01-01,"Phoenix-Mesa-Chandler, AZ Metro Area",Total,1901300.0
2008-02-01,"Phoenix-Mesa-Chandler, AZ Metro Area",Total,1913200.0
2008-03-01,"Phoenix-Mesa-Chandler, AZ Metro Area",Total,1910200.0
2008-04-01,"Phoenix-Mesa-Chandler, AZ Metro Area",Total,1901300.0
2008-05-01,"Phoenix-Mesa-Chandler, AZ Metro Area",Total,1894600.0
2008-06-01,"Phoenix-Mesa-Chandler, AZ Metro Area",Total,1855600.0
2008-07-01,"Phoenix-Mesa-Chandler, AZ Metro Area",Total,1822500.0
2008-08-01,"Phoenix-Mesa-Chandler, AZ Metro Area",Total,1853500.0
2008-09-01,"Phoenix-Mesa-Chandler, AZ Metro Area",Total,1858400.0
2008-10-01,"Phoenix-Mesa-Chandler, AZ Metro Area",Total,1853000.0
2008-11-01,"Phoenix-Mesa-Chandler, AZ Metro Area",Total,1850200.0
2008-12-01,"Phoenix-Mesa-Chandler, AZ Metro Area",Total,1837800.0
2009-01-01,"Phoenix-Mesa-Chandler, AZ Metro Area",Total,1777700.0
2009-02-01,"Phoenix-Mesa-Chandler, AZ Metro Area",Total,1772900.0
2009-03-01,"Phoenix-Mesa-Chandler, AZ Metro Area",Total,1765800.0
2009-04-01,"Phoenix-Mesa-Chandler, AZ Metro Area",Total,1751800.0
2009-05-01,"Phoenix-Mesa-Chandler, AZ Metro Area",Total,1739500.0
2009-06-01,"Phoenix-Mesa-Chandler, AZ Metro Area",Total,1695000.0
2009-07-01,"Phoenix-Mesa-Chandler, AZ Metro Area",Total,1671900.0
2009-08-01,"Phoenix-Mesa-Chandler, AZ Metro Area",Total,1684200.0
2009-09-01,"Phoenix-Mesa-Chandler, AZ Metro Area",Total,1696400.0
2009-10-01,"Phoenix-Mesa-Chandler, AZ Metro Area",Total,1704200.0
2009-11-01,"Phoenix-Mesa-Chandler, AZ Metro Area",Total,1716500.0
2009-12-01,"Phoenix-Mesa-Chandler, AZ Metro Area",Total,1716400.0
2010-01-01,"Phoenix-Mesa-Chandler, AZ Metro Area",Total,1677400.0
2010-02-01,"Phoenix-Mesa-Chandler, AZ Metro Area",Total,1689900.0
2010-03-01,"Phoenix-Mesa-Chandler, AZ Metro Area",Total,1700100.0
2010-04-01,"Phoenix-Mesa-Chandler, AZ Metro Area",Total,1705100.0
2010-05-01,"Phoenix-Mesa-Chandler, AZ Metro Area",Total,1709400.0
2010-06-01,"Phoenix-Mesa-Chandler, AZ Metro Area",Total,1665500.0
2010-07-01,"Phoenix-Mesa-Chandler, AZ Metro Area",Total,1648100.0
2010-08-01,"Phoenix-Mesa-Chandler, AZ Metro Area",Total,1670600.0
2010-09-01,"Phoenix-Mesa-Chandler, AZ Metro Area",Total,1682300.0
2010-10-01,"Phoenix-Mesa-Chandler, AZ Metro Area",Total,1706600.0
2010-11-01,"Phoenix-Mesa-Chandler, AZ Metro Area",Total,1723700.0
2010-12-01,"Phoenix-Mesa-Chandler, AZ Metro Area",Total,1728800.0
2011-01-01,"Phoenix-Mesa-Chandler, AZ Metro Area",Total,1693600.0
2011-02-01,"Phoenix-Mesa-Chandler, AZ Metro Area",Total,1708400.0
2011-03-01,"Phoenix-Mesa-Chandler, AZ Metro Area",Total,1718700.0
2011-04-01,"Phoenix-Mesa-Chandler, AZ Metro Area",Total,1727600.0
2011-05-01,"Phoenix-Mesa-Chandler, AZ Metro Area",Total,1724700.0
2011-06-01,"Phoenix-Mesa-Chandler, AZ Metro Area",Total,1680600.0
2011-07-01,"Phoenix-Mesa-Chandler, AZ Metro Area",Total,1666100.0
2011-08-01,"Phoenix-Mesa-Chandler, AZ Metro Area",Total,1702900.0
2011-09-01,"Phoenix-Mesa-Chandler, AZ Metro Area",Total,1725300.0
2011-10-01,"Phoenix-Mesa-Chandler, AZ Metro Area",Total,1739200.0
2011-11-01,"Phoenix-Mesa-Chandler, AZ Metro Area",Total,1759000.0
2011-12-01,"Phoenix-Mesa-Chandler, AZ Metro Area",Total,1762700.0
2012-01-01,"Phoenix-Mesa-Chandler, AZ Metro Area",Total,1732400.0
2012-02-01,"Phoenix-Mesa-Chandler, AZ Metro Area",Total,1746900.0
2012-03-01,"Phoenix-Mesa-Chandler, AZ Metro Area",Total,1759600.0
2012-04-01,"Phoenix-Mesa-Chandler, AZ Metro Area",Total,1760900.0
2012-05-01,"Phoenix-Mesa-Chandler, AZ Metro Area",Total,1758300.0
2012-06-01,"Phoenix-Mesa-Chandler, AZ Metro Area",Total,1727800.0
2012-07-01,"Phoenix-Mesa-Chandler, AZ Metro Area",Total,1707700.0
2012-08-01,"Phoenix-Mesa-Chandler, AZ Metro Area",Total,1747600.0
2012-09-01,"Phoenix-Mesa-Chandler, AZ Metro Area",Total,1769400.0
2012-10-01,"Phoenix-Mesa-Chandler, AZ Metro Area",Total,1786500.0
2012-11-01,"Phoenix-Mesa-Chandler, AZ Metro Area",Total,1810500.0
2012-12-01,"Phoenix-Mesa-Chandler, AZ Metro Area",Total,1818200.0
2013-01-01,"Phoenix-Mesa-Chandler, AZ Metro Area",Total,1779700.0
2013-02-01,"Phoenix-Mesa-Chandler, AZ Metro Area",Total,1797900.0
2013-03-01,"Phoenix-Mesa-Chandler, AZ Metro Area",Total,1807700.0
2013-04-01,"Phoenix-Mesa-Chandler, AZ Metro Area",Total,1813400.0
2013-05-01,"Phoenix-Mesa-Chandler, AZ Metro Area",Total,1811200.0
2013-06-01,"Phoenix-Mesa-Chandler, AZ Metro Area",Total,1777400.0
2013-07-01,"Phoenix-Mesa-Chandler, AZ Metro Area",Total,1762200.0
2013-08-01,"Phoenix-Mesa-Chandler, AZ Metro Area",Total,1799000.0
2013-09-01,"Phoenix-Mesa-Chandler, AZ Metro Area",Total,1817500.0
2013-10-01,"Phoenix-Mesa-Chandler, AZ Metro Area",Total,1838900.0
2013-11-01,"Phoenix-Mesa-Chandler, AZ Metro Area",Total,1865400.0
2013-12-01,"Phoenix-Mesa-Chandler, AZ Metro Area",Total,1870500.0
2014-01-01,"Phoenix-Mesa-Chandler, AZ Metro Area",Total,1828300.0
2014-02-01,"Phoenix-Mesa-Chandler, AZ Metro Area",Total,1842900.0
2014-03-01,"Phoenix-Mesa-Chandler, AZ Metro Area",Total,1850100.0
2014-04-01,"Phoenix-Mesa-Chandler, AZ Metro Area",Total,1855300.0
2014-05-01,"Phoenix-Mesa-Chandler, AZ Metro Area",Total,1843800.0
2014-06-01,"Phoenix-Mesa-Chandler, AZ Metro Area",Total,1813500.0
2014-07-01,"Phoenix-Mesa-Chandler, AZ Metro Area",Total,1797000.0
2014-08-01,"Phoenix-Mesa-Chandler, AZ Metro Area",Total,1837900.0
2014-09-01,"Phoenix-Mesa-Chandler, AZ Metro Area",Total,1855900.0
2014-10-01,"Phoenix-Mesa-Chandler, AZ Metro Area",Total,1884200.0
2014-11-01,"Phoenix-Mesa-Chandler, AZ Metro Area",Total,1908800.0
2014-12-01,"Phoenix-Mesa-Chandler, AZ Metro Area",Total,1919200.0
2015-01-01,"Phoenix-Mesa-Chandler, AZ Metro Area",Total,1879400.0
2015-02-01,"Phoenix-Mesa-Chandler, AZ Metro Area",Total,1897800.0
2015-03-01,"Phoenix-Mesa-Chandler, AZ Metro Area",Total,1903200.0
2015-04-01,"Phoenix-Mesa-Chandler, AZ Metro Area",Total,1911300.0
2015-05-01,"Phoenix-Mesa-Chandler, AZ Metro Area",Total,1905100.0
2015-06-01,"Phoenix-Mesa-Chandler, AZ Metro Area",Total,1871500.0
2015-07-01,"Phoenix-Mesa-Chandler, AZ Metro Area",Total,1865700.0
2015-08-01,"Phoenix-Mesa-Chandler, AZ Metro Area",Total,1900900.0
2015-09-01,"Phoenix-Mesa-Chandler, AZ Metro Area",Total,1923200.0
2015-10-01,"Phoenix-Mesa-Chandler, AZ Metro Area",Total,1957000.0
2015-11-01,"Phoenix-Mesa-Chandler, AZ Metro Area",Total,1982400.0
2015-12-01,"Phoenix-Mesa-Chandler, AZ Metro Area",Total,1985500.0
2016-01-01,"Phoenix-Mesa-Chandler, AZ Metro Area",Total,1945600.0
2016-02-01,"Phoenix-Mesa-Chandler, AZ Metro Area",Total,1966600.0
2016-03-01,"Phoenix-Mesa-Chandler, AZ Metro Area",Total,1973700.0
2016-04-01,"Phoenix-Mesa-Chandler, AZ Metro Area",Total,1982700.0
2016-05-01,"Phoenix-Mesa-Chandler, AZ Metro Area",Total,1971800.0
2016-06-01,"Phoenix-Mesa-Chandler, AZ Metro Area",Total,1932600.0
2016-07-01,"Phoenix-Mesa-Chandler, AZ Metro Area",Total,1932700.0
2016-08-01,"Phoenix-Mesa-Chandler, AZ Metro Area",Total,1969500.0
2016-09-01,"Phoenix-Mesa-Chandler, AZ Metro Area",Total,1995500.0
2016-10-01,"Phoenix-Mesa-Chandler, AZ Metro Area",Total,2014100.0
2016-11-01,"Phoenix-Mesa-Chandler, AZ Metro Area",Total,2034300.0
2016-12-01,"Phoenix-Mesa-Chandler, AZ Metro Area",Total,2037600.0
2017-01-01,"Phoenix-Mesa-Chandler, AZ Metro Area",Total,2000400.0
2017-02-01,"Phoenix-Mesa-Chandler, AZ Metro Area",Total,2020300.0
2017-03-01,"Phoenix-Mesa-Chandler, AZ Metro Area",Total,2028600.0
2017-04-01,"Phoenix-Mesa-Chandler, AZ Metro Area",Total,2040800.0
2017-05-01,"Phoenix-Mesa-Chandler, AZ Metro Area",Total,2029400.0
2017-06-01,"Phoenix-Mesa-Chandler, AZ Metro Area",Total,2004400.0
2017-07-01,"Phoenix-Mesa-Chandler, AZ Metro Area",Total,1989400.0
2017-08-01,"Phoenix-Mesa-Chandler, AZ Metro Area",Total,2029100.0
2017-09-01,"Phoenix-Mesa-Chandler, AZ Metro Area",Total,2052400.0
2017-10-01,"Phoenix-Mesa-Chandler, AZ Metro Area",Total,2077000.0
2017-11-01,"Phoenix-Mesa-Chandler, AZ Metro Area",Total,2102300.0
2017-12-01,"Phoenix-Mesa-Chandler, AZ Metro Area",Total,2105800.0
2018-01-01,"Phoenix-Mesa-Chandler, AZ Metro Area",Total,2070200.0
2018-02-01,"Phoenix-Mesa-Chandler, AZ Metro Area",Total,2094200.0
2018-03-01,"Phoenix-Mesa-Chandler, AZ Metro Area",Total,2101800.0
2018-04-01,"Phoenix-Mesa-Chandler, AZ Metro Area",Total,2102200.0
2018-05-01,"Phoenix-Mesa-Chandler, AZ Metro Area",Total,2094700.0
2018-06-01,"Phoenix-Mesa-Chandler, AZ Metro Area",Total,2062400.0
2018-07-01,"Phoenix-Mesa-Chandler, AZ Metro Area",Total,2056300.0
2018-08-01,"Phoenix-Mesa-Chandler, AZ Metro Area",Total,2102300.0
2018-09-01,"Phoenix-Mesa-Chandler, AZ Metro Area",Total,2120600.0
2018-10-01,"Phoenix-Mesa-Chandler, AZ Metro Area",Total,2146500.0
2018-11-01,"Phoenix-Mesa-Chandler, AZ Metro Area",Total,2175200.0
2018-12-01,"Phoenix-Mesa-Chandler, AZ Metro Area",Total,2175900.0
2019-01-01,"Phoenix-Mesa-Chandler, AZ Metro Area",Total,2145900.0
2019-02-01,"Phoenix-Mesa-Chandler, AZ Metro Area",Total,2162300.0
2019-03-01,"Phoenix-Mesa-Chandler, AZ Metro Area",Total,2166700.0
2019-04-01,"Phoenix-Mesa-Chandler, AZ Metro Area",Total,2172900.0
2019-05-01,"Phoenix-Mesa-Chandler, AZ Metro Area",Total,2165700.0
2019-06-01,"Phoenix-Mesa-Chandler, AZ Metro Area",Total,2131300.0
2019-07-01,"Phoenix-Mesa-Chandler, AZ Metro Area",Total,2124400.0
2019-08-01,"Phoenix-Mesa-Chandler, AZ Metro Area",Total,2180000.0
2019-09-01,"Phoenix-Mesa-Chandler, AZ Metro Area",Total,2190900.0
2019-10-01,"Phoenix-Mesa-Chandler, AZ Metro Area",Total,2218600.0
2019-11-01,"Phoenix-Mesa-Chandler, AZ Metro Area",Total,2248500.0
2019-12-01,"Phoenix-Mesa-Chandler, AZ Metro Area",Total,2255600.0
2020-01-01,"Phoenix-Mesa-Chandler, AZ Metro Area",Total,2219700.0
2020-02-01,"Phoenix-Mesa-Chandler, AZ Metro Area",Total,2233400.0
2020-03-01,"Phoenix-Mesa-Chandler, AZ Metro Area",Total,2218000.0
2020-04-01,"Phoenix-Mesa-Chandler, AZ Metro Area",Total,1981500.0
2020-05-01,"Phoenix-Mesa-Chandler, AZ Metro Area",Total,2031700.0
2020-06-01,"Phoenix-Mesa-Chandler, AZ Metro Area",Total,2048100.0
2020-07-01,"Phoenix-Mesa-Chandler, AZ Metro Area",Total,2027600.0
2020-08-01,"Phoenix-Mesa-Chandler, AZ Metro Area",Total,2081400.0
2020-09-01,"Phoenix-Mesa-Chandler, AZ Metro Area",Total,2106100.0
2020-10-01,"Phoenix-Mesa-Chandler, AZ Metro Area",Total,2155300.0
2020-11-01,"Phoenix-Mesa-Chandler, AZ Metro Area",Total,2184500.0
2020-12-01,"Phoenix-Mesa-Chandler, AZ Metro Area",Total,2192000.0
2021-01-01,"Phoenix-Mesa-Chandler, AZ Metro Area",Total,2161000.0
2021-02-01,"Phoenix-Mesa-Chandler, AZ Metro Area",Total,2182800.0
2021-03-01,"Phoenix-Mesa-Chandler, AZ Metro Area",Total,2190700.0
2021-04-01,"Phoenix-Mesa-Chandler, AZ Metro Area",Total,2197300.0
2021-05-01,"Phoenix-Mesa-Chandler, AZ Metro Area",Total,2195900.0
2021-06-01,"Phoenix-Mesa-Chandler, AZ Metro Area",Total,2177900.0
2021-07-01,"Phoenix-Mesa-Chandler, AZ Metro Area",Total,2185500.0
2021-08-01,"Phoenix-Mesa-Chandler, AZ Metro Area",Total,2223200.0
2021-09-01,"Phoenix-Mesa-Chandler, AZ Metro Area",Total,2242800.0
2021-10-01,"Phoenix-Mesa-Chandler, AZ Metro Area",Total,2279700.0
2021-11-01,"Phoenix-Mesa-Chandler, AZ Metro Area",Total,2301700.0
2021-12-01,"Phoenix-Mesa-Chandler, AZ Metro Area",Total,2311600.0
2022-01-01,"Phoenix-Mesa-Chandler, AZ Metro Area",Total,2277300.0
2022-02-01,"Phoenix-Mesa-Chandler, AZ Metro Area",Total,2307299.9999999898
2022-03-01,"Phoenix-Mesa-Chandler, AZ Metro Area",Total,2306800.0
2022-04-01,"Phoenix-Mesa-Chandler, AZ Metro Area",Total,2332100.0
2022-05-01,"Phoenix-Mesa-Chandler, AZ Metro Area",Total,2328400.0
2022-06-01,"Phoenix-Mesa-Chandler, AZ Metro Area",Total,2294300.0
2022-07-01,"Phoenix-Mesa-Chandler, AZ Metro Area",Total,2299000.0
2022-08-01,"Phoenix-Mesa-Chandler, AZ Metro Area",Total,2336300.0
2022-09-01,"Phoenix-Mesa-Chandler, AZ Metro Area",Total,2354800.0
2022-10-01,"Phoenix-Mesa-Chandler, AZ Metro Area",Total,2379800.0
2022-11-01,"Phoenix-Mesa-Chandler, AZ Metro Area",Total,2403900.0
2022-12-01,"Phoenix-Mesa-Chandler, AZ Metro Area",Total,2398100.0
2023-01-01,"Phoenix-Mesa-Chandler, AZ Metro Area",Total,2371500.0
2023-02-01,"Phoenix-Mesa-Chandler, AZ Metro Area",Total,2392700.0
2023-03-01,"Phoenix-Mesa-Chandler, AZ Metro Area",Total,2393100.0
2023-04-01,"Phoenix-Mesa-Chandler, AZ Metro Area",Total,2405300.0
2023-05-01,"Phoenix-Mesa-Chandler, AZ Metro Area",Total,2397700.0
2023-06-01,"Phoenix-Mesa-Chandler, AZ Metro Area",Total,2367800.0
2023-07-01,"Phoenix-Mesa-Chandler, AZ Metro Area",Total,2351700.0
2023-08-01,"Phoenix-Mesa-Chandler, AZ Metro Area",Total,2389700.0
2023-09-01,"Phoenix-Mesa-Chandler, AZ Metro Area",Total,2416199.999999999
2023-10-01,"Phoenix-Mesa-Chandler, AZ Metro Area",Total,2434900.0
2023-11-01,"Phoenix-Mesa-Chandler, AZ Metro Area",Total,2464500.0
2023-12-01,"Phoenix-Mesa-Chandler, AZ Metro Area",Total,2469900.0
2024-01-01,"Phoenix-Mesa-Chandler, AZ Metro Area",Total,2433100.0
2024-02-01,"Phoenix-Mesa-Chandler, AZ Metro Area",Total,2445500.0
2024-03-01,"Phoenix-Mesa-Chandler, AZ Metro Area",Total,2445900.0
2024-04-01,"Phoenix-Mesa-Chandler, AZ Metro Area",Total,2456500.0
2024-05-01,"Phoenix-Mesa-Chandler, AZ Metro Area",Total,2450000.0
2000-01-01,"Pittsburgh, PA Metro Area",Total,1115300.0
2000-02-01,"Pittsburgh, PA Metro Area",Total,1120000.0
2000-03-01,"Pittsburgh, PA Metro Area",Total,1132900.0
2000-04-01,"Pittsburgh, PA Metro Area",Total,1147500.0
2000-05-01,"Pittsburgh, PA Metro Area",Total,1156900.0
2000-06-01,"Pittsburgh, PA Metro Area",Total,1160599.999999999
2000-07-01,"Pittsburgh, PA Metro Area",Total,1151499.99999999
2000-08-01,"Pittsburgh, PA Metro Area",Total,1142300.0
2000-09-01,"Pittsburgh, PA Metro Area",Total,1157200.0
2000-10-01,"Pittsburgh, PA Metro Area",Total,1158400.0
2000-11-01,"Pittsburgh, PA Metro Area",Total,1162600.0
2000-12-01,"Pittsburgh, PA Metro Area",Total,1159899.999999999
2001-01-01,"Pittsburgh, PA Metro Area",Total,1138000.0
2001-02-01,"Pittsburgh, PA Metro Area",Total,1142699.999999999
2001-03-01,"Pittsburgh, PA Metro Area",Total,1149800.0
2001-04-01,"Pittsburgh, PA Metro Area",Total,1158299.99999999
2001-05-01,"Pittsburgh, PA Metro Area",Total,1164300.0
2001-06-01,"Pittsburgh, PA Metro Area",Total,1172300.0
2001-07-01,"Pittsburgh, PA Metro Area",Total,1154300.0
2001-08-01,"Pittsburgh, PA Metro Area",Total,1150300.0
2001-09-01,"Pittsburgh, PA Metro Area",Total,1154200.0
2001-10-01,"Pittsburgh, PA Metro Area",Total,1154100.0
2001-11-01,"Pittsburgh, PA Metro Area",Total,1156800.0
2001-12-01,"Pittsburgh, PA Metro Area",Total,1152799.999999999
2002-01-01,"Pittsburgh, PA Metro Area",Total,1123300.0
2002-02-01,"Pittsburgh, PA Metro Area",Total,1125700.0
2002-03-01,"Pittsburgh, PA Metro Area",Total,1134200.0
2002-04-01,"Pittsburgh, PA Metro Area",Total,1142500.0
2002-05-01,"Pittsburgh, PA Metro Area",Total,1153800.0
2002-06-01,"Pittsburgh, PA Metro Area",Total,1158900.0
2002-07-01,"Pittsburgh, PA Metro Area",Total,1141800.0
2002-08-01,"Pittsburgh, PA Metro Area",Total,1139600.0
2002-09-01,"Pittsburgh, PA Metro Area",Total,1146500.0
2002-10-01,"Pittsburgh, PA Metro Area",Total,1149000.0
2002-11-01,"Pittsburgh, PA Metro Area",Total,1149400.0
2002-12-01,"Pittsburgh, PA Metro Area",Total,1141400.0
2003-01-01,"Pittsburgh, PA Metro Area",Total,1118000.0
2003-02-01,"Pittsburgh, PA Metro Area",Total,1113300.0
2003-03-01,"Pittsburgh, PA Metro Area",Total,1121700.0
2003-04-01,"Pittsburgh, PA Metro Area",Total,1134400.0
2003-05-01,"Pittsburgh, PA Metro Area",Total,1141900.0
2003-06-01,"Pittsburgh, PA Metro Area",Total,1147800.0
2003-07-01,"Pittsburgh, PA Metro Area",Total,1130100.0
2003-08-01,"Pittsburgh, PA Metro Area",Total,1128300.0
2003-09-01,"Pittsburgh, PA Metro Area",Total,1137900.0
2003-10-01,"Pittsburgh, PA Metro Area",Total,1145700.0
2003-11-01,"Pittsburgh, PA Metro Area",Total,1146500.0
2003-12-01,"Pittsburgh, PA Metro Area",Total,1144000.0
2004-01-01,"Pittsburgh, PA Metro Area",Total,1110599.999999999
2004-02-01,"Pittsburgh, PA Metro Area",Total,1110200.0
2004-03-01,"Pittsburgh, PA Metro Area",Total,1122300.0
2004-04-01,"Pittsburgh, PA Metro Area",Total,1133300.0
2004-05-01,"Pittsburgh, PA Metro Area",Total,1143500.0
2004-06-01,"Pittsburgh, PA Metro Area",Total,1151800.0
2004-07-01,"Pittsburgh, PA Metro Area",Total,1134400.0
2004-08-01,"Pittsburgh, PA Metro Area",Total,1127400.0
2004-09-01,"Pittsburgh, PA Metro Area",Total,1137700.0
2004-10-01,"Pittsburgh, PA Metro Area",Total,1143200.0
2004-11-01,"Pittsburgh, PA Metro Area",Total,1145300.0
2004-12-01,"Pittsburgh, PA Metro Area",Total,1143300.0
2005-01-01,"Pittsburgh, PA Metro Area",Total,1110900.0
2005-02-01,"Pittsburgh, PA Metro Area",Total,1110800.0
2005-03-01,"Pittsburgh, PA Metro Area",Total,1118200.0
2005-04-01,"Pittsburgh, PA Metro Area",Total,1134700.0
2005-05-01,"Pittsburgh, PA Metro Area",Total,1142600.0
2005-06-01,"Pittsburgh, PA Metro Area",Total,1147700.0
2005-07-01,"Pittsburgh, PA Metro Area",Total,1133600.0
2005-08-01,"Pittsburgh, PA Metro Area",Total,1129600.0
2005-09-01,"Pittsburgh, PA Metro Area",Total,1138900.0
2005-10-01,"Pittsburgh, PA Metro Area",Total,1141000.0
2005-11-01,"Pittsburgh, PA Metro Area",Total,1144300.0
2005-12-01,"Pittsburgh, PA Metro Area",Total,1141200.0
2006-01-01,"Pittsburgh, PA Metro Area",Total,1110400.0
2006-02-01,"Pittsburgh, PA Metro Area",Total,1115100.0
2006-03-01,"Pittsburgh, PA Metro Area",Total,1124999.999999999
2006-04-01,"Pittsburgh, PA Metro Area",Total,1135800.0
2006-05-01,"Pittsburgh, PA Metro Area",Total,1145500.0
2006-06-01,"Pittsburgh, PA Metro Area",Total,1151599.999999999
2006-07-01,"Pittsburgh, PA Metro Area",Total,1136200.0
2006-08-01,"Pittsburgh, PA Metro Area",Total,1131000.0
2006-09-01,"Pittsburgh, PA Metro Area",Total,1144400.0
2006-10-01,"Pittsburgh, PA Metro Area",Total,1149200.0
2006-11-01,"Pittsburgh, PA Metro Area",Total,1151199.999999999
2006-12-01,"Pittsburgh, PA Metro Area",Total,1150800.0
2007-01-01,"Pittsburgh, PA Metro Area",Total,1120400.0
2007-02-01,"Pittsburgh, PA Metro Area",Total,1120000.0
2007-03-01,"Pittsburgh, PA Metro Area",Total,1132400.0
2007-04-01,"Pittsburgh, PA Metro Area",Total,1142100.0
2007-05-01,"Pittsburgh, PA Metro Area",Total,1156199.99999999
2007-06-01,"Pittsburgh, PA Metro Area",Total,1164500.0
2007-07-01,"Pittsburgh, PA Metro Area",Total,1147600.0
2007-08-01,"Pittsburgh, PA Metro Area",Total,1145200.0
2007-09-01,"Pittsburgh, PA Metro Area",Total,1151999.99999999
2007-10-01,"Pittsburgh, PA Metro Area",Total,1157900.0
2007-11-01,"Pittsburgh, PA Metro Area",Total,1159800.0
2007-12-01,"Pittsburgh, PA Metro Area",Total,1156800.0
2008-01-01,"Pittsburgh, PA Metro Area",Total,1126000.0
2008-02-01,"Pittsburgh, PA Metro Area",Total,1128099.999999999
2008-03-01,"Pittsburgh, PA Metro Area",Total,1135600.0
2008-04-01,"Pittsburgh, PA Metro Area",Total,1150300.0
2008-05-01,"Pittsburgh, PA Metro Area",Total,1162000.0
2008-06-01,"Pittsburgh, PA Metro Area",Total,1165400.0
2008-07-01,"Pittsburgh, PA Metro Area",Total,1151200.0
2008-08-01,"Pittsburgh, PA Metro Area",Total,1147699.99999999
2008-09-01,"Pittsburgh, PA Metro Area",Total,1154800.0
2008-10-01,"Pittsburgh, PA Metro Area",Total,1160200.0
2008-11-01,"Pittsburgh, PA Metro Area",Total,1157099.999999999
2008-12-01,"Pittsburgh, PA Metro Area",Total,1149700.0
2009-01-01,"Pittsburgh, PA Metro Area",Total,1112500.0
2009-02-01,"Pittsburgh, PA Metro Area",Total,1111700.0
2009-03-01,"Pittsburgh, PA Metro Area",Total,1114499.999999999
2009-04-01,"Pittsburgh, PA Metro Area",Total,1123300.0
2009-05-01,"Pittsburgh, PA Metro Area",Total,1131499.999999999
2009-06-01,"Pittsburgh, PA Metro Area",Total,1132800.0
2009-07-01,"Pittsburgh, PA Metro Area",Total,1116200.0
2009-08-01,"Pittsburgh, PA Metro Area",Total,1111800.0
2009-09-01,"Pittsburgh, PA Metro Area",Total,1119500.0
2009-10-01,"Pittsburgh, PA Metro Area",Total,1125000.0
2009-11-01,"Pittsburgh, PA Metro Area",Total,1126900.0
2009-12-01,"Pittsburgh, PA Metro Area",Total,1125000.0
2010-01-01,"Pittsburgh, PA Metro Area",Total,1090900.0
2010-02-01,"Pittsburgh, PA Metro Area",Total,1088700.0
2010-03-01,"Pittsburgh, PA Metro Area",Total,1103000.0
2010-04-01,"Pittsburgh, PA Metro Area",Total,1122200.0
2010-05-01,"Pittsburgh, PA Metro Area",Total,1134200.0
2010-06-01,"Pittsburgh, PA Metro Area",Total,1142400.0
2010-07-01,"Pittsburgh, PA Metro Area",Total,1130400.0
2010-08-01,"Pittsburgh, PA Metro Area",Total,1127500.0
2010-09-01,"Pittsburgh, PA Metro Area",Total,1135700.0
2010-10-01,"Pittsburgh, PA Metro Area",Total,1143499.999999999
2010-11-01,"Pittsburgh, PA Metro Area",Total,1144700.0
2010-12-01,"Pittsburgh, PA Metro Area",Total,1143800.0
2011-01-01,"Pittsburgh, PA Metro Area",Total,1116500.0
2011-02-01,"Pittsburgh, PA Metro Area",Total,1118400.0
2011-03-01,"Pittsburgh, PA Metro Area",Total,1128400.0
2011-04-01,"Pittsburgh, PA Metro Area",Total,1143100.0
2011-05-01,"Pittsburgh, PA Metro Area",Total,1153000.0
2011-06-01,"Pittsburgh, PA Metro Area",Total,1160700.0
2011-07-01,"Pittsburgh, PA Metro Area",Total,1144300.0
2011-08-01,"Pittsburgh, PA Metro Area",Total,1140399.99999999
2011-09-01,"Pittsburgh, PA Metro Area",Total,1153600.0
2011-10-01,"Pittsburgh, PA Metro Area",Total,1160600.0
2011-11-01,"Pittsburgh, PA Metro Area",Total,1163200.0
2011-12-01,"Pittsburgh, PA Metro Area",Total,1160000.0
2012-01-01,"Pittsburgh, PA Metro Area",Total,1130500.0
2012-02-01,"Pittsburgh, PA Metro Area",Total,1137700.0
2012-03-01,"Pittsburgh, PA Metro Area",Total,1151099.99999999
2012-04-01,"Pittsburgh, PA Metro Area",Total,1160800.0
2012-05-01,"Pittsburgh, PA Metro Area",Total,1168799.99999999
2012-06-01,"Pittsburgh, PA Metro Area",Total,1171100.0
2012-07-01,"Pittsburgh, PA Metro Area",Total,1154900.0
2012-08-01,"Pittsburgh, PA Metro Area",Total,1150400.0
2012-09-01,"Pittsburgh, PA Metro Area",Total,1160099.99999999
2012-10-01,"Pittsburgh, PA Metro Area",Total,1169500.0
2012-11-01,"Pittsburgh, PA Metro Area",Total,1170900.0
2012-12-01,"Pittsburgh, PA Metro Area",Total,1165700.0
2013-01-01,"Pittsburgh, PA Metro Area",Total,1133700.0
2013-02-01,"Pittsburgh, PA Metro Area",Total,1140900.0
2013-03-01,"Pittsburgh, PA Metro Area",Total,1147999.99999999
2013-04-01,"Pittsburgh, PA Metro Area",Total,1158400.0
2013-05-01,"Pittsburgh, PA Metro Area",Total,1167900.0
2013-06-01,"Pittsburgh, PA Metro Area",Total,1169800.0
2013-07-01,"Pittsburgh, PA Metro Area",Total,1156800.0
2013-08-01,"Pittsburgh, PA Metro Area",Total,1152400.0
2013-09-01,"Pittsburgh, PA Metro Area",Total,1161400.0
2013-10-01,"Pittsburgh, PA Metro Area",Total,1167499.99999999
2013-11-01,"Pittsburgh, PA Metro Area",Total,1167600.0
2013-12-01,"Pittsburgh, PA Metro Area",Total,1163900.0
2014-01-01,"Pittsburgh, PA Metro Area",Total,1133700.0
2014-02-01,"Pittsburgh, PA Metro Area",Total,1134700.0
2014-03-01,"Pittsburgh, PA Metro Area",Total,1143900.0
2014-04-01,"Pittsburgh, PA Metro Area",Total,1159699.99999999
2014-05-01,"Pittsburgh, PA Metro Area",Total,1170600.0
2014-06-01,"Pittsburgh, PA Metro Area",Total,1172500.0
2014-07-01,"Pittsburgh, PA Metro Area",Total,1157700.0
2014-08-01,"Pittsburgh, PA Metro Area",Total,1155600.0
2014-09-01,"Pittsburgh, PA Metro Area",Total,1165300.0
2014-10-01,"Pittsburgh, PA Metro Area",Total,1171800.0
2014-11-01,"Pittsburgh, PA Metro Area",Total,1171400.0
2014-12-01,"Pittsburgh, PA Metro Area",Total,1169400.0
2015-01-01,"Pittsburgh, PA Metro Area",Total,1138800.0
2015-02-01,"Pittsburgh, PA Metro Area",Total,1138800.0
2015-03-01,"Pittsburgh, PA Metro Area",Total,1145200.0
2015-04-01,"Pittsburgh, PA Metro Area",Total,1160899.99999999
2015-05-01,"Pittsburgh, PA Metro Area",Total,1171300.0
2015-06-01,"Pittsburgh, PA Metro Area",Total,1170800.0
2015-07-01,"Pittsburgh, PA Metro Area",Total,1160900.0
2015-08-01,"Pittsburgh, PA Metro Area",Total,1159400.0
2015-09-01,"Pittsburgh, PA Metro Area",Total,1166200.0
2015-10-01,"Pittsburgh, PA Metro Area",Total,1171500.0
2015-11-01,"Pittsburgh, PA Metro Area",Total,1174200.0
2015-12-01,"Pittsburgh, PA Metro Area",Total,1168300.0
2016-01-01,"Pittsburgh, PA Metro Area",Total,1138900.0
2016-02-01,"Pittsburgh, PA Metro Area",Total,1141400.0
2016-03-01,"Pittsburgh, PA Metro Area",Total,1149800.0
2016-04-01,"Pittsburgh, PA Metro Area",Total,1165100.0
2016-05-01,"Pittsburgh, PA Metro Area",Total,1170200.0
2016-06-01,"Pittsburgh, PA Metro Area",Total,1167600.0
2016-07-01,"Pittsburgh, PA Metro Area",Total,1161100.0
2016-08-01,"Pittsburgh, PA Metro Area",Total,1157000.0
2016-09-01,"Pittsburgh, PA Metro Area",Total,1166300.0
2016-10-01,"Pittsburgh, PA Metro Area",Total,1171100.0
2016-11-01,"Pittsburgh, PA Metro Area",Total,1174800.0
2016-12-01,"Pittsburgh, PA Metro Area",Total,1168000.0
2017-01-01,"Pittsburgh, PA Metro Area",Total,1141600.0
2017-02-01,"Pittsburgh, PA Metro Area",Total,1149000.0
2017-03-01,"Pittsburgh, PA Metro Area",Total,1155500.0
2017-04-01,"Pittsburgh, PA Metro Area",Total,1170900.0
2017-05-01,"Pittsburgh, PA Metro Area",Total,1179700.0
2017-06-01,"Pittsburgh, PA Metro Area",Total,1178400.0
2017-07-01,"Pittsburgh, PA Metro Area",Total,1169800.0
2017-08-01,"Pittsburgh, PA Metro Area",Total,1168700.0
2017-09-01,"Pittsburgh, PA Metro Area",Total,1180900.0
2017-10-01,"Pittsburgh, PA Metro Area",Total,1186900.0
2017-11-01,"Pittsburgh, PA Metro Area",Total,1188300.0
2017-12-01,"Pittsburgh, PA Metro Area",Total,1184000.0
2018-01-01,"Pittsburgh, PA Metro Area",Total,1156300.0
2018-02-01,"Pittsburgh, PA Metro Area",Total,1165000.0
2018-03-01,"Pittsburgh, PA Metro Area",Total,1171300.0
2018-04-01,"Pittsburgh, PA Metro Area",Total,1182700.0
2018-05-01,"Pittsburgh, PA Metro Area",Total,1189600.0
2018-06-01,"Pittsburgh, PA Metro Area",Total,1187800.0
2018-07-01,"Pittsburgh, PA Metro Area",Total,1182000.0
2018-08-01,"Pittsburgh, PA Metro Area",Total,1177800.0
2018-09-01,"Pittsburgh, PA Metro Area",Total,1188600.0
2018-10-01,"Pittsburgh, PA Metro Area",Total,1196600.0
2018-11-01,"Pittsburgh, PA Metro Area",Total,1198300.0
2018-12-01,"Pittsburgh, PA Metro Area",Total,1192600.0
2019-01-01,"Pittsburgh, PA Metro Area",Total,1167700.0
2019-02-01,"Pittsburgh, PA Metro Area",Total,1172200.0
2019-03-01,"Pittsburgh, PA Metro Area",Total,1178800.0
2019-04-01,"Pittsburgh, PA Metro Area",Total,1191500.0
2019-05-01,"Pittsburgh, PA Metro Area",Total,1197000.0
2019-06-01,"Pittsburgh, PA Metro Area",Total,1197500.0
2019-07-01,"Pittsburgh, PA Metro Area",Total,1189300.0
2019-08-01,"Pittsburgh, PA Metro Area",Total,1187800.0
2019-09-01,"Pittsburgh, PA Metro Area",Total,1197100.0
2019-10-01,"Pittsburgh, PA Metro Area",Total,1202400.0
2019-11-01,"Pittsburgh, PA Metro Area",Total,1203800.0
2019-12-01,"Pittsburgh, PA Metro Area",Total,1197300.0
2020-01-01,"Pittsburgh, PA Metro Area",Total,1167100.0
2020-02-01,"Pittsburgh, PA Metro Area",Total,1173900.0
2020-03-01,"Pittsburgh, PA Metro Area",Total,1169600.0
2020-04-01,"Pittsburgh, PA Metro Area",Total,966100.0
2020-05-01,"Pittsburgh, PA Metro Area",Total,1012600.0
2020-06-01,"Pittsburgh, PA Metro Area",Total,1066900.0
2020-07-01,"Pittsburgh, PA Metro Area",Total,1068500.0
2020-08-01,"Pittsburgh, PA Metro Area",Total,1077600.0
2020-09-01,"Pittsburgh, PA Metro Area",Total,1093500.0
2020-10-01,"Pittsburgh, PA Metro Area",Total,1104500.0
2020-11-01,"Pittsburgh, PA Metro Area",Total,1107200.0
2020-12-01,"Pittsburgh, PA Metro Area",Total,1092400.0
2021-01-01,"Pittsburgh, PA Metro Area",Total,1070500.0
2021-02-01,"Pittsburgh, PA Metro Area",Total,1078900.0
2021-03-01,"Pittsburgh, PA Metro Area",Total,1092400.0
2021-04-01,"Pittsburgh, PA Metro Area",Total,1104800.0
2021-05-01,"Pittsburgh, PA Metro Area",Total,1113000.0
2021-06-01,"Pittsburgh, PA Metro Area",Total,1116800.0
2021-07-01,"Pittsburgh, PA Metro Area",Total,1117500.0
2021-08-01,"Pittsburgh, PA Metro Area",Total,1113300.0
2021-09-01,"Pittsburgh, PA Metro Area",Total,1122900.0
2021-10-01,"Pittsburgh, PA Metro Area",Total,1136600.0
2021-11-01,"Pittsburgh, PA Metro Area",Total,1141700.0
2021-12-01,"Pittsburgh, PA Metro Area",Total,1137499.99999999
2022-01-01,"Pittsburgh, PA Metro Area",Total,1112300.0
2022-02-01,"Pittsburgh, PA Metro Area",Total,1120900.0
2022-03-01,"Pittsburgh, PA Metro Area",Total,1130600.0
2022-04-01,"Pittsburgh, PA Metro Area",Total,1142700.0
2022-05-01,"Pittsburgh, PA Metro Area",Total,1150100.0
2022-06-01,"Pittsburgh, PA Metro Area",Total,1145600.0
2022-07-01,"Pittsburgh, PA Metro Area",Total,1147699.99999999
2022-08-01,"Pittsburgh, PA Metro Area",Total,1141500.0
2022-09-01,"Pittsburgh, PA Metro Area",Total,1154400.0
2022-10-01,"Pittsburgh, PA Metro Area",Total,1158400.0
2022-11-01,"Pittsburgh, PA Metro Area",Total,1161099.99999999
2022-12-01,"Pittsburgh, PA Metro Area",Total,1156200.0
2023-01-01,"Pittsburgh, PA Metro Area",Total,1136700.0
2023-02-01,"Pittsburgh, PA Metro Area",Total,1140500.0
2023-03-01,"Pittsburgh, PA Metro Area",Total,1149300.0
2023-04-01,"Pittsburgh, PA Metro Area",Total,1158900.0
2023-05-01,"Pittsburgh, PA Metro Area",Total,1164000.0
2023-06-01,"Pittsburgh, PA Metro Area",Total,1167500.0
2023-07-01,"Pittsburgh, PA Metro Area",Total,1162700.0
2023-08-01,"Pittsburgh, PA Metro Area",Total,1159500.0
2023-09-01,"Pittsburgh, PA Metro Area",Total,1168500.0
2023-10-01,"Pittsburgh, PA Metro Area",Total,1173800.0
2023-11-01,"Pittsburgh, PA Metro Area",Total,1176500.0
2023-12-01,"Pittsburgh, PA Metro Area",Total,1169100.0
2024-01-01,"Pittsburgh, PA Metro Area",Total,1143200.0
2024-02-01,"Pittsburgh, PA Metro Area",Total,1149800.0
2024-03-01,"Pittsburgh, PA Metro Area",Total,1158600.0
2024-04-01,"Pittsburgh, PA Metro Area",Total,1168700.0
2024-05-01,"Pittsburgh, PA Metro Area",Total,1182000.0
2000-01-01,"Portland-Vancouver-Hillsboro, OR-WA Metro Area",Total,954800.0
2000-02-01,"Portland-Vancouver-Hillsboro, OR-WA Metro Area",Total,963300.0
2000-03-01,"Portland-Vancouver-Hillsboro, OR-WA Metro Area",Total,967300.0
2000-04-01,"Portland-Vancouver-Hillsboro, OR-WA Metro Area",Total,973500.0
2000-05-01,"Portland-Vancouver-Hillsboro, OR-WA Metro Area",Total,981800.0
2000-06-01,"Portland-Vancouver-Hillsboro, OR-WA Metro Area",Total,988400.0
2000-07-01,"Portland-Vancouver-Hillsboro, OR-WA Metro Area",Total,983200.0
2000-08-01,"Portland-Vancouver-Hillsboro, OR-WA Metro Area",Total,983900.0
2000-09-01,"Portland-Vancouver-Hillsboro, OR-WA Metro Area",Total,991500.0
2000-10-01,"Portland-Vancouver-Hillsboro, OR-WA Metro Area",Total,996800.0
2000-11-01,"Portland-Vancouver-Hillsboro, OR-WA Metro Area",Total,1004200.0
2000-12-01,"Portland-Vancouver-Hillsboro, OR-WA Metro Area",Total,1004900.0
2001-01-01,"Portland-Vancouver-Hillsboro, OR-WA Metro Area",Total,980100.0
2001-02-01,"Portland-Vancouver-Hillsboro, OR-WA Metro Area",Total,982700.0
2001-03-01,"Portland-Vancouver-Hillsboro, OR-WA Metro Area",Total,983500.0
2001-04-01,"Portland-Vancouver-Hillsboro, OR-WA Metro Area",Total,982600.0
2001-05-01,"Portland-Vancouver-Hillsboro, OR-WA Metro Area",Total,984000.0
2001-06-01,"Portland-Vancouver-Hillsboro, OR-WA Metro Area",Total,985500.0
2001-07-01,"Portland-Vancouver-Hillsboro, OR-WA Metro Area",Total,966600.0
2001-08-01,"Portland-Vancouver-Hillsboro, OR-WA Metro Area",Total,963700.0
2001-09-01,"Portland-Vancouver-Hillsboro, OR-WA Metro Area",Total,971400.0
2001-10-01,"Portland-Vancouver-Hillsboro, OR-WA Metro Area",Total,969700.0
2001-11-01,"Portland-Vancouver-Hillsboro, OR-WA Metro Area",Total,968900.0
2001-12-01,"Portland-Vancouver-Hillsboro, OR-WA Metro Area",Total,965500.0
2002-01-01,"Portland-Vancouver-Hillsboro, OR-WA Metro Area",Total,944100.0
2002-02-01,"Portland-Vancouver-Hillsboro, OR-WA Metro Area",Total,947700.0
2002-03-01,"Portland-Vancouver-Hillsboro, OR-WA Metro Area",Total,950500.0
2002-04-01,"Portland-Vancouver-Hillsboro, OR-WA Metro Area",Total,954000.0
2002-05-01,"Portland-Vancouver-Hillsboro, OR-WA Metro Area",Total,957500.0
2002-06-01,"Portland-Vancouver-Hillsboro, OR-WA Metro Area",Total,960700.0
2002-07-01,"Portland-Vancouver-Hillsboro, OR-WA Metro Area",Total,943600.0
2002-08-01,"Portland-Vancouver-Hillsboro, OR-WA Metro Area",Total,943800.0
2002-09-01,"Portland-Vancouver-Hillsboro, OR-WA Metro Area",Total,953599.999999999
2002-10-01,"Portland-Vancouver-Hillsboro, OR-WA Metro Area",Total,960100.0
2002-11-01,"Portland-Vancouver-Hillsboro, OR-WA Metro Area",Total,960600.0
2002-12-01,"Portland-Vancouver-Hillsboro, OR-WA Metro Area",Total,956900.0
2003-01-01,"Portland-Vancouver-Hillsboro, OR-WA Metro Area",Total,935100.0
2003-02-01,"Portland-Vancouver-Hillsboro, OR-WA Metro Area",Total,935800.0
2003-03-01,"Portland-Vancouver-Hillsboro, OR-WA Metro Area",Total,937300.0
2003-04-01,"Portland-Vancouver-Hillsboro, OR-WA Metro Area",Total,939200.0
2003-05-01,"Portland-Vancouver-Hillsboro, OR-WA Metro Area",Total,942200.0
2003-06-01,"Portland-Vancouver-Hillsboro, OR-WA Metro Area",Total,942800.0
2003-07-01,"Portland-Vancouver-Hillsboro, OR-WA Metro Area",Total,935500.0
2003-08-01,"Portland-Vancouver-Hillsboro, OR-WA Metro Area",Total,938500.0
2003-09-01,"Portland-Vancouver-Hillsboro, OR-WA Metro Area",Total,945699.999999999
2003-10-01,"Portland-Vancouver-Hillsboro, OR-WA Metro Area",Total,953200.0
2003-11-01,"Portland-Vancouver-Hillsboro, OR-WA Metro Area",Total,956100.0
2003-12-01,"Portland-Vancouver-Hillsboro, OR-WA Metro Area",Total,956100.0
2004-01-01,"Portland-Vancouver-Hillsboro, OR-WA Metro Area",Total,927600.0
2004-02-01,"Portland-Vancouver-Hillsboro, OR-WA Metro Area",Total,938100.0
2004-03-01,"Portland-Vancouver-Hillsboro, OR-WA Metro Area",Total,946000.0
2004-04-01,"Portland-Vancouver-Hillsboro, OR-WA Metro Area",Total,955900.0
2004-05-01,"Portland-Vancouver-Hillsboro, OR-WA Metro Area",Total,962000.0
2004-06-01,"Portland-Vancouver-Hillsboro, OR-WA Metro Area",Total,967600.0
2004-07-01,"Portland-Vancouver-Hillsboro, OR-WA Metro Area",Total,963700.0
2004-08-01,"Portland-Vancouver-Hillsboro, OR-WA Metro Area",Total,964600.0
2004-09-01,"Portland-Vancouver-Hillsboro, OR-WA Metro Area",Total,972300.0
2004-10-01,"Portland-Vancouver-Hillsboro, OR-WA Metro Area",Total,982500.0
2004-11-01,"Portland-Vancouver-Hillsboro, OR-WA Metro Area",Total,985700.0
2004-12-01,"Portland-Vancouver-Hillsboro, OR-WA Metro Area",Total,987100.0
2005-01-01,"Portland-Vancouver-Hillsboro, OR-WA Metro Area",Total,963000.0
2005-02-01,"Portland-Vancouver-Hillsboro, OR-WA Metro Area",Total,972000.0
2005-03-01,"Portland-Vancouver-Hillsboro, OR-WA Metro Area",Total,978000.0
2005-04-01,"Portland-Vancouver-Hillsboro, OR-WA Metro Area",Total,984600.0
2005-05-01,"Portland-Vancouver-Hillsboro, OR-WA Metro Area",Total,990000.0
2005-06-01,"Portland-Vancouver-Hillsboro, OR-WA Metro Area",Total,995100.0
2005-07-01,"Portland-Vancouver-Hillsboro, OR-WA Metro Area",Total,989800.0
2005-08-01,"Portland-Vancouver-Hillsboro, OR-WA Metro Area",Total,993500.0
2005-09-01,"Portland-Vancouver-Hillsboro, OR-WA Metro Area",Total,1000800.0
2005-10-01,"Portland-Vancouver-Hillsboro, OR-WA Metro Area",Total,1010700.0
2005-11-01,"Portland-Vancouver-Hillsboro, OR-WA Metro Area",Total,1017900.0
2005-12-01,"Portland-Vancouver-Hillsboro, OR-WA Metro Area",Total,1022000.0
2006-01-01,"Portland-Vancouver-Hillsboro, OR-WA Metro Area",Total,995700.0
2006-02-01,"Portland-Vancouver-Hillsboro, OR-WA Metro Area",Total,1004700.0
2006-03-01,"Portland-Vancouver-Hillsboro, OR-WA Metro Area",Total,1011500.0
2006-04-01,"Portland-Vancouver-Hillsboro, OR-WA Metro Area",Total,1018700.0
2006-05-01,"Portland-Vancouver-Hillsboro, OR-WA Metro Area",Total,1026200.0
2006-06-01,"Portland-Vancouver-Hillsboro, OR-WA Metro Area",Total,1031400.0
2006-07-01,"Portland-Vancouver-Hillsboro, OR-WA Metro Area",Total,1022100.0
2006-08-01,"Portland-Vancouver-Hillsboro, OR-WA Metro Area",Total,1023900.0
2006-09-01,"Portland-Vancouver-Hillsboro, OR-WA Metro Area",Total,1033000.0
2006-10-01,"Portland-Vancouver-Hillsboro, OR-WA Metro Area",Total,1042100.0
2006-11-01,"Portland-Vancouver-Hillsboro, OR-WA Metro Area",Total,1047800.0
2006-12-01,"Portland-Vancouver-Hillsboro, OR-WA Metro Area",Total,1048300.0
2007-01-01,"Portland-Vancouver-Hillsboro, OR-WA Metro Area",Total,1023200.0
2007-02-01,"Portland-Vancouver-Hillsboro, OR-WA Metro Area",Total,1033000.0
2007-03-01,"Portland-Vancouver-Hillsboro, OR-WA Metro Area",Total,1039800.0
2007-04-01,"Portland-Vancouver-Hillsboro, OR-WA Metro Area",Total,1040200.0
2007-05-01,"Portland-Vancouver-Hillsboro, OR-WA Metro Area",Total,1047600.0
2007-06-01,"Portland-Vancouver-Hillsboro, OR-WA Metro Area",Total,1048900.0
2007-07-01,"Portland-Vancouver-Hillsboro, OR-WA Metro Area",Total,1040900.0
2007-08-01,"Portland-Vancouver-Hillsboro, OR-WA Metro Area",Total,1042100.0
2007-09-01,"Portland-Vancouver-Hillsboro, OR-WA Metro Area",Total,1049000.0
2007-10-01,"Portland-Vancouver-Hillsboro, OR-WA Metro Area",Total,1058800.0
2007-11-01,"Portland-Vancouver-Hillsboro, OR-WA Metro Area",Total,1063600.0
2007-12-01,"Portland-Vancouver-Hillsboro, OR-WA Metro Area",Total,1062400.0
2008-01-01,"Portland-Vancouver-Hillsboro, OR-WA Metro Area",Total,1036800.0
2008-02-01,"Portland-Vancouver-Hillsboro, OR-WA Metro Area",Total,1043900.0
2008-03-01,"Portland-Vancouver-Hillsboro, OR-WA Metro Area",Total,1047400.0
2008-04-01,"Portland-Vancouver-Hillsboro, OR-WA Metro Area",Total,1051400.0
2008-05-01,"Portland-Vancouver-Hillsboro, OR-WA Metro Area",Total,1054300.0
2008-06-01,"Portland-Vancouver-Hillsboro, OR-WA Metro Area",Total,1052300.0
2008-07-01,"Portland-Vancouver-Hillsboro, OR-WA Metro Area",Total,1046000.0
2008-08-01,"Portland-Vancouver-Hillsboro, OR-WA Metro Area",Total,1043400.0
2008-09-01,"Portland-Vancouver-Hillsboro, OR-WA Metro Area",Total,1048700.0
2008-10-01,"Portland-Vancouver-Hillsboro, OR-WA Metro Area",Total,1047800.0
2008-11-01,"Portland-Vancouver-Hillsboro, OR-WA Metro Area",Total,1041800.0
2008-12-01,"Portland-Vancouver-Hillsboro, OR-WA Metro Area",Total,1029400.0
2009-01-01,"Portland-Vancouver-Hillsboro, OR-WA Metro Area",Total,999900.0
2009-02-01,"Portland-Vancouver-Hillsboro, OR-WA Metro Area",Total,996500.0
2009-03-01,"Portland-Vancouver-Hillsboro, OR-WA Metro Area",Total,991100.0
2009-04-01,"Portland-Vancouver-Hillsboro, OR-WA Metro Area",Total,990100.0
2009-05-01,"Portland-Vancouver-Hillsboro, OR-WA Metro Area",Total,990500.0
2009-06-01,"Portland-Vancouver-Hillsboro, OR-WA Metro Area",Total,986300.0
2009-07-01,"Portland-Vancouver-Hillsboro, OR-WA Metro Area",Total,975100.0
2009-08-01,"Portland-Vancouver-Hillsboro, OR-WA Metro Area",Total,971500.0
2009-09-01,"Portland-Vancouver-Hillsboro, OR-WA Metro Area",Total,976000.0
2009-10-01,"Portland-Vancouver-Hillsboro, OR-WA Metro Area",Total,983900.0
2009-11-01,"Portland-Vancouver-Hillsboro, OR-WA Metro Area",Total,984000.0
2009-12-01,"Portland-Vancouver-Hillsboro, OR-WA Metro Area",Total,981700.0
2010-01-01,"Portland-Vancouver-Hillsboro, OR-WA Metro Area",Total,960700.0
2010-02-01,"Portland-Vancouver-Hillsboro, OR-WA Metro Area",Total,964900.0
2010-03-01,"Portland-Vancouver-Hillsboro, OR-WA Metro Area",Total,969600.0
2010-04-01,"Portland-Vancouver-Hillsboro, OR-WA Metro Area",Total,977800.0
2010-05-01,"Portland-Vancouver-Hillsboro, OR-WA Metro Area",Total,984000.0
2010-06-01,"Portland-Vancouver-Hillsboro, OR-WA Metro Area",Total,986100.0
2010-07-01,"Portland-Vancouver-Hillsboro, OR-WA Metro Area",Total,976100.0
2010-08-01,"Portland-Vancouver-Hillsboro, OR-WA Metro Area",Total,976600.0
2010-09-01,"Portland-Vancouver-Hillsboro, OR-WA Metro Area",Total,983500.0
2010-10-01,"Portland-Vancouver-Hillsboro, OR-WA Metro Area",Total,998400.0
2010-11-01,"Portland-Vancouver-Hillsboro, OR-WA Metro Area",Total,1000200.0
2010-12-01,"Portland-Vancouver-Hillsboro, OR-WA Metro Area",Total,999800.0
2011-01-01,"Portland-Vancouver-Hillsboro, OR-WA Metro Area",Total,979200.0
2011-02-01,"Portland-Vancouver-Hillsboro, OR-WA Metro Area",Total,986200.0
2011-03-01,"Portland-Vancouver-Hillsboro, OR-WA Metro Area",Total,989900.0
2011-04-01,"Portland-Vancouver-Hillsboro, OR-WA Metro Area",Total,1000100.0
2011-05-01,"Portland-Vancouver-Hillsboro, OR-WA Metro Area",Total,1002100.0
2011-06-01,"Portland-Vancouver-Hillsboro, OR-WA Metro Area",Total,1002900.0
2011-07-01,"Portland-Vancouver-Hillsboro, OR-WA Metro Area",Total,997400.0
2011-08-01,"Portland-Vancouver-Hillsboro, OR-WA Metro Area",Total,998000.0
2011-09-01,"Portland-Vancouver-Hillsboro, OR-WA Metro Area",Total,1004100.0
2011-10-01,"Portland-Vancouver-Hillsboro, OR-WA Metro Area",Total,1014200.0
2011-11-01,"Portland-Vancouver-Hillsboro, OR-WA Metro Area",Total,1018900.0
2011-12-01,"Portland-Vancouver-Hillsboro, OR-WA Metro Area",Total,1018900.0
2012-01-01,"Portland-Vancouver-Hillsboro, OR-WA Metro Area",Total,1000200.0
2012-02-01,"Portland-Vancouver-Hillsboro, OR-WA Metro Area",Total,1007100.0
2012-03-01,"Portland-Vancouver-Hillsboro, OR-WA Metro Area",Total,1011900.0
2012-04-01,"Portland-Vancouver-Hillsboro, OR-WA Metro Area",Total,1018500.0
2012-05-01,"Portland-Vancouver-Hillsboro, OR-WA Metro Area",Total,1024800.0
2012-06-01,"Portland-Vancouver-Hillsboro, OR-WA Metro Area",Total,1026700.0
2012-07-01,"Portland-Vancouver-Hillsboro, OR-WA Metro Area",Total,1018600.0
2012-08-01,"Portland-Vancouver-Hillsboro, OR-WA Metro Area",Total,1020500.0
2012-09-01,"Portland-Vancouver-Hillsboro, OR-WA Metro Area",Total,1024700.0
2012-10-01,"Portland-Vancouver-Hillsboro, OR-WA Metro Area",Total,1037400.0
2012-11-01,"Portland-Vancouver-Hillsboro, OR-WA Metro Area",Total,1040900.0
2012-12-01,"Portland-Vancouver-Hillsboro, OR-WA Metro Area",Total,1039300.0
2013-01-01,"Portland-Vancouver-Hillsboro, OR-WA Metro Area",Total,1017000.0
2013-02-01,"Portland-Vancouver-Hillsboro, OR-WA Metro Area",Total,1027000.0
2013-03-01,"Portland-Vancouver-Hillsboro, OR-WA Metro Area",Total,1031500.0
2013-04-01,"Portland-Vancouver-Hillsboro, OR-WA Metro Area",Total,1041500.0
2013-05-01,"Portland-Vancouver-Hillsboro, OR-WA Metro Area",Total,1048500.0
2013-06-01,"Portland-Vancouver-Hillsboro, OR-WA Metro Area",Total,1051100.0
2013-07-01,"Portland-Vancouver-Hillsboro, OR-WA Metro Area",Total,1043300.0
2013-08-01,"Portland-Vancouver-Hillsboro, OR-WA Metro Area",Total,1048700.0
2013-09-01,"Portland-Vancouver-Hillsboro, OR-WA Metro Area",Total,1055000.0
2013-10-01,"Portland-Vancouver-Hillsboro, OR-WA Metro Area",Total,1065900.0
2013-11-01,"Portland-Vancouver-Hillsboro, OR-WA Metro Area",Total,1072300.0
2013-12-01,"Portland-Vancouver-Hillsboro, OR-WA Metro Area",Total,1070600.0
2014-01-01,"Portland-Vancouver-Hillsboro, OR-WA Metro Area",Total,1053500.0
2014-02-01,"Portland-Vancouver-Hillsboro, OR-WA Metro Area",Total,1057300.0
2014-03-01,"Portland-Vancouver-Hillsboro, OR-WA Metro Area",Total,1065000.0
2014-04-01,"Portland-Vancouver-Hillsboro, OR-WA Metro Area",Total,1072700.0
2014-05-01,"Portland-Vancouver-Hillsboro, OR-WA Metro Area",Total,1078900.0
2014-06-01,"Portland-Vancouver-Hillsboro, OR-WA Metro Area",Total,1082300.0
2014-07-01,"Portland-Vancouver-Hillsboro, OR-WA Metro Area",Total,1075300.0
2014-08-01,"Portland-Vancouver-Hillsboro, OR-WA Metro Area",Total,1079700.0
2014-09-01,"Portland-Vancouver-Hillsboro, OR-WA Metro Area",Total,1087300.0
2014-10-01,"Portland-Vancouver-Hillsboro, OR-WA Metro Area",Total,1096800.0
2014-11-01,"Portland-Vancouver-Hillsboro, OR-WA Metro Area",Total,1102400.0
2014-12-01,"Portland-Vancouver-Hillsboro, OR-WA Metro Area",Total,1105600.0
2015-01-01,"Portland-Vancouver-Hillsboro, OR-WA Metro Area",Total,1087300.0
2015-02-01,"Portland-Vancouver-Hillsboro, OR-WA Metro Area",Total,1096200.0
2015-03-01,"Portland-Vancouver-Hillsboro, OR-WA Metro Area",Total,1101300.0
2015-04-01,"Portland-Vancouver-Hillsboro, OR-WA Metro Area",Total,1109200.0
2015-05-01,"Portland-Vancouver-Hillsboro, OR-WA Metro Area",Total,1113700.0
2015-06-01,"Portland-Vancouver-Hillsboro, OR-WA Metro Area",Total,1117500.0
2015-07-01,"Portland-Vancouver-Hillsboro, OR-WA Metro Area",Total,1114600.0
2015-08-01,"Portland-Vancouver-Hillsboro, OR-WA Metro Area",Total,1118200.0
2015-09-01,"Portland-Vancouver-Hillsboro, OR-WA Metro Area",Total,1123500.0
2015-10-01,"Portland-Vancouver-Hillsboro, OR-WA Metro Area",Total,1136600.0
2015-11-01,"Portland-Vancouver-Hillsboro, OR-WA Metro Area",Total,1139800.0
2015-12-01,"Portland-Vancouver-Hillsboro, OR-WA Metro Area",Total,1142800.0
2016-01-01,"Portland-Vancouver-Hillsboro, OR-WA Metro Area",Total,1123200.0
2016-02-01,"Portland-Vancouver-Hillsboro, OR-WA Metro Area",Total,1133800.0
2016-03-01,"Portland-Vancouver-Hillsboro, OR-WA Metro Area",Total,1138400.0
2016-04-01,"Portland-Vancouver-Hillsboro, OR-WA Metro Area",Total,1148300.0
2016-05-01,"Portland-Vancouver-Hillsboro, OR-WA Metro Area",Total,1151800.0
2016-06-01,"Portland-Vancouver-Hillsboro, OR-WA Metro Area",Total,1153700.0
2016-07-01,"Portland-Vancouver-Hillsboro, OR-WA Metro Area",Total,1146800.0
2016-08-01,"Portland-Vancouver-Hillsboro, OR-WA Metro Area",Total,1150400.0
2016-09-01,"Portland-Vancouver-Hillsboro, OR-WA Metro Area",Total,1156700.0
2016-10-01,"Portland-Vancouver-Hillsboro, OR-WA Metro Area",Total,1166900.0
2016-11-01,"Portland-Vancouver-Hillsboro, OR-WA Metro Area",Total,1172100.0
2016-12-01,"Portland-Vancouver-Hillsboro, OR-WA Metro Area",Total,1169700.0
2017-01-01,"Portland-Vancouver-Hillsboro, OR-WA Metro Area",Total,1144400.0
2017-02-01,"Portland-Vancouver-Hillsboro, OR-WA Metro Area",Total,1161900.0
2017-03-01,"Portland-Vancouver-Hillsboro, OR-WA Metro Area",Total,1169900.0
2017-04-01,"Portland-Vancouver-Hillsboro, OR-WA Metro Area",Total,1177800.0
2017-05-01,"Portland-Vancouver-Hillsboro, OR-WA Metro Area",Total,1182800.0
2017-06-01,"Portland-Vancouver-Hillsboro, OR-WA Metro Area",Total,1188700.0
2017-07-01,"Portland-Vancouver-Hillsboro, OR-WA Metro Area",Total,1180600.0
2017-08-01,"Portland-Vancouver-Hillsboro, OR-WA Metro Area",Total,1182799.99999999
2017-09-01,"Portland-Vancouver-Hillsboro, OR-WA Metro Area",Total,1187300.0
2017-10-01,"Portland-Vancouver-Hillsboro, OR-WA Metro Area",Total,1194700.0
2017-11-01,"Portland-Vancouver-Hillsboro, OR-WA Metro Area",Total,1200100.0
2017-12-01,"Portland-Vancouver-Hillsboro, OR-WA Metro Area",Total,1201500.0
2018-01-01,"Portland-Vancouver-Hillsboro, OR-WA Metro Area",Total,1178999.99999999
2018-02-01,"Portland-Vancouver-Hillsboro, OR-WA Metro Area",Total,1186300.0
2018-03-01,"Portland-Vancouver-Hillsboro, OR-WA Metro Area",Total,1193299.99999999
2018-04-01,"Portland-Vancouver-Hillsboro, OR-WA Metro Area",Total,1200400.0
2018-05-01,"Portland-Vancouver-Hillsboro, OR-WA Metro Area",Total,1204600.0
2018-06-01,"Portland-Vancouver-Hillsboro, OR-WA Metro Area",Total,1209500.0
2018-07-01,"Portland-Vancouver-Hillsboro, OR-WA Metro Area",Total,1201300.0
2018-08-01,"Portland-Vancouver-Hillsboro, OR-WA Metro Area",Total,1202900.0
2018-09-01,"Portland-Vancouver-Hillsboro, OR-WA Metro Area",Total,1209400.0
2018-10-01,"Portland-Vancouver-Hillsboro, OR-WA Metro Area",Total,1218600.0
2018-11-01,"Portland-Vancouver-Hillsboro, OR-WA Metro Area",Total,1225200.0
2018-12-01,"Portland-Vancouver-Hillsboro, OR-WA Metro Area",Total,1225100.0
2019-01-01,"Portland-Vancouver-Hillsboro, OR-WA Metro Area",Total,1208900.0
2019-02-01,"Portland-Vancouver-Hillsboro, OR-WA Metro Area",Total,1210900.0
2019-03-01,"Portland-Vancouver-Hillsboro, OR-WA Metro Area",Total,1218100.0
2019-04-01,"Portland-Vancouver-Hillsboro, OR-WA Metro Area",Total,1225100.0
2019-05-01,"Portland-Vancouver-Hillsboro, OR-WA Metro Area",Total,1228500.0
2019-06-01,"Portland-Vancouver-Hillsboro, OR-WA Metro Area",Total,1231500.0
2019-07-01,"Portland-Vancouver-Hillsboro, OR-WA Metro Area",Total,1225100.0
2019-08-01,"Portland-Vancouver-Hillsboro, OR-WA Metro Area",Total,1228700.0
2019-09-01,"Portland-Vancouver-Hillsboro, OR-WA Metro Area",Total,1231100.0
2019-10-01,"Portland-Vancouver-Hillsboro, OR-WA Metro Area",Total,1239200.0
2019-11-01,"Portland-Vancouver-Hillsboro, OR-WA Metro Area",Total,1245200.0
2019-12-01,"Portland-Vancouver-Hillsboro, OR-WA Metro Area",Total,1245700.0
2020-01-01,"Portland-Vancouver-Hillsboro, OR-WA Metro Area",Total,1226500.0
2020-02-01,"Portland-Vancouver-Hillsboro, OR-WA Metro Area",Total,1232600.0
2020-03-01,"Portland-Vancouver-Hillsboro, OR-WA Metro Area",Total,1224700.0
2020-04-01,"Portland-Vancouver-Hillsboro, OR-WA Metro Area",Total,1066400.0
2020-05-01,"Portland-Vancouver-Hillsboro, OR-WA Metro Area",Total,1074100.0
2020-06-01,"Portland-Vancouver-Hillsboro, OR-WA Metro Area",Total,1105800.0
2020-07-01,"Portland-Vancouver-Hillsboro, OR-WA Metro Area",Total,1116100.0
2020-08-01,"Portland-Vancouver-Hillsboro, OR-WA Metro Area",Total,1128000.0
2020-09-01,"Portland-Vancouver-Hillsboro, OR-WA Metro Area",Total,1133500.0
2020-10-01,"Portland-Vancouver-Hillsboro, OR-WA Metro Area",Total,1146000.0
2020-11-01,"Portland-Vancouver-Hillsboro, OR-WA Metro Area",Total,1150000.0
2020-12-01,"Portland-Vancouver-Hillsboro, OR-WA Metro Area",Total,1138300.0
2021-01-01,"Portland-Vancouver-Hillsboro, OR-WA Metro Area",Total,1121400.0
2021-02-01,"Portland-Vancouver-Hillsboro, OR-WA Metro Area",Total,1133600.0
2021-03-01,"Portland-Vancouver-Hillsboro, OR-WA Metro Area",Total,1151900.0
2021-04-01,"Portland-Vancouver-Hillsboro, OR-WA Metro Area",Total,1161200.0
2021-05-01,"Portland-Vancouver-Hillsboro, OR-WA Metro Area",Total,1166600.0
2021-06-01,"Portland-Vancouver-Hillsboro, OR-WA Metro Area",Total,1173000.0
2021-07-01,"Portland-Vancouver-Hillsboro, OR-WA Metro Area",Total,1178400.0
2021-08-01,"Portland-Vancouver-Hillsboro, OR-WA Metro Area",Total,1180300.0
2021-09-01,"Portland-Vancouver-Hillsboro, OR-WA Metro Area",Total,1185399.99999999
2021-10-01,"Portland-Vancouver-Hillsboro, OR-WA Metro Area",Total,1200600.0
2021-11-01,"Portland-Vancouver-Hillsboro, OR-WA Metro Area",Total,1207100.0
2021-12-01,"Portland-Vancouver-Hillsboro, OR-WA Metro Area",Total,1208600.0
2022-01-01,"Portland-Vancouver-Hillsboro, OR-WA Metro Area",Total,1192900.0
2022-02-01,"Portland-Vancouver-Hillsboro, OR-WA Metro Area",Total,1208000.0
2022-03-01,"Portland-Vancouver-Hillsboro, OR-WA Metro Area",Total,1216200.0
2022-04-01,"Portland-Vancouver-Hillsboro, OR-WA Metro Area",Total,1220600.0
2022-05-01,"Portland-Vancouver-Hillsboro, OR-WA Metro Area",Total,1223400.0
2022-06-01,"Portland-Vancouver-Hillsboro, OR-WA Metro Area",Total,1223400.0
2022-07-01,"Portland-Vancouver-Hillsboro, OR-WA Metro Area",Total,1231800.0
2022-08-01,"Portland-Vancouver-Hillsboro, OR-WA Metro Area",Total,1235200.0
2022-09-01,"Portland-Vancouver-Hillsboro, OR-WA Metro Area",Total,1234000.0
2022-10-01,"Portland-Vancouver-Hillsboro, OR-WA Metro Area",Total,1236100.0
2022-11-01,"Portland-Vancouver-Hillsboro, OR-WA Metro Area",Total,1236700.0
2022-12-01,"Portland-Vancouver-Hillsboro, OR-WA Metro Area",Total,1239000.0
2023-01-01,"Portland-Vancouver-Hillsboro, OR-WA Metro Area",Total,1235100.0
2023-02-01,"Portland-Vancouver-Hillsboro, OR-WA Metro Area",Total,1240400.0
2023-03-01,"Portland-Vancouver-Hillsboro, OR-WA Metro Area",Total,1245100.0
2023-04-01,"Portland-Vancouver-Hillsboro, OR-WA Metro Area",Total,1244700.0
2023-05-01,"Portland-Vancouver-Hillsboro, OR-WA Metro Area",Total,1247000.0
2023-06-01,"Portland-Vancouver-Hillsboro, OR-WA Metro Area",Total,1249800.0
2023-07-01,"Portland-Vancouver-Hillsboro, OR-WA Metro Area",Total,1240500.0
2023-08-01,"Portland-Vancouver-Hillsboro, OR-WA Metro Area",Total,1241100.0
2023-09-01,"Portland-Vancouver-Hillsboro, OR-WA Metro Area",Total,1243200.0
2023-10-01,"Portland-Vancouver-Hillsboro, OR-WA Metro Area",Total,1243400.0
2023-11-01,"Portland-Vancouver-Hillsboro, OR-WA Metro Area",Total,1240100.0
2023-12-01,"Portland-Vancouver-Hillsboro, OR-WA Metro Area",Total,1240400.0
2024-01-01,"Portland-Vancouver-Hillsboro, OR-WA Metro Area",Total,1211900.0
2024-02-01,"Portland-Vancouver-Hillsboro, OR-WA Metro Area",Total,1218600.0
2024-03-01,"Portland-Vancouver-Hillsboro, OR-WA Metro Area",Total,1223600.0
2024-04-01,"Portland-Vancouver-Hillsboro, OR-WA Metro Area",Total,1232900.0
2024-05-01,"Portland-Vancouver-Hillsboro, OR-WA Metro Area",Total,1237400.0
2000-01-01,"Riverside-San Bernardino-Ontario, CA Metro Area",Total,971200.0
2000-02-01,"Riverside-San Bernardino-Ontario, CA Metro Area",Total,975900.0
2000-03-01,"Riverside-San Bernardino-Ontario, CA Metro Area",Total,983500.0
2000-04-01,"Riverside-San Bernardino-Ontario, CA Metro Area",Total,986700.0
2000-05-01,"Riverside-San Bernardino-Ontario, CA Metro Area",Total,998200.0
2000-06-01,"Riverside-San Bernardino-Ontario, CA Metro Area",Total,1000500.0
2000-07-01,"Riverside-San Bernardino-Ontario, CA Metro Area",Total,986700.0
2000-08-01,"Riverside-San Bernardino-Ontario, CA Metro Area",Total,987400.0
2000-09-01,"Riverside-San Bernardino-Ontario, CA Metro Area",Total,1001800.0
2000-10-01,"Riverside-San Bernardino-Ontario, CA Metro Area",Total,1005700.0
2000-11-01,"Riverside-San Bernardino-Ontario, CA Metro Area",Total,1018200.0
2000-12-01,"Riverside-San Bernardino-Ontario, CA Metro Area",Total,1025600.0
2001-01-01,"Riverside-San Bernardino-Ontario, CA Metro Area",Total,1017200.0
2001-02-01,"Riverside-San Bernardino-Ontario, CA Metro Area",Total,1019000.0
2001-03-01,"Riverside-San Bernardino-Ontario, CA Metro Area",Total,1030600.0
2001-04-01,"Riverside-San Bernardino-Ontario, CA Metro Area",Total,1031100.0
2001-05-01,"Riverside-San Bernardino-Ontario, CA Metro Area",Total,1037300.0
2001-06-01,"Riverside-San Bernardino-Ontario, CA Metro Area",Total,1042700.0
2001-07-01,"Riverside-San Bernardino-Ontario, CA Metro Area",Total,1034600.0
2001-08-01,"Riverside-San Bernardino-Ontario, CA Metro Area",Total,1032300.0
2001-09-01,"Riverside-San Bernardino-Ontario, CA Metro Area",Total,1042900.0
2001-10-01,"Riverside-San Bernardino-Ontario, CA Metro Area",Total,1048400.0
2001-11-01,"Riverside-San Bernardino-Ontario, CA Metro Area",Total,1058200.0
2001-12-01,"Riverside-San Bernardino-Ontario, CA Metro Area",Total,1060500.0
2002-01-01,"Riverside-San Bernardino-Ontario, CA Metro Area",Total,1044000.0
2002-02-01,"Riverside-San Bernardino-Ontario, CA Metro Area",Total,1052200.0
2002-03-01,"Riverside-San Bernardino-Ontario, CA Metro Area",Total,1058200.0
2002-04-01,"Riverside-San Bernardino-Ontario, CA Metro Area",Total,1070200.0
2002-05-01,"Riverside-San Bernardino-Ontario, CA Metro Area",Total,1079100.0
2002-06-01,"Riverside-San Bernardino-Ontario, CA Metro Area",Total,1083500.0
2002-07-01,"Riverside-San Bernardino-Ontario, CA Metro Area",Total,1063900.0
2002-08-01,"Riverside-San Bernardino-Ontario, CA Metro Area",Total,1068600.0
2002-09-01,"Riverside-San Bernardino-Ontario, CA Metro Area",Total,1079600.0
2002-10-01,"Riverside-San Bernardino-Ontario, CA Metro Area",Total,1084800.0
2002-11-01,"Riverside-San Bernardino-Ontario, CA Metro Area",Total,1099200.0
2002-12-01,"Riverside-San Bernardino-Ontario, CA Metro Area",Total,1105300.0
2003-01-01,"Riverside-San Bernardino-Ontario, CA Metro Area",Total,1086100.0
2003-02-01,"Riverside-San Bernardino-Ontario, CA Metro Area",Total,1089800.0
2003-03-01,"Riverside-San Bernardino-Ontario, CA Metro Area",Total,1099800.0
2003-04-01,"Riverside-San Bernardino-Ontario, CA Metro Area",Total,1102900.0
2003-05-01,"Riverside-San Bernardino-Ontario, CA Metro Area",Total,1109200.0
2003-06-01,"Riverside-San Bernardino-Ontario, CA Metro Area",Total,1114200.0
2003-07-01,"Riverside-San Bernardino-Ontario, CA Metro Area",Total,1102600.0
2003-08-01,"Riverside-San Bernardino-Ontario, CA Metro Area",Total,1101200.0
2003-09-01,"Riverside-San Bernardino-Ontario, CA Metro Area",Total,1115300.0
2003-10-01,"Riverside-San Bernardino-Ontario, CA Metro Area",Total,1130700.0
2003-11-01,"Riverside-San Bernardino-Ontario, CA Metro Area",Total,1140200.0
2003-12-01,"Riverside-San Bernardino-Ontario, CA Metro Area",Total,1147400.0
2004-01-01,"Riverside-San Bernardino-Ontario, CA Metro Area",Total,1136700.0
2004-02-01,"Riverside-San Bernardino-Ontario, CA Metro Area",Total,1142800.0
2004-03-01,"Riverside-San Bernardino-Ontario, CA Metro Area",Total,1154200.0
2004-04-01,"Riverside-San Bernardino-Ontario, CA Metro Area",Total,1166800.0
2004-05-01,"Riverside-San Bernardino-Ontario, CA Metro Area",Total,1174000.0
2004-06-01,"Riverside-San Bernardino-Ontario, CA Metro Area",Total,1176900.0
2004-07-01,"Riverside-San Bernardino-Ontario, CA Metro Area",Total,1167600.0
2004-08-01,"Riverside-San Bernardino-Ontario, CA Metro Area",Total,1168100.0
2004-09-01,"Riverside-San Bernardino-Ontario, CA Metro Area",Total,1182700.0
2004-10-01,"Riverside-San Bernardino-Ontario, CA Metro Area",Total,1200200.0
2004-11-01,"Riverside-San Bernardino-Ontario, CA Metro Area",Total,1214200.0
2004-12-01,"Riverside-San Bernardino-Ontario, CA Metro Area",Total,1221800.0
2005-01-01,"Riverside-San Bernardino-Ontario, CA Metro Area",Total,1201100.0
2005-02-01,"Riverside-San Bernardino-Ontario, CA Metro Area",Total,1212300.0
2005-03-01,"Riverside-San Bernardino-Ontario, CA Metro Area",Total,1224200.0
2005-04-01,"Riverside-San Bernardino-Ontario, CA Metro Area",Total,1236600.0
2005-05-01,"Riverside-San Bernardino-Ontario, CA Metro Area",Total,1237500.0
2005-06-01,"Riverside-San Bernardino-Ontario, CA Metro Area",Total,1238600.0
2005-07-01,"Riverside-San Bernardino-Ontario, CA Metro Area",Total,1227000.0
2005-08-01,"Riverside-San Bernardino-Ontario, CA Metro Area",Total,1230900.0
2005-09-01,"Riverside-San Bernardino-Ontario, CA Metro Area",Total,1247599.99999999
2005-10-01,"Riverside-San Bernardino-Ontario, CA Metro Area",Total,1258099.99999999
2005-11-01,"Riverside-San Bernardino-Ontario, CA Metro Area",Total,1271899.99999999
2005-12-01,"Riverside-San Bernardino-Ontario, CA Metro Area",Total,1282200.0
2006-01-01,"Riverside-San Bernardino-Ontario, CA Metro Area",Total,1264099.99999999
2006-02-01,"Riverside-San Bernardino-Ontario, CA Metro Area",Total,1272500.0
2006-03-01,"Riverside-San Bernardino-Ontario, CA Metro Area",Total,1282400.0
2006-04-01,"Riverside-San Bernardino-Ontario, CA Metro Area",Total,1286600.0
2006-05-01,"Riverside-San Bernardino-Ontario, CA Metro Area",Total,1291200.0
2006-06-01,"Riverside-San Bernardino-Ontario, CA Metro Area",Total,1296100.0
2006-07-01,"Riverside-San Bernardino-Ontario, CA Metro Area",Total,1280700.0
2006-08-01,"Riverside-San Bernardino-Ontario, CA Metro Area",Total,1277400.0
2006-09-01,"Riverside-San Bernardino-Ontario, CA Metro Area",Total,1286400.0
2006-10-01,"Riverside-San Bernardino-Ontario, CA Metro Area",Total,1289900.0
2006-11-01,"Riverside-San Bernardino-Ontario, CA Metro Area",Total,1298600.0
2006-12-01,"Riverside-San Bernardino-Ontario, CA Metro Area",Total,1300900.0
2007-01-01,"Riverside-San Bernardino-Ontario, CA Metro Area",Total,1280800.0
2007-02-01,"Riverside-San Bernardino-Ontario, CA Metro Area",Total,1285800.0
2007-03-01,"Riverside-San Bernardino-Ontario, CA Metro Area",Total,1293500.0
2007-04-01,"Riverside-San Bernardino-Ontario, CA Metro Area",Total,1291400.0
2007-05-01,"Riverside-San Bernardino-Ontario, CA Metro Area",Total,1297700.0
2007-06-01,"Riverside-San Bernardino-Ontario, CA Metro Area",Total,1297200.0
2007-07-01,"Riverside-San Bernardino-Ontario, CA Metro Area",Total,1283200.0
2007-08-01,"Riverside-San Bernardino-Ontario, CA Metro Area",Total,1278300.0
2007-09-01,"Riverside-San Bernardino-Ontario, CA Metro Area",Total,1282700.0
2007-10-01,"Riverside-San Bernardino-Ontario, CA Metro Area",Total,1288900.0
2007-11-01,"Riverside-San Bernardino-Ontario, CA Metro Area",Total,1297800.0
2007-12-01,"Riverside-San Bernardino-Ontario, CA Metro Area",Total,1300200.0
2008-01-01,"Riverside-San Bernardino-Ontario, CA Metro Area",Total,1267899.99999999
2008-02-01,"Riverside-San Bernardino-Ontario, CA Metro Area",Total,1267199.99999999
2008-03-01,"Riverside-San Bernardino-Ontario, CA Metro Area",Total,1267599.99999999
2008-04-01,"Riverside-San Bernardino-Ontario, CA Metro Area",Total,1265900.0
2008-05-01,"Riverside-San Bernardino-Ontario, CA Metro Area",Total,1260900.0
2008-06-01,"Riverside-San Bernardino-Ontario, CA Metro Area",Total,1257400.0
2008-07-01,"Riverside-San Bernardino-Ontario, CA Metro Area",Total,1233000.0
2008-08-01,"Riverside-San Bernardino-Ontario, CA Metro Area",Total,1230200.0
2008-09-01,"Riverside-San Bernardino-Ontario, CA Metro Area",Total,1228400.0
2008-10-01,"Riverside-San Bernardino-Ontario, CA Metro Area",Total,1232800.0
2008-11-01,"Riverside-San Bernardino-Ontario, CA Metro Area",Total,1233600.0
2008-12-01,"Riverside-San Bernardino-Ontario, CA Metro Area",Total,1228500.0
2009-01-01,"Riverside-San Bernardino-Ontario, CA Metro Area",Total,1199000.0
2009-02-01,"Riverside-San Bernardino-Ontario, CA Metro Area",Total,1188800.0
2009-03-01,"Riverside-San Bernardino-Ontario, CA Metro Area",Total,1188200.0
2009-04-01,"Riverside-San Bernardino-Ontario, CA Metro Area",Total,1182700.0
2009-05-01,"Riverside-San Bernardino-Ontario, CA Metro Area",Total,1179400.0
2009-06-01,"Riverside-San Bernardino-Ontario, CA Metro Area",Total,1173100.0
2009-07-01,"Riverside-San Bernardino-Ontario, CA Metro Area",Total,1146600.0
2009-08-01,"Riverside-San Bernardino-Ontario, CA Metro Area",Total,1145500.0
2009-09-01,"Riverside-San Bernardino-Ontario, CA Metro Area",Total,1141400.0
2009-10-01,"Riverside-San Bernardino-Ontario, CA Metro Area",Total,1155000.0
2009-11-01,"Riverside-San Bernardino-Ontario, CA Metro Area",Total,1163700.0
2009-12-01,"Riverside-San Bernardino-Ontario, CA Metro Area",Total,1163800.0
2010-01-01,"Riverside-San Bernardino-Ontario, CA Metro Area",Total,1142300.0
2010-02-01,"Riverside-San Bernardino-Ontario, CA Metro Area",Total,1143300.0
2010-03-01,"Riverside-San Bernardino-Ontario, CA Metro Area",Total,1149800.0
2010-04-01,"Riverside-San Bernardino-Ontario, CA Metro Area",Total,1157700.0
2010-05-01,"Riverside-San Bernardino-Ontario, CA Metro Area",Total,1161700.0
2010-06-01,"Riverside-San Bernardino-Ontario, CA Metro Area",Total,1158400.0
2010-07-01,"Riverside-San Bernardino-Ontario, CA Metro Area",Total,1131500.0
2010-08-01,"Riverside-San Bernardino-Ontario, CA Metro Area",Total,1138400.0
2010-09-01,"Riverside-San Bernardino-Ontario, CA Metro Area",Total,1139400.0
2010-10-01,"Riverside-San Bernardino-Ontario, CA Metro Area",Total,1153000.0
2010-11-01,"Riverside-San Bernardino-Ontario, CA Metro Area",Total,1166800.0
2010-12-01,"Riverside-San Bernardino-Ontario, CA Metro Area",Total,1169000.0
2011-01-01,"Riverside-San Bernardino-Ontario, CA Metro Area",Total,1144800.0
2011-02-01,"Riverside-San Bernardino-Ontario, CA Metro Area",Total,1149400.0
2011-03-01,"Riverside-San Bernardino-Ontario, CA Metro Area",Total,1153800.0
2011-04-01,"Riverside-San Bernardino-Ontario, CA Metro Area",Total,1157700.0
2011-05-01,"Riverside-San Bernardino-Ontario, CA Metro Area",Total,1157600.0
2011-06-01,"Riverside-San Bernardino-Ontario, CA Metro Area",Total,1151500.0
2011-07-01,"Riverside-San Bernardino-Ontario, CA Metro Area",Total,1135200.0
2011-08-01,"Riverside-San Bernardino-Ontario, CA Metro Area",Total,1143200.0
2011-09-01,"Riverside-San Bernardino-Ontario, CA Metro Area",Total,1149700.0
2011-10-01,"Riverside-San Bernardino-Ontario, CA Metro Area",Total,1161000.0
2011-11-01,"Riverside-San Bernardino-Ontario, CA Metro Area",Total,1176500.0
2011-12-01,"Riverside-San Bernardino-Ontario, CA Metro Area",Total,1176800.0
2012-01-01,"Riverside-San Bernardino-Ontario, CA Metro Area",Total,1165400.0
2012-02-01,"Riverside-San Bernardino-Ontario, CA Metro Area",Total,1167600.0
2012-03-01,"Riverside-San Bernardino-Ontario, CA Metro Area",Total,1173400.0
2012-04-01,"Riverside-San Bernardino-Ontario, CA Metro Area",Total,1183400.0
2012-05-01,"Riverside-San Bernardino-Ontario, CA Metro Area",Total,1186800.0
2012-06-01,"Riverside-San Bernardino-Ontario, CA Metro Area",Total,1185900.0
2012-07-01,"Riverside-San Bernardino-Ontario, CA Metro Area",Total,1166800.0
2012-08-01,"Riverside-San Bernardino-Ontario, CA Metro Area",Total,1177200.0
2012-09-01,"Riverside-San Bernardino-Ontario, CA Metro Area",Total,1182300.0
2012-10-01,"Riverside-San Bernardino-Ontario, CA Metro Area",Total,1201200.0
2012-11-01,"Riverside-San Bernardino-Ontario, CA Metro Area",Total,1219500.0
2012-12-01,"Riverside-San Bernardino-Ontario, CA Metro Area",Total,1216800.0
2013-01-01,"Riverside-San Bernardino-Ontario, CA Metro Area",Total,1208200.0
2013-02-01,"Riverside-San Bernardino-Ontario, CA Metro Area",Total,1215100.0
2013-03-01,"Riverside-San Bernardino-Ontario, CA Metro Area",Total,1221600.0
2013-04-01,"Riverside-San Bernardino-Ontario, CA Metro Area",Total,1227000.0
2013-05-01,"Riverside-San Bernardino-Ontario, CA Metro Area",Total,1230700.0
2013-06-01,"Riverside-San Bernardino-Ontario, CA Metro Area",Total,1229900.0
2013-07-01,"Riverside-San Bernardino-Ontario, CA Metro Area",Total,1210600.0
2013-08-01,"Riverside-San Bernardino-Ontario, CA Metro Area",Total,1225800.0
2013-09-01,"Riverside-San Bernardino-Ontario, CA Metro Area",Total,1234600.0
2013-10-01,"Riverside-San Bernardino-Ontario, CA Metro Area",Total,1253100.0
2013-11-01,"Riverside-San Bernardino-Ontario, CA Metro Area",Total,1274199.99999999
2013-12-01,"Riverside-San Bernardino-Ontario, CA Metro Area",Total,1275599.99999999
2014-01-01,"Riverside-San Bernardino-Ontario, CA Metro Area",Total,1257800.0
2014-02-01,"Riverside-San Bernardino-Ontario, CA Metro Area",Total,1264199.99999999
2014-03-01,"Riverside-San Bernardino-Ontario, CA Metro Area",Total,1272000.0
2014-04-01,"Riverside-San Bernardino-Ontario, CA Metro Area",Total,1280800.0
2014-05-01,"Riverside-San Bernardino-Ontario, CA Metro Area",Total,1283000.0
2014-06-01,"Riverside-San Bernardino-Ontario, CA Metro Area",Total,1282000.0
2014-07-01,"Riverside-San Bernardino-Ontario, CA Metro Area",Total,1266200.0
2014-08-01,"Riverside-San Bernardino-Ontario, CA Metro Area",Total,1282200.0
2014-09-01,"Riverside-San Bernardino-Ontario, CA Metro Area",Total,1293000.0
2014-10-01,"Riverside-San Bernardino-Ontario, CA Metro Area",Total,1313400.0
2014-11-01,"Riverside-San Bernardino-Ontario, CA Metro Area",Total,1341100.0
2014-12-01,"Riverside-San Bernardino-Ontario, CA Metro Area",Total,1345400.0
2015-01-01,"Riverside-San Bernardino-Ontario, CA Metro Area",Total,1323900.0
2015-02-01,"Riverside-San Bernardino-Ontario, CA Metro Area",Total,1325900.0
2015-03-01,"Riverside-San Bernardino-Ontario, CA Metro Area",Total,1333000.0
2015-04-01,"Riverside-San Bernardino-Ontario, CA Metro Area",Total,1339700.0
2015-05-01,"Riverside-San Bernardino-Ontario, CA Metro Area",Total,1344700.0
2015-06-01,"Riverside-San Bernardino-Ontario, CA Metro Area",Total,1342900.0
2015-07-01,"Riverside-San Bernardino-Ontario, CA Metro Area",Total,1334900.0
2015-08-01,"Riverside-San Bernardino-Ontario, CA Metro Area",Total,1347700.0
2015-09-01,"Riverside-San Bernardino-Ontario, CA Metro Area",Total,1353000.0
2015-10-01,"Riverside-San Bernardino-Ontario, CA Metro Area",Total,1381500.0
2015-11-01,"Riverside-San Bernardino-Ontario, CA Metro Area",Total,1406500.0
2015-12-01,"Riverside-San Bernardino-Ontario, CA Metro Area",Total,1414100.0
2016-01-01,"Riverside-San Bernardino-Ontario, CA Metro Area",Total,1382400.0
2016-02-01,"Riverside-San Bernardino-Ontario, CA Metro Area",Total,1381200.0
2016-03-01,"Riverside-San Bernardino-Ontario, CA Metro Area",Total,1385000.0
2016-04-01,"Riverside-San Bernardino-Ontario, CA Metro Area",Total,1396500.0
2016-05-01,"Riverside-San Bernardino-Ontario, CA Metro Area",Total,1396600.0
2016-06-01,"Riverside-San Bernardino-Ontario, CA Metro Area",Total,1390900.0
2016-07-01,"Riverside-San Bernardino-Ontario, CA Metro Area",Total,1383900.0
2016-08-01,"Riverside-San Bernardino-Ontario, CA Metro Area",Total,1393700.0
2016-09-01,"Riverside-San Bernardino-Ontario, CA Metro Area",Total,1401900.0
2016-10-01,"Riverside-San Bernardino-Ontario, CA Metro Area",Total,1424300.0
2016-11-01,"Riverside-San Bernardino-Ontario, CA Metro Area",Total,1441900.0
2016-12-01,"Riverside-San Bernardino-Ontario, CA Metro Area",Total,1444600.0
2017-01-01,"Riverside-San Bernardino-Ontario, CA Metro Area",Total,1422900.0
2017-02-01,"Riverside-San Bernardino-Ontario, CA Metro Area",Total,1425100.0
2017-03-01,"Riverside-San Bernardino-Ontario, CA Metro Area",Total,1437400.0
2017-04-01,"Riverside-San Bernardino-Ontario, CA Metro Area",Total,1439300.0
2017-05-01,"Riverside-San Bernardino-Ontario, CA Metro Area",Total,1447200.0
2017-06-01,"Riverside-San Bernardino-Ontario, CA Metro Area",Total,1447100.0
2017-07-01,"Riverside-San Bernardino-Ontario, CA Metro Area",Total,1433100.0
2017-08-01,"Riverside-San Bernardino-Ontario, CA Metro Area",Total,1445100.0
2017-09-01,"Riverside-San Bernardino-Ontario, CA Metro Area",Total,1456400.0
2017-10-01,"Riverside-San Bernardino-Ontario, CA Metro Area",Total,1479700.0
2017-11-01,"Riverside-San Bernardino-Ontario, CA Metro Area",Total,1504099.999999999
2017-12-01,"Riverside-San Bernardino-Ontario, CA Metro Area",Total,1502800.0
2018-01-01,"Riverside-San Bernardino-Ontario, CA Metro Area",Total,1482000.0
2018-02-01,"Riverside-San Bernardino-Ontario, CA Metro Area",Total,1487900.0
2018-03-01,"Riverside-San Bernardino-Ontario, CA Metro Area",Total,1493799.999999999
2018-04-01,"Riverside-San Bernardino-Ontario, CA Metro Area",Total,1498300.0
2018-05-01,"Riverside-San Bernardino-Ontario, CA Metro Area",Total,1501800.0
2018-06-01,"Riverside-San Bernardino-Ontario, CA Metro Area",Total,1502800.0
2018-07-01,"Riverside-San Bernardino-Ontario, CA Metro Area",Total,1488400.0
2018-08-01,"Riverside-San Bernardino-Ontario, CA Metro Area",Total,1495500.0
2018-09-01,"Riverside-San Bernardino-Ontario, CA Metro Area",Total,1504700.0
2018-10-01,"Riverside-San Bernardino-Ontario, CA Metro Area",Total,1526700.0
2018-11-01,"Riverside-San Bernardino-Ontario, CA Metro Area",Total,1547600.0
2018-12-01,"Riverside-San Bernardino-Ontario, CA Metro Area",Total,1549200.0
2019-01-01,"Riverside-San Bernardino-Ontario, CA Metro Area",Total,1525300.0
2019-02-01,"Riverside-San Bernardino-Ontario, CA Metro Area",Total,1524500.0
2019-03-01,"Riverside-San Bernardino-Ontario, CA Metro Area",Total,1532100.0
2019-04-01,"Riverside-San Bernardino-Ontario, CA Metro Area",Total,1541600.0
2019-05-01,"Riverside-San Bernardino-Ontario, CA Metro Area",Total,1543700.0
2019-06-01,"Riverside-San Bernardino-Ontario, CA Metro Area",Total,1545900.0
2019-07-01,"Riverside-San Bernardino-Ontario, CA Metro Area",Total,1534200.0
2019-08-01,"Riverside-San Bernardino-Ontario, CA Metro Area",Total,1546100.0
2019-09-01,"Riverside-San Bernardino-Ontario, CA Metro Area",Total,1547000.0
2019-10-01,"Riverside-San Bernardino-Ontario, CA Metro Area",Total,1576700.0
2019-11-01,"Riverside-San Bernardino-Ontario, CA Metro Area",Total,1608200.0
2019-12-01,"Riverside-San Bernardino-Ontario, CA Metro Area",Total,1607300.0
2020-01-01,"Riverside-San Bernardino-Ontario, CA Metro Area",Total,1582700.0
2020-02-01,"Riverside-San Bernardino-Ontario, CA Metro Area",Total,1588000.0
2020-03-01,"Riverside-San Bernardino-Ontario, CA Metro Area",Total,1575500.0
2020-04-01,"Riverside-San Bernardino-Ontario, CA Metro Area",Total,1367699.999999999
2020-05-01,"Riverside-San Bernardino-Ontario, CA Metro Area",Total,1389500.0
2020-06-01,"Riverside-San Bernardino-Ontario, CA Metro Area",Total,1453700.0
2020-07-01,"Riverside-San Bernardino-Ontario, CA Metro Area",Total,1439800.0
2020-08-01,"Riverside-San Bernardino-Ontario, CA Metro Area",Total,1459600.0
2020-09-01,"Riverside-San Bernardino-Ontario, CA Metro Area",Total,1477200.0
2020-10-01,"Riverside-San Bernardino-Ontario, CA Metro Area",Total,1525100.0
2020-11-01,"Riverside-San Bernardino-Ontario, CA Metro Area",Total,1549500.0
2020-12-01,"Riverside-San Bernardino-Ontario, CA Metro Area",Total,1541500.0
2021-01-01,"Riverside-San Bernardino-Ontario, CA Metro Area",Total,1505200.0
2021-02-01,"Riverside-San Bernardino-Ontario, CA Metro Area",Total,1531200.0
2021-03-01,"Riverside-San Bernardino-Ontario, CA Metro Area",Total,1537800.0
2021-04-01,"Riverside-San Bernardino-Ontario, CA Metro Area",Total,1553900.0
2021-05-01,"Riverside-San Bernardino-Ontario, CA Metro Area",Total,1564600.0
2021-06-01,"Riverside-San Bernardino-Ontario, CA Metro Area",Total,1563600.0
2021-07-01,"Riverside-San Bernardino-Ontario, CA Metro Area",Total,1566700.0
2021-08-01,"Riverside-San Bernardino-Ontario, CA Metro Area",Total,1574900.0
2021-09-01,"Riverside-San Bernardino-Ontario, CA Metro Area",Total,1577500.0
2021-10-01,"Riverside-San Bernardino-Ontario, CA Metro Area",Total,1623900.0
2021-11-01,"Riverside-San Bernardino-Ontario, CA Metro Area",Total,1647200.0
2021-12-01,"Riverside-San Bernardino-Ontario, CA Metro Area",Total,1654800.0
2022-01-01,"Riverside-San Bernardino-Ontario, CA Metro Area",Total,1628500.0
2022-02-01,"Riverside-San Bernardino-Ontario, CA Metro Area",Total,1655600.0
2022-03-01,"Riverside-San Bernardino-Ontario, CA Metro Area",Total,1658500.0
2022-04-01,"Riverside-San Bernardino-Ontario, CA Metro Area",Total,1656400.0
2022-05-01,"Riverside-San Bernardino-Ontario, CA Metro Area",Total,1657200.0
2022-06-01,"Riverside-San Bernardino-Ontario, CA Metro Area",Total,1652900.0
2022-07-01,"Riverside-San Bernardino-Ontario, CA Metro Area",Total,1645500.0
2022-08-01,"Riverside-San Bernardino-Ontario, CA Metro Area",Total,1652100.0
2022-09-01,"Riverside-San Bernardino-Ontario, CA Metro Area",Total,1657200.0
2022-10-01,"Riverside-San Bernardino-Ontario, CA Metro Area",Total,1671400.0
2022-11-01,"Riverside-San Bernardino-Ontario, CA Metro Area",Total,1690700.0
2022-12-01,"Riverside-San Bernardino-Ontario, CA Metro Area",Total,1690999.999999999
2023-01-01,"Riverside-San Bernardino-Ontario, CA Metro Area",Total,1662500.0
2023-02-01,"Riverside-San Bernardino-Ontario, CA Metro Area",Total,1665500.0
2023-03-01,"Riverside-San Bernardino-Ontario, CA Metro Area",Total,1665699.999999999
2023-04-01,"Riverside-San Bernardino-Ontario, CA Metro Area",Total,1673500.0
2023-05-01,"Riverside-San Bernardino-Ontario, CA Metro Area",Total,1682300.0
2023-06-01,"Riverside-San Bernardino-Ontario, CA Metro Area",Total,1675700.0
2023-07-01,"Riverside-San Bernardino-Ontario, CA Metro Area",Total,1658200.0
2023-08-01,"Riverside-San Bernardino-Ontario, CA Metro Area",Total,1665500.0
2023-09-01,"Riverside-San Bernardino-Ontario, CA Metro Area",Total,1675400.0
2023-10-01,"Riverside-San Bernardino-Ontario, CA Metro Area",Total,1700800.0
2023-11-01,"Riverside-San Bernardino-Ontario, CA Metro Area",Total,1713600.0
2023-12-01,"Riverside-San Bernardino-Ontario, CA Metro Area",Total,1718500.0
2024-01-01,"Riverside-San Bernardino-Ontario, CA Metro Area",Total,1684900.0
2024-02-01,"Riverside-San Bernardino-Ontario, CA Metro Area",Total,1686500.0
2024-03-01,"Riverside-San Bernardino-Ontario, CA Metro Area",Total,1692000.0
2024-04-01,"Riverside-San Bernardino-Ontario, CA Metro Area",Total,1696400.0
2024-05-01,"Riverside-San Bernardino-Ontario, CA Metro Area",Total,1699100.0
2000-01-01,"Sacramento-Roseville-Folsom, CA Metro Area",Total,781800.0
2000-02-01,"Sacramento-Roseville-Folsom, CA Metro Area",Total,787000.0
2000-03-01,"Sacramento-Roseville-Folsom, CA Metro Area",Total,794200.0
2000-04-01,"Sacramento-Roseville-Folsom, CA Metro Area",Total,797400.0
2000-05-01,"Sacramento-Roseville-Folsom, CA Metro Area",Total,803800.0
2000-06-01,"Sacramento-Roseville-Folsom, CA Metro Area",Total,813700.0
2000-07-01,"Sacramento-Roseville-Folsom, CA Metro Area",Total,802400.0
2000-08-01,"Sacramento-Roseville-Folsom, CA Metro Area",Total,811100.0
2000-09-01,"Sacramento-Roseville-Folsom, CA Metro Area",Total,812000.0
2000-10-01,"Sacramento-Roseville-Folsom, CA Metro Area",Total,811400.0
2000-11-01,"Sacramento-Roseville-Folsom, CA Metro Area",Total,819100.0
2000-12-01,"Sacramento-Roseville-Folsom, CA Metro Area",Total,825600.0
2001-01-01,"Sacramento-Roseville-Folsom, CA Metro Area",Total,806500.0
2001-02-01,"Sacramento-Roseville-Folsom, CA Metro Area",Total,810600.0
2001-03-01,"Sacramento-Roseville-Folsom, CA Metro Area",Total,820600.0
2001-04-01,"Sacramento-Roseville-Folsom, CA Metro Area",Total,822000.0
2001-05-01,"Sacramento-Roseville-Folsom, CA Metro Area",Total,824800.0
2001-06-01,"Sacramento-Roseville-Folsom, CA Metro Area",Total,831600.0
2001-07-01,"Sacramento-Roseville-Folsom, CA Metro Area",Total,827800.0
2001-08-01,"Sacramento-Roseville-Folsom, CA Metro Area",Total,831900.0
2001-09-01,"Sacramento-Roseville-Folsom, CA Metro Area",Total,830600.0
2001-10-01,"Sacramento-Roseville-Folsom, CA Metro Area",Total,832200.0
2001-11-01,"Sacramento-Roseville-Folsom, CA Metro Area",Total,838200.0
2001-12-01,"Sacramento-Roseville-Folsom, CA Metro Area",Total,841800.0
2002-01-01,"Sacramento-Roseville-Folsom, CA Metro Area",Total,823700.0
2002-02-01,"Sacramento-Roseville-Folsom, CA Metro Area",Total,826300.0
2002-03-01,"Sacramento-Roseville-Folsom, CA Metro Area",Total,837000.0
2002-04-01,"Sacramento-Roseville-Folsom, CA Metro Area",Total,836300.0
2002-05-01,"Sacramento-Roseville-Folsom, CA Metro Area",Total,843000.0
2002-06-01,"Sacramento-Roseville-Folsom, CA Metro Area",Total,847100.0
2002-07-01,"Sacramento-Roseville-Folsom, CA Metro Area",Total,841700.0
2002-08-01,"Sacramento-Roseville-Folsom, CA Metro Area",Total,844000.0
2002-09-01,"Sacramento-Roseville-Folsom, CA Metro Area",Total,846100.0
2002-10-01,"Sacramento-Roseville-Folsom, CA Metro Area",Total,848500.0
2002-11-01,"Sacramento-Roseville-Folsom, CA Metro Area",Total,852300.0
2002-12-01,"Sacramento-Roseville-Folsom, CA Metro Area",Total,853300.0
2003-01-01,"Sacramento-Roseville-Folsom, CA Metro Area",Total,841800.0
2003-02-01,"Sacramento-Roseville-Folsom, CA Metro Area",Total,843700.0
2003-03-01,"Sacramento-Roseville-Folsom, CA Metro Area",Total,849000.0
2003-04-01,"Sacramento-Roseville-Folsom, CA Metro Area",Total,854200.0
2003-05-01,"Sacramento-Roseville-Folsom, CA Metro Area",Total,859800.0
2003-06-01,"Sacramento-Roseville-Folsom, CA Metro Area",Total,866300.0
2003-07-01,"Sacramento-Roseville-Folsom, CA Metro Area",Total,859600.0
2003-08-01,"Sacramento-Roseville-Folsom, CA Metro Area",Total,861400.0
2003-09-01,"Sacramento-Roseville-Folsom, CA Metro Area",Total,862900.0
2003-10-01,"Sacramento-Roseville-Folsom, CA Metro Area",Total,860600.0
2003-11-01,"Sacramento-Roseville-Folsom, CA Metro Area",Total,868600.0
2003-12-01,"Sacramento-Roseville-Folsom, CA Metro Area",Total,870000.0
2004-01-01,"Sacramento-Roseville-Folsom, CA Metro Area",Total,856600.0
2004-02-01,"Sacramento-Roseville-Folsom, CA Metro Area",Total,858900.0
2004-03-01,"Sacramento-Roseville-Folsom, CA Metro Area",Total,863800.0
2004-04-01,"Sacramento-Roseville-Folsom, CA Metro Area",Total,870000.0
2004-05-01,"Sacramento-Roseville-Folsom, CA Metro Area",Total,873100.0
2004-06-01,"Sacramento-Roseville-Folsom, CA Metro Area",Total,879700.0
2004-07-01,"Sacramento-Roseville-Folsom, CA Metro Area",Total,875100.0
2004-08-01,"Sacramento-Roseville-Folsom, CA Metro Area",Total,873200.0
2004-09-01,"Sacramento-Roseville-Folsom, CA Metro Area",Total,878700.0
2004-10-01,"Sacramento-Roseville-Folsom, CA Metro Area",Total,880300.0
2004-11-01,"Sacramento-Roseville-Folsom, CA Metro Area",Total,883200.0
2004-12-01,"Sacramento-Roseville-Folsom, CA Metro Area",Total,886100.0
2005-01-01,"Sacramento-Roseville-Folsom, CA Metro Area",Total,876600.0
2005-02-01,"Sacramento-Roseville-Folsom, CA Metro Area",Total,880000.0
2005-03-01,"Sacramento-Roseville-Folsom, CA Metro Area",Total,885500.0
2005-04-01,"Sacramento-Roseville-Folsom, CA Metro Area",Total,889800.0
2005-05-01,"Sacramento-Roseville-Folsom, CA Metro Area",Total,894100.0
2005-06-01,"Sacramento-Roseville-Folsom, CA Metro Area",Total,898800.0
2005-07-01,"Sacramento-Roseville-Folsom, CA Metro Area",Total,898100.0
2005-08-01,"Sacramento-Roseville-Folsom, CA Metro Area",Total,898800.0
2005-09-01,"Sacramento-Roseville-Folsom, CA Metro Area",Total,903800.0
2005-10-01,"Sacramento-Roseville-Folsom, CA Metro Area",Total,905300.0
2005-11-01,"Sacramento-Roseville-Folsom, CA Metro Area",Total,910800.0
2005-12-01,"Sacramento-Roseville-Folsom, CA Metro Area",Total,915000.0
2006-01-01,"Sacramento-Roseville-Folsom, CA Metro Area",Total,904400.0
2006-02-01,"Sacramento-Roseville-Folsom, CA Metro Area",Total,908400.0
2006-03-01,"Sacramento-Roseville-Folsom, CA Metro Area",Total,910100.0
2006-04-01,"Sacramento-Roseville-Folsom, CA Metro Area",Total,906900.0
2006-05-01,"Sacramento-Roseville-Folsom, CA Metro Area",Total,916700.0
2006-06-01,"Sacramento-Roseville-Folsom, CA Metro Area",Total,924500.0
2006-07-01,"Sacramento-Roseville-Folsom, CA Metro Area",Total,917500.0
2006-08-01,"Sacramento-Roseville-Folsom, CA Metro Area",Total,918600.0
2006-09-01,"Sacramento-Roseville-Folsom, CA Metro Area",Total,921000.0
2006-10-01,"Sacramento-Roseville-Folsom, CA Metro Area",Total,918800.0
2006-11-01,"Sacramento-Roseville-Folsom, CA Metro Area",Total,921700.0
2006-12-01,"Sacramento-Roseville-Folsom, CA Metro Area",Total,923500.0
2007-01-01,"Sacramento-Roseville-Folsom, CA Metro Area",Total,910600.0
2007-02-01,"Sacramento-Roseville-Folsom, CA Metro Area",Total,914000.0
2007-03-01,"Sacramento-Roseville-Folsom, CA Metro Area",Total,921000.0
2007-04-01,"Sacramento-Roseville-Folsom, CA Metro Area",Total,918800.0
2007-05-01,"Sacramento-Roseville-Folsom, CA Metro Area",Total,925400.0
2007-06-01,"Sacramento-Roseville-Folsom, CA Metro Area",Total,929500.0
2007-07-01,"Sacramento-Roseville-Folsom, CA Metro Area",Total,924000.0
2007-08-01,"Sacramento-Roseville-Folsom, CA Metro Area",Total,924800.0
2007-09-01,"Sacramento-Roseville-Folsom, CA Metro Area",Total,924500.0
2007-10-01,"Sacramento-Roseville-Folsom, CA Metro Area",Total,921400.0
2007-11-01,"Sacramento-Roseville-Folsom, CA Metro Area",Total,924600.0
2007-12-01,"Sacramento-Roseville-Folsom, CA Metro Area",Total,925300.0
2008-01-01,"Sacramento-Roseville-Folsom, CA Metro Area",Total,905100.0
2008-02-01,"Sacramento-Roseville-Folsom, CA Metro Area",Total,908700.0
2008-03-01,"Sacramento-Roseville-Folsom, CA Metro Area",Total,910600.0
2008-04-01,"Sacramento-Roseville-Folsom, CA Metro Area",Total,909300.0
2008-05-01,"Sacramento-Roseville-Folsom, CA Metro Area",Total,912100.0
2008-06-01,"Sacramento-Roseville-Folsom, CA Metro Area",Total,913100.0
2008-07-01,"Sacramento-Roseville-Folsom, CA Metro Area",Total,904800.0
2008-08-01,"Sacramento-Roseville-Folsom, CA Metro Area",Total,900200.0
2008-09-01,"Sacramento-Roseville-Folsom, CA Metro Area",Total,898000.0
2008-10-01,"Sacramento-Roseville-Folsom, CA Metro Area",Total,894500.0
2008-11-01,"Sacramento-Roseville-Folsom, CA Metro Area",Total,893100.0
2008-12-01,"Sacramento-Roseville-Folsom, CA Metro Area",Total,891300.0
2009-01-01,"Sacramento-Roseville-Folsom, CA Metro Area",Total,872100.0
2009-02-01,"Sacramento-Roseville-Folsom, CA Metro Area",Total,867100.0
2009-03-01,"Sacramento-Roseville-Folsom, CA Metro Area",Total,865500.0
2009-04-01,"Sacramento-Roseville-Folsom, CA Metro Area",Total,863000.0
2009-05-01,"Sacramento-Roseville-Folsom, CA Metro Area",Total,864000.0
2009-06-01,"Sacramento-Roseville-Folsom, CA Metro Area",Total,862000.0
2009-07-01,"Sacramento-Roseville-Folsom, CA Metro Area",Total,844800.0
2009-08-01,"Sacramento-Roseville-Folsom, CA Metro Area",Total,839800.0
2009-09-01,"Sacramento-Roseville-Folsom, CA Metro Area",Total,838200.0
2009-10-01,"Sacramento-Roseville-Folsom, CA Metro Area",Total,846100.0
2009-11-01,"Sacramento-Roseville-Folsom, CA Metro Area",Total,846800.0
2009-12-01,"Sacramento-Roseville-Folsom, CA Metro Area",Total,845000.0
2010-01-01,"Sacramento-Roseville-Folsom, CA Metro Area",Total,828000.0
2010-02-01,"Sacramento-Roseville-Folsom, CA Metro Area",Total,827400.0
2010-03-01,"Sacramento-Roseville-Folsom, CA Metro Area",Total,830500.0
2010-04-01,"Sacramento-Roseville-Folsom, CA Metro Area",Total,834900.0
2010-05-01,"Sacramento-Roseville-Folsom, CA Metro Area",Total,840400.0
2010-06-01,"Sacramento-Roseville-Folsom, CA Metro Area",Total,842000.0
2010-07-01,"Sacramento-Roseville-Folsom, CA Metro Area",Total,829100.0
2010-08-01,"Sacramento-Roseville-Folsom, CA Metro Area",Total,826600.0
2010-09-01,"Sacramento-Roseville-Folsom, CA Metro Area",Total,828000.0
2010-10-01,"Sacramento-Roseville-Folsom, CA Metro Area",Total,833600.0
2010-11-01,"Sacramento-Roseville-Folsom, CA Metro Area",Total,834500.0
2010-12-01,"Sacramento-Roseville-Folsom, CA Metro Area",Total,832300.0
2011-01-01,"Sacramento-Roseville-Folsom, CA Metro Area",Total,820900.0
2011-02-01,"Sacramento-Roseville-Folsom, CA Metro Area",Total,823400.0
2011-03-01,"Sacramento-Roseville-Folsom, CA Metro Area",Total,825000.0
2011-04-01,"Sacramento-Roseville-Folsom, CA Metro Area",Total,828800.0
2011-05-01,"Sacramento-Roseville-Folsom, CA Metro Area",Total,830500.0
2011-06-01,"Sacramento-Roseville-Folsom, CA Metro Area",Total,831900.0
2011-07-01,"Sacramento-Roseville-Folsom, CA Metro Area",Total,823300.0
2011-08-01,"Sacramento-Roseville-Folsom, CA Metro Area",Total,827900.0
2011-09-01,"Sacramento-Roseville-Folsom, CA Metro Area",Total,832100.0
2011-10-01,"Sacramento-Roseville-Folsom, CA Metro Area",Total,836700.0
2011-11-01,"Sacramento-Roseville-Folsom, CA Metro Area",Total,840800.0
2011-12-01,"Sacramento-Roseville-Folsom, CA Metro Area",Total,838400.0
2012-01-01,"Sacramento-Roseville-Folsom, CA Metro Area",Total,827000.0
2012-02-01,"Sacramento-Roseville-Folsom, CA Metro Area",Total,832500.0
2012-03-01,"Sacramento-Roseville-Folsom, CA Metro Area",Total,836400.0
2012-04-01,"Sacramento-Roseville-Folsom, CA Metro Area",Total,846700.0
2012-05-01,"Sacramento-Roseville-Folsom, CA Metro Area",Total,851900.0
2012-06-01,"Sacramento-Roseville-Folsom, CA Metro Area",Total,859800.0
2012-07-01,"Sacramento-Roseville-Folsom, CA Metro Area",Total,845900.0
2012-08-01,"Sacramento-Roseville-Folsom, CA Metro Area",Total,849200.0
2012-09-01,"Sacramento-Roseville-Folsom, CA Metro Area",Total,849400.0
2012-10-01,"Sacramento-Roseville-Folsom, CA Metro Area",Total,855000.0
2012-11-01,"Sacramento-Roseville-Folsom, CA Metro Area",Total,861600.0
2012-12-01,"Sacramento-Roseville-Folsom, CA Metro Area",Total,859200.0
2013-01-01,"Sacramento-Roseville-Folsom, CA Metro Area",Total,855400.0
2013-02-01,"Sacramento-Roseville-Folsom, CA Metro Area",Total,861400.0
2013-03-01,"Sacramento-Roseville-Folsom, CA Metro Area",Total,865100.0
2013-04-01,"Sacramento-Roseville-Folsom, CA Metro Area",Total,867200.0
2013-05-01,"Sacramento-Roseville-Folsom, CA Metro Area",Total,871000.0
2013-06-01,"Sacramento-Roseville-Folsom, CA Metro Area",Total,874300.0
2013-07-01,"Sacramento-Roseville-Folsom, CA Metro Area",Total,864600.0
2013-08-01,"Sacramento-Roseville-Folsom, CA Metro Area",Total,869600.0
2013-09-01,"Sacramento-Roseville-Folsom, CA Metro Area",Total,871700.0
2013-10-01,"Sacramento-Roseville-Folsom, CA Metro Area",Total,876900.0
2013-11-01,"Sacramento-Roseville-Folsom, CA Metro Area",Total,884900.0
2013-12-01,"Sacramento-Roseville-Folsom, CA Metro Area",Total,883800.0
2014-01-01,"Sacramento-Roseville-Folsom, CA Metro Area",Total,873000.0
2014-02-01,"Sacramento-Roseville-Folsom, CA Metro Area",Total,876400.0
2014-03-01,"Sacramento-Roseville-Folsom, CA Metro Area",Total,880900.0
2014-04-01,"Sacramento-Roseville-Folsom, CA Metro Area",Total,886100.0
2014-05-01,"Sacramento-Roseville-Folsom, CA Metro Area",Total,891700.0
2014-06-01,"Sacramento-Roseville-Folsom, CA Metro Area",Total,898400.0
2014-07-01,"Sacramento-Roseville-Folsom, CA Metro Area",Total,885500.0
2014-08-01,"Sacramento-Roseville-Folsom, CA Metro Area",Total,891400.0
2014-09-01,"Sacramento-Roseville-Folsom, CA Metro Area",Total,892900.0
2014-10-01,"Sacramento-Roseville-Folsom, CA Metro Area",Total,899900.0
2014-11-01,"Sacramento-Roseville-Folsom, CA Metro Area",Total,906600.0
2014-12-01,"Sacramento-Roseville-Folsom, CA Metro Area",Total,903600.0
2015-01-01,"Sacramento-Roseville-Folsom, CA Metro Area",Total,897400.0
2015-02-01,"Sacramento-Roseville-Folsom, CA Metro Area",Total,899600.0
2015-03-01,"Sacramento-Roseville-Folsom, CA Metro Area",Total,905700.0
2015-04-01,"Sacramento-Roseville-Folsom, CA Metro Area",Total,910800.0
2015-05-01,"Sacramento-Roseville-Folsom, CA Metro Area",Total,915500.0
2015-06-01,"Sacramento-Roseville-Folsom, CA Metro Area",Total,921500.0
2015-07-01,"Sacramento-Roseville-Folsom, CA Metro Area",Total,919100.0
2015-08-01,"Sacramento-Roseville-Folsom, CA Metro Area",Total,921500.0
2015-09-01,"Sacramento-Roseville-Folsom, CA Metro Area",Total,922100.0
2015-10-01,"Sacramento-Roseville-Folsom, CA Metro Area",Total,932900.0
2015-11-01,"Sacramento-Roseville-Folsom, CA Metro Area",Total,938400.0
2015-12-01,"Sacramento-Roseville-Folsom, CA Metro Area",Total,940600.0
2016-01-01,"Sacramento-Roseville-Folsom, CA Metro Area",Total,930700.0
2016-02-01,"Sacramento-Roseville-Folsom, CA Metro Area",Total,937000.0
2016-03-01,"Sacramento-Roseville-Folsom, CA Metro Area",Total,937700.0
2016-04-01,"Sacramento-Roseville-Folsom, CA Metro Area",Total,946800.0
2016-05-01,"Sacramento-Roseville-Folsom, CA Metro Area",Total,950400.0
2016-06-01,"Sacramento-Roseville-Folsom, CA Metro Area",Total,954200.0
2016-07-01,"Sacramento-Roseville-Folsom, CA Metro Area",Total,952200.0
2016-08-01,"Sacramento-Roseville-Folsom, CA Metro Area",Total,955600.0
2016-09-01,"Sacramento-Roseville-Folsom, CA Metro Area",Total,955100.0
2016-10-01,"Sacramento-Roseville-Folsom, CA Metro Area",Total,960400.0
2016-11-01,"Sacramento-Roseville-Folsom, CA Metro Area",Total,965700.0
2016-12-01,"Sacramento-Roseville-Folsom, CA Metro Area",Total,966600.0
2017-01-01,"Sacramento-Roseville-Folsom, CA Metro Area",Total,950100.0
2017-02-01,"Sacramento-Roseville-Folsom, CA Metro Area",Total,954500.0
2017-03-01,"Sacramento-Roseville-Folsom, CA Metro Area",Total,960900.0
2017-04-01,"Sacramento-Roseville-Folsom, CA Metro Area",Total,966600.0
2017-05-01,"Sacramento-Roseville-Folsom, CA Metro Area",Total,972900.0
2017-06-01,"Sacramento-Roseville-Folsom, CA Metro Area",Total,979800.0
2017-07-01,"Sacramento-Roseville-Folsom, CA Metro Area",Total,971400.0
2017-08-01,"Sacramento-Roseville-Folsom, CA Metro Area",Total,973900.0
2017-09-01,"Sacramento-Roseville-Folsom, CA Metro Area",Total,975900.0
2017-10-01,"Sacramento-Roseville-Folsom, CA Metro Area",Total,984900.0
2017-11-01,"Sacramento-Roseville-Folsom, CA Metro Area",Total,989200.0
2017-12-01,"Sacramento-Roseville-Folsom, CA Metro Area",Total,992500.0
2018-01-01,"Sacramento-Roseville-Folsom, CA Metro Area",Total,980000.0
2018-02-01,"Sacramento-Roseville-Folsom, CA Metro Area",Total,985600.0
2018-03-01,"Sacramento-Roseville-Folsom, CA Metro Area",Total,987500.0
2018-04-01,"Sacramento-Roseville-Folsom, CA Metro Area",Total,993600.0
2018-05-01,"Sacramento-Roseville-Folsom, CA Metro Area",Total,999700.0
2018-06-01,"Sacramento-Roseville-Folsom, CA Metro Area",Total,1006500.0
2018-07-01,"Sacramento-Roseville-Folsom, CA Metro Area",Total,999400.0
2018-08-01,"Sacramento-Roseville-Folsom, CA Metro Area",Total,1004700.0
2018-09-01,"Sacramento-Roseville-Folsom, CA Metro Area",Total,1004400.0
2018-10-01,"Sacramento-Roseville-Folsom, CA Metro Area",Total,1012000.0
2018-11-01,"Sacramento-Roseville-Folsom, CA Metro Area",Total,1017200.0
2018-12-01,"Sacramento-Roseville-Folsom, CA Metro Area",Total,1018500.0
2019-01-01,"Sacramento-Roseville-Folsom, CA Metro Area",Total,1004200.0
2019-02-01,"Sacramento-Roseville-Folsom, CA Metro Area",Total,1008700.0
2019-03-01,"Sacramento-Roseville-Folsom, CA Metro Area",Total,1012700.0
2019-04-01,"Sacramento-Roseville-Folsom, CA Metro Area",Total,1015400.0
2019-05-01,"Sacramento-Roseville-Folsom, CA Metro Area",Total,1021600.0
2019-06-01,"Sacramento-Roseville-Folsom, CA Metro Area",Total,1025500.0
2019-07-01,"Sacramento-Roseville-Folsom, CA Metro Area",Total,1020200.0
2019-08-01,"Sacramento-Roseville-Folsom, CA Metro Area",Total,1027600.0
2019-09-01,"Sacramento-Roseville-Folsom, CA Metro Area",Total,1024300.0
2019-10-01,"Sacramento-Roseville-Folsom, CA Metro Area",Total,1034300.0
2019-11-01,"Sacramento-Roseville-Folsom, CA Metro Area",Total,1039800.0
2019-12-01,"Sacramento-Roseville-Folsom, CA Metro Area",Total,1035400.0
2020-01-01,"Sacramento-Roseville-Folsom, CA Metro Area",Total,1025600.0
2020-02-01,"Sacramento-Roseville-Folsom, CA Metro Area",Total,1031200.0
2020-03-01,"Sacramento-Roseville-Folsom, CA Metro Area",Total,1026400.0
2020-04-01,"Sacramento-Roseville-Folsom, CA Metro Area",Total,897100.0
2020-05-01,"Sacramento-Roseville-Folsom, CA Metro Area",Total,912700.0
2020-06-01,"Sacramento-Roseville-Folsom, CA Metro Area",Total,947000.0
2020-07-01,"Sacramento-Roseville-Folsom, CA Metro Area",Total,948000.0
2020-08-01,"Sacramento-Roseville-Folsom, CA Metro Area",Total,953200.0
2020-09-01,"Sacramento-Roseville-Folsom, CA Metro Area",Total,962000.0
2020-10-01,"Sacramento-Roseville-Folsom, CA Metro Area",Total,982100.0
2020-11-01,"Sacramento-Roseville-Folsom, CA Metro Area",Total,989100.0
2020-12-01,"Sacramento-Roseville-Folsom, CA Metro Area",Total,982700.0
2021-01-01,"Sacramento-Roseville-Folsom, CA Metro Area",Total,968100.0
2021-02-01,"Sacramento-Roseville-Folsom, CA Metro Area",Total,981800.0
2021-03-01,"Sacramento-Roseville-Folsom, CA Metro Area",Total,989900.0
2021-04-01,"Sacramento-Roseville-Folsom, CA Metro Area",Total,1002500.0
2021-05-01,"Sacramento-Roseville-Folsom, CA Metro Area",Total,1007300.0
2021-06-01,"Sacramento-Roseville-Folsom, CA Metro Area",Total,1013000.0
2021-07-01,"Sacramento-Roseville-Folsom, CA Metro Area",Total,1019700.0
2021-08-01,"Sacramento-Roseville-Folsom, CA Metro Area",Total,1024000.0
2021-09-01,"Sacramento-Roseville-Folsom, CA Metro Area",Total,1020400.0
2021-10-01,"Sacramento-Roseville-Folsom, CA Metro Area",Total,1039300.0
2021-11-01,"Sacramento-Roseville-Folsom, CA Metro Area",Total,1044500.0
2021-12-01,"Sacramento-Roseville-Folsom, CA Metro Area",Total,1045100.0
2022-01-01,"Sacramento-Roseville-Folsom, CA Metro Area",Total,1029100.0
2022-02-01,"Sacramento-Roseville-Folsom, CA Metro Area",Total,1040400.0
2022-03-01,"Sacramento-Roseville-Folsom, CA Metro Area",Total,1046000.0
2022-04-01,"Sacramento-Roseville-Folsom, CA Metro Area",Total,1054600.0
2022-05-01,"Sacramento-Roseville-Folsom, CA Metro Area",Total,1058500.0
2022-06-01,"Sacramento-Roseville-Folsom, CA Metro Area",Total,1059900.0
2022-07-01,"Sacramento-Roseville-Folsom, CA Metro Area",Total,1057900.0
2022-08-01,"Sacramento-Roseville-Folsom, CA Metro Area",Total,1063000.0
2022-09-01,"Sacramento-Roseville-Folsom, CA Metro Area",Total,1060500.0
2022-10-01,"Sacramento-Roseville-Folsom, CA Metro Area",Total,1066600.0
2022-11-01,"Sacramento-Roseville-Folsom, CA Metro Area",Total,1073000.0
2022-12-01,"Sacramento-Roseville-Folsom, CA Metro Area",Total,1071800.0
2023-01-01,"Sacramento-Roseville-Folsom, CA Metro Area",Total,1051700.0
2023-02-01,"Sacramento-Roseville-Folsom, CA Metro Area",Total,1058500.0
2023-03-01,"Sacramento-Roseville-Folsom, CA Metro Area",Total,1059500.0
2023-04-01,"Sacramento-Roseville-Folsom, CA Metro Area",Total,1065300.0
2023-05-01,"Sacramento-Roseville-Folsom, CA Metro Area",Total,1074500.0
2023-06-01,"Sacramento-Roseville-Folsom, CA Metro Area",Total,1077600.0
2023-07-01,"Sacramento-Roseville-Folsom, CA Metro Area",Total,1070700.0
2023-08-01,"Sacramento-Roseville-Folsom, CA Metro Area",Total,1074900.0
2023-09-01,"Sacramento-Roseville-Folsom, CA Metro Area",Total,1075300.0
2023-10-01,"Sacramento-Roseville-Folsom, CA Metro Area",Total,1088099.999999999
2023-11-01,"Sacramento-Roseville-Folsom, CA Metro Area",Total,1095300.0
2023-12-01,"Sacramento-Roseville-Folsom, CA Metro Area",Total,1095900.0
2024-01-01,"Sacramento-Roseville-Folsom, CA Metro Area",Total,1081600.0
2024-02-01,"Sacramento-Roseville-Folsom, CA Metro Area",Total,1087300.0
2024-03-01,"Sacramento-Roseville-Folsom, CA Metro Area",Total,1090700.0
2024-04-01,"Sacramento-Roseville-Folsom, CA Metro Area",Total,1093900.0
2024-05-01,"Sacramento-Roseville-Folsom, CA Metro Area",Total,1098800.0
2000-01-01,"Salt Lake City, UT Metro Area",Total,535300.0
2000-02-01,"Salt Lake City, UT Metro Area",Total,538600.0
2000-03-01,"Salt Lake City, UT Metro Area",Total,542300.0
2000-04-01,"Salt Lake City, UT Metro Area",Total,545600.0
2000-05-01,"Salt Lake City, UT Metro Area",Total,549200.0
2000-06-01,"Salt Lake City, UT Metro Area",Total,551600.0
2000-07-01,"Salt Lake City, UT Metro Area",Total,546300.0
2000-08-01,"Salt Lake City, UT Metro Area",Total,550200.0
2000-09-01,"Salt Lake City, UT Metro Area",Total,555100.0
2000-10-01,"Salt Lake City, UT Metro Area",Total,557500.0
2000-11-01,"Salt Lake City, UT Metro Area",Total,562200.0
2000-12-01,"Salt Lake City, UT Metro Area",Total,567300.0
2001-01-01,"Salt Lake City, UT Metro Area",Total,555800.0
2001-02-01,"Salt Lake City, UT Metro Area",Total,556300.0
2001-03-01,"Salt Lake City, UT Metro Area",Total,558700.0
2001-04-01,"Salt Lake City, UT Metro Area",Total,558700.0
2001-05-01,"Salt Lake City, UT Metro Area",Total,560000.0
2001-06-01,"Salt Lake City, UT Metro Area",Total,561400.0
2001-07-01,"Salt Lake City, UT Metro Area",Total,553400.0
2001-08-01,"Salt Lake City, UT Metro Area",Total,555100.0
2001-09-01,"Salt Lake City, UT Metro Area",Total,557700.0
2001-10-01,"Salt Lake City, UT Metro Area",Total,555900.0
2001-11-01,"Salt Lake City, UT Metro Area",Total,556800.0
2001-12-01,"Salt Lake City, UT Metro Area",Total,558700.0
2002-01-01,"Salt Lake City, UT Metro Area",Total,548500.0
2002-02-01,"Salt Lake City, UT Metro Area",Total,553300.0
2002-03-01,"Salt Lake City, UT Metro Area",Total,545600.0
2002-04-01,"Salt Lake City, UT Metro Area",Total,546000.0
2002-05-01,"Salt Lake City, UT Metro Area",Total,545700.0
2002-06-01,"Salt Lake City, UT Metro Area",Total,547000.0
2002-07-01,"Salt Lake City, UT Metro Area",Total,542200.0
2002-08-01,"Salt Lake City, UT Metro Area",Total,543000.0
2002-09-01,"Salt Lake City, UT Metro Area",Total,545000.0
2002-10-01,"Salt Lake City, UT Metro Area",Total,545800.0
2002-11-01,"Salt Lake City, UT Metro Area",Total,549000.0
2002-12-01,"Salt Lake City, UT Metro Area",Total,549500.0
2003-01-01,"Salt Lake City, UT Metro Area",Total,534500.0
2003-02-01,"Salt Lake City, UT Metro Area",Total,534300.0
2003-03-01,"Salt Lake City, UT Metro Area",Total,534700.0
2003-04-01,"Salt Lake City, UT Metro Area",Total,537000.0
2003-05-01,"Salt Lake City, UT Metro Area",Total,539000.0
2003-06-01,"Salt Lake City, UT Metro Area",Total,539800.0
2003-07-01,"Salt Lake City, UT Metro Area",Total,536900.0
2003-08-01,"Salt Lake City, UT Metro Area",Total,539700.0
2003-09-01,"Salt Lake City, UT Metro Area",Total,540900.0
2003-10-01,"Salt Lake City, UT Metro Area",Total,543200.0
2003-11-01,"Salt Lake City, UT Metro Area",Total,545700.0
2003-12-01,"Salt Lake City, UT Metro Area",Total,548900.0
2004-01-01,"Salt Lake City, UT Metro Area",Total,534400.0
2004-02-01,"Salt Lake City, UT Metro Area",Total,535900.0
2004-03-01,"Salt Lake City, UT Metro Area",Total,538700.0
2004-04-01,"Salt Lake City, UT Metro Area",Total,543600.0
2004-05-01,"Salt Lake City, UT Metro Area",Total,544400.0
2004-06-01,"Salt Lake City, UT Metro Area",Total,548200.0
2004-07-01,"Salt Lake City, UT Metro Area",Total,546700.0
2004-08-01,"Salt Lake City, UT Metro Area",Total,549100.0
2004-09-01,"Salt Lake City, UT Metro Area",Total,550900.0
2004-10-01,"Salt Lake City, UT Metro Area",Total,553800.0
2004-11-01,"Salt Lake City, UT Metro Area",Total,558400.0
2004-12-01,"Salt Lake City, UT Metro Area",Total,562400.0
2005-01-01,"Salt Lake City, UT Metro Area",Total,550900.0
2005-02-01,"Salt Lake City, UT Metro Area",Total,553600.0
2005-03-01,"Salt Lake City, UT Metro Area",Total,555500.0
2005-04-01,"Salt Lake City, UT Metro Area",Total,563100.0
2005-05-01,"Salt Lake City, UT Metro Area",Total,564100.0
2005-06-01,"Salt Lake City, UT Metro Area",Total,567700.0
2005-07-01,"Salt Lake City, UT Metro Area",Total,568500.0
2005-08-01,"Salt Lake City, UT Metro Area",Total,572900.0
2005-09-01,"Salt Lake City, UT Metro Area",Total,576100.0
2005-10-01,"Salt Lake City, UT Metro Area",Total,577400.0
2005-11-01,"Salt Lake City, UT Metro Area",Total,582400.0
2005-12-01,"Salt Lake City, UT Metro Area",Total,586700.0
2006-01-01,"Salt Lake City, UT Metro Area",Total,574300.0
2006-02-01,"Salt Lake City, UT Metro Area",Total,578200.0
2006-03-01,"Salt Lake City, UT Metro Area",Total,582800.0
2006-04-01,"Salt Lake City, UT Metro Area",Total,586500.0
2006-05-01,"Salt Lake City, UT Metro Area",Total,590100.0
2006-06-01,"Salt Lake City, UT Metro Area",Total,595900.0
2006-07-01,"Salt Lake City, UT Metro Area",Total,593000.0
2006-08-01,"Salt Lake City, UT Metro Area",Total,598300.0
2006-09-01,"Salt Lake City, UT Metro Area",Total,600700.0
2006-10-01,"Salt Lake City, UT Metro Area",Total,601300.0
2006-11-01,"Salt Lake City, UT Metro Area",Total,607800.0
2006-12-01,"Salt Lake City, UT Metro Area",Total,612299.9999999991
2007-01-01,"Salt Lake City, UT Metro Area",Total,601400.0
2007-02-01,"Salt Lake City, UT Metro Area",Total,604000.0
2007-03-01,"Salt Lake City, UT Metro Area",Total,608399.9999999991
2007-04-01,"Salt Lake City, UT Metro Area",Total,611000.0
2007-05-01,"Salt Lake City, UT Metro Area",Total,614800.0
2007-06-01,"Salt Lake City, UT Metro Area",Total,619100.0
2007-07-01,"Salt Lake City, UT Metro Area",Total,614800.0
2007-08-01,"Salt Lake City, UT Metro Area",Total,619000.0
2007-09-01,"Salt Lake City, UT Metro Area",Total,619300.0
2007-10-01,"Salt Lake City, UT Metro Area",Total,620400.0
2007-11-01,"Salt Lake City, UT Metro Area",Total,625200.0
2007-12-01,"Salt Lake City, UT Metro Area",Total,627900.0
2008-01-01,"Salt Lake City, UT Metro Area",Total,613900.0
2008-02-01,"Salt Lake City, UT Metro Area",Total,615200.0
2008-03-01,"Salt Lake City, UT Metro Area",Total,617200.0
2008-04-01,"Salt Lake City, UT Metro Area",Total,619300.0
2008-05-01,"Salt Lake City, UT Metro Area",Total,619800.0
2008-06-01,"Salt Lake City, UT Metro Area",Total,621800.0
2008-07-01,"Salt Lake City, UT Metro Area",Total,617500.0
2008-08-01,"Salt Lake City, UT Metro Area",Total,621300.0
2008-09-01,"Salt Lake City, UT Metro Area",Total,620800.0
2008-10-01,"Salt Lake City, UT Metro Area",Total,618800.0
2008-11-01,"Salt Lake City, UT Metro Area",Total,616999.9999999991
2008-12-01,"Salt Lake City, UT Metro Area",Total,616500.0
2009-01-01,"Salt Lake City, UT Metro Area",Total,595600.0
2009-02-01,"Salt Lake City, UT Metro Area",Total,592200.0
2009-03-01,"Salt Lake City, UT Metro Area",Total,590900.0
2009-04-01,"Salt Lake City, UT Metro Area",Total,588400.0
2009-05-01,"Salt Lake City, UT Metro Area",Total,588900.0
2009-06-01,"Salt Lake City, UT Metro Area",Total,588600.0
2009-07-01,"Salt Lake City, UT Metro Area",Total,582100.0
2009-08-01,"Salt Lake City, UT Metro Area",Total,584000.0
2009-09-01,"Salt Lake City, UT Metro Area",Total,586200.0
2009-10-01,"Salt Lake City, UT Metro Area",Total,587700.0
2009-11-01,"Salt Lake City, UT Metro Area",Total,588700.0
2009-12-01,"Salt Lake City, UT Metro Area",Total,591100.0
2010-01-01,"Salt Lake City, UT Metro Area",Total,576900.0
2010-02-01,"Salt Lake City, UT Metro Area",Total,576500.0
2010-03-01,"Salt Lake City, UT Metro Area",Total,580700.0
2010-04-01,"Salt Lake City, UT Metro Area",Total,584000.0
2010-05-01,"Salt Lake City, UT Metro Area",Total,586900.0
2010-06-01,"Salt Lake City, UT Metro Area",Total,588500.0
2010-07-01,"Salt Lake City, UT Metro Area",Total,586400.0
2010-08-01,"Salt Lake City, UT Metro Area",Total,587700.0
2010-09-01,"Salt Lake City, UT Metro Area",Total,590500.0
2010-10-01,"Salt Lake City, UT Metro Area",Total,594500.0
2010-11-01,"Salt Lake City, UT Metro Area",Total,597300.0
2010-12-01,"Salt Lake City, UT Metro Area",Total,598500.0
2011-01-01,"Salt Lake City, UT Metro Area",Total,585500.0
2011-02-01,"Salt Lake City, UT Metro Area",Total,587000.0
2011-03-01,"Salt Lake City, UT Metro Area",Total,590000.0
2011-04-01,"Salt Lake City, UT Metro Area",Total,594800.0
2011-05-01,"Salt Lake City, UT Metro Area",Total,595200.0
2011-06-01,"Salt Lake City, UT Metro Area",Total,597800.0
2011-07-01,"Salt Lake City, UT Metro Area",Total,596300.0
2011-08-01,"Salt Lake City, UT Metro Area",Total,600300.0
2011-09-01,"Salt Lake City, UT Metro Area",Total,603700.0
2011-10-01,"Salt Lake City, UT Metro Area",Total,604800.0
2011-11-01,"Salt Lake City, UT Metro Area",Total,609300.0
2011-12-01,"Salt Lake City, UT Metro Area",Total,610600.0
2012-01-01,"Salt Lake City, UT Metro Area",Total,601100.0
2012-02-01,"Salt Lake City, UT Metro Area",Total,604000.0
2012-03-01,"Salt Lake City, UT Metro Area",Total,607500.0
2012-04-01,"Salt Lake City, UT Metro Area",Total,617300.0
2012-05-01,"Salt Lake City, UT Metro Area",Total,621800.0
2012-06-01,"Salt Lake City, UT Metro Area",Total,624400.0
2012-07-01,"Salt Lake City, UT Metro Area",Total,616300.0
2012-08-01,"Salt Lake City, UT Metro Area",Total,621000.0
2012-09-01,"Salt Lake City, UT Metro Area",Total,625000.0
2012-10-01,"Salt Lake City, UT Metro Area",Total,629100.0
2012-11-01,"Salt Lake City, UT Metro Area",Total,635600.0
2012-12-01,"Salt Lake City, UT Metro Area",Total,635800.0
2013-01-01,"Salt Lake City, UT Metro Area",Total,624700.0
2013-02-01,"Salt Lake City, UT Metro Area",Total,628500.0
2013-03-01,"Salt Lake City, UT Metro Area",Total,631900.0
2013-04-01,"Salt Lake City, UT Metro Area",Total,636300.0
2013-05-01,"Salt Lake City, UT Metro Area",Total,637600.0
2013-06-01,"Salt Lake City, UT Metro Area",Total,639200.0
2013-07-01,"Salt Lake City, UT Metro Area",Total,634500.0
2013-08-01,"Salt Lake City, UT Metro Area",Total,637700.0
2013-09-01,"Salt Lake City, UT Metro Area",Total,640600.0
2013-10-01,"Salt Lake City, UT Metro Area",Total,647200.0
2013-11-01,"Salt Lake City, UT Metro Area",Total,652900.0
2013-12-01,"Salt Lake City, UT Metro Area",Total,654200.0
2014-01-01,"Salt Lake City, UT Metro Area",Total,640400.0
2014-02-01,"Salt Lake City, UT Metro Area",Total,643000.0
2014-03-01,"Salt Lake City, UT Metro Area",Total,645500.0
2014-04-01,"Salt Lake City, UT Metro Area",Total,649600.0
2014-05-01,"Salt Lake City, UT Metro Area",Total,651000.0
2014-06-01,"Salt Lake City, UT Metro Area",Total,654300.0
2014-07-01,"Salt Lake City, UT Metro Area",Total,646300.0
2014-08-01,"Salt Lake City, UT Metro Area",Total,651700.0
2014-09-01,"Salt Lake City, UT Metro Area",Total,656500.0
2014-10-01,"Salt Lake City, UT Metro Area",Total,661400.0
2014-11-01,"Salt Lake City, UT Metro Area",Total,667100.0
2014-12-01,"Salt Lake City, UT Metro Area",Total,669400.0
2015-01-01,"Salt Lake City, UT Metro Area",Total,658900.0
2015-02-01,"Salt Lake City, UT Metro Area",Total,662200.0
2015-03-01,"Salt Lake City, UT Metro Area",Total,666800.0
2015-04-01,"Salt Lake City, UT Metro Area",Total,668500.0
2015-05-01,"Salt Lake City, UT Metro Area",Total,672700.0
2015-06-01,"Salt Lake City, UT Metro Area",Total,674500.0
2015-07-01,"Salt Lake City, UT Metro Area",Total,672500.0
2015-08-01,"Salt Lake City, UT Metro Area",Total,675700.0
2015-09-01,"Salt Lake City, UT Metro Area",Total,679800.0
2015-10-01,"Salt Lake City, UT Metro Area",Total,686800.0
2015-11-01,"Salt Lake City, UT Metro Area",Total,691000.0
2015-12-01,"Salt Lake City, UT Metro Area",Total,694200.0
2016-01-01,"Salt Lake City, UT Metro Area",Total,681000.0
2016-02-01,"Salt Lake City, UT Metro Area",Total,686300.0
2016-03-01,"Salt Lake City, UT Metro Area",Total,689700.0
2016-04-01,"Salt Lake City, UT Metro Area",Total,693300.0
2016-05-01,"Salt Lake City, UT Metro Area",Total,695500.0
2016-06-01,"Salt Lake City, UT Metro Area",Total,697700.0
2016-07-01,"Salt Lake City, UT Metro Area",Total,697600.0
2016-08-01,"Salt Lake City, UT Metro Area",Total,699700.0
2016-09-01,"Salt Lake City, UT Metro Area",Total,705000.0
2016-10-01,"Salt Lake City, UT Metro Area",Total,707600.0
2016-11-01,"Salt Lake City, UT Metro Area",Total,710600.0
2016-12-01,"Salt Lake City, UT Metro Area",Total,711300.0
2017-01-01,"Salt Lake City, UT Metro Area",Total,700800.0
2017-02-01,"Salt Lake City, UT Metro Area",Total,704400.0
2017-03-01,"Salt Lake City, UT Metro Area",Total,707300.0
2017-04-01,"Salt Lake City, UT Metro Area",Total,709100.0
2017-05-01,"Salt Lake City, UT Metro Area",Total,712000.0
2017-06-01,"Salt Lake City, UT Metro Area",Total,715600.0
2017-07-01,"Salt Lake City, UT Metro Area",Total,709700.0
2017-08-01,"Salt Lake City, UT Metro Area",Total,713600.0
2017-09-01,"Salt Lake City, UT Metro Area",Total,718700.0
2017-10-01,"Salt Lake City, UT Metro Area",Total,724000.0
2017-11-01,"Salt Lake City, UT Metro Area",Total,729700.0
2017-12-01,"Salt Lake City, UT Metro Area",Total,732100.0
2018-01-01,"Salt Lake City, UT Metro Area",Total,714800.0
2018-02-01,"Salt Lake City, UT Metro Area",Total,721000.0
2018-03-01,"Salt Lake City, UT Metro Area",Total,722900.0
2018-04-01,"Salt Lake City, UT Metro Area",Total,726300.0
2018-05-01,"Salt Lake City, UT Metro Area",Total,729200.0
2018-06-01,"Salt Lake City, UT Metro Area",Total,734300.0
2018-07-01,"Salt Lake City, UT Metro Area",Total,730300.0
2018-08-01,"Salt Lake City, UT Metro Area",Total,733800.0
2018-09-01,"Salt Lake City, UT Metro Area",Total,738300.0
2018-10-01,"Salt Lake City, UT Metro Area",Total,742800.0
2018-11-01,"Salt Lake City, UT Metro Area",Total,748700.0
2018-12-01,"Salt Lake City, UT Metro Area",Total,749800.0
2019-01-01,"Salt Lake City, UT Metro Area",Total,734500.0
2019-02-01,"Salt Lake City, UT Metro Area",Total,738900.0
2019-03-01,"Salt Lake City, UT Metro Area",Total,741600.0
2019-04-01,"Salt Lake City, UT Metro Area",Total,750100.0
2019-05-01,"Salt Lake City, UT Metro Area",Total,753800.0
2019-06-01,"Salt Lake City, UT Metro Area",Total,754000.0
2019-07-01,"Salt Lake City, UT Metro Area",Total,748400.0
2019-08-01,"Salt Lake City, UT Metro Area",Total,754300.0
2019-09-01,"Salt Lake City, UT Metro Area",Total,757900.0
2019-10-01,"Salt Lake City, UT Metro Area",Total,763300.0
2019-11-01,"Salt Lake City, UT Metro Area",Total,768200.0
2019-12-01,"Salt Lake City, UT Metro Area",Total,767700.0
2020-01-01,"Salt Lake City, UT Metro Area",Total,752700.0
2020-02-01,"Salt Lake City, UT Metro Area",Total,758700.0
2020-03-01,"Salt Lake City, UT Metro Area",Total,756700.0
2020-04-01,"Salt Lake City, UT Metro Area",Total,693100.0
2020-05-01,"Salt Lake City, UT Metro Area",Total,710800.0
2020-06-01,"Salt Lake City, UT Metro Area",Total,719600.0
2020-07-01,"Salt Lake City, UT Metro Area",Total,724200.0
2020-08-01,"Salt Lake City, UT Metro Area",Total,732100.0
2020-09-01,"Salt Lake City, UT Metro Area",Total,736900.0
2020-10-01,"Salt Lake City, UT Metro Area",Total,749300.0
2020-11-01,"Salt Lake City, UT Metro Area",Total,753800.0
2020-12-01,"Salt Lake City, UT Metro Area",Total,757000.0
2021-01-01,"Salt Lake City, UT Metro Area",Total,748600.0
2021-02-01,"Salt Lake City, UT Metro Area",Total,753100.0
2021-03-01,"Salt Lake City, UT Metro Area",Total,755500.0
2021-04-01,"Salt Lake City, UT Metro Area",Total,760900.0
2021-05-01,"Salt Lake City, UT Metro Area",Total,762800.0
2021-06-01,"Salt Lake City, UT Metro Area",Total,768300.0
2021-07-01,"Salt Lake City, UT Metro Area",Total,769600.0
2021-08-01,"Salt Lake City, UT Metro Area",Total,773600.0
2021-09-01,"Salt Lake City, UT Metro Area",Total,771900.0
2021-10-01,"Salt Lake City, UT Metro Area",Total,781800.0
2021-11-01,"Salt Lake City, UT Metro Area",Total,787000.0
2021-12-01,"Salt Lake City, UT Metro Area",Total,789600.0
2022-01-01,"Salt Lake City, UT Metro Area",Total,778400.0
2022-02-01,"Salt Lake City, UT Metro Area",Total,786800.0
2022-03-01,"Salt Lake City, UT Metro Area",Total,789400.0
2022-04-01,"Salt Lake City, UT Metro Area",Total,795000.0
2022-05-01,"Salt Lake City, UT Metro Area",Total,797600.0
2022-06-01,"Salt Lake City, UT Metro Area",Total,800900.0
2022-07-01,"Salt Lake City, UT Metro Area",Total,802700.0
2022-08-01,"Salt Lake City, UT Metro Area",Total,807600.0
2022-09-01,"Salt Lake City, UT Metro Area",Total,809300.0
2022-10-01,"Salt Lake City, UT Metro Area",Total,811800.0
2022-11-01,"Salt Lake City, UT Metro Area",Total,815100.0
2022-12-01,"Salt Lake City, UT Metro Area",Total,813500.0
2023-01-01,"Salt Lake City, UT Metro Area",Total,803000.0
2023-02-01,"Salt Lake City, UT Metro Area",Total,808000.0
2023-03-01,"Salt Lake City, UT Metro Area",Total,808300.0
2023-04-01,"Salt Lake City, UT Metro Area",Total,813300.0
2023-05-01,"Salt Lake City, UT Metro Area",Total,817300.0
2023-06-01,"Salt Lake City, UT Metro Area",Total,823000.0
2023-07-01,"Salt Lake City, UT Metro Area",Total,817500.0
2023-08-01,"Salt Lake City, UT Metro Area",Total,821900.0
2023-09-01,"Salt Lake City, UT Metro Area",Total,824400.0
2023-10-01,"Salt Lake City, UT Metro Area",Total,830000.0
2023-11-01,"Salt Lake City, UT Metro Area",Total,832600.0
2023-12-01,"Salt Lake City, UT Metro Area",Total,830400.0
2024-01-01,"Salt Lake City, UT Metro Area",Total,819000.0
2024-02-01,"Salt Lake City, UT Metro Area",Total,820600.0
2024-03-01,"Salt Lake City, UT Metro Area",Total,823000.0
2024-04-01,"Salt Lake City, UT Metro Area",Total,828300.0
2024-05-01,"Salt Lake City, UT Metro Area",Total,835100.0
2000-01-01,"San Antonio-New Braunfels, TX Metro Area",Total,735200.0
2000-02-01,"San Antonio-New Braunfels, TX Metro Area",Total,742700.0
2000-03-01,"San Antonio-New Braunfels, TX Metro Area",Total,746400.0
2000-04-01,"San Antonio-New Braunfels, TX Metro Area",Total,752500.0
2000-05-01,"San Antonio-New Braunfels, TX Metro Area",Total,760000.0
2000-06-01,"San Antonio-New Braunfels, TX Metro Area",Total,759900.0
2000-07-01,"San Antonio-New Braunfels, TX Metro Area",Total,753400.0
2000-08-01,"San Antonio-New Braunfels, TX Metro Area",Total,755600.0
2000-09-01,"San Antonio-New Braunfels, TX Metro Area",Total,761400.0
2000-10-01,"San Antonio-New Braunfels, TX Metro Area",Total,757500.0
2000-11-01,"San Antonio-New Braunfels, TX Metro Area",Total,759000.0
2000-12-01,"San Antonio-New Braunfels, TX Metro Area",Total,763000.0
2001-01-01,"San Antonio-New Braunfels, TX Metro Area",Total,745700.0
2001-02-01,"San Antonio-New Braunfels, TX Metro Area",Total,754800.0
2001-03-01,"San Antonio-New Braunfels, TX Metro Area",Total,761600.0
2001-04-01,"San Antonio-New Braunfels, TX Metro Area",Total,762500.0
2001-05-01,"San Antonio-New Braunfels, TX Metro Area",Total,769100.0
2001-06-01,"San Antonio-New Braunfels, TX Metro Area",Total,772800.0
2001-07-01,"San Antonio-New Braunfels, TX Metro Area",Total,762300.0
2001-08-01,"San Antonio-New Braunfels, TX Metro Area",Total,767400.0
2001-09-01,"San Antonio-New Braunfels, TX Metro Area",Total,765800.0
2001-10-01,"San Antonio-New Braunfels, TX Metro Area",Total,759300.0
2001-11-01,"San Antonio-New Braunfels, TX Metro Area",Total,758700.0
2001-12-01,"San Antonio-New Braunfels, TX Metro Area",Total,760100.0
2002-01-01,"San Antonio-New Braunfels, TX Metro Area",Total,744500.0
2002-02-01,"San Antonio-New Braunfels, TX Metro Area",Total,752200.0
2002-03-01,"San Antonio-New Braunfels, TX Metro Area",Total,758800.0
2002-04-01,"San Antonio-New Braunfels, TX Metro Area",Total,763500.0
2002-05-01,"San Antonio-New Braunfels, TX Metro Area",Total,769600.0
2002-06-01,"San Antonio-New Braunfels, TX Metro Area",Total,767900.0
2002-07-01,"San Antonio-New Braunfels, TX Metro Area",Total,759600.0
2002-08-01,"San Antonio-New Braunfels, TX Metro Area",Total,765200.0
2002-09-01,"San Antonio-New Braunfels, TX Metro Area",Total,769300.0
2002-10-01,"San Antonio-New Braunfels, TX Metro Area",Total,766000.0
2002-11-01,"San Antonio-New Braunfels, TX Metro Area",Total,766900.0
2002-12-01,"San Antonio-New Braunfels, TX Metro Area",Total,766700.0
2003-01-01,"San Antonio-New Braunfels, TX Metro Area",Total,746800.0
2003-02-01,"San Antonio-New Braunfels, TX Metro Area",Total,753000.0
2003-03-01,"San Antonio-New Braunfels, TX Metro Area",Total,759200.0
2003-04-01,"San Antonio-New Braunfels, TX Metro Area",Total,760700.0
2003-05-01,"San Antonio-New Braunfels, TX Metro Area",Total,764000.0
2003-06-01,"San Antonio-New Braunfels, TX Metro Area",Total,763900.0
2003-07-01,"San Antonio-New Braunfels, TX Metro Area",Total,756100.0
2003-08-01,"San Antonio-New Braunfels, TX Metro Area",Total,760200.0
2003-09-01,"San Antonio-New Braunfels, TX Metro Area",Total,761100.0
2003-10-01,"San Antonio-New Braunfels, TX Metro Area",Total,764100.0
2003-11-01,"San Antonio-New Braunfels, TX Metro Area",Total,766000.0
2003-12-01,"San Antonio-New Braunfels, TX Metro Area",Total,766200.0
2004-01-01,"San Antonio-New Braunfels, TX Metro Area",Total,749700.0
2004-02-01,"San Antonio-New Braunfels, TX Metro Area",Total,757500.0
2004-03-01,"San Antonio-New Braunfels, TX Metro Area",Total,764500.0
2004-04-01,"San Antonio-New Braunfels, TX Metro Area",Total,768300.0
2004-05-01,"San Antonio-New Braunfels, TX Metro Area",Total,772200.0
2004-06-01,"San Antonio-New Braunfels, TX Metro Area",Total,774100.0
2004-07-01,"San Antonio-New Braunfels, TX Metro Area",Total,768700.0
2004-08-01,"San Antonio-New Braunfels, TX Metro Area",Total,773500.0
2004-09-01,"San Antonio-New Braunfels, TX Metro Area",Total,773600.0
2004-10-01,"San Antonio-New Braunfels, TX Metro Area",Total,773600.0
2004-11-01,"San Antonio-New Braunfels, TX Metro Area",Total,774700.0
2004-12-01,"San Antonio-New Braunfels, TX Metro Area",Total,775100.0
2005-01-01,"San Antonio-New Braunfels, TX Metro Area",Total,764900.0
2005-02-01,"San Antonio-New Braunfels, TX Metro Area",Total,774300.0
2005-03-01,"San Antonio-New Braunfels, TX Metro Area",Total,780500.0
2005-04-01,"San Antonio-New Braunfels, TX Metro Area",Total,787300.0
2005-05-01,"San Antonio-New Braunfels, TX Metro Area",Total,792500.0
2005-06-01,"San Antonio-New Braunfels, TX Metro Area",Total,794600.0
2005-07-01,"San Antonio-New Braunfels, TX Metro Area",Total,790500.0
2005-08-01,"San Antonio-New Braunfels, TX Metro Area",Total,794600.0
2005-09-01,"San Antonio-New Braunfels, TX Metro Area",Total,799500.0
2005-10-01,"San Antonio-New Braunfels, TX Metro Area",Total,801600.0
2005-11-01,"San Antonio-New Braunfels, TX Metro Area",Total,805600.0
2005-12-01,"San Antonio-New Braunfels, TX Metro Area",Total,808500.0
2006-01-01,"San Antonio-New Braunfels, TX Metro Area",Total,795400.0
2006-02-01,"San Antonio-New Braunfels, TX Metro Area",Total,803600.0
2006-03-01,"San Antonio-New Braunfels, TX Metro Area",Total,812600.0
2006-04-01,"San Antonio-New Braunfels, TX Metro Area",Total,819000.0
2006-05-01,"San Antonio-New Braunfels, TX Metro Area",Total,824400.0
2006-06-01,"San Antonio-New Braunfels, TX Metro Area",Total,827200.0
2006-07-01,"San Antonio-New Braunfels, TX Metro Area",Total,820000.0
2006-08-01,"San Antonio-New Braunfels, TX Metro Area",Total,824500.0
2006-09-01,"San Antonio-New Braunfels, TX Metro Area",Total,829100.0
2006-10-01,"San Antonio-New Braunfels, TX Metro Area",Total,830600.0
2006-11-01,"San Antonio-New Braunfels, TX Metro Area",Total,833400.0
2006-12-01,"San Antonio-New Braunfels, TX Metro Area",Total,835600.0
2007-01-01,"San Antonio-New Braunfels, TX Metro Area",Total,818200.0
2007-02-01,"San Antonio-New Braunfels, TX Metro Area",Total,829400.0
2007-03-01,"San Antonio-New Braunfels, TX Metro Area",Total,835700.0
2007-04-01,"San Antonio-New Braunfels, TX Metro Area",Total,839600.0
2007-05-01,"San Antonio-New Braunfels, TX Metro Area",Total,847600.0
2007-06-01,"San Antonio-New Braunfels, TX Metro Area",Total,850100.0
2007-07-01,"San Antonio-New Braunfels, TX Metro Area",Total,844200.0
2007-08-01,"San Antonio-New Braunfels, TX Metro Area",Total,847300.0
2007-09-01,"San Antonio-New Braunfels, TX Metro Area",Total,851000.0
2007-10-01,"San Antonio-New Braunfels, TX Metro Area",Total,852100.0
2007-11-01,"San Antonio-New Braunfels, TX Metro Area",Total,858600.0
2007-12-01,"San Antonio-New Braunfels, TX Metro Area",Total,862500.0
2008-01-01,"San Antonio-New Braunfels, TX Metro Area",Total,845700.0
2008-02-01,"San Antonio-New Braunfels, TX Metro Area",Total,855800.0
2008-03-01,"San Antonio-New Braunfels, TX Metro Area",Total,860900.0
2008-04-01,"San Antonio-New Braunfels, TX Metro Area",Total,865900.0
2008-05-01,"San Antonio-New Braunfels, TX Metro Area",Total,870600.0
2008-06-01,"San Antonio-New Braunfels, TX Metro Area",Total,871200.0
2008-07-01,"San Antonio-New Braunfels, TX Metro Area",Total,862900.0
2008-08-01,"San Antonio-New Braunfels, TX Metro Area",Total,864600.0
2008-09-01,"San Antonio-New Braunfels, TX Metro Area",Total,864600.0
2008-10-01,"San Antonio-New Braunfels, TX Metro Area",Total,866400.0
2008-11-01,"San Antonio-New Braunfels, TX Metro Area",Total,867700.0
2008-12-01,"San Antonio-New Braunfels, TX Metro Area",Total,866100.0
2009-01-01,"San Antonio-New Braunfels, TX Metro Area",Total,842500.0
2009-02-01,"San Antonio-New Braunfels, TX Metro Area",Total,847300.0
2009-03-01,"San Antonio-New Braunfels, TX Metro Area",Total,848500.0
2009-04-01,"San Antonio-New Braunfels, TX Metro Area",Total,849900.0
2009-05-01,"San Antonio-New Braunfels, TX Metro Area",Total,851900.0
2009-06-01,"San Antonio-New Braunfels, TX Metro Area",Total,853100.0
2009-07-01,"San Antonio-New Braunfels, TX Metro Area",Total,842700.0
2009-08-01,"San Antonio-New Braunfels, TX Metro Area",Total,842200.0
2009-09-01,"San Antonio-New Braunfels, TX Metro Area",Total,843200.0
2009-10-01,"San Antonio-New Braunfels, TX Metro Area",Total,847600.0
2009-11-01,"San Antonio-New Braunfels, TX Metro Area",Total,851600.0
2009-12-01,"San Antonio-New Braunfels, TX Metro Area",Total,852600.0
2010-01-01,"San Antonio-New Braunfels, TX Metro Area",Total,836400.0
2010-02-01,"San Antonio-New Braunfels, TX Metro Area",Total,844400.0
2010-03-01,"San Antonio-New Braunfels, TX Metro Area",Total,851300.0
2010-04-01,"San Antonio-New Braunfels, TX Metro Area",Total,855600.0
2010-05-01,"San Antonio-New Braunfels, TX Metro Area",Total,863000.0
2010-06-01,"San Antonio-New Braunfels, TX Metro Area",Total,862700.0
2010-07-01,"San Antonio-New Braunfels, TX Metro Area",Total,851600.0
2010-08-01,"San Antonio-New Braunfels, TX Metro Area",Total,853200.0
2010-09-01,"San Antonio-New Braunfels, TX Metro Area",Total,853700.0
2010-10-01,"San Antonio-New Braunfels, TX Metro Area",Total,861100.0
2010-11-01,"San Antonio-New Braunfels, TX Metro Area",Total,862600.0
2010-12-01,"San Antonio-New Braunfels, TX Metro Area",Total,864700.0
2011-01-01,"San Antonio-New Braunfels, TX Metro Area",Total,849700.0
2011-02-01,"San Antonio-New Braunfels, TX Metro Area",Total,856800.0
2011-03-01,"San Antonio-New Braunfels, TX Metro Area",Total,865000.0
2011-04-01,"San Antonio-New Braunfels, TX Metro Area",Total,871000.0
2011-05-01,"San Antonio-New Braunfels, TX Metro Area",Total,874400.0
2011-06-01,"San Antonio-New Braunfels, TX Metro Area",Total,875600.0
2011-07-01,"San Antonio-New Braunfels, TX Metro Area",Total,871400.0
2011-08-01,"San Antonio-New Braunfels, TX Metro Area",Total,873400.0
2011-09-01,"San Antonio-New Braunfels, TX Metro Area",Total,876100.0
2011-10-01,"San Antonio-New Braunfels, TX Metro Area",Total,877500.0
2011-11-01,"San Antonio-New Braunfels, TX Metro Area",Total,880600.0
2011-12-01,"San Antonio-New Braunfels, TX Metro Area",Total,883100.0
2012-01-01,"San Antonio-New Braunfels, TX Metro Area",Total,867800.0
2012-02-01,"San Antonio-New Braunfels, TX Metro Area",Total,876200.0
2012-03-01,"San Antonio-New Braunfels, TX Metro Area",Total,883400.0
2012-04-01,"San Antonio-New Braunfels, TX Metro Area",Total,888400.0
2012-05-01,"San Antonio-New Braunfels, TX Metro Area",Total,894000.0
2012-06-01,"San Antonio-New Braunfels, TX Metro Area",Total,898800.0
2012-07-01,"San Antonio-New Braunfels, TX Metro Area",Total,891600.0
2012-08-01,"San Antonio-New Braunfels, TX Metro Area",Total,898500.0
2012-09-01,"San Antonio-New Braunfels, TX Metro Area",Total,899800.0
2012-10-01,"San Antonio-New Braunfels, TX Metro Area",Total,903900.0
2012-11-01,"San Antonio-New Braunfels, TX Metro Area",Total,909100.0
2012-12-01,"San Antonio-New Braunfels, TX Metro Area",Total,912200.0
2013-01-01,"San Antonio-New Braunfels, TX Metro Area",Total,894700.0
2013-02-01,"San Antonio-New Braunfels, TX Metro Area",Total,906000.0
2013-03-01,"San Antonio-New Braunfels, TX Metro Area",Total,912100.0
2013-04-01,"San Antonio-New Braunfels, TX Metro Area",Total,917600.0
2013-05-01,"San Antonio-New Braunfels, TX Metro Area",Total,922500.0
2013-06-01,"San Antonio-New Braunfels, TX Metro Area",Total,928600.0
2013-07-01,"San Antonio-New Braunfels, TX Metro Area",Total,924500.0
2013-08-01,"San Antonio-New Braunfels, TX Metro Area",Total,926600.0
2013-09-01,"San Antonio-New Braunfels, TX Metro Area",Total,929300.0
2013-10-01,"San Antonio-New Braunfels, TX Metro Area",Total,932500.0
2013-11-01,"San Antonio-New Braunfels, TX Metro Area",Total,938300.0
2013-12-01,"San Antonio-New Braunfels, TX Metro Area",Total,939000.0
2014-01-01,"San Antonio-New Braunfels, TX Metro Area",Total,923500.0
2014-02-01,"San Antonio-New Braunfels, TX Metro Area",Total,932500.0
2014-03-01,"San Antonio-New Braunfels, TX Metro Area",Total,940300.0
2014-04-01,"San Antonio-New Braunfels, TX Metro Area",Total,948400.0
2014-05-01,"San Antonio-New Braunfels, TX Metro Area",Total,955200.0
2014-06-01,"San Antonio-New Braunfels, TX Metro Area",Total,960700.0
2014-07-01,"San Antonio-New Braunfels, TX Metro Area",Total,955600.0
2014-08-01,"San Antonio-New Braunfels, TX Metro Area",Total,958100.0
2014-09-01,"San Antonio-New Braunfels, TX Metro Area",Total,959600.0
2014-10-01,"San Antonio-New Braunfels, TX Metro Area",Total,969600.0
2014-11-01,"San Antonio-New Braunfels, TX Metro Area",Total,974800.0
2014-12-01,"San Antonio-New Braunfels, TX Metro Area",Total,976100.0
2015-01-01,"San Antonio-New Braunfels, TX Metro Area",Total,962600.0
2015-02-01,"San Antonio-New Braunfels, TX Metro Area",Total,972000.0
2015-03-01,"San Antonio-New Braunfels, TX Metro Area",Total,976100.0
2015-04-01,"San Antonio-New Braunfels, TX Metro Area",Total,981800.0
2015-05-01,"San Antonio-New Braunfels, TX Metro Area",Total,988100.0
2015-06-01,"San Antonio-New Braunfels, TX Metro Area",Total,991100.0
2015-07-01,"San Antonio-New Braunfels, TX Metro Area",Total,987300.0
2015-08-01,"San Antonio-New Braunfels, TX Metro Area",Total,988400.0
2015-09-01,"San Antonio-New Braunfels, TX Metro Area",Total,992700.0
2015-10-01,"San Antonio-New Braunfels, TX Metro Area",Total,999000.0
2015-11-01,"San Antonio-New Braunfels, TX Metro Area",Total,1005200.0
2015-12-01,"San Antonio-New Braunfels, TX Metro Area",Total,1005400.0
2016-01-01,"San Antonio-New Braunfels, TX Metro Area",Total,993400.0
2016-02-01,"San Antonio-New Braunfels, TX Metro Area",Total,1001600.0
2016-03-01,"San Antonio-New Braunfels, TX Metro Area",Total,1006000.0
2016-04-01,"San Antonio-New Braunfels, TX Metro Area",Total,1012000.0
2016-05-01,"San Antonio-New Braunfels, TX Metro Area",Total,1015600.0
2016-06-01,"San Antonio-New Braunfels, TX Metro Area",Total,1018000.0
2016-07-01,"San Antonio-New Braunfels, TX Metro Area",Total,1016400.0
2016-08-01,"San Antonio-New Braunfels, TX Metro Area",Total,1019000.0
2016-09-01,"San Antonio-New Braunfels, TX Metro Area",Total,1023600.0
2016-10-01,"San Antonio-New Braunfels, TX Metro Area",Total,1026500.0
2016-11-01,"San Antonio-New Braunfels, TX Metro Area",Total,1033800.0
2016-12-01,"San Antonio-New Braunfels, TX Metro Area",Total,1035100.0
2017-01-01,"San Antonio-New Braunfels, TX Metro Area",Total,1021100.0
2017-02-01,"San Antonio-New Braunfels, TX Metro Area",Total,1027000.0
2017-03-01,"San Antonio-New Braunfels, TX Metro Area",Total,1032800.0
2017-04-01,"San Antonio-New Braunfels, TX Metro Area",Total,1034700.0
2017-05-01,"San Antonio-New Braunfels, TX Metro Area",Total,1038500.0
2017-06-01,"San Antonio-New Braunfels, TX Metro Area",Total,1045000.0
2017-07-01,"San Antonio-New Braunfels, TX Metro Area",Total,1037400.0
2017-08-01,"San Antonio-New Braunfels, TX Metro Area",Total,1039300.0
2017-09-01,"San Antonio-New Braunfels, TX Metro Area",Total,1043500.0
2017-10-01,"San Antonio-New Braunfels, TX Metro Area",Total,1045400.0
2017-11-01,"San Antonio-New Braunfels, TX Metro Area",Total,1050900.0
2017-12-01,"San Antonio-New Braunfels, TX Metro Area",Total,1052400.0
2018-01-01,"San Antonio-New Braunfels, TX Metro Area",Total,1034700.0
2018-02-01,"San Antonio-New Braunfels, TX Metro Area",Total,1043500.0
2018-03-01,"San Antonio-New Braunfels, TX Metro Area",Total,1049800.0
2018-04-01,"San Antonio-New Braunfels, TX Metro Area",Total,1055800.0
2018-05-01,"San Antonio-New Braunfels, TX Metro Area",Total,1059400.0
2018-06-01,"San Antonio-New Braunfels, TX Metro Area",Total,1066000.0
2018-07-01,"San Antonio-New Braunfels, TX Metro Area",Total,1059000.0
2018-08-01,"San Antonio-New Braunfels, TX Metro Area",Total,1063000.0
2018-09-01,"San Antonio-New Braunfels, TX Metro Area",Total,1062800.0
2018-10-01,"San Antonio-New Braunfels, TX Metro Area",Total,1067300.0
2018-11-01,"San Antonio-New Braunfels, TX Metro Area",Total,1073800.0
2018-12-01,"San Antonio-New Braunfels, TX Metro Area",Total,1074900.0
2019-01-01,"San Antonio-New Braunfels, TX Metro Area",Total,1056100.0
2019-02-01,"San Antonio-New Braunfels, TX Metro Area",Total,1063800.0
2019-03-01,"San Antonio-New Braunfels, TX Metro Area",Total,1067500.0
2019-04-01,"San Antonio-New Braunfels, TX Metro Area",Total,1072500.0
2019-05-01,"San Antonio-New Braunfels, TX Metro Area",Total,1076500.0
2019-06-01,"San Antonio-New Braunfels, TX Metro Area",Total,1082400.0
2019-07-01,"San Antonio-New Braunfels, TX Metro Area",Total,1076400.0
2019-08-01,"San Antonio-New Braunfels, TX Metro Area",Total,1080100.0
2019-09-01,"San Antonio-New Braunfels, TX Metro Area",Total,1080400.0
2019-10-01,"San Antonio-New Braunfels, TX Metro Area",Total,1085800.0
2019-11-01,"San Antonio-New Braunfels, TX Metro Area",Total,1093900.0
2019-12-01,"San Antonio-New Braunfels, TX Metro Area",Total,1094900.0
2020-01-01,"San Antonio-New Braunfels, TX Metro Area",Total,1076600.0
2020-02-01,"San Antonio-New Braunfels, TX Metro Area",Total,1082600.0
2020-03-01,"San Antonio-New Braunfels, TX Metro Area",Total,1077400.0
2020-04-01,"San Antonio-New Braunfels, TX Metro Area",Total,951300.0
2020-05-01,"San Antonio-New Braunfels, TX Metro Area",Total,978400.0
2020-06-01,"San Antonio-New Braunfels, TX Metro Area",Total,1008800.0
2020-07-01,"San Antonio-New Braunfels, TX Metro Area",Total,999800.0
2020-08-01,"San Antonio-New Braunfels, TX Metro Area",Total,1010400.0
2020-09-01,"San Antonio-New Braunfels, TX Metro Area",Total,1018800.0
2020-10-01,"San Antonio-New Braunfels, TX Metro Area",Total,1032800.0
2020-11-01,"San Antonio-New Braunfels, TX Metro Area",Total,1041500.0
2020-12-01,"San Antonio-New Braunfels, TX Metro Area",Total,1045900.0
2021-01-01,"San Antonio-New Braunfels, TX Metro Area",Total,1026400.0
2021-02-01,"San Antonio-New Braunfels, TX Metro Area",Total,1027000.0
2021-03-01,"San Antonio-New Braunfels, TX Metro Area",Total,1038800.0
2021-04-01,"San Antonio-New Braunfels, TX Metro Area",Total,1048000.0
2021-05-01,"San Antonio-New Braunfels, TX Metro Area",Total,1056500.0
2021-06-01,"San Antonio-New Braunfels, TX Metro Area",Total,1065900.0
2021-07-01,"San Antonio-New Braunfels, TX Metro Area",Total,1067400.0
2021-08-01,"San Antonio-New Braunfels, TX Metro Area",Total,1066000.0
2021-09-01,"San Antonio-New Braunfels, TX Metro Area",Total,1073700.0
2021-10-01,"San Antonio-New Braunfels, TX Metro Area",Total,1091800.0
2021-11-01,"San Antonio-New Braunfels, TX Metro Area",Total,1099700.0
2021-12-01,"San Antonio-New Braunfels, TX Metro Area",Total,1103000.0
2022-01-01,"San Antonio-New Braunfels, TX Metro Area",Total,1090400.0
2022-02-01,"San Antonio-New Braunfels, TX Metro Area",Total,1105600.0
2022-03-01,"San Antonio-New Braunfels, TX Metro Area",Total,1107000.0
2022-04-01,"San Antonio-New Braunfels, TX Metro Area",Total,1114700.0
2022-05-01,"San Antonio-New Braunfels, TX Metro Area",Total,1118400.0
2022-06-01,"San Antonio-New Braunfels, TX Metro Area",Total,1125200.0
2022-07-01,"San Antonio-New Braunfels, TX Metro Area",Total,1128100.0
2022-08-01,"San Antonio-New Braunfels, TX Metro Area",Total,1130800.0
2022-09-01,"San Antonio-New Braunfels, TX Metro Area",Total,1136500.0
2022-10-01,"San Antonio-New Braunfels, TX Metro Area",Total,1142700.0
2022-11-01,"San Antonio-New Braunfels, TX Metro Area",Total,1148500.0
2022-12-01,"San Antonio-New Braunfels, TX Metro Area",Total,1149700.0
2023-01-01,"San Antonio-New Braunfels, TX Metro Area",Total,1138200.0
2023-02-01,"San Antonio-New Braunfels, TX Metro Area",Total,1147400.0
2023-03-01,"San Antonio-New Braunfels, TX Metro Area",Total,1151600.0
2023-04-01,"San Antonio-New Braunfels, TX Metro Area",Total,1153700.0
2023-05-01,"San Antonio-New Braunfels, TX Metro Area",Total,1156100.0
2023-06-01,"San Antonio-New Braunfels, TX Metro Area",Total,1165600.0
2023-07-01,"San Antonio-New Braunfels, TX Metro Area",Total,1159100.0
2023-08-01,"San Antonio-New Braunfels, TX Metro Area",Total,1161800.0
2023-09-01,"San Antonio-New Braunfels, TX Metro Area",Total,1166000.0
2023-10-01,"San Antonio-New Braunfels, TX Metro Area",Total,1177100.0
2023-11-01,"San Antonio-New Braunfels, TX Metro Area",Total,1183500.0
2023-12-01,"San Antonio-New Braunfels, TX Metro Area",Total,1186900.0
2024-01-01,"San Antonio-New Braunfels, TX Metro Area",Total,1167900.0
2024-02-01,"San Antonio-New Braunfels, TX Metro Area",Total,1176700.0
2024-03-01,"San Antonio-New Braunfels, TX Metro Area",Total,1176300.0
2024-04-01,"San Antonio-New Braunfels, TX Metro Area",Total,1181000.0
2024-05-01,"San Antonio-New Braunfels, TX Metro Area",Total,1186100.0
2000-01-01,"San Diego-Chula Vista-Carlsbad, CA Metro Area",Total,1170200.0
2000-02-01,"San Diego-Chula Vista-Carlsbad, CA Metro Area",Total,1179800.0
2000-03-01,"San Diego-Chula Vista-Carlsbad, CA Metro Area",Total,1190200.0
2000-04-01,"San Diego-Chula Vista-Carlsbad, CA Metro Area",Total,1190600.0
2000-05-01,"San Diego-Chula Vista-Carlsbad, CA Metro Area",Total,1202900.0
2000-06-01,"San Diego-Chula Vista-Carlsbad, CA Metro Area",Total,1209000.0
2000-07-01,"San Diego-Chula Vista-Carlsbad, CA Metro Area",Total,1191500.0
2000-08-01,"San Diego-Chula Vista-Carlsbad, CA Metro Area",Total,1194200.0
2000-09-01,"San Diego-Chula Vista-Carlsbad, CA Metro Area",Total,1205000.0
2000-10-01,"San Diego-Chula Vista-Carlsbad, CA Metro Area",Total,1212500.0
2000-11-01,"San Diego-Chula Vista-Carlsbad, CA Metro Area",Total,1221400.0
2000-12-01,"San Diego-Chula Vista-Carlsbad, CA Metro Area",Total,1231400.0
2001-01-01,"San Diego-Chula Vista-Carlsbad, CA Metro Area",Total,1202800.0
2001-02-01,"San Diego-Chula Vista-Carlsbad, CA Metro Area",Total,1211800.0
2001-03-01,"San Diego-Chula Vista-Carlsbad, CA Metro Area",Total,1220300.0
2001-04-01,"San Diego-Chula Vista-Carlsbad, CA Metro Area",Total,1224000.0
2001-05-01,"San Diego-Chula Vista-Carlsbad, CA Metro Area",Total,1231900.0
2001-06-01,"San Diego-Chula Vista-Carlsbad, CA Metro Area",Total,1235900.0
2001-07-01,"San Diego-Chula Vista-Carlsbad, CA Metro Area",Total,1217300.0
2001-08-01,"San Diego-Chula Vista-Carlsbad, CA Metro Area",Total,1219600.0
2001-09-01,"San Diego-Chula Vista-Carlsbad, CA Metro Area",Total,1223100.0
2001-10-01,"San Diego-Chula Vista-Carlsbad, CA Metro Area",Total,1231900.0
2001-11-01,"San Diego-Chula Vista-Carlsbad, CA Metro Area",Total,1237400.0
2001-12-01,"San Diego-Chula Vista-Carlsbad, CA Metro Area",Total,1241100.0
2002-01-01,"San Diego-Chula Vista-Carlsbad, CA Metro Area",Total,1213300.0
2002-02-01,"San Diego-Chula Vista-Carlsbad, CA Metro Area",Total,1224200.0
2002-03-01,"San Diego-Chula Vista-Carlsbad, CA Metro Area",Total,1231100.0
2002-04-01,"San Diego-Chula Vista-Carlsbad, CA Metro Area",Total,1237400.0
2002-05-01,"San Diego-Chula Vista-Carlsbad, CA Metro Area",Total,1244200.0
2002-06-01,"San Diego-Chula Vista-Carlsbad, CA Metro Area",Total,1251000.0
2002-07-01,"San Diego-Chula Vista-Carlsbad, CA Metro Area",Total,1226900.0
2002-08-01,"San Diego-Chula Vista-Carlsbad, CA Metro Area",Total,1231700.0
2002-09-01,"San Diego-Chula Vista-Carlsbad, CA Metro Area",Total,1231700.0
2002-10-01,"San Diego-Chula Vista-Carlsbad, CA Metro Area",Total,1243700.0
2002-11-01,"San Diego-Chula Vista-Carlsbad, CA Metro Area",Total,1252200.0
2002-12-01,"San Diego-Chula Vista-Carlsbad, CA Metro Area",Total,1258599.99999999
2003-01-01,"San Diego-Chula Vista-Carlsbad, CA Metro Area",Total,1228600.0
2003-02-01,"San Diego-Chula Vista-Carlsbad, CA Metro Area",Total,1234100.0
2003-03-01,"San Diego-Chula Vista-Carlsbad, CA Metro Area",Total,1239500.0
2003-04-01,"San Diego-Chula Vista-Carlsbad, CA Metro Area",Total,1244900.0
2003-05-01,"San Diego-Chula Vista-Carlsbad, CA Metro Area",Total,1249300.0
2003-06-01,"San Diego-Chula Vista-Carlsbad, CA Metro Area",Total,1255300.0
2003-07-01,"San Diego-Chula Vista-Carlsbad, CA Metro Area",Total,1242700.0
2003-08-01,"San Diego-Chula Vista-Carlsbad, CA Metro Area",Total,1249000.0
2003-09-01,"San Diego-Chula Vista-Carlsbad, CA Metro Area",Total,1249500.0
2003-10-01,"San Diego-Chula Vista-Carlsbad, CA Metro Area",Total,1258700.0
2003-11-01,"San Diego-Chula Vista-Carlsbad, CA Metro Area",Total,1261400.0
2003-12-01,"San Diego-Chula Vista-Carlsbad, CA Metro Area",Total,1269500.0
2004-01-01,"San Diego-Chula Vista-Carlsbad, CA Metro Area",Total,1243300.0
2004-02-01,"San Diego-Chula Vista-Carlsbad, CA Metro Area",Total,1250200.0
2004-03-01,"San Diego-Chula Vista-Carlsbad, CA Metro Area",Total,1258200.0
2004-04-01,"San Diego-Chula Vista-Carlsbad, CA Metro Area",Total,1265600.0
2004-05-01,"San Diego-Chula Vista-Carlsbad, CA Metro Area",Total,1269900.0
2004-06-01,"San Diego-Chula Vista-Carlsbad, CA Metro Area",Total,1277000.0
2004-07-01,"San Diego-Chula Vista-Carlsbad, CA Metro Area",Total,1268900.0
2004-08-01,"San Diego-Chula Vista-Carlsbad, CA Metro Area",Total,1270700.0
2004-09-01,"San Diego-Chula Vista-Carlsbad, CA Metro Area",Total,1273700.0
2004-10-01,"San Diego-Chula Vista-Carlsbad, CA Metro Area",Total,1282000.0
2004-11-01,"San Diego-Chula Vista-Carlsbad, CA Metro Area",Total,1287500.0
2004-12-01,"San Diego-Chula Vista-Carlsbad, CA Metro Area",Total,1296000.0
2005-01-01,"San Diego-Chula Vista-Carlsbad, CA Metro Area",Total,1266900.0
2005-02-01,"San Diego-Chula Vista-Carlsbad, CA Metro Area",Total,1275000.0
2005-03-01,"San Diego-Chula Vista-Carlsbad, CA Metro Area",Total,1282000.0
2005-04-01,"San Diego-Chula Vista-Carlsbad, CA Metro Area",Total,1291500.0
2005-05-01,"San Diego-Chula Vista-Carlsbad, CA Metro Area",Total,1296600.0
2005-06-01,"San Diego-Chula Vista-Carlsbad, CA Metro Area",Total,1301800.0
2005-07-01,"San Diego-Chula Vista-Carlsbad, CA Metro Area",Total,1290500.0
2005-08-01,"San Diego-Chula Vista-Carlsbad, CA Metro Area",Total,1293800.0
2005-09-01,"San Diego-Chula Vista-Carlsbad, CA Metro Area",Total,1298700.0
2005-10-01,"San Diego-Chula Vista-Carlsbad, CA Metro Area",Total,1298600.0
2005-11-01,"San Diego-Chula Vista-Carlsbad, CA Metro Area",Total,1307900.0
2005-12-01,"San Diego-Chula Vista-Carlsbad, CA Metro Area",Total,1315700.0
2006-01-01,"San Diego-Chula Vista-Carlsbad, CA Metro Area",Total,1289600.0
2006-02-01,"San Diego-Chula Vista-Carlsbad, CA Metro Area",Total,1299100.0
2006-03-01,"San Diego-Chula Vista-Carlsbad, CA Metro Area",Total,1305900.0
2006-04-01,"San Diego-Chula Vista-Carlsbad, CA Metro Area",Total,1307000.0
2006-05-01,"San Diego-Chula Vista-Carlsbad, CA Metro Area",Total,1315600.0
2006-06-01,"San Diego-Chula Vista-Carlsbad, CA Metro Area",Total,1324500.0
2006-07-01,"San Diego-Chula Vista-Carlsbad, CA Metro Area",Total,1309700.0
2006-08-01,"San Diego-Chula Vista-Carlsbad, CA Metro Area",Total,1314000.0
2006-09-01,"San Diego-Chula Vista-Carlsbad, CA Metro Area",Total,1318700.0
2006-10-01,"San Diego-Chula Vista-Carlsbad, CA Metro Area",Total,1319400.0
2006-11-01,"San Diego-Chula Vista-Carlsbad, CA Metro Area",Total,1329600.0
2006-12-01,"San Diego-Chula Vista-Carlsbad, CA Metro Area",Total,1332400.0
2007-01-01,"San Diego-Chula Vista-Carlsbad, CA Metro Area",Total,1301900.0
2007-02-01,"San Diego-Chula Vista-Carlsbad, CA Metro Area",Total,1310300.0
2007-03-01,"San Diego-Chula Vista-Carlsbad, CA Metro Area",Total,1318100.0
2007-04-01,"San Diego-Chula Vista-Carlsbad, CA Metro Area",Total,1316300.0
2007-05-01,"San Diego-Chula Vista-Carlsbad, CA Metro Area",Total,1324900.0
2007-06-01,"San Diego-Chula Vista-Carlsbad, CA Metro Area",Total,1333400.0
2007-07-01,"San Diego-Chula Vista-Carlsbad, CA Metro Area",Total,1324200.0
2007-08-01,"San Diego-Chula Vista-Carlsbad, CA Metro Area",Total,1324800.0
2007-09-01,"San Diego-Chula Vista-Carlsbad, CA Metro Area",Total,1324200.0
2007-10-01,"San Diego-Chula Vista-Carlsbad, CA Metro Area",Total,1323400.0
2007-11-01,"San Diego-Chula Vista-Carlsbad, CA Metro Area",Total,1330100.0
2007-12-01,"San Diego-Chula Vista-Carlsbad, CA Metro Area",Total,1336300.0
2008-01-01,"San Diego-Chula Vista-Carlsbad, CA Metro Area",Total,1305500.0
2008-02-01,"San Diego-Chula Vista-Carlsbad, CA Metro Area",Total,1314000.0
2008-03-01,"San Diego-Chula Vista-Carlsbad, CA Metro Area",Total,1319000.0
2008-04-01,"San Diego-Chula Vista-Carlsbad, CA Metro Area",Total,1318700.0
2008-05-01,"San Diego-Chula Vista-Carlsbad, CA Metro Area",Total,1323000.0
2008-06-01,"San Diego-Chula Vista-Carlsbad, CA Metro Area",Total,1327000.0
2008-07-01,"San Diego-Chula Vista-Carlsbad, CA Metro Area",Total,1315300.0
2008-08-01,"San Diego-Chula Vista-Carlsbad, CA Metro Area",Total,1315200.0
2008-09-01,"San Diego-Chula Vista-Carlsbad, CA Metro Area",Total,1311200.0
2008-10-01,"San Diego-Chula Vista-Carlsbad, CA Metro Area",Total,1310200.0
2008-11-01,"San Diego-Chula Vista-Carlsbad, CA Metro Area",Total,1309500.0
2008-12-01,"San Diego-Chula Vista-Carlsbad, CA Metro Area",Total,1306200.0
2009-01-01,"San Diego-Chula Vista-Carlsbad, CA Metro Area",Total,1269100.0
2009-02-01,"San Diego-Chula Vista-Carlsbad, CA Metro Area",Total,1264999.99999999
2009-03-01,"San Diego-Chula Vista-Carlsbad, CA Metro Area",Total,1262199.99999999
2009-04-01,"San Diego-Chula Vista-Carlsbad, CA Metro Area",Total,1254899.99999999
2009-05-01,"San Diego-Chula Vista-Carlsbad, CA Metro Area",Total,1256500.0
2009-06-01,"San Diego-Chula Vista-Carlsbad, CA Metro Area",Total,1255500.0
2009-07-01,"San Diego-Chula Vista-Carlsbad, CA Metro Area",Total,1232600.0
2009-08-01,"San Diego-Chula Vista-Carlsbad, CA Metro Area",Total,1232600.0
2009-09-01,"San Diego-Chula Vista-Carlsbad, CA Metro Area",Total,1228000.0
2009-10-01,"San Diego-Chula Vista-Carlsbad, CA Metro Area",Total,1238900.0
2009-11-01,"San Diego-Chula Vista-Carlsbad, CA Metro Area",Total,1245200.0
2009-12-01,"San Diego-Chula Vista-Carlsbad, CA Metro Area",Total,1246700.0
2010-01-01,"San Diego-Chula Vista-Carlsbad, CA Metro Area",Total,1217300.0
2010-02-01,"San Diego-Chula Vista-Carlsbad, CA Metro Area",Total,1220900.0
2010-03-01,"San Diego-Chula Vista-Carlsbad, CA Metro Area",Total,1225800.0
2010-04-01,"San Diego-Chula Vista-Carlsbad, CA Metro Area",Total,1239100.0
2010-05-01,"San Diego-Chula Vista-Carlsbad, CA Metro Area",Total,1250200.0
2010-06-01,"San Diego-Chula Vista-Carlsbad, CA Metro Area",Total,1252000.0
2010-07-01,"San Diego-Chula Vista-Carlsbad, CA Metro Area",Total,1240500.0
2010-08-01,"San Diego-Chula Vista-Carlsbad, CA Metro Area",Total,1243400.0
2010-09-01,"San Diego-Chula Vista-Carlsbad, CA Metro Area",Total,1241600.0
2010-10-01,"San Diego-Chula Vista-Carlsbad, CA Metro Area",Total,1247100.0
2010-11-01,"San Diego-Chula Vista-Carlsbad, CA Metro Area",Total,1251700.0
2010-12-01,"San Diego-Chula Vista-Carlsbad, CA Metro Area",Total,1256000.0
2011-01-01,"San Diego-Chula Vista-Carlsbad, CA Metro Area",Total,1233400.0
2011-02-01,"San Diego-Chula Vista-Carlsbad, CA Metro Area",Total,1241000.0
2011-03-01,"San Diego-Chula Vista-Carlsbad, CA Metro Area",Total,1244600.0
2011-04-01,"San Diego-Chula Vista-Carlsbad, CA Metro Area",Total,1247500.0
2011-05-01,"San Diego-Chula Vista-Carlsbad, CA Metro Area",Total,1250100.0
2011-06-01,"San Diego-Chula Vista-Carlsbad, CA Metro Area",Total,1254000.0
2011-07-01,"San Diego-Chula Vista-Carlsbad, CA Metro Area",Total,1243799.99999999
2011-08-01,"San Diego-Chula Vista-Carlsbad, CA Metro Area",Total,1246600.0
2011-09-01,"San Diego-Chula Vista-Carlsbad, CA Metro Area",Total,1251000.0
2011-10-01,"San Diego-Chula Vista-Carlsbad, CA Metro Area",Total,1256300.0
2011-11-01,"San Diego-Chula Vista-Carlsbad, CA Metro Area",Total,1265900.0
2011-12-01,"San Diego-Chula Vista-Carlsbad, CA Metro Area",Total,1268899.99999999
2012-01-01,"San Diego-Chula Vista-Carlsbad, CA Metro Area",Total,1244600.0
2012-02-01,"San Diego-Chula Vista-Carlsbad, CA Metro Area",Total,1253600.0
2012-03-01,"San Diego-Chula Vista-Carlsbad, CA Metro Area",Total,1260700.0
2012-04-01,"San Diego-Chula Vista-Carlsbad, CA Metro Area",Total,1278300.0
2012-05-01,"San Diego-Chula Vista-Carlsbad, CA Metro Area",Total,1287700.0
2012-06-01,"San Diego-Chula Vista-Carlsbad, CA Metro Area",Total,1295700.0
2012-07-01,"San Diego-Chula Vista-Carlsbad, CA Metro Area",Total,1280500.0
2012-08-01,"San Diego-Chula Vista-Carlsbad, CA Metro Area",Total,1286500.0
2012-09-01,"San Diego-Chula Vista-Carlsbad, CA Metro Area",Total,1286600.0
2012-10-01,"San Diego-Chula Vista-Carlsbad, CA Metro Area",Total,1297600.0
2012-11-01,"San Diego-Chula Vista-Carlsbad, CA Metro Area",Total,1309200.0
2012-12-01,"San Diego-Chula Vista-Carlsbad, CA Metro Area",Total,1312300.0
2013-01-01,"San Diego-Chula Vista-Carlsbad, CA Metro Area",Total,1288200.0
2013-02-01,"San Diego-Chula Vista-Carlsbad, CA Metro Area",Total,1296500.0
2013-03-01,"San Diego-Chula Vista-Carlsbad, CA Metro Area",Total,1303900.0
2013-04-01,"San Diego-Chula Vista-Carlsbad, CA Metro Area",Total,1309400.0
2013-05-01,"San Diego-Chula Vista-Carlsbad, CA Metro Area",Total,1314500.0
2013-06-01,"San Diego-Chula Vista-Carlsbad, CA Metro Area",Total,1320600.0
2013-07-01,"San Diego-Chula Vista-Carlsbad, CA Metro Area",Total,1309600.0
2013-08-01,"San Diego-Chula Vista-Carlsbad, CA Metro Area",Total,1314800.0
2013-09-01,"San Diego-Chula Vista-Carlsbad, CA Metro Area",Total,1315400.0
2013-10-01,"San Diego-Chula Vista-Carlsbad, CA Metro Area",Total,1331000.0
2013-11-01,"San Diego-Chula Vista-Carlsbad, CA Metro Area",Total,1342800.0
2013-12-01,"San Diego-Chula Vista-Carlsbad, CA Metro Area",Total,1345100.0
2014-01-01,"San Diego-Chula Vista-Carlsbad, CA Metro Area",Total,1315000.0
2014-02-01,"San Diego-Chula Vista-Carlsbad, CA Metro Area",Total,1324600.0
2014-03-01,"San Diego-Chula Vista-Carlsbad, CA Metro Area",Total,1331500.0
2014-04-01,"San Diego-Chula Vista-Carlsbad, CA Metro Area",Total,1335300.0
2014-05-01,"San Diego-Chula Vista-Carlsbad, CA Metro Area",Total,1342100.0
2014-06-01,"San Diego-Chula Vista-Carlsbad, CA Metro Area",Total,1349700.0
2014-07-01,"San Diego-Chula Vista-Carlsbad, CA Metro Area",Total,1338000.0
2014-08-01,"San Diego-Chula Vista-Carlsbad, CA Metro Area",Total,1346600.0
2014-09-01,"San Diego-Chula Vista-Carlsbad, CA Metro Area",Total,1346700.0
2014-10-01,"San Diego-Chula Vista-Carlsbad, CA Metro Area",Total,1359100.0
2014-11-01,"San Diego-Chula Vista-Carlsbad, CA Metro Area",Total,1372500.0
2014-12-01,"San Diego-Chula Vista-Carlsbad, CA Metro Area",Total,1375200.0
2015-01-01,"San Diego-Chula Vista-Carlsbad, CA Metro Area",Total,1352200.0
2015-02-01,"San Diego-Chula Vista-Carlsbad, CA Metro Area",Total,1358500.0
2015-03-01,"San Diego-Chula Vista-Carlsbad, CA Metro Area",Total,1365300.0
2015-04-01,"San Diego-Chula Vista-Carlsbad, CA Metro Area",Total,1371300.0
2015-05-01,"San Diego-Chula Vista-Carlsbad, CA Metro Area",Total,1381800.0
2015-06-01,"San Diego-Chula Vista-Carlsbad, CA Metro Area",Total,1385800.0
2015-07-01,"San Diego-Chula Vista-Carlsbad, CA Metro Area",Total,1386000.0
2015-08-01,"San Diego-Chula Vista-Carlsbad, CA Metro Area",Total,1389200.0
2015-09-01,"San Diego-Chula Vista-Carlsbad, CA Metro Area",Total,1389400.0
2015-10-01,"San Diego-Chula Vista-Carlsbad, CA Metro Area",Total,1405900.0
2015-11-01,"San Diego-Chula Vista-Carlsbad, CA Metro Area",Total,1415900.0
2015-12-01,"San Diego-Chula Vista-Carlsbad, CA Metro Area",Total,1416300.0
2016-01-01,"San Diego-Chula Vista-Carlsbad, CA Metro Area",Total,1391300.0
2016-02-01,"San Diego-Chula Vista-Carlsbad, CA Metro Area",Total,1401900.0
2016-03-01,"San Diego-Chula Vista-Carlsbad, CA Metro Area",Total,1402100.0
2016-04-01,"San Diego-Chula Vista-Carlsbad, CA Metro Area",Total,1416600.0
2016-05-01,"San Diego-Chula Vista-Carlsbad, CA Metro Area",Total,1421700.0
2016-06-01,"San Diego-Chula Vista-Carlsbad, CA Metro Area",Total,1422700.0
2016-07-01,"San Diego-Chula Vista-Carlsbad, CA Metro Area",Total,1420300.0
2016-08-01,"San Diego-Chula Vista-Carlsbad, CA Metro Area",Total,1425000.0
2016-09-01,"San Diego-Chula Vista-Carlsbad, CA Metro Area",Total,1428200.0
2016-10-01,"San Diego-Chula Vista-Carlsbad, CA Metro Area",Total,1439800.0
2016-11-01,"San Diego-Chula Vista-Carlsbad, CA Metro Area",Total,1450200.0
2016-12-01,"San Diego-Chula Vista-Carlsbad, CA Metro Area",Total,1451100.0
2017-01-01,"San Diego-Chula Vista-Carlsbad, CA Metro Area",Total,1424800.0
2017-02-01,"San Diego-Chula Vista-Carlsbad, CA Metro Area",Total,1433400.0
2017-03-01,"San Diego-Chula Vista-Carlsbad, CA Metro Area",Total,1437200.0
2017-04-01,"San Diego-Chula Vista-Carlsbad, CA Metro Area",Total,1445500.0
2017-05-01,"San Diego-Chula Vista-Carlsbad, CA Metro Area",Total,1451200.0
2017-06-01,"San Diego-Chula Vista-Carlsbad, CA Metro Area",Total,1459500.0
2017-07-01,"San Diego-Chula Vista-Carlsbad, CA Metro Area",Total,1445500.0
2017-08-01,"San Diego-Chula Vista-Carlsbad, CA Metro Area",Total,1449500.0
2017-09-01,"San Diego-Chula Vista-Carlsbad, CA Metro Area",Total,1453800.0
2017-10-01,"San Diego-Chula Vista-Carlsbad, CA Metro Area",Total,1468300.0
2017-11-01,"San Diego-Chula Vista-Carlsbad, CA Metro Area",Total,1478100.0
2017-12-01,"San Diego-Chula Vista-Carlsbad, CA Metro Area",Total,1480100.0
2018-01-01,"San Diego-Chula Vista-Carlsbad, CA Metro Area",Total,1459500.0
2018-02-01,"San Diego-Chula Vista-Carlsbad, CA Metro Area",Total,1469600.0
2018-03-01,"San Diego-Chula Vista-Carlsbad, CA Metro Area",Total,1473600.0
2018-04-01,"San Diego-Chula Vista-Carlsbad, CA Metro Area",Total,1478000.0
2018-05-01,"San Diego-Chula Vista-Carlsbad, CA Metro Area",Total,1481700.0
2018-06-01,"San Diego-Chula Vista-Carlsbad, CA Metro Area",Total,1488800.0
2018-07-01,"San Diego-Chula Vista-Carlsbad, CA Metro Area",Total,1475500.0
2018-08-01,"San Diego-Chula Vista-Carlsbad, CA Metro Area",Total,1480400.0
2018-09-01,"San Diego-Chula Vista-Carlsbad, CA Metro Area",Total,1479000.0
2018-10-01,"San Diego-Chula Vista-Carlsbad, CA Metro Area",Total,1492800.0
2018-11-01,"San Diego-Chula Vista-Carlsbad, CA Metro Area",Total,1502500.0
2018-12-01,"San Diego-Chula Vista-Carlsbad, CA Metro Area",Total,1504500.0
2019-01-01,"San Diego-Chula Vista-Carlsbad, CA Metro Area",Total,1481900.0
2019-02-01,"San Diego-Chula Vista-Carlsbad, CA Metro Area",Total,1487900.0
2019-03-01,"San Diego-Chula Vista-Carlsbad, CA Metro Area",Total,1491400.0
2019-04-01,"San Diego-Chula Vista-Carlsbad, CA Metro Area",Total,1497200.0
2019-05-01,"San Diego-Chula Vista-Carlsbad, CA Metro Area",Total,1502300.0
2019-06-01,"San Diego-Chula Vista-Carlsbad, CA Metro Area",Total,1508200.0
2019-07-01,"San Diego-Chula Vista-Carlsbad, CA Metro Area",Total,1497200.0
2019-08-01,"San Diego-Chula Vista-Carlsbad, CA Metro Area",Total,1502800.0
2019-09-01,"San Diego-Chula Vista-Carlsbad, CA Metro Area",Total,1498900.0
2019-10-01,"San Diego-Chula Vista-Carlsbad, CA Metro Area",Total,1516100.0
2019-11-01,"San Diego-Chula Vista-Carlsbad, CA Metro Area",Total,1528400.0
2019-12-01,"San Diego-Chula Vista-Carlsbad, CA Metro Area",Total,1524400.0
2020-01-01,"San Diego-Chula Vista-Carlsbad, CA Metro Area",Total,1504500.0
2020-02-01,"San Diego-Chula Vista-Carlsbad, CA Metro Area",Total,1515100.0
2020-03-01,"San Diego-Chula Vista-Carlsbad, CA Metro Area",Total,1499700.0
2020-04-01,"San Diego-Chula Vista-Carlsbad, CA Metro Area",Total,1265800.0
2020-05-01,"San Diego-Chula Vista-Carlsbad, CA Metro Area",Total,1278000.0
2020-06-01,"San Diego-Chula Vista-Carlsbad, CA Metro Area",Total,1337600.0
2020-07-01,"San Diego-Chula Vista-Carlsbad, CA Metro Area",Total,1336600.0
2020-08-01,"San Diego-Chula Vista-Carlsbad, CA Metro Area",Total,1345300.0
2020-09-01,"San Diego-Chula Vista-Carlsbad, CA Metro Area",Total,1361100.0
2020-10-01,"San Diego-Chula Vista-Carlsbad, CA Metro Area",Total,1394400.0
2020-11-01,"San Diego-Chula Vista-Carlsbad, CA Metro Area",Total,1404500.0
2020-12-01,"San Diego-Chula Vista-Carlsbad, CA Metro Area",Total,1387200.0
2021-01-01,"San Diego-Chula Vista-Carlsbad, CA Metro Area",Total,1352200.0
2021-02-01,"San Diego-Chula Vista-Carlsbad, CA Metro Area",Total,1386000.0
2021-03-01,"San Diego-Chula Vista-Carlsbad, CA Metro Area",Total,1397700.0
2021-04-01,"San Diego-Chula Vista-Carlsbad, CA Metro Area",Total,1418200.0
2021-05-01,"San Diego-Chula Vista-Carlsbad, CA Metro Area",Total,1430400.0
2021-06-01,"San Diego-Chula Vista-Carlsbad, CA Metro Area",Total,1438200.0
2021-07-01,"San Diego-Chula Vista-Carlsbad, CA Metro Area",Total,1448300.0
2021-08-01,"San Diego-Chula Vista-Carlsbad, CA Metro Area",Total,1457000.0
2021-09-01,"San Diego-Chula Vista-Carlsbad, CA Metro Area",Total,1461500.0
2021-10-01,"San Diego-Chula Vista-Carlsbad, CA Metro Area",Total,1494800.0
2021-11-01,"San Diego-Chula Vista-Carlsbad, CA Metro Area",Total,1509000.0
2021-12-01,"San Diego-Chula Vista-Carlsbad, CA Metro Area",Total,1511300.0
2022-01-01,"San Diego-Chula Vista-Carlsbad, CA Metro Area",Total,1488400.0
2022-02-01,"San Diego-Chula Vista-Carlsbad, CA Metro Area",Total,1505900.0
2022-03-01,"San Diego-Chula Vista-Carlsbad, CA Metro Area",Total,1515000.0
2022-04-01,"San Diego-Chula Vista-Carlsbad, CA Metro Area",Total,1528600.0
2022-05-01,"San Diego-Chula Vista-Carlsbad, CA Metro Area",Total,1533000.0
2022-06-01,"San Diego-Chula Vista-Carlsbad, CA Metro Area",Total,1536100.0
2022-07-01,"San Diego-Chula Vista-Carlsbad, CA Metro Area",Total,1527400.0
2022-08-01,"San Diego-Chula Vista-Carlsbad, CA Metro Area",Total,1533800.0
2022-09-01,"San Diego-Chula Vista-Carlsbad, CA Metro Area",Total,1538100.0
2022-10-01,"San Diego-Chula Vista-Carlsbad, CA Metro Area",Total,1549700.0
2022-11-01,"San Diego-Chula Vista-Carlsbad, CA Metro Area",Total,1559100.0
2022-12-01,"San Diego-Chula Vista-Carlsbad, CA Metro Area",Total,1559000.0
2023-01-01,"San Diego-Chula Vista-Carlsbad, CA Metro Area",Total,1528100.0
2023-02-01,"San Diego-Chula Vista-Carlsbad, CA Metro Area",Total,1538300.0
2023-03-01,"San Diego-Chula Vista-Carlsbad, CA Metro Area",Total,1542700.0
2023-04-01,"San Diego-Chula Vista-Carlsbad, CA Metro Area",Total,1548700.0
2023-05-01,"San Diego-Chula Vista-Carlsbad, CA Metro Area",Total,1559200.0
2023-06-01,"San Diego-Chula Vista-Carlsbad, CA Metro Area",Total,1561200.0
2023-07-01,"San Diego-Chula Vista-Carlsbad, CA Metro Area",Total,1543900.0
2023-08-01,"San Diego-Chula Vista-Carlsbad, CA Metro Area",Total,1547700.0
2023-09-01,"San Diego-Chula Vista-Carlsbad, CA Metro Area",Total,1548500.0
2023-10-01,"San Diego-Chula Vista-Carlsbad, CA Metro Area",Total,1564300.0
2023-11-01,"San Diego-Chula Vista-Carlsbad, CA Metro Area",Total,1570300.0
2023-12-01,"San Diego-Chula Vista-Carlsbad, CA Metro Area",Total,1571999.999999999
2024-01-01,"San Diego-Chula Vista-Carlsbad, CA Metro Area",Total,1545900.0
2024-02-01,"San Diego-Chula Vista-Carlsbad, CA Metro Area",Total,1552800.0
2024-03-01,"San Diego-Chula Vista-Carlsbad, CA Metro Area",Total,1556700.0
2024-04-01,"San Diego-Chula Vista-Carlsbad, CA Metro Area",Total,1562499.999999999
2024-05-01,"San Diego-Chula Vista-Carlsbad, CA Metro Area",Total,1566100.0
2000-01-01,"San Francisco-Oakland-Berkeley, CA Metro Area",Total,2062800.0
2000-02-01,"San Francisco-Oakland-Berkeley, CA Metro Area",Total,2083300.0
2000-03-01,"San Francisco-Oakland-Berkeley, CA Metro Area",Total,2104400.0
2000-04-01,"San Francisco-Oakland-Berkeley, CA Metro Area",Total,2109000.0
2000-05-01,"San Francisco-Oakland-Berkeley, CA Metro Area",Total,2126700.0
2000-06-01,"San Francisco-Oakland-Berkeley, CA Metro Area",Total,2146300.0
2000-07-01,"San Francisco-Oakland-Berkeley, CA Metro Area",Total,2132200.0
2000-08-01,"San Francisco-Oakland-Berkeley, CA Metro Area",Total,2142000.0
2000-09-01,"San Francisco-Oakland-Berkeley, CA Metro Area",Total,2153200.0
2000-10-01,"San Francisco-Oakland-Berkeley, CA Metro Area",Total,2154400.0
2000-11-01,"San Francisco-Oakland-Berkeley, CA Metro Area",Total,2173100.0
2000-12-01,"San Francisco-Oakland-Berkeley, CA Metro Area",Total,2188800.0
2001-01-01,"San Francisco-Oakland-Berkeley, CA Metro Area",Total,2131600.0
2001-02-01,"San Francisco-Oakland-Berkeley, CA Metro Area",Total,2142300.0
2001-03-01,"San Francisco-Oakland-Berkeley, CA Metro Area",Total,2158300.0
2001-04-01,"San Francisco-Oakland-Berkeley, CA Metro Area",Total,2135700.0
2001-05-01,"San Francisco-Oakland-Berkeley, CA Metro Area",Total,2133900.0
2001-06-01,"San Francisco-Oakland-Berkeley, CA Metro Area",Total,2135600.0
2001-07-01,"San Francisco-Oakland-Berkeley, CA Metro Area",Total,2102300.0
2001-08-01,"San Francisco-Oakland-Berkeley, CA Metro Area",Total,2097300.0
2001-09-01,"San Francisco-Oakland-Berkeley, CA Metro Area",Total,2091100.0
2001-10-01,"San Francisco-Oakland-Berkeley, CA Metro Area",Total,2079900.0
2001-11-01,"San Francisco-Oakland-Berkeley, CA Metro Area",Total,2075400.0
2001-12-01,"San Francisco-Oakland-Berkeley, CA Metro Area",Total,2079400.0
2002-01-01,"San Francisco-Oakland-Berkeley, CA Metro Area",Total,2020600.0
2002-02-01,"San Francisco-Oakland-Berkeley, CA Metro Area",Total,2028100.0
2002-03-01,"San Francisco-Oakland-Berkeley, CA Metro Area",Total,2041500.0
2002-04-01,"San Francisco-Oakland-Berkeley, CA Metro Area",Total,2035300.0
2002-05-01,"San Francisco-Oakland-Berkeley, CA Metro Area",Total,2043400.0
2002-06-01,"San Francisco-Oakland-Berkeley, CA Metro Area",Total,2047200.0
2002-07-01,"San Francisco-Oakland-Berkeley, CA Metro Area",Total,2022600.0
2002-08-01,"San Francisco-Oakland-Berkeley, CA Metro Area",Total,2026000.0
2002-09-01,"San Francisco-Oakland-Berkeley, CA Metro Area",Total,2030700.0
2002-10-01,"San Francisco-Oakland-Berkeley, CA Metro Area",Total,2035700.0
2002-11-01,"San Francisco-Oakland-Berkeley, CA Metro Area",Total,2045000.0
2002-12-01,"San Francisco-Oakland-Berkeley, CA Metro Area",Total,2046600.0
2003-01-01,"San Francisco-Oakland-Berkeley, CA Metro Area",Total,1990000.0
2003-02-01,"San Francisco-Oakland-Berkeley, CA Metro Area",Total,1998100.0
2003-03-01,"San Francisco-Oakland-Berkeley, CA Metro Area",Total,2001400.0
2003-04-01,"San Francisco-Oakland-Berkeley, CA Metro Area",Total,1994600.0
2003-05-01,"San Francisco-Oakland-Berkeley, CA Metro Area",Total,1997200.0
2003-06-01,"San Francisco-Oakland-Berkeley, CA Metro Area",Total,2001700.0
2003-07-01,"San Francisco-Oakland-Berkeley, CA Metro Area",Total,1976000.0
2003-08-01,"San Francisco-Oakland-Berkeley, CA Metro Area",Total,1977600.0
2003-09-01,"San Francisco-Oakland-Berkeley, CA Metro Area",Total,1982700.0
2003-10-01,"San Francisco-Oakland-Berkeley, CA Metro Area",Total,1986300.0
2003-11-01,"San Francisco-Oakland-Berkeley, CA Metro Area",Total,1992500.0
2003-12-01,"San Francisco-Oakland-Berkeley, CA Metro Area",Total,2000500.0
2004-01-01,"San Francisco-Oakland-Berkeley, CA Metro Area",Total,1954900.0
2004-02-01,"San Francisco-Oakland-Berkeley, CA Metro Area",Total,1965200.0
2004-03-01,"San Francisco-Oakland-Berkeley, CA Metro Area",Total,1975700.0
2004-04-01,"San Francisco-Oakland-Berkeley, CA Metro Area",Total,1979700.0
2004-05-01,"San Francisco-Oakland-Berkeley, CA Metro Area",Total,1988300.0
2004-06-01,"San Francisco-Oakland-Berkeley, CA Metro Area",Total,1994800.0
2004-07-01,"San Francisco-Oakland-Berkeley, CA Metro Area",Total,1980200.0
2004-08-01,"San Francisco-Oakland-Berkeley, CA Metro Area",Total,1976500.0
2004-09-01,"San Francisco-Oakland-Berkeley, CA Metro Area",Total,1983000.0
2004-10-01,"San Francisco-Oakland-Berkeley, CA Metro Area",Total,1995900.0
2004-11-01,"San Francisco-Oakland-Berkeley, CA Metro Area",Total,2004800.0
2004-12-01,"San Francisco-Oakland-Berkeley, CA Metro Area",Total,2015800.0
2005-01-01,"San Francisco-Oakland-Berkeley, CA Metro Area",Total,1968300.0
2005-02-01,"San Francisco-Oakland-Berkeley, CA Metro Area",Total,1981900.0
2005-03-01,"San Francisco-Oakland-Berkeley, CA Metro Area",Total,1989200.0
2005-04-01,"San Francisco-Oakland-Berkeley, CA Metro Area",Total,1996200.0
2005-05-01,"San Francisco-Oakland-Berkeley, CA Metro Area",Total,2001200.0
2005-06-01,"San Francisco-Oakland-Berkeley, CA Metro Area",Total,2009200.0
2005-07-01,"San Francisco-Oakland-Berkeley, CA Metro Area",Total,1997400.0
2005-08-01,"San Francisco-Oakland-Berkeley, CA Metro Area",Total,1998100.0
2005-09-01,"San Francisco-Oakland-Berkeley, CA Metro Area",Total,2010800.0
2005-10-01,"San Francisco-Oakland-Berkeley, CA Metro Area",Total,2018000.0
2005-11-01,"San Francisco-Oakland-Berkeley, CA Metro Area",Total,2030700.0
2005-12-01,"San Francisco-Oakland-Berkeley, CA Metro Area",Total,2038500.0
2006-01-01,"San Francisco-Oakland-Berkeley, CA Metro Area",Total,1997000.0
2006-02-01,"San Francisco-Oakland-Berkeley, CA Metro Area",Total,2013500.0
2006-03-01,"San Francisco-Oakland-Berkeley, CA Metro Area",Total,2022300.0
2006-04-01,"San Francisco-Oakland-Berkeley, CA Metro Area",Total,2023600.0
2006-05-01,"San Francisco-Oakland-Berkeley, CA Metro Area",Total,2041100.0
2006-06-01,"San Francisco-Oakland-Berkeley, CA Metro Area",Total,2051500.0
2006-07-01,"San Francisco-Oakland-Berkeley, CA Metro Area",Total,2036200.0
2006-08-01,"San Francisco-Oakland-Berkeley, CA Metro Area",Total,2039800.0
2006-09-01,"San Francisco-Oakland-Berkeley, CA Metro Area",Total,2049200.0
2006-10-01,"San Francisco-Oakland-Berkeley, CA Metro Area",Total,2057400.0
2006-11-01,"San Francisco-Oakland-Berkeley, CA Metro Area",Total,2068200.0
2006-12-01,"San Francisco-Oakland-Berkeley, CA Metro Area",Total,2071600.0
2007-01-01,"San Francisco-Oakland-Berkeley, CA Metro Area",Total,2026800.0
2007-02-01,"San Francisco-Oakland-Berkeley, CA Metro Area",Total,2043500.0
2007-03-01,"San Francisco-Oakland-Berkeley, CA Metro Area",Total,2055100.0
2007-04-01,"San Francisco-Oakland-Berkeley, CA Metro Area",Total,2049000.0
2007-05-01,"San Francisco-Oakland-Berkeley, CA Metro Area",Total,2065200.0
2007-06-01,"San Francisco-Oakland-Berkeley, CA Metro Area",Total,2073700.0
2007-07-01,"San Francisco-Oakland-Berkeley, CA Metro Area",Total,2065700.0
2007-08-01,"San Francisco-Oakland-Berkeley, CA Metro Area",Total,2068000.0
2007-09-01,"San Francisco-Oakland-Berkeley, CA Metro Area",Total,2074400.0
2007-10-01,"San Francisco-Oakland-Berkeley, CA Metro Area",Total,2080700.0
2007-11-01,"San Francisco-Oakland-Berkeley, CA Metro Area",Total,2094000.0
2007-12-01,"San Francisco-Oakland-Berkeley, CA Metro Area",Total,2100300.0
2008-01-01,"San Francisco-Oakland-Berkeley, CA Metro Area",Total,2050800.0
2008-02-01,"San Francisco-Oakland-Berkeley, CA Metro Area",Total,2064200.0
2008-03-01,"San Francisco-Oakland-Berkeley, CA Metro Area",Total,2067200.0
2008-04-01,"San Francisco-Oakland-Berkeley, CA Metro Area",Total,2070200.0
2008-05-01,"San Francisco-Oakland-Berkeley, CA Metro Area",Total,2075400.0
2008-06-01,"San Francisco-Oakland-Berkeley, CA Metro Area",Total,2080400.0
2008-07-01,"San Francisco-Oakland-Berkeley, CA Metro Area",Total,2070500.0
2008-08-01,"San Francisco-Oakland-Berkeley, CA Metro Area",Total,2064300.0
2008-09-01,"San Francisco-Oakland-Berkeley, CA Metro Area",Total,2062500.0
2008-10-01,"San Francisco-Oakland-Berkeley, CA Metro Area",Total,2064500.0
2008-11-01,"San Francisco-Oakland-Berkeley, CA Metro Area",Total,2057400.0
2008-12-01,"San Francisco-Oakland-Berkeley, CA Metro Area",Total,2053200.0
2009-01-01,"San Francisco-Oakland-Berkeley, CA Metro Area",Total,1993200.0
2009-02-01,"San Francisco-Oakland-Berkeley, CA Metro Area",Total,1983700.0
2009-03-01,"San Francisco-Oakland-Berkeley, CA Metro Area",Total,1976300.0
2009-04-01,"San Francisco-Oakland-Berkeley, CA Metro Area",Total,1968500.0
2009-05-01,"San Francisco-Oakland-Berkeley, CA Metro Area",Total,1965400.0
2009-06-01,"San Francisco-Oakland-Berkeley, CA Metro Area",Total,1962700.0
2009-07-01,"San Francisco-Oakland-Berkeley, CA Metro Area",Total,1937800.0
2009-08-01,"San Francisco-Oakland-Berkeley, CA Metro Area",Total,1921400.0
2009-09-01,"San Francisco-Oakland-Berkeley, CA Metro Area",Total,1927000.0
2009-10-01,"San Francisco-Oakland-Berkeley, CA Metro Area",Total,1945200.0
2009-11-01,"San Francisco-Oakland-Berkeley, CA Metro Area",Total,1946600.0
2009-12-01,"San Francisco-Oakland-Berkeley, CA Metro Area",Total,1945600.0
2010-01-01,"San Francisco-Oakland-Berkeley, CA Metro Area",Total,1900000.0
2010-02-01,"San Francisco-Oakland-Berkeley, CA Metro Area",Total,1902500.0
2010-03-01,"San Francisco-Oakland-Berkeley, CA Metro Area",Total,1910500.0
2010-04-01,"San Francisco-Oakland-Berkeley, CA Metro Area",Total,1924400.0
2010-05-01,"San Francisco-Oakland-Berkeley, CA Metro Area",Total,1936400.0
2010-06-01,"San Francisco-Oakland-Berkeley, CA Metro Area",Total,1938700.0
2010-07-01,"San Francisco-Oakland-Berkeley, CA Metro Area",Total,1919200.0
2010-08-01,"San Francisco-Oakland-Berkeley, CA Metro Area",Total,1912800.0
2010-09-01,"San Francisco-Oakland-Berkeley, CA Metro Area",Total,1928800.0
2010-10-01,"San Francisco-Oakland-Berkeley, CA Metro Area",Total,1941800.0
2010-11-01,"San Francisco-Oakland-Berkeley, CA Metro Area",Total,1944300.0
2010-12-01,"San Francisco-Oakland-Berkeley, CA Metro Area",Total,1949600.0
2011-01-01,"San Francisco-Oakland-Berkeley, CA Metro Area",Total,1917200.0
2011-02-01,"San Francisco-Oakland-Berkeley, CA Metro Area",Total,1925300.0
2011-03-01,"San Francisco-Oakland-Berkeley, CA Metro Area",Total,1930400.0
2011-04-01,"San Francisco-Oakland-Berkeley, CA Metro Area",Total,1948900.0
2011-05-01,"San Francisco-Oakland-Berkeley, CA Metro Area",Total,1957300.0
2011-06-01,"San Francisco-Oakland-Berkeley, CA Metro Area",Total,1959500.0
2011-07-01,"San Francisco-Oakland-Berkeley, CA Metro Area",Total,1958100.0
2011-08-01,"San Francisco-Oakland-Berkeley, CA Metro Area",Total,1961900.0
2011-09-01,"San Francisco-Oakland-Berkeley, CA Metro Area",Total,1972800.0
2011-10-01,"San Francisco-Oakland-Berkeley, CA Metro Area",Total,1985800.0
2011-11-01,"San Francisco-Oakland-Berkeley, CA Metro Area",Total,1994400.0
2011-12-01,"San Francisco-Oakland-Berkeley, CA Metro Area",Total,2000200.0
2012-01-01,"San Francisco-Oakland-Berkeley, CA Metro Area",Total,1966400.0
2012-02-01,"San Francisco-Oakland-Berkeley, CA Metro Area",Total,1979700.0
2012-03-01,"San Francisco-Oakland-Berkeley, CA Metro Area",Total,1991900.0
2012-04-01,"San Francisco-Oakland-Berkeley, CA Metro Area",Total,2016300.0
2012-05-01,"San Francisco-Oakland-Berkeley, CA Metro Area",Total,2031500.0
2012-06-01,"San Francisco-Oakland-Berkeley, CA Metro Area",Total,2042800.0
2012-07-01,"San Francisco-Oakland-Berkeley, CA Metro Area",Total,2036200.0
2012-08-01,"San Francisco-Oakland-Berkeley, CA Metro Area",Total,2043300.0
2012-09-01,"San Francisco-Oakland-Berkeley, CA Metro Area",Total,2048000.0
2012-10-01,"San Francisco-Oakland-Berkeley, CA Metro Area",Total,2065200.0
2012-11-01,"San Francisco-Oakland-Berkeley, CA Metro Area",Total,2079100.0
2012-12-01,"San Francisco-Oakland-Berkeley, CA Metro Area",Total,2086500.0
2013-01-01,"San Francisco-Oakland-Berkeley, CA Metro Area",Total,2043500.0
2013-02-01,"San Francisco-Oakland-Berkeley, CA Metro Area",Total,2061500.0
2013-03-01,"San Francisco-Oakland-Berkeley, CA Metro Area",Total,2072900.0
2013-04-01,"San Francisco-Oakland-Berkeley, CA Metro Area",Total,2085500.0
2013-05-01,"San Francisco-Oakland-Berkeley, CA Metro Area",Total,2096600.0
2013-06-01,"San Francisco-Oakland-Berkeley, CA Metro Area",Total,2098400.0
2013-07-01,"San Francisco-Oakland-Berkeley, CA Metro Area",Total,2093400.0
2013-08-01,"San Francisco-Oakland-Berkeley, CA Metro Area",Total,2104300.0
2013-09-01,"San Francisco-Oakland-Berkeley, CA Metro Area",Total,2106200.0
2013-10-01,"San Francisco-Oakland-Berkeley, CA Metro Area",Total,2126200.0
2013-11-01,"San Francisco-Oakland-Berkeley, CA Metro Area",Total,2144800.0
2013-12-01,"San Francisco-Oakland-Berkeley, CA Metro Area",Total,2148100.0
2014-01-01,"San Francisco-Oakland-Berkeley, CA Metro Area",Total,2109400.0
2014-02-01,"San Francisco-Oakland-Berkeley, CA Metro Area",Total,2126200.0
2014-03-01,"San Francisco-Oakland-Berkeley, CA Metro Area",Total,2136600.0
2014-04-01,"San Francisco-Oakland-Berkeley, CA Metro Area",Total,2151200.0
2014-05-01,"San Francisco-Oakland-Berkeley, CA Metro Area",Total,2164400.0
2014-06-01,"San Francisco-Oakland-Berkeley, CA Metro Area",Total,2170600.0
2014-07-01,"San Francisco-Oakland-Berkeley, CA Metro Area",Total,2165700.0
2014-08-01,"San Francisco-Oakland-Berkeley, CA Metro Area",Total,2175600.0
2014-09-01,"San Francisco-Oakland-Berkeley, CA Metro Area",Total,2179200.0
2014-10-01,"San Francisco-Oakland-Berkeley, CA Metro Area",Total,2197100.0
2014-11-01,"San Francisco-Oakland-Berkeley, CA Metro Area",Total,2213600.0
2014-12-01,"San Francisco-Oakland-Berkeley, CA Metro Area",Total,2221400.0
2015-01-01,"San Francisco-Oakland-Berkeley, CA Metro Area",Total,2189000.0
2015-02-01,"San Francisco-Oakland-Berkeley, CA Metro Area",Total,2202000.0
2015-03-01,"San Francisco-Oakland-Berkeley, CA Metro Area",Total,2217500.0
2015-04-01,"San Francisco-Oakland-Berkeley, CA Metro Area",Total,2230800.0
2015-05-01,"San Francisco-Oakland-Berkeley, CA Metro Area",Total,2243000.0
2015-06-01,"San Francisco-Oakland-Berkeley, CA Metro Area",Total,2251200.0
2015-07-01,"San Francisco-Oakland-Berkeley, CA Metro Area",Total,2257700.0
2015-08-01,"San Francisco-Oakland-Berkeley, CA Metro Area",Total,2268100.0
2015-09-01,"San Francisco-Oakland-Berkeley, CA Metro Area",Total,2269800.0
2015-10-01,"San Francisco-Oakland-Berkeley, CA Metro Area",Total,2292600.0
2015-11-01,"San Francisco-Oakland-Berkeley, CA Metro Area",Total,2303300.0
2015-12-01,"San Francisco-Oakland-Berkeley, CA Metro Area",Total,2310400.0
2016-01-01,"San Francisco-Oakland-Berkeley, CA Metro Area",Total,2276700.0
2016-02-01,"San Francisco-Oakland-Berkeley, CA Metro Area",Total,2295300.0
2016-03-01,"San Francisco-Oakland-Berkeley, CA Metro Area",Total,2300600.0
2016-04-01,"San Francisco-Oakland-Berkeley, CA Metro Area",Total,2323000.0
2016-05-01,"San Francisco-Oakland-Berkeley, CA Metro Area",Total,2328400.0
2016-06-01,"San Francisco-Oakland-Berkeley, CA Metro Area",Total,2333500.0
2016-07-01,"San Francisco-Oakland-Berkeley, CA Metro Area",Total,2338400.0
2016-08-01,"San Francisco-Oakland-Berkeley, CA Metro Area",Total,2344100.0
2016-09-01,"San Francisco-Oakland-Berkeley, CA Metro Area",Total,2348500.0
2016-10-01,"San Francisco-Oakland-Berkeley, CA Metro Area",Total,2366100.0
2016-11-01,"San Francisco-Oakland-Berkeley, CA Metro Area",Total,2377100.0
2016-12-01,"San Francisco-Oakland-Berkeley, CA Metro Area",Total,2378300.0
2017-01-01,"San Francisco-Oakland-Berkeley, CA Metro Area",Total,2337100.0
2017-02-01,"San Francisco-Oakland-Berkeley, CA Metro Area",Total,2354000.0
2017-03-01,"San Francisco-Oakland-Berkeley, CA Metro Area",Total,2369000.0
2017-04-01,"San Francisco-Oakland-Berkeley, CA Metro Area",Total,2371900.0
2017-05-01,"San Francisco-Oakland-Berkeley, CA Metro Area",Total,2384000.0
2017-06-01,"San Francisco-Oakland-Berkeley, CA Metro Area",Total,2396400.0
2017-07-01,"San Francisco-Oakland-Berkeley, CA Metro Area",Total,2385500.0
2017-08-01,"San Francisco-Oakland-Berkeley, CA Metro Area",Total,2388400.0
2017-09-01,"San Francisco-Oakland-Berkeley, CA Metro Area",Total,2392400.0
2017-10-01,"San Francisco-Oakland-Berkeley, CA Metro Area",Total,2408999.9999999898
2017-11-01,"San Francisco-Oakland-Berkeley, CA Metro Area",Total,2421700.0
2017-12-01,"San Francisco-Oakland-Berkeley, CA Metro Area",Total,2427700.0
2018-01-01,"San Francisco-Oakland-Berkeley, CA Metro Area",Total,2385300.0
2018-02-01,"San Francisco-Oakland-Berkeley, CA Metro Area",Total,2406399.9999999898
2018-03-01,"San Francisco-Oakland-Berkeley, CA Metro Area",Total,2417200.0
2018-04-01,"San Francisco-Oakland-Berkeley, CA Metro Area",Total,2424600.0
2018-05-01,"San Francisco-Oakland-Berkeley, CA Metro Area",Total,2434800.0
2018-06-01,"San Francisco-Oakland-Berkeley, CA Metro Area",Total,2450100.0
2018-07-01,"San Francisco-Oakland-Berkeley, CA Metro Area",Total,2438300.0
2018-08-01,"San Francisco-Oakland-Berkeley, CA Metro Area",Total,2449000.0
2018-09-01,"San Francisco-Oakland-Berkeley, CA Metro Area",Total,2446200.0
2018-10-01,"San Francisco-Oakland-Berkeley, CA Metro Area",Total,2465100.0
2018-11-01,"San Francisco-Oakland-Berkeley, CA Metro Area",Total,2478100.0
2018-12-01,"San Francisco-Oakland-Berkeley, CA Metro Area",Total,2483700.0
2019-01-01,"San Francisco-Oakland-Berkeley, CA Metro Area",Total,2436300.0
2019-02-01,"San Francisco-Oakland-Berkeley, CA Metro Area",Total,2454800.0
2019-03-01,"San Francisco-Oakland-Berkeley, CA Metro Area",Total,2466300.0
2019-04-01,"San Francisco-Oakland-Berkeley, CA Metro Area",Total,2474400.0
2019-05-01,"San Francisco-Oakland-Berkeley, CA Metro Area",Total,2485000.0
2019-06-01,"San Francisco-Oakland-Berkeley, CA Metro Area",Total,2498000.0
2019-07-01,"San Francisco-Oakland-Berkeley, CA Metro Area",Total,2492000.0
2019-08-01,"San Francisco-Oakland-Berkeley, CA Metro Area",Total,2503400.0
2019-09-01,"San Francisco-Oakland-Berkeley, CA Metro Area",Total,2496200.0
2019-10-01,"San Francisco-Oakland-Berkeley, CA Metro Area",Total,2510800.0
2019-11-01,"San Francisco-Oakland-Berkeley, CA Metro Area",Total,2528300.0
2019-12-01,"San Francisco-Oakland-Berkeley, CA Metro Area",Total,2530300.0
2020-01-01,"San Francisco-Oakland-Berkeley, CA Metro Area",Total,2492300.0
2020-02-01,"San Francisco-Oakland-Berkeley, CA Metro Area",Total,2507700.0
2020-03-01,"San Francisco-Oakland-Berkeley, CA Metro Area",Total,2484300.0
2020-04-01,"San Francisco-Oakland-Berkeley, CA Metro Area",Total,2111300.0
2020-05-01,"San Francisco-Oakland-Berkeley, CA Metro Area",Total,2152700.0
2020-06-01,"San Francisco-Oakland-Berkeley, CA Metro Area",Total,2200100.0
2020-07-01,"San Francisco-Oakland-Berkeley, CA Metro Area",Total,2198600.0
2020-08-01,"San Francisco-Oakland-Berkeley, CA Metro Area",Total,2211600.0
2020-09-01,"San Francisco-Oakland-Berkeley, CA Metro Area",Total,2221000.0
2020-10-01,"San Francisco-Oakland-Berkeley, CA Metro Area",Total,2262600.0
2020-11-01,"San Francisco-Oakland-Berkeley, CA Metro Area",Total,2275300.0
2020-12-01,"San Francisco-Oakland-Berkeley, CA Metro Area",Total,2265800.0
2021-01-01,"San Francisco-Oakland-Berkeley, CA Metro Area",Total,2212500.0
2021-02-01,"San Francisco-Oakland-Berkeley, CA Metro Area",Total,2248400.0
2021-03-01,"San Francisco-Oakland-Berkeley, CA Metro Area",Total,2267700.0
2021-04-01,"San Francisco-Oakland-Berkeley, CA Metro Area",Total,2296000.0
2021-05-01,"San Francisco-Oakland-Berkeley, CA Metro Area",Total,2314600.0
2021-06-01,"San Francisco-Oakland-Berkeley, CA Metro Area",Total,2332800.0
2021-07-01,"San Francisco-Oakland-Berkeley, CA Metro Area",Total,2351100.0
2021-08-01,"San Francisco-Oakland-Berkeley, CA Metro Area",Total,2362300.0
2021-09-01,"San Francisco-Oakland-Berkeley, CA Metro Area",Total,2362500.0
2021-10-01,"San Francisco-Oakland-Berkeley, CA Metro Area",Total,2413400.0
2021-11-01,"San Francisco-Oakland-Berkeley, CA Metro Area",Total,2430700.0
2021-12-01,"San Francisco-Oakland-Berkeley, CA Metro Area",Total,2441700.0
2022-01-01,"San Francisco-Oakland-Berkeley, CA Metro Area",Total,2400400.0
2022-02-01,"San Francisco-Oakland-Berkeley, CA Metro Area",Total,2429400.0
2022-03-01,"San Francisco-Oakland-Berkeley, CA Metro Area",Total,2443000.0
2022-04-01,"San Francisco-Oakland-Berkeley, CA Metro Area",Total,2453600.0
2022-05-01,"San Francisco-Oakland-Berkeley, CA Metro Area",Total,2466900.0
2022-06-01,"San Francisco-Oakland-Berkeley, CA Metro Area",Total,2483300.0
2022-07-01,"San Francisco-Oakland-Berkeley, CA Metro Area",Total,2472500.0
2022-08-01,"San Francisco-Oakland-Berkeley, CA Metro Area",Total,2477900.0
2022-09-01,"San Francisco-Oakland-Berkeley, CA Metro Area",Total,2473600.0
2022-10-01,"San Francisco-Oakland-Berkeley, CA Metro Area",Total,2482800.0
2022-11-01,"San Francisco-Oakland-Berkeley, CA Metro Area",Total,2496900.0
2022-12-01,"San Francisco-Oakland-Berkeley, CA Metro Area",Total,2491200.0
2023-01-01,"San Francisco-Oakland-Berkeley, CA Metro Area",Total,2442800.0
2023-02-01,"San Francisco-Oakland-Berkeley, CA Metro Area",Total,2456600.0
2023-03-01,"San Francisco-Oakland-Berkeley, CA Metro Area",Total,2457400.0
2023-04-01,"San Francisco-Oakland-Berkeley, CA Metro Area",Total,2463300.0
2023-05-01,"San Francisco-Oakland-Berkeley, CA Metro Area",Total,2472800.0
2023-06-01,"San Francisco-Oakland-Berkeley, CA Metro Area",Total,2480200.0
2023-07-01,"San Francisco-Oakland-Berkeley, CA Metro Area",Total,2454600.0
2023-08-01,"San Francisco-Oakland-Berkeley, CA Metro Area",Total,2453700.0
2023-09-01,"San Francisco-Oakland-Berkeley, CA Metro Area",Total,2454100.0
2023-10-01,"San Francisco-Oakland-Berkeley, CA Metro Area",Total,2476400.0
2023-11-01,"San Francisco-Oakland-Berkeley, CA Metro Area",Total,2482800.0
2023-12-01,"San Francisco-Oakland-Berkeley, CA Metro Area",Total,2490700.0
2024-01-01,"San Francisco-Oakland-Berkeley, CA Metro Area",Total,2446000.0
2024-02-01,"San Francisco-Oakland-Berkeley, CA Metro Area",Total,2453300.0
2024-03-01,"San Francisco-Oakland-Berkeley, CA Metro Area",Total,2459600.0
2024-04-01,"San Francisco-Oakland-Berkeley, CA Metro Area",Total,2463800.0
2024-05-01,"San Francisco-Oakland-Berkeley, CA Metro Area",Total,2476200.0
2000-01-01,"San Jose-Sunnyvale-Santa Clara, CA Metro Area",Total,1005500.0
2000-02-01,"San Jose-Sunnyvale-Santa Clara, CA Metro Area",Total,1014500.0
2000-03-01,"San Jose-Sunnyvale-Santa Clara, CA Metro Area",Total,1028900.0
2000-04-01,"San Jose-Sunnyvale-Santa Clara, CA Metro Area",Total,1029300.0
2000-05-01,"San Jose-Sunnyvale-Santa Clara, CA Metro Area",Total,1043000.0
2000-06-01,"San Jose-Sunnyvale-Santa Clara, CA Metro Area",Total,1057800.0
2000-07-01,"San Jose-Sunnyvale-Santa Clara, CA Metro Area",Total,1063400.0
2000-08-01,"San Jose-Sunnyvale-Santa Clara, CA Metro Area",Total,1064900.0
2000-09-01,"San Jose-Sunnyvale-Santa Clara, CA Metro Area",Total,1067200.0
2000-10-01,"San Jose-Sunnyvale-Santa Clara, CA Metro Area",Total,1068600.0
2000-11-01,"San Jose-Sunnyvale-Santa Clara, CA Metro Area",Total,1076800.0
2000-12-01,"San Jose-Sunnyvale-Santa Clara, CA Metro Area",Total,1087000.0
2001-01-01,"San Jose-Sunnyvale-Santa Clara, CA Metro Area",Total,1060500.0
2001-02-01,"San Jose-Sunnyvale-Santa Clara, CA Metro Area",Total,1063900.0
2001-03-01,"San Jose-Sunnyvale-Santa Clara, CA Metro Area",Total,1068800.0
2001-04-01,"San Jose-Sunnyvale-Santa Clara, CA Metro Area",Total,1051000.0
2001-05-01,"San Jose-Sunnyvale-Santa Clara, CA Metro Area",Total,1046400.0
2001-06-01,"San Jose-Sunnyvale-Santa Clara, CA Metro Area",Total,1043100.0
2001-07-01,"San Jose-Sunnyvale-Santa Clara, CA Metro Area",Total,1020500.0
2001-08-01,"San Jose-Sunnyvale-Santa Clara, CA Metro Area",Total,1009300.0
2001-09-01,"San Jose-Sunnyvale-Santa Clara, CA Metro Area",Total,993000.0
2001-10-01,"San Jose-Sunnyvale-Santa Clara, CA Metro Area",Total,983100.0
2001-11-01,"San Jose-Sunnyvale-Santa Clara, CA Metro Area",Total,975400.0
2001-12-01,"San Jose-Sunnyvale-Santa Clara, CA Metro Area",Total,973200.0
2002-01-01,"San Jose-Sunnyvale-Santa Clara, CA Metro Area",Total,939500.0
2002-02-01,"San Jose-Sunnyvale-Santa Clara, CA Metro Area",Total,940500.0
2002-03-01,"San Jose-Sunnyvale-Santa Clara, CA Metro Area",Total,945600.0
2002-04-01,"San Jose-Sunnyvale-Santa Clara, CA Metro Area",Total,936100.0
2002-05-01,"San Jose-Sunnyvale-Santa Clara, CA Metro Area",Total,934500.0
2002-06-01,"San Jose-Sunnyvale-Santa Clara, CA Metro Area",Total,933100.0
2002-07-01,"San Jose-Sunnyvale-Santa Clara, CA Metro Area",Total,922100.0
2002-08-01,"San Jose-Sunnyvale-Santa Clara, CA Metro Area",Total,915600.0
2002-09-01,"San Jose-Sunnyvale-Santa Clara, CA Metro Area",Total,907900.0
2002-10-01,"San Jose-Sunnyvale-Santa Clara, CA Metro Area",Total,907700.0
2002-11-01,"San Jose-Sunnyvale-Santa Clara, CA Metro Area",Total,904500.0
2002-12-01,"San Jose-Sunnyvale-Santa Clara, CA Metro Area",Total,901400.0
2003-01-01,"San Jose-Sunnyvale-Santa Clara, CA Metro Area",Total,881200.0
2003-02-01,"San Jose-Sunnyvale-Santa Clara, CA Metro Area",Total,880600.0
2003-03-01,"San Jose-Sunnyvale-Santa Clara, CA Metro Area",Total,881800.0
2003-04-01,"San Jose-Sunnyvale-Santa Clara, CA Metro Area",Total,883500.0
2003-05-01,"San Jose-Sunnyvale-Santa Clara, CA Metro Area",Total,883700.0
2003-06-01,"San Jose-Sunnyvale-Santa Clara, CA Metro Area",Total,885100.0
2003-07-01,"San Jose-Sunnyvale-Santa Clara, CA Metro Area",Total,875400.0
2003-08-01,"San Jose-Sunnyvale-Santa Clara, CA Metro Area",Total,873000.0
2003-09-01,"San Jose-Sunnyvale-Santa Clara, CA Metro Area",Total,871700.0
2003-10-01,"San Jose-Sunnyvale-Santa Clara, CA Metro Area",Total,874200.0
2003-11-01,"San Jose-Sunnyvale-Santa Clara, CA Metro Area",Total,875300.0
2003-12-01,"San Jose-Sunnyvale-Santa Clara, CA Metro Area",Total,878200.0
2004-01-01,"San Jose-Sunnyvale-Santa Clara, CA Metro Area",Total,859200.0
2004-02-01,"San Jose-Sunnyvale-Santa Clara, CA Metro Area",Total,864000.0
2004-03-01,"San Jose-Sunnyvale-Santa Clara, CA Metro Area",Total,869300.0
2004-04-01,"San Jose-Sunnyvale-Santa Clara, CA Metro Area",Total,869200.0
2004-05-01,"San Jose-Sunnyvale-Santa Clara, CA Metro Area",Total,874500.0
2004-06-01,"San Jose-Sunnyvale-Santa Clara, CA Metro Area",Total,879400.0
2004-07-01,"San Jose-Sunnyvale-Santa Clara, CA Metro Area",Total,872000.0
2004-08-01,"San Jose-Sunnyvale-Santa Clara, CA Metro Area",Total,871900.0
2004-09-01,"San Jose-Sunnyvale-Santa Clara, CA Metro Area",Total,870500.0
2004-10-01,"San Jose-Sunnyvale-Santa Clara, CA Metro Area",Total,878500.0
2004-11-01,"San Jose-Sunnyvale-Santa Clara, CA Metro Area",Total,881100.0
2004-12-01,"San Jose-Sunnyvale-Santa Clara, CA Metro Area",Total,883700.0
2005-01-01,"San Jose-Sunnyvale-Santa Clara, CA Metro Area",Total,867600.0
2005-02-01,"San Jose-Sunnyvale-Santa Clara, CA Metro Area",Total,870900.0
2005-03-01,"San Jose-Sunnyvale-Santa Clara, CA Metro Area",Total,874600.0
2005-04-01,"San Jose-Sunnyvale-Santa Clara, CA Metro Area",Total,875200.0
2005-05-01,"San Jose-Sunnyvale-Santa Clara, CA Metro Area",Total,879100.0
2005-06-01,"San Jose-Sunnyvale-Santa Clara, CA Metro Area",Total,884800.0
2005-07-01,"San Jose-Sunnyvale-Santa Clara, CA Metro Area",Total,882500.0
2005-08-01,"San Jose-Sunnyvale-Santa Clara, CA Metro Area",Total,884200.0
2005-09-01,"San Jose-Sunnyvale-Santa Clara, CA Metro Area",Total,883800.0
2005-10-01,"San Jose-Sunnyvale-Santa Clara, CA Metro Area",Total,889800.0
2005-11-01,"San Jose-Sunnyvale-Santa Clara, CA Metro Area",Total,893200.0
2005-12-01,"San Jose-Sunnyvale-Santa Clara, CA Metro Area",Total,899800.0
2006-01-01,"San Jose-Sunnyvale-Santa Clara, CA Metro Area",Total,884900.0
2006-02-01,"San Jose-Sunnyvale-Santa Clara, CA Metro Area",Total,892800.0
2006-03-01,"San Jose-Sunnyvale-Santa Clara, CA Metro Area",Total,896300.0
2006-04-01,"San Jose-Sunnyvale-Santa Clara, CA Metro Area",Total,896300.0
2006-05-01,"San Jose-Sunnyvale-Santa Clara, CA Metro Area",Total,903500.0
2006-06-01,"San Jose-Sunnyvale-Santa Clara, CA Metro Area",Total,909300.0
2006-07-01,"San Jose-Sunnyvale-Santa Clara, CA Metro Area",Total,906600.0
2006-08-01,"San Jose-Sunnyvale-Santa Clara, CA Metro Area",Total,908900.0
2006-09-01,"San Jose-Sunnyvale-Santa Clara, CA Metro Area",Total,909000.0
2006-10-01,"San Jose-Sunnyvale-Santa Clara, CA Metro Area",Total,910900.0
2006-11-01,"San Jose-Sunnyvale-Santa Clara, CA Metro Area",Total,914600.0
2006-12-01,"San Jose-Sunnyvale-Santa Clara, CA Metro Area",Total,920400.0
2007-01-01,"San Jose-Sunnyvale-Santa Clara, CA Metro Area",Total,906300.0
2007-02-01,"San Jose-Sunnyvale-Santa Clara, CA Metro Area",Total,912300.0
2007-03-01,"San Jose-Sunnyvale-Santa Clara, CA Metro Area",Total,918300.0
2007-04-01,"San Jose-Sunnyvale-Santa Clara, CA Metro Area",Total,915700.0
2007-05-01,"San Jose-Sunnyvale-Santa Clara, CA Metro Area",Total,923400.0
2007-06-01,"San Jose-Sunnyvale-Santa Clara, CA Metro Area",Total,931400.0
2007-07-01,"San Jose-Sunnyvale-Santa Clara, CA Metro Area",Total,931000.0
2007-08-01,"San Jose-Sunnyvale-Santa Clara, CA Metro Area",Total,929500.0
2007-09-01,"San Jose-Sunnyvale-Santa Clara, CA Metro Area",Total,928400.0
2007-10-01,"San Jose-Sunnyvale-Santa Clara, CA Metro Area",Total,934900.0
2007-11-01,"San Jose-Sunnyvale-Santa Clara, CA Metro Area",Total,938600.0
2007-12-01,"San Jose-Sunnyvale-Santa Clara, CA Metro Area",Total,940200.0
2008-01-01,"San Jose-Sunnyvale-Santa Clara, CA Metro Area",Total,927500.0
2008-02-01,"San Jose-Sunnyvale-Santa Clara, CA Metro Area",Total,931200.0
2008-03-01,"San Jose-Sunnyvale-Santa Clara, CA Metro Area",Total,935100.0
2008-04-01,"San Jose-Sunnyvale-Santa Clara, CA Metro Area",Total,932800.0
2008-05-01,"San Jose-Sunnyvale-Santa Clara, CA Metro Area",Total,936600.0
2008-06-01,"San Jose-Sunnyvale-Santa Clara, CA Metro Area",Total,939600.0
2008-07-01,"San Jose-Sunnyvale-Santa Clara, CA Metro Area",Total,933700.0
2008-08-01,"San Jose-Sunnyvale-Santa Clara, CA Metro Area",Total,937500.0
2008-09-01,"San Jose-Sunnyvale-Santa Clara, CA Metro Area",Total,936300.0
2008-10-01,"San Jose-Sunnyvale-Santa Clara, CA Metro Area",Total,932300.0
2008-11-01,"San Jose-Sunnyvale-Santa Clara, CA Metro Area",Total,928000.0
2008-12-01,"San Jose-Sunnyvale-Santa Clara, CA Metro Area",Total,924500.0
2009-01-01,"San Jose-Sunnyvale-Santa Clara, CA Metro Area",Total,898700.0
2009-02-01,"San Jose-Sunnyvale-Santa Clara, CA Metro Area",Total,890300.0
2009-03-01,"San Jose-Sunnyvale-Santa Clara, CA Metro Area",Total,886500.0
2009-04-01,"San Jose-Sunnyvale-Santa Clara, CA Metro Area",Total,880900.0
2009-05-01,"San Jose-Sunnyvale-Santa Clara, CA Metro Area",Total,881100.0
2009-06-01,"San Jose-Sunnyvale-Santa Clara, CA Metro Area",Total,881000.0
2009-07-01,"San Jose-Sunnyvale-Santa Clara, CA Metro Area",Total,858000.0
2009-08-01,"San Jose-Sunnyvale-Santa Clara, CA Metro Area",Total,861600.0
2009-09-01,"San Jose-Sunnyvale-Santa Clara, CA Metro Area",Total,864200.0
2009-10-01,"San Jose-Sunnyvale-Santa Clara, CA Metro Area",Total,871500.0
2009-11-01,"San Jose-Sunnyvale-Santa Clara, CA Metro Area",Total,874900.0
2009-12-01,"San Jose-Sunnyvale-Santa Clara, CA Metro Area",Total,874200.0
2010-01-01,"San Jose-Sunnyvale-Santa Clara, CA Metro Area",Total,859500.0
2010-02-01,"San Jose-Sunnyvale-Santa Clara, CA Metro Area",Total,860900.0
2010-03-01,"San Jose-Sunnyvale-Santa Clara, CA Metro Area",Total,865200.0
2010-04-01,"San Jose-Sunnyvale-Santa Clara, CA Metro Area",Total,872600.0
2010-05-01,"San Jose-Sunnyvale-Santa Clara, CA Metro Area",Total,879200.0
2010-06-01,"San Jose-Sunnyvale-Santa Clara, CA Metro Area",Total,881200.0
2010-07-01,"San Jose-Sunnyvale-Santa Clara, CA Metro Area",Total,869700.0
2010-08-01,"San Jose-Sunnyvale-Santa Clara, CA Metro Area",Total,870600.0
2010-09-01,"San Jose-Sunnyvale-Santa Clara, CA Metro Area",Total,874600.0
2010-10-01,"San Jose-Sunnyvale-Santa Clara, CA Metro Area",Total,885600.0
2010-11-01,"San Jose-Sunnyvale-Santa Clara, CA Metro Area",Total,890000.0
2010-12-01,"San Jose-Sunnyvale-Santa Clara, CA Metro Area",Total,892100.0
2011-01-01,"San Jose-Sunnyvale-Santa Clara, CA Metro Area",Total,878200.0
2011-02-01,"San Jose-Sunnyvale-Santa Clara, CA Metro Area",Total,883700.0
2011-03-01,"San Jose-Sunnyvale-Santa Clara, CA Metro Area",Total,887200.0
2011-04-01,"San Jose-Sunnyvale-Santa Clara, CA Metro Area",Total,891000.0
2011-05-01,"San Jose-Sunnyvale-Santa Clara, CA Metro Area",Total,894300.0
2011-06-01,"San Jose-Sunnyvale-Santa Clara, CA Metro Area",Total,900200.0
2011-07-01,"San Jose-Sunnyvale-Santa Clara, CA Metro Area",Total,890500.0
2011-08-01,"San Jose-Sunnyvale-Santa Clara, CA Metro Area",Total,894400.0
2011-09-01,"San Jose-Sunnyvale-Santa Clara, CA Metro Area",Total,900500.0
2011-10-01,"San Jose-Sunnyvale-Santa Clara, CA Metro Area",Total,909300.0
2011-11-01,"San Jose-Sunnyvale-Santa Clara, CA Metro Area",Total,912000.0
2011-12-01,"San Jose-Sunnyvale-Santa Clara, CA Metro Area",Total,915100.0
2012-01-01,"San Jose-Sunnyvale-Santa Clara, CA Metro Area",Total,902300.0
2012-02-01,"San Jose-Sunnyvale-Santa Clara, CA Metro Area",Total,908700.0
2012-03-01,"San Jose-Sunnyvale-Santa Clara, CA Metro Area",Total,915500.0
2012-04-01,"San Jose-Sunnyvale-Santa Clara, CA Metro Area",Total,924100.0
2012-05-01,"San Jose-Sunnyvale-Santa Clara, CA Metro Area",Total,930100.0
2012-06-01,"San Jose-Sunnyvale-Santa Clara, CA Metro Area",Total,938400.0
2012-07-01,"San Jose-Sunnyvale-Santa Clara, CA Metro Area",Total,927900.0
2012-08-01,"San Jose-Sunnyvale-Santa Clara, CA Metro Area",Total,933500.0
2012-09-01,"San Jose-Sunnyvale-Santa Clara, CA Metro Area",Total,937300.0
2012-10-01,"San Jose-Sunnyvale-Santa Clara, CA Metro Area",Total,947400.0
2012-11-01,"San Jose-Sunnyvale-Santa Clara, CA Metro Area",Total,953100.0
2012-12-01,"San Jose-Sunnyvale-Santa Clara, CA Metro Area",Total,955800.0
2013-01-01,"San Jose-Sunnyvale-Santa Clara, CA Metro Area",Total,941800.0
2013-02-01,"San Jose-Sunnyvale-Santa Clara, CA Metro Area",Total,950000.0
2013-03-01,"San Jose-Sunnyvale-Santa Clara, CA Metro Area",Total,954900.0
2013-04-01,"San Jose-Sunnyvale-Santa Clara, CA Metro Area",Total,960100.0
2013-05-01,"San Jose-Sunnyvale-Santa Clara, CA Metro Area",Total,966200.0
2013-06-01,"San Jose-Sunnyvale-Santa Clara, CA Metro Area",Total,972000.0
2013-07-01,"San Jose-Sunnyvale-Santa Clara, CA Metro Area",Total,961400.0
2013-08-01,"San Jose-Sunnyvale-Santa Clara, CA Metro Area",Total,970700.0
2013-09-01,"San Jose-Sunnyvale-Santa Clara, CA Metro Area",Total,974700.0
2013-10-01,"San Jose-Sunnyvale-Santa Clara, CA Metro Area",Total,982000.0
2013-11-01,"San Jose-Sunnyvale-Santa Clara, CA Metro Area",Total,991900.0
2013-12-01,"San Jose-Sunnyvale-Santa Clara, CA Metro Area",Total,995400.0
2014-01-01,"San Jose-Sunnyvale-Santa Clara, CA Metro Area",Total,983600.0
2014-02-01,"San Jose-Sunnyvale-Santa Clara, CA Metro Area",Total,991200.0
2014-03-01,"San Jose-Sunnyvale-Santa Clara, CA Metro Area",Total,996200.0
2014-04-01,"San Jose-Sunnyvale-Santa Clara, CA Metro Area",Total,1001800.0
2014-05-01,"San Jose-Sunnyvale-Santa Clara, CA Metro Area",Total,1007600.0
2014-06-01,"San Jose-Sunnyvale-Santa Clara, CA Metro Area",Total,1013600.0
2014-07-01,"San Jose-Sunnyvale-Santa Clara, CA Metro Area",Total,1004200.0
2014-08-01,"San Jose-Sunnyvale-Santa Clara, CA Metro Area",Total,1013400.0
2014-09-01,"San Jose-Sunnyvale-Santa Clara, CA Metro Area",Total,1016900.0
2014-10-01,"San Jose-Sunnyvale-Santa Clara, CA Metro Area",Total,1024700.0
2014-11-01,"San Jose-Sunnyvale-Santa Clara, CA Metro Area",Total,1029500.0
2014-12-01,"San Jose-Sunnyvale-Santa Clara, CA Metro Area",Total,1032200.0
2015-01-01,"San Jose-Sunnyvale-Santa Clara, CA Metro Area",Total,1021100.0
2015-02-01,"San Jose-Sunnyvale-Santa Clara, CA Metro Area",Total,1026100.0
2015-03-01,"San Jose-Sunnyvale-Santa Clara, CA Metro Area",Total,1030500.0
2015-04-01,"San Jose-Sunnyvale-Santa Clara, CA Metro Area",Total,1038100.0
2015-05-01,"San Jose-Sunnyvale-Santa Clara, CA Metro Area",Total,1045300.0
2015-06-01,"San Jose-Sunnyvale-Santa Clara, CA Metro Area",Total,1052500.0
2015-07-01,"San Jose-Sunnyvale-Santa Clara, CA Metro Area",Total,1049300.0
2015-08-01,"San Jose-Sunnyvale-Santa Clara, CA Metro Area",Total,1054800.0
2015-09-01,"San Jose-Sunnyvale-Santa Clara, CA Metro Area",Total,1054800.0
2015-10-01,"San Jose-Sunnyvale-Santa Clara, CA Metro Area",Total,1068500.0
2015-11-01,"San Jose-Sunnyvale-Santa Clara, CA Metro Area",Total,1070500.0
2015-12-01,"San Jose-Sunnyvale-Santa Clara, CA Metro Area",Total,1071200.0
2016-01-01,"San Jose-Sunnyvale-Santa Clara, CA Metro Area",Total,1060800.0
2016-02-01,"San Jose-Sunnyvale-Santa Clara, CA Metro Area",Total,1066800.0
2016-03-01,"San Jose-Sunnyvale-Santa Clara, CA Metro Area",Total,1067400.0
2016-04-01,"San Jose-Sunnyvale-Santa Clara, CA Metro Area",Total,1078600.0
2016-05-01,"San Jose-Sunnyvale-Santa Clara, CA Metro Area",Total,1083200.0
2016-06-01,"San Jose-Sunnyvale-Santa Clara, CA Metro Area",Total,1089300.0
2016-07-01,"San Jose-Sunnyvale-Santa Clara, CA Metro Area",Total,1085400.0
2016-08-01,"San Jose-Sunnyvale-Santa Clara, CA Metro Area",Total,1088100.0
2016-09-01,"San Jose-Sunnyvale-Santa Clara, CA Metro Area",Total,1085700.0
2016-10-01,"San Jose-Sunnyvale-Santa Clara, CA Metro Area",Total,1094100.0
2016-11-01,"San Jose-Sunnyvale-Santa Clara, CA Metro Area",Total,1099900.0
2016-12-01,"San Jose-Sunnyvale-Santa Clara, CA Metro Area",Total,1101500.0
2017-01-01,"San Jose-Sunnyvale-Santa Clara, CA Metro Area",Total,1084200.0
2017-02-01,"San Jose-Sunnyvale-Santa Clara, CA Metro Area",Total,1091000.0
2017-03-01,"San Jose-Sunnyvale-Santa Clara, CA Metro Area",Total,1097100.0
2017-04-01,"San Jose-Sunnyvale-Santa Clara, CA Metro Area",Total,1100600.0
2017-05-01,"San Jose-Sunnyvale-Santa Clara, CA Metro Area",Total,1106300.0
2017-06-01,"San Jose-Sunnyvale-Santa Clara, CA Metro Area",Total,1115500.0
2017-07-01,"San Jose-Sunnyvale-Santa Clara, CA Metro Area",Total,1111300.0
2017-08-01,"San Jose-Sunnyvale-Santa Clara, CA Metro Area",Total,1112400.0
2017-09-01,"San Jose-Sunnyvale-Santa Clara, CA Metro Area",Total,1108800.0
2017-10-01,"San Jose-Sunnyvale-Santa Clara, CA Metro Area",Total,1117900.0
2017-11-01,"San Jose-Sunnyvale-Santa Clara, CA Metro Area",Total,1124199.99999999
2017-12-01,"San Jose-Sunnyvale-Santa Clara, CA Metro Area",Total,1125500.0
2018-01-01,"San Jose-Sunnyvale-Santa Clara, CA Metro Area",Total,1103300.0
2018-02-01,"San Jose-Sunnyvale-Santa Clara, CA Metro Area",Total,1112500.0
2018-03-01,"San Jose-Sunnyvale-Santa Clara, CA Metro Area",Total,1115700.0
2018-04-01,"San Jose-Sunnyvale-Santa Clara, CA Metro Area",Total,1118800.0
2018-05-01,"San Jose-Sunnyvale-Santa Clara, CA Metro Area",Total,1125100.0
2018-06-01,"San Jose-Sunnyvale-Santa Clara, CA Metro Area",Total,1135400.0
2018-07-01,"San Jose-Sunnyvale-Santa Clara, CA Metro Area",Total,1129200.0
2018-08-01,"San Jose-Sunnyvale-Santa Clara, CA Metro Area",Total,1131799.99999999
2018-09-01,"San Jose-Sunnyvale-Santa Clara, CA Metro Area",Total,1127300.0
2018-10-01,"San Jose-Sunnyvale-Santa Clara, CA Metro Area",Total,1139699.99999999
2018-11-01,"San Jose-Sunnyvale-Santa Clara, CA Metro Area",Total,1145700.0
2018-12-01,"San Jose-Sunnyvale-Santa Clara, CA Metro Area",Total,1146100.0
2019-01-01,"San Jose-Sunnyvale-Santa Clara, CA Metro Area",Total,1127999.99999999
2019-02-01,"San Jose-Sunnyvale-Santa Clara, CA Metro Area",Total,1133999.99999999
2019-03-01,"San Jose-Sunnyvale-Santa Clara, CA Metro Area",Total,1138699.99999999
2019-04-01,"San Jose-Sunnyvale-Santa Clara, CA Metro Area",Total,1137400.0
2019-05-01,"San Jose-Sunnyvale-Santa Clara, CA Metro Area",Total,1143000.0
2019-06-01,"San Jose-Sunnyvale-Santa Clara, CA Metro Area",Total,1150300.0
2019-07-01,"San Jose-Sunnyvale-Santa Clara, CA Metro Area",Total,1148600.0
2019-08-01,"San Jose-Sunnyvale-Santa Clara, CA Metro Area",Total,1154000.0
2019-09-01,"San Jose-Sunnyvale-Santa Clara, CA Metro Area",Total,1146800.0
2019-10-01,"San Jose-Sunnyvale-Santa Clara, CA Metro Area",Total,1159700.0
2019-11-01,"San Jose-Sunnyvale-Santa Clara, CA Metro Area",Total,1168200.0
2019-12-01,"San Jose-Sunnyvale-Santa Clara, CA Metro Area",Total,1168600.0
2020-01-01,"San Jose-Sunnyvale-Santa Clara, CA Metro Area",Total,1152900.0
2020-02-01,"San Jose-Sunnyvale-Santa Clara, CA Metro Area",Total,1158800.0
2020-03-01,"San Jose-Sunnyvale-Santa Clara, CA Metro Area",Total,1147400.0
2020-04-01,"San Jose-Sunnyvale-Santa Clara, CA Metro Area",Total,1005800.0
2020-05-01,"San Jose-Sunnyvale-Santa Clara, CA Metro Area",Total,1026400.0
2020-06-01,"San Jose-Sunnyvale-Santa Clara, CA Metro Area",Total,1049100.0
2020-07-01,"San Jose-Sunnyvale-Santa Clara, CA Metro Area",Total,1049600.0
2020-08-01,"San Jose-Sunnyvale-Santa Clara, CA Metro Area",Total,1055700.0
2020-09-01,"San Jose-Sunnyvale-Santa Clara, CA Metro Area",Total,1057800.0
2020-10-01,"San Jose-Sunnyvale-Santa Clara, CA Metro Area",Total,1072600.0
2020-11-01,"San Jose-Sunnyvale-Santa Clara, CA Metro Area",Total,1079000.0
2020-12-01,"San Jose-Sunnyvale-Santa Clara, CA Metro Area",Total,1074200.0
2021-01-01,"San Jose-Sunnyvale-Santa Clara, CA Metro Area",Total,1051600.0
2021-02-01,"San Jose-Sunnyvale-Santa Clara, CA Metro Area",Total,1066600.0
2021-03-01,"San Jose-Sunnyvale-Santa Clara, CA Metro Area",Total,1073200.0
2021-04-01,"San Jose-Sunnyvale-Santa Clara, CA Metro Area",Total,1083800.0
2021-05-01,"San Jose-Sunnyvale-Santa Clara, CA Metro Area",Total,1090700.0
2021-06-01,"San Jose-Sunnyvale-Santa Clara, CA Metro Area",Total,1098500.0
2021-07-01,"San Jose-Sunnyvale-Santa Clara, CA Metro Area",Total,1105000.0
2021-08-01,"San Jose-Sunnyvale-Santa Clara, CA Metro Area",Total,1110900.0
2021-09-01,"San Jose-Sunnyvale-Santa Clara, CA Metro Area",Total,1109400.0
2021-10-01,"San Jose-Sunnyvale-Santa Clara, CA Metro Area",Total,1128200.0
2021-11-01,"San Jose-Sunnyvale-Santa Clara, CA Metro Area",Total,1136600.0
2021-12-01,"San Jose-Sunnyvale-Santa Clara, CA Metro Area",Total,1139600.0
2022-01-01,"San Jose-Sunnyvale-Santa Clara, CA Metro Area",Total,1120400.0
2022-02-01,"San Jose-Sunnyvale-Santa Clara, CA Metro Area",Total,1131299.99999999
2022-03-01,"San Jose-Sunnyvale-Santa Clara, CA Metro Area",Total,1137000.0
2022-04-01,"San Jose-Sunnyvale-Santa Clara, CA Metro Area",Total,1145700.0
2022-05-01,"San Jose-Sunnyvale-Santa Clara, CA Metro Area",Total,1151000.0
2022-06-01,"San Jose-Sunnyvale-Santa Clara, CA Metro Area",Total,1158700.0
2022-07-01,"San Jose-Sunnyvale-Santa Clara, CA Metro Area",Total,1157600.0
2022-08-01,"San Jose-Sunnyvale-Santa Clara, CA Metro Area",Total,1162800.0
2022-09-01,"San Jose-Sunnyvale-Santa Clara, CA Metro Area",Total,1160400.0
2022-10-01,"San Jose-Sunnyvale-Santa Clara, CA Metro Area",Total,1169300.0
2022-11-01,"San Jose-Sunnyvale-Santa Clara, CA Metro Area",Total,1173800.0
2022-12-01,"San Jose-Sunnyvale-Santa Clara, CA Metro Area",Total,1170700.0
2023-01-01,"San Jose-Sunnyvale-Santa Clara, CA Metro Area",Total,1150400.0
2023-02-01,"San Jose-Sunnyvale-Santa Clara, CA Metro Area",Total,1156600.0
2023-03-01,"San Jose-Sunnyvale-Santa Clara, CA Metro Area",Total,1153700.0
2023-04-01,"San Jose-Sunnyvale-Santa Clara, CA Metro Area",Total,1154900.0
2023-05-01,"San Jose-Sunnyvale-Santa Clara, CA Metro Area",Total,1158900.0
2023-06-01,"San Jose-Sunnyvale-Santa Clara, CA Metro Area",Total,1162300.0
2023-07-01,"San Jose-Sunnyvale-Santa Clara, CA Metro Area",Total,1152600.0
2023-08-01,"San Jose-Sunnyvale-Santa Clara, CA Metro Area",Total,1154400.0
2023-09-01,"San Jose-Sunnyvale-Santa Clara, CA Metro Area",Total,1153200.0
2023-10-01,"San Jose-Sunnyvale-Santa Clara, CA Metro Area",Total,1163200.0
2023-11-01,"San Jose-Sunnyvale-Santa Clara, CA Metro Area",Total,1165000.0
2023-12-01,"San Jose-Sunnyvale-Santa Clara, CA Metro Area",Total,1167800.0
2024-01-01,"San Jose-Sunnyvale-Santa Clara, CA Metro Area",Total,1147600.0
2024-02-01,"San Jose-Sunnyvale-Santa Clara, CA Metro Area",Total,1150000.0
2024-03-01,"San Jose-Sunnyvale-Santa Clara, CA Metro Area",Total,1154600.0
2024-04-01,"San Jose-Sunnyvale-Santa Clara, CA Metro Area",Total,1156400.0
2024-05-01,"San Jose-Sunnyvale-Santa Clara, CA Metro Area",Total,1161300.0
2000-01-01,"St. Louis, MO-IL Metro Area",Total,1301400.0
2000-02-01,"St. Louis, MO-IL Metro Area",Total,1303400.0
2000-03-01,"St. Louis, MO-IL Metro Area",Total,1316500.0
2000-04-01,"St. Louis, MO-IL Metro Area",Total,1333000.0
2000-05-01,"St. Louis, MO-IL Metro Area",Total,1342100.0
2000-06-01,"St. Louis, MO-IL Metro Area",Total,1350400.0
2000-07-01,"St. Louis, MO-IL Metro Area",Total,1320200.0
2000-08-01,"St. Louis, MO-IL Metro Area",Total,1321200.0
2000-09-01,"St. Louis, MO-IL Metro Area",Total,1341300.0
2000-10-01,"St. Louis, MO-IL Metro Area",Total,1343600.0
2000-11-01,"St. Louis, MO-IL Metro Area",Total,1344500.0
2000-12-01,"St. Louis, MO-IL Metro Area",Total,1340100.0
2001-01-01,"St. Louis, MO-IL Metro Area",Total,1302800.0
2001-02-01,"St. Louis, MO-IL Metro Area",Total,1314100.0
2001-03-01,"St. Louis, MO-IL Metro Area",Total,1328800.0
2001-04-01,"St. Louis, MO-IL Metro Area",Total,1340500.0
2001-05-01,"St. Louis, MO-IL Metro Area",Total,1347900.0
2001-06-01,"St. Louis, MO-IL Metro Area",Total,1352900.0
2001-07-01,"St. Louis, MO-IL Metro Area",Total,1322600.0
2001-08-01,"St. Louis, MO-IL Metro Area",Total,1323100.0
2001-09-01,"St. Louis, MO-IL Metro Area",Total,1335200.0
2001-10-01,"St. Louis, MO-IL Metro Area",Total,1333100.0
2001-11-01,"St. Louis, MO-IL Metro Area",Total,1338800.0
2001-12-01,"St. Louis, MO-IL Metro Area",Total,1340000.0
2002-01-01,"St. Louis, MO-IL Metro Area",Total,1302400.0
2002-02-01,"St. Louis, MO-IL Metro Area",Total,1305800.0
2002-03-01,"St. Louis, MO-IL Metro Area",Total,1314900.0
2002-04-01,"St. Louis, MO-IL Metro Area",Total,1327100.0
2002-05-01,"St. Louis, MO-IL Metro Area",Total,1334600.0
2002-06-01,"St. Louis, MO-IL Metro Area",Total,1340400.0
2002-07-01,"St. Louis, MO-IL Metro Area",Total,1313800.0
2002-08-01,"St. Louis, MO-IL Metro Area",Total,1320100.0
2002-09-01,"St. Louis, MO-IL Metro Area",Total,1334000.0
2002-10-01,"St. Louis, MO-IL Metro Area",Total,1334200.0
2002-11-01,"St. Louis, MO-IL Metro Area",Total,1336300.0
2002-12-01,"St. Louis, MO-IL Metro Area",Total,1339500.0
2003-01-01,"St. Louis, MO-IL Metro Area",Total,1302800.0
2003-02-01,"St. Louis, MO-IL Metro Area",Total,1303400.0
2003-03-01,"St. Louis, MO-IL Metro Area",Total,1311900.0
2003-04-01,"St. Louis, MO-IL Metro Area",Total,1320500.0
2003-05-01,"St. Louis, MO-IL Metro Area",Total,1327200.0
2003-06-01,"St. Louis, MO-IL Metro Area",Total,1327500.0
2003-07-01,"St. Louis, MO-IL Metro Area",Total,1304700.0
2003-08-01,"St. Louis, MO-IL Metro Area",Total,1308800.0
2003-09-01,"St. Louis, MO-IL Metro Area",Total,1320600.0
2003-10-01,"St. Louis, MO-IL Metro Area",Total,1325400.0
2003-11-01,"St. Louis, MO-IL Metro Area",Total,1322400.0
2003-12-01,"St. Louis, MO-IL Metro Area",Total,1324100.0
2004-01-01,"St. Louis, MO-IL Metro Area",Total,1290700.0
2004-02-01,"St. Louis, MO-IL Metro Area",Total,1289400.0
2004-03-01,"St. Louis, MO-IL Metro Area",Total,1304800.0
2004-04-01,"St. Louis, MO-IL Metro Area",Total,1318300.0
2004-05-01,"St. Louis, MO-IL Metro Area",Total,1325500.0
2004-06-01,"St. Louis, MO-IL Metro Area",Total,1326100.0
2004-07-01,"St. Louis, MO-IL Metro Area",Total,1303400.0
2004-08-01,"St. Louis, MO-IL Metro Area",Total,1311200.0
2004-09-01,"St. Louis, MO-IL Metro Area",Total,1326000.0
2004-10-01,"St. Louis, MO-IL Metro Area",Total,1333300.0
2004-11-01,"St. Louis, MO-IL Metro Area",Total,1334000.0
2004-12-01,"St. Louis, MO-IL Metro Area",Total,1336500.0
2005-01-01,"St. Louis, MO-IL Metro Area",Total,1302600.0
2005-02-01,"St. Louis, MO-IL Metro Area",Total,1308500.0
2005-03-01,"St. Louis, MO-IL Metro Area",Total,1320400.0
2005-04-01,"St. Louis, MO-IL Metro Area",Total,1339700.0
2005-05-01,"St. Louis, MO-IL Metro Area",Total,1343700.0
2005-06-01,"St. Louis, MO-IL Metro Area",Total,1343400.0
2005-07-01,"St. Louis, MO-IL Metro Area",Total,1320400.0
2005-08-01,"St. Louis, MO-IL Metro Area",Total,1332400.0
2005-09-01,"St. Louis, MO-IL Metro Area",Total,1345200.0
2005-10-01,"St. Louis, MO-IL Metro Area",Total,1344400.0
2005-11-01,"St. Louis, MO-IL Metro Area",Total,1347100.0
2005-12-01,"St. Louis, MO-IL Metro Area",Total,1349400.0
2006-01-01,"St. Louis, MO-IL Metro Area",Total,1318000.0
2006-02-01,"St. Louis, MO-IL Metro Area",Total,1323100.0
2006-03-01,"St. Louis, MO-IL Metro Area",Total,1334400.0
2006-04-01,"St. Louis, MO-IL Metro Area",Total,1349700.0
2006-05-01,"St. Louis, MO-IL Metro Area",Total,1356400.0
2006-06-01,"St. Louis, MO-IL Metro Area",Total,1359700.0
2006-07-01,"St. Louis, MO-IL Metro Area",Total,1337000.0
2006-08-01,"St. Louis, MO-IL Metro Area",Total,1340900.0
2006-09-01,"St. Louis, MO-IL Metro Area",Total,1358500.0
2006-10-01,"St. Louis, MO-IL Metro Area",Total,1360900.0
2006-11-01,"St. Louis, MO-IL Metro Area",Total,1360600.0
2006-12-01,"St. Louis, MO-IL Metro Area",Total,1365500.0
2007-01-01,"St. Louis, MO-IL Metro Area",Total,1328600.0
2007-02-01,"St. Louis, MO-IL Metro Area",Total,1331300.0
2007-03-01,"St. Louis, MO-IL Metro Area",Total,1347900.0
2007-04-01,"St. Louis, MO-IL Metro Area",Total,1359900.0
2007-05-01,"St. Louis, MO-IL Metro Area",Total,1372800.0
2007-06-01,"St. Louis, MO-IL Metro Area",Total,1369600.0
2007-07-01,"St. Louis, MO-IL Metro Area",Total,1340800.0
2007-08-01,"St. Louis, MO-IL Metro Area",Total,1350400.0
2007-09-01,"St. Louis, MO-IL Metro Area",Total,1366400.0
2007-10-01,"St. Louis, MO-IL Metro Area",Total,1368600.0
2007-11-01,"St. Louis, MO-IL Metro Area",Total,1372800.0
2007-12-01,"St. Louis, MO-IL Metro Area",Total,1374300.0
2008-01-01,"St. Louis, MO-IL Metro Area",Total,1342600.0
2008-02-01,"St. Louis, MO-IL Metro Area",Total,1347100.0
2008-03-01,"St. Louis, MO-IL Metro Area",Total,1350600.0
2008-04-01,"St. Louis, MO-IL Metro Area",Total,1362200.0
2008-05-01,"St. Louis, MO-IL Metro Area",Total,1375000.0
2008-06-01,"St. Louis, MO-IL Metro Area",Total,1374200.0
2008-07-01,"St. Louis, MO-IL Metro Area",Total,1340800.0
2008-08-01,"St. Louis, MO-IL Metro Area",Total,1350100.0
2008-09-01,"St. Louis, MO-IL Metro Area",Total,1360400.0
2008-10-01,"St. Louis, MO-IL Metro Area",Total,1354700.0
2008-11-01,"St. Louis, MO-IL Metro Area",Total,1347200.0
2008-12-01,"St. Louis, MO-IL Metro Area",Total,1340600.0
2009-01-01,"St. Louis, MO-IL Metro Area",Total,1301400.0
2009-02-01,"St. Louis, MO-IL Metro Area",Total,1299500.0
2009-03-01,"St. Louis, MO-IL Metro Area",Total,1301300.0
2009-04-01,"St. Louis, MO-IL Metro Area",Total,1310000.0
2009-05-01,"St. Louis, MO-IL Metro Area",Total,1314800.0
2009-06-01,"St. Louis, MO-IL Metro Area",Total,1308300.0
2009-07-01,"St. Louis, MO-IL Metro Area",Total,1278700.0
2009-08-01,"St. Louis, MO-IL Metro Area",Total,1286000.0
2009-09-01,"St. Louis, MO-IL Metro Area",Total,1295100.0
2009-10-01,"St. Louis, MO-IL Metro Area",Total,1293400.0
2009-11-01,"St. Louis, MO-IL Metro Area",Total,1290200.0
2009-12-01,"St. Louis, MO-IL Metro Area",Total,1289900.0
2010-01-01,"St. Louis, MO-IL Metro Area",Total,1262000.0
2010-02-01,"St. Louis, MO-IL Metro Area",Total,1269900.0
2010-03-01,"St. Louis, MO-IL Metro Area",Total,1280900.0
2010-04-01,"St. Louis, MO-IL Metro Area",Total,1294000.0
2010-05-01,"St. Louis, MO-IL Metro Area",Total,1302700.0
2010-06-01,"St. Louis, MO-IL Metro Area",Total,1294600.0
2010-07-01,"St. Louis, MO-IL Metro Area",Total,1271700.0
2010-08-01,"St. Louis, MO-IL Metro Area",Total,1284700.0
2010-09-01,"St. Louis, MO-IL Metro Area",Total,1294300.0
2010-10-01,"St. Louis, MO-IL Metro Area",Total,1302500.0
2010-11-01,"St. Louis, MO-IL Metro Area",Total,1301100.0
2010-12-01,"St. Louis, MO-IL Metro Area",Total,1299100.0
2011-01-01,"St. Louis, MO-IL Metro Area",Total,1274200.0
2011-02-01,"St. Louis, MO-IL Metro Area",Total,1278200.0
2011-03-01,"St. Louis, MO-IL Metro Area",Total,1291200.0
2011-04-01,"St. Louis, MO-IL Metro Area",Total,1312400.0
2011-05-01,"St. Louis, MO-IL Metro Area",Total,1317700.0
2011-06-01,"St. Louis, MO-IL Metro Area",Total,1308800.0
2011-07-01,"St. Louis, MO-IL Metro Area",Total,1289000.0
2011-08-01,"St. Louis, MO-IL Metro Area",Total,1298300.0
2011-09-01,"St. Louis, MO-IL Metro Area",Total,1310700.0
2011-10-01,"St. Louis, MO-IL Metro Area",Total,1312200.0
2011-11-01,"St. Louis, MO-IL Metro Area",Total,1309600.0
2011-12-01,"St. Louis, MO-IL Metro Area",Total,1309800.0
2012-01-01,"St. Louis, MO-IL Metro Area",Total,1277500.0
2012-02-01,"St. Louis, MO-IL Metro Area",Total,1285200.0
2012-03-01,"St. Louis, MO-IL Metro Area",Total,1297400.0
2012-04-01,"St. Louis, MO-IL Metro Area",Total,1309800.0
2012-05-01,"St. Louis, MO-IL Metro Area",Total,1317900.0
2012-06-01,"St. Louis, MO-IL Metro Area",Total,1310500.0
2012-07-01,"St. Louis, MO-IL Metro Area",Total,1286600.0
2012-08-01,"St. Louis, MO-IL Metro Area",Total,1296600.0
2012-09-01,"St. Louis, MO-IL Metro Area",Total,1308000.0
2012-10-01,"St. Louis, MO-IL Metro Area",Total,1314400.0
2012-11-01,"St. Louis, MO-IL Metro Area",Total,1314900.0
2012-12-01,"St. Louis, MO-IL Metro Area",Total,1316700.0
2013-01-01,"St. Louis, MO-IL Metro Area",Total,1285300.0
2013-02-01,"St. Louis, MO-IL Metro Area",Total,1293100.0
2013-03-01,"St. Louis, MO-IL Metro Area",Total,1300100.0
2013-04-01,"St. Louis, MO-IL Metro Area",Total,1317300.0
2013-05-01,"St. Louis, MO-IL Metro Area",Total,1327900.0
2013-06-01,"St. Louis, MO-IL Metro Area",Total,1320800.0
2013-07-01,"St. Louis, MO-IL Metro Area",Total,1300000.0
2013-08-01,"St. Louis, MO-IL Metro Area",Total,1310000.0
2013-09-01,"St. Louis, MO-IL Metro Area",Total,1321200.0
2013-10-01,"St. Louis, MO-IL Metro Area",Total,1327600.0
2013-11-01,"St. Louis, MO-IL Metro Area",Total,1327900.0
2013-12-01,"St. Louis, MO-IL Metro Area",Total,1328900.0
2014-01-01,"St. Louis, MO-IL Metro Area",Total,1292200.0
2014-02-01,"St. Louis, MO-IL Metro Area",Total,1303000.0
2014-03-01,"St. Louis, MO-IL Metro Area",Total,1312200.0
2014-04-01,"St. Louis, MO-IL Metro Area",Total,1336700.0
2014-05-01,"St. Louis, MO-IL Metro Area",Total,1344700.0
2014-06-01,"St. Louis, MO-IL Metro Area",Total,1336500.0
2014-07-01,"St. Louis, MO-IL Metro Area",Total,1316200.0
2014-08-01,"St. Louis, MO-IL Metro Area",Total,1327700.0
2014-09-01,"St. Louis, MO-IL Metro Area",Total,1336900.0
2014-10-01,"St. Louis, MO-IL Metro Area",Total,1351700.0
2014-11-01,"St. Louis, MO-IL Metro Area",Total,1350600.0
2014-12-01,"St. Louis, MO-IL Metro Area",Total,1351900.0
2015-01-01,"St. Louis, MO-IL Metro Area",Total,1321700.0
2015-02-01,"St. Louis, MO-IL Metro Area",Total,1326500.0
2015-03-01,"St. Louis, MO-IL Metro Area",Total,1333000.0
2015-04-01,"St. Louis, MO-IL Metro Area",Total,1355600.0
2015-05-01,"St. Louis, MO-IL Metro Area",Total,1367800.0
2015-06-01,"St. Louis, MO-IL Metro Area",Total,1363000.0
2015-07-01,"St. Louis, MO-IL Metro Area",Total,1345600.0
2015-08-01,"St. Louis, MO-IL Metro Area",Total,1354500.0
2015-09-01,"St. Louis, MO-IL Metro Area",Total,1365500.0
2015-10-01,"St. Louis, MO-IL Metro Area",Total,1378100.0
2015-11-01,"St. Louis, MO-IL Metro Area",Total,1379500.0
2015-12-01,"St. Louis, MO-IL Metro Area",Total,1380800.0
2016-01-01,"St. Louis, MO-IL Metro Area",Total,1344400.0
2016-02-01,"St. Louis, MO-IL Metro Area",Total,1351500.0
2016-03-01,"St. Louis, MO-IL Metro Area",Total,1359500.0
2016-04-01,"St. Louis, MO-IL Metro Area",Total,1381300.0
2016-05-01,"St. Louis, MO-IL Metro Area",Total,1387100.0
2016-06-01,"St. Louis, MO-IL Metro Area",Total,1383100.0
2016-07-01,"St. Louis, MO-IL Metro Area",Total,1361900.0
2016-08-01,"St. Louis, MO-IL Metro Area",Total,1371100.0
2016-09-01,"St. Louis, MO-IL Metro Area",Total,1384400.0
2016-10-01,"St. Louis, MO-IL Metro Area",Total,1392600.0
2016-11-01,"St. Louis, MO-IL Metro Area",Total,1391800.0
2016-12-01,"St. Louis, MO-IL Metro Area",Total,1389100.0
2017-01-01,"St. Louis, MO-IL Metro Area",Total,1360100.0
2017-02-01,"St. Louis, MO-IL Metro Area",Total,1371400.0
2017-03-01,"St. Louis, MO-IL Metro Area",Total,1376500.0
2017-04-01,"St. Louis, MO-IL Metro Area",Total,1393400.0
2017-05-01,"St. Louis, MO-IL Metro Area",Total,1400500.0
2017-06-01,"St. Louis, MO-IL Metro Area",Total,1402000.0
2017-07-01,"St. Louis, MO-IL Metro Area",Total,1379700.0
2017-08-01,"St. Louis, MO-IL Metro Area",Total,1386700.0
2017-09-01,"St. Louis, MO-IL Metro Area",Total,1396800.0
2017-10-01,"St. Louis, MO-IL Metro Area",Total,1400600.0
2017-11-01,"St. Louis, MO-IL Metro Area",Total,1403700.0
2017-12-01,"St. Louis, MO-IL Metro Area",Total,1401900.0
2018-01-01,"St. Louis, MO-IL Metro Area",Total,1368800.0
2018-02-01,"St. Louis, MO-IL Metro Area",Total,1377200.0
2018-03-01,"St. Louis, MO-IL Metro Area",Total,1383600.0
2018-04-01,"St. Louis, MO-IL Metro Area",Total,1394600.0
2018-05-01,"St. Louis, MO-IL Metro Area",Total,1402500.0
2018-06-01,"St. Louis, MO-IL Metro Area",Total,1402300.0
2018-07-01,"St. Louis, MO-IL Metro Area",Total,1383800.0
2018-08-01,"St. Louis, MO-IL Metro Area",Total,1392300.0
2018-09-01,"St. Louis, MO-IL Metro Area",Total,1400500.0
2018-10-01,"St. Louis, MO-IL Metro Area",Total,1407900.0
2018-11-01,"St. Louis, MO-IL Metro Area",Total,1410300.0
2018-12-01,"St. Louis, MO-IL Metro Area",Total,1408300.0
2019-01-01,"St. Louis, MO-IL Metro Area",Total,1378300.0
2019-02-01,"St. Louis, MO-IL Metro Area",Total,1385300.0
2019-03-01,"St. Louis, MO-IL Metro Area",Total,1391200.0
2019-04-01,"St. Louis, MO-IL Metro Area",Total,1409900.0
2019-05-01,"St. Louis, MO-IL Metro Area",Total,1415200.0
2019-06-01,"St. Louis, MO-IL Metro Area",Total,1410700.0
2019-07-01,"St. Louis, MO-IL Metro Area",Total,1396600.0
2019-08-01,"St. Louis, MO-IL Metro Area",Total,1404100.0
2019-09-01,"St. Louis, MO-IL Metro Area",Total,1413700.0
2019-10-01,"St. Louis, MO-IL Metro Area",Total,1421900.0
2019-11-01,"St. Louis, MO-IL Metro Area",Total,1426300.0
2019-12-01,"St. Louis, MO-IL Metro Area",Total,1427000.0
2020-01-01,"St. Louis, MO-IL Metro Area",Total,1395800.0
2020-02-01,"St. Louis, MO-IL Metro Area",Total,1401600.0
2020-03-01,"St. Louis, MO-IL Metro Area",Total,1395800.0
2020-04-01,"St. Louis, MO-IL Metro Area",Total,1234300.0
2020-05-01,"St. Louis, MO-IL Metro Area",Total,1258700.0
2020-06-01,"St. Louis, MO-IL Metro Area",Total,1294500.0
2020-07-01,"St. Louis, MO-IL Metro Area",Total,1303200.0
2020-08-01,"St. Louis, MO-IL Metro Area",Total,1322600.0
2020-09-01,"St. Louis, MO-IL Metro Area",Total,1329200.0
2020-10-01,"St. Louis, MO-IL Metro Area",Total,1350900.0
2020-11-01,"St. Louis, MO-IL Metro Area",Total,1353800.0
2020-12-01,"St. Louis, MO-IL Metro Area",Total,1351100.0
2021-01-01,"St. Louis, MO-IL Metro Area",Total,1328900.0
2021-02-01,"St. Louis, MO-IL Metro Area",Total,1332400.0
2021-03-01,"St. Louis, MO-IL Metro Area",Total,1346900.0
2021-04-01,"St. Louis, MO-IL Metro Area",Total,1361200.0
2021-05-01,"St. Louis, MO-IL Metro Area",Total,1366800.0
2021-06-01,"St. Louis, MO-IL Metro Area",Total,1374400.0
2021-07-01,"St. Louis, MO-IL Metro Area",Total,1367800.0
2021-08-01,"St. Louis, MO-IL Metro Area",Total,1368000.0
2021-09-01,"St. Louis, MO-IL Metro Area",Total,1373000.0
2021-10-01,"St. Louis, MO-IL Metro Area",Total,1393600.0
2021-11-01,"St. Louis, MO-IL Metro Area",Total,1399500.0
2021-12-01,"St. Louis, MO-IL Metro Area",Total,1400000.0
2022-01-01,"St. Louis, MO-IL Metro Area",Total,1367900.0
2022-02-01,"St. Louis, MO-IL Metro Area",Total,1381400.0
2022-03-01,"St. Louis, MO-IL Metro Area",Total,1388200.0
2022-04-01,"St. Louis, MO-IL Metro Area",Total,1402800.0
2022-05-01,"St. Louis, MO-IL Metro Area",Total,1410100.0
2022-06-01,"St. Louis, MO-IL Metro Area",Total,1418900.0
2022-07-01,"St. Louis, MO-IL Metro Area",Total,1403000.0
2022-08-01,"St. Louis, MO-IL Metro Area",Total,1403100.0
2022-09-01,"St. Louis, MO-IL Metro Area",Total,1412400.0
2022-10-01,"St. Louis, MO-IL Metro Area",Total,1420900.0
2022-11-01,"St. Louis, MO-IL Metro Area",Total,1424300.0
2022-12-01,"St. Louis, MO-IL Metro Area",Total,1418900.0
2023-01-01,"St. Louis, MO-IL Metro Area",Total,1401800.0
2023-02-01,"St. Louis, MO-IL Metro Area",Total,1411500.0
2023-03-01,"St. Louis, MO-IL Metro Area",Total,1416300.0
2023-04-01,"St. Louis, MO-IL Metro Area",Total,1428000.0
2023-05-01,"St. Louis, MO-IL Metro Area",Total,1431600.0
2023-06-01,"St. Louis, MO-IL Metro Area",Total,1440900.0
2023-07-01,"St. Louis, MO-IL Metro Area",Total,1424400.0
2023-08-01,"St. Louis, MO-IL Metro Area",Total,1422200.0
2023-09-01,"St. Louis, MO-IL Metro Area",Total,1432200.0
2023-10-01,"St. Louis, MO-IL Metro Area",Total,1442900.0
2023-11-01,"St. Louis, MO-IL Metro Area",Total,1450300.0
2023-12-01,"St. Louis, MO-IL Metro Area",Total,1445800.0
2024-01-01,"St. Louis, MO-IL Metro Area",Total,1416100.0
2024-02-01,"St. Louis, MO-IL Metro Area",Total,1426300.0
2024-03-01,"St. Louis, MO-IL Metro Area",Total,1436100.0
2024-04-01,"St. Louis, MO-IL Metro Area",Total,1455900.0
2024-05-01,"St. Louis, MO-IL Metro Area",Total,1460000.0
2000-01-01,"Tampa-St. Petersburg-Clearwater, FL Metro Area",Total,1124400.0
2000-02-01,"Tampa-St. Petersburg-Clearwater, FL Metro Area",Total,1139200.0
2000-03-01,"Tampa-St. Petersburg-Clearwater, FL Metro Area",Total,1158100.0
2000-04-01,"Tampa-St. Petersburg-Clearwater, FL Metro Area",Total,1154500.0
2000-05-01,"Tampa-St. Petersburg-Clearwater, FL Metro Area",Total,1158900.0
2000-06-01,"Tampa-St. Petersburg-Clearwater, FL Metro Area",Total,1146200.0
2000-07-01,"Tampa-St. Petersburg-Clearwater, FL Metro Area",Total,1129700.0
2000-08-01,"Tampa-St. Petersburg-Clearwater, FL Metro Area",Total,1143700.0
2000-09-01,"Tampa-St. Petersburg-Clearwater, FL Metro Area",Total,1148900.0
2000-10-01,"Tampa-St. Petersburg-Clearwater, FL Metro Area",Total,1146400.0
2000-11-01,"Tampa-St. Petersburg-Clearwater, FL Metro Area",Total,1158300.0
2000-12-01,"Tampa-St. Petersburg-Clearwater, FL Metro Area",Total,1165100.0
2001-01-01,"Tampa-St. Petersburg-Clearwater, FL Metro Area",Total,1126000.0
2001-02-01,"Tampa-St. Petersburg-Clearwater, FL Metro Area",Total,1139000.0
2001-03-01,"Tampa-St. Petersburg-Clearwater, FL Metro Area",Total,1148800.0
2001-04-01,"Tampa-St. Petersburg-Clearwater, FL Metro Area",Total,1143700.0
2001-05-01,"Tampa-St. Petersburg-Clearwater, FL Metro Area",Total,1144000.0
2001-06-01,"Tampa-St. Petersburg-Clearwater, FL Metro Area",Total,1133300.0
2001-07-01,"Tampa-St. Petersburg-Clearwater, FL Metro Area",Total,1119700.0
2001-08-01,"Tampa-St. Petersburg-Clearwater, FL Metro Area",Total,1133000.0
2001-09-01,"Tampa-St. Petersburg-Clearwater, FL Metro Area",Total,1130800.0
2001-10-01,"Tampa-St. Petersburg-Clearwater, FL Metro Area",Total,1133100.0
2001-11-01,"Tampa-St. Petersburg-Clearwater, FL Metro Area",Total,1140700.0
2001-12-01,"Tampa-St. Petersburg-Clearwater, FL Metro Area",Total,1145600.0
2002-01-01,"Tampa-St. Petersburg-Clearwater, FL Metro Area",Total,1118500.0
2002-02-01,"Tampa-St. Petersburg-Clearwater, FL Metro Area",Total,1130900.0
2002-03-01,"Tampa-St. Petersburg-Clearwater, FL Metro Area",Total,1138000.0
2002-04-01,"Tampa-St. Petersburg-Clearwater, FL Metro Area",Total,1136000.0
2002-05-01,"Tampa-St. Petersburg-Clearwater, FL Metro Area",Total,1136900.0
2002-06-01,"Tampa-St. Petersburg-Clearwater, FL Metro Area",Total,1120500.0
2002-07-01,"Tampa-St. Petersburg-Clearwater, FL Metro Area",Total,1109700.0
2002-08-01,"Tampa-St. Petersburg-Clearwater, FL Metro Area",Total,1122600.0
2002-09-01,"Tampa-St. Petersburg-Clearwater, FL Metro Area",Total,1123600.0
2002-10-01,"Tampa-St. Petersburg-Clearwater, FL Metro Area",Total,1126200.0
2002-11-01,"Tampa-St. Petersburg-Clearwater, FL Metro Area",Total,1139000.0
2002-12-01,"Tampa-St. Petersburg-Clearwater, FL Metro Area",Total,1145200.0
2003-01-01,"Tampa-St. Petersburg-Clearwater, FL Metro Area",Total,1118700.0
2003-02-01,"Tampa-St. Petersburg-Clearwater, FL Metro Area",Total,1127500.0
2003-03-01,"Tampa-St. Petersburg-Clearwater, FL Metro Area",Total,1137700.0
2003-04-01,"Tampa-St. Petersburg-Clearwater, FL Metro Area",Total,1133900.0
2003-05-01,"Tampa-St. Petersburg-Clearwater, FL Metro Area",Total,1133100.0
2003-06-01,"Tampa-St. Petersburg-Clearwater, FL Metro Area",Total,1120000.0
2003-07-01,"Tampa-St. Petersburg-Clearwater, FL Metro Area",Total,1110700.0
2003-08-01,"Tampa-St. Petersburg-Clearwater, FL Metro Area",Total,1123800.0
2003-09-01,"Tampa-St. Petersburg-Clearwater, FL Metro Area",Total,1127000.0
2003-10-01,"Tampa-St. Petersburg-Clearwater, FL Metro Area",Total,1133600.0
2003-11-01,"Tampa-St. Petersburg-Clearwater, FL Metro Area",Total,1138100.0
2003-12-01,"Tampa-St. Petersburg-Clearwater, FL Metro Area",Total,1146400.0
2004-01-01,"Tampa-St. Petersburg-Clearwater, FL Metro Area",Total,1137800.0
2004-02-01,"Tampa-St. Petersburg-Clearwater, FL Metro Area",Total,1151200.0
2004-03-01,"Tampa-St. Petersburg-Clearwater, FL Metro Area",Total,1163100.0
2004-04-01,"Tampa-St. Petersburg-Clearwater, FL Metro Area",Total,1171600.0
2004-05-01,"Tampa-St. Petersburg-Clearwater, FL Metro Area",Total,1173200.0
2004-06-01,"Tampa-St. Petersburg-Clearwater, FL Metro Area",Total,1163300.0
2004-07-01,"Tampa-St. Petersburg-Clearwater, FL Metro Area",Total,1155900.0
2004-08-01,"Tampa-St. Petersburg-Clearwater, FL Metro Area",Total,1167700.0
2004-09-01,"Tampa-St. Petersburg-Clearwater, FL Metro Area",Total,1168800.0
2004-10-01,"Tampa-St. Petersburg-Clearwater, FL Metro Area",Total,1181200.0
2004-11-01,"Tampa-St. Petersburg-Clearwater, FL Metro Area",Total,1192800.0
2004-12-01,"Tampa-St. Petersburg-Clearwater, FL Metro Area",Total,1201600.0
2005-01-01,"Tampa-St. Petersburg-Clearwater, FL Metro Area",Total,1185800.0
2005-02-01,"Tampa-St. Petersburg-Clearwater, FL Metro Area",Total,1199800.0
2005-03-01,"Tampa-St. Petersburg-Clearwater, FL Metro Area",Total,1206200.0
2005-04-01,"Tampa-St. Petersburg-Clearwater, FL Metro Area",Total,1211400.0
2005-05-01,"Tampa-St. Petersburg-Clearwater, FL Metro Area",Total,1213600.0
2005-06-01,"Tampa-St. Petersburg-Clearwater, FL Metro Area",Total,1200000.0
2005-07-01,"Tampa-St. Petersburg-Clearwater, FL Metro Area",Total,1194800.0
2005-08-01,"Tampa-St. Petersburg-Clearwater, FL Metro Area",Total,1207300.0
2005-09-01,"Tampa-St. Petersburg-Clearwater, FL Metro Area",Total,1212300.0
2005-10-01,"Tampa-St. Petersburg-Clearwater, FL Metro Area",Total,1211400.0
2005-11-01,"Tampa-St. Petersburg-Clearwater, FL Metro Area",Total,1220900.0
2005-12-01,"Tampa-St. Petersburg-Clearwater, FL Metro Area",Total,1228400.0
2006-01-01,"Tampa-St. Petersburg-Clearwater, FL Metro Area",Total,1212200.0
2006-02-01,"Tampa-St. Petersburg-Clearwater, FL Metro Area",Total,1221900.0
2006-03-01,"Tampa-St. Petersburg-Clearwater, FL Metro Area",Total,1237900.0
2006-04-01,"Tampa-St. Petersburg-Clearwater, FL Metro Area",Total,1236200.0
2006-05-01,"Tampa-St. Petersburg-Clearwater, FL Metro Area",Total,1238700.0
2006-06-01,"Tampa-St. Petersburg-Clearwater, FL Metro Area",Total,1228000.0
2006-07-01,"Tampa-St. Petersburg-Clearwater, FL Metro Area",Total,1216600.0
2006-08-01,"Tampa-St. Petersburg-Clearwater, FL Metro Area",Total,1233700.0
2006-09-01,"Tampa-St. Petersburg-Clearwater, FL Metro Area",Total,1236600.0
2006-10-01,"Tampa-St. Petersburg-Clearwater, FL Metro Area",Total,1233600.0
2006-11-01,"Tampa-St. Petersburg-Clearwater, FL Metro Area",Total,1241300.0
2006-12-01,"Tampa-St. Petersburg-Clearwater, FL Metro Area",Total,1249800.0
2007-01-01,"Tampa-St. Petersburg-Clearwater, FL Metro Area",Total,1228600.0
2007-02-01,"Tampa-St. Petersburg-Clearwater, FL Metro Area",Total,1237100.0
2007-03-01,"Tampa-St. Petersburg-Clearwater, FL Metro Area",Total,1248600.0
2007-04-01,"Tampa-St. Petersburg-Clearwater, FL Metro Area",Total,1242900.0
2007-05-01,"Tampa-St. Petersburg-Clearwater, FL Metro Area",Total,1239800.0
2007-06-01,"Tampa-St. Petersburg-Clearwater, FL Metro Area",Total,1230500.0
2007-07-01,"Tampa-St. Petersburg-Clearwater, FL Metro Area",Total,1212700.0
2007-08-01,"Tampa-St. Petersburg-Clearwater, FL Metro Area",Total,1225400.0
2007-09-01,"Tampa-St. Petersburg-Clearwater, FL Metro Area",Total,1222200.0
2007-10-01,"Tampa-St. Petersburg-Clearwater, FL Metro Area",Total,1219900.0
2007-11-01,"Tampa-St. Petersburg-Clearwater, FL Metro Area",Total,1227800.0
2007-12-01,"Tampa-St. Petersburg-Clearwater, FL Metro Area",Total,1232300.0
2008-01-01,"Tampa-St. Petersburg-Clearwater, FL Metro Area",Total,1206900.0
2008-02-01,"Tampa-St. Petersburg-Clearwater, FL Metro Area",Total,1214800.0
2008-03-01,"Tampa-St. Petersburg-Clearwater, FL Metro Area",Total,1219500.0
2008-04-01,"Tampa-St. Petersburg-Clearwater, FL Metro Area",Total,1206500.0
2008-05-01,"Tampa-St. Petersburg-Clearwater, FL Metro Area",Total,1201200.0
2008-06-01,"Tampa-St. Petersburg-Clearwater, FL Metro Area",Total,1185299.99999999
2008-07-01,"Tampa-St. Petersburg-Clearwater, FL Metro Area",Total,1168100.0
2008-08-01,"Tampa-St. Petersburg-Clearwater, FL Metro Area",Total,1178599.99999999
2008-09-01,"Tampa-St. Petersburg-Clearwater, FL Metro Area",Total,1173500.0
2008-10-01,"Tampa-St. Petersburg-Clearwater, FL Metro Area",Total,1168000.0
2008-11-01,"Tampa-St. Petersburg-Clearwater, FL Metro Area",Total,1167300.0
2008-12-01,"Tampa-St. Petersburg-Clearwater, FL Metro Area",Total,1169100.0
2009-01-01,"Tampa-St. Petersburg-Clearwater, FL Metro Area",Total,1139200.0
2009-02-01,"Tampa-St. Petersburg-Clearwater, FL Metro Area",Total,1139800.0
2009-03-01,"Tampa-St. Petersburg-Clearwater, FL Metro Area",Total,1140000.0
2009-04-01,"Tampa-St. Petersburg-Clearwater, FL Metro Area",Total,1132700.0
2009-05-01,"Tampa-St. Petersburg-Clearwater, FL Metro Area",Total,1125300.0
2009-06-01,"Tampa-St. Petersburg-Clearwater, FL Metro Area",Total,1109400.0
2009-07-01,"Tampa-St. Petersburg-Clearwater, FL Metro Area",Total,1095600.0
2009-08-01,"Tampa-St. Petersburg-Clearwater, FL Metro Area",Total,1104900.0
2009-09-01,"Tampa-St. Petersburg-Clearwater, FL Metro Area",Total,1103000.0
2009-10-01,"Tampa-St. Petersburg-Clearwater, FL Metro Area",Total,1104000.0
2009-11-01,"Tampa-St. Petersburg-Clearwater, FL Metro Area",Total,1107200.0
2009-12-01,"Tampa-St. Petersburg-Clearwater, FL Metro Area",Total,1109600.0
2010-01-01,"Tampa-St. Petersburg-Clearwater, FL Metro Area",Total,1089900.0
2010-02-01,"Tampa-St. Petersburg-Clearwater, FL Metro Area",Total,1098900.0
2010-03-01,"Tampa-St. Petersburg-Clearwater, FL Metro Area",Total,1107400.0
2010-04-01,"Tampa-St. Petersburg-Clearwater, FL Metro Area",Total,1107000.0
2010-05-01,"Tampa-St. Petersburg-Clearwater, FL Metro Area",Total,1113100.0
2010-06-01,"Tampa-St. Petersburg-Clearwater, FL Metro Area",Total,1100400.0
2010-07-01,"Tampa-St. Petersburg-Clearwater, FL Metro Area",Total,1093200.0
2010-08-01,"Tampa-St. Petersburg-Clearwater, FL Metro Area",Total,1103800.0
2010-09-01,"Tampa-St. Petersburg-Clearwater, FL Metro Area",Total,1102400.0
2010-10-01,"Tampa-St. Petersburg-Clearwater, FL Metro Area",Total,1113900.0
2010-11-01,"Tampa-St. Petersburg-Clearwater, FL Metro Area",Total,1119400.0
2010-12-01,"Tampa-St. Petersburg-Clearwater, FL Metro Area",Total,1124300.0
2011-01-01,"Tampa-St. Petersburg-Clearwater, FL Metro Area",Total,1107000.0
2011-02-01,"Tampa-St. Petersburg-Clearwater, FL Metro Area",Total,1115500.0
2011-03-01,"Tampa-St. Petersburg-Clearwater, FL Metro Area",Total,1123800.0
2011-04-01,"Tampa-St. Petersburg-Clearwater, FL Metro Area",Total,1127600.0
2011-05-01,"Tampa-St. Petersburg-Clearwater, FL Metro Area",Total,1123700.0
2011-06-01,"Tampa-St. Petersburg-Clearwater, FL Metro Area",Total,1111000.0
2011-07-01,"Tampa-St. Petersburg-Clearwater, FL Metro Area",Total,1108000.0
2011-08-01,"Tampa-St. Petersburg-Clearwater, FL Metro Area",Total,1122200.0
2011-09-01,"Tampa-St. Petersburg-Clearwater, FL Metro Area",Total,1129300.0
2011-10-01,"Tampa-St. Petersburg-Clearwater, FL Metro Area",Total,1133000.0
2011-11-01,"Tampa-St. Petersburg-Clearwater, FL Metro Area",Total,1140400.0
2011-12-01,"Tampa-St. Petersburg-Clearwater, FL Metro Area",Total,1146100.0
2012-01-01,"Tampa-St. Petersburg-Clearwater, FL Metro Area",Total,1132900.0
2012-02-01,"Tampa-St. Petersburg-Clearwater, FL Metro Area",Total,1141700.0
2012-03-01,"Tampa-St. Petersburg-Clearwater, FL Metro Area",Total,1149200.0
2012-04-01,"Tampa-St. Petersburg-Clearwater, FL Metro Area",Total,1152800.0
2012-05-01,"Tampa-St. Petersburg-Clearwater, FL Metro Area",Total,1151800.0
2012-06-01,"Tampa-St. Petersburg-Clearwater, FL Metro Area",Total,1139900.0
2012-07-01,"Tampa-St. Petersburg-Clearwater, FL Metro Area",Total,1132200.0
2012-08-01,"Tampa-St. Petersburg-Clearwater, FL Metro Area",Total,1146800.0
2012-09-01,"Tampa-St. Petersburg-Clearwater, FL Metro Area",Total,1146900.0
2012-10-01,"Tampa-St. Petersburg-Clearwater, FL Metro Area",Total,1155200.0
2012-11-01,"Tampa-St. Petersburg-Clearwater, FL Metro Area",Total,1166200.0
2012-12-01,"Tampa-St. Petersburg-Clearwater, FL Metro Area",Total,1172300.0
2013-01-01,"Tampa-St. Petersburg-Clearwater, FL Metro Area",Total,1155100.0
2013-02-01,"Tampa-St. Petersburg-Clearwater, FL Metro Area",Total,1165500.0
2013-03-01,"Tampa-St. Petersburg-Clearwater, FL Metro Area",Total,1174100.0
2013-04-01,"Tampa-St. Petersburg-Clearwater, FL Metro Area",Total,1177700.0
2013-05-01,"Tampa-St. Petersburg-Clearwater, FL Metro Area",Total,1178900.0
2013-06-01,"Tampa-St. Petersburg-Clearwater, FL Metro Area",Total,1166700.0
2013-07-01,"Tampa-St. Petersburg-Clearwater, FL Metro Area",Total,1163000.0
2013-08-01,"Tampa-St. Petersburg-Clearwater, FL Metro Area",Total,1177300.0
2013-09-01,"Tampa-St. Petersburg-Clearwater, FL Metro Area",Total,1177299.99999999
2013-10-01,"Tampa-St. Petersburg-Clearwater, FL Metro Area",Total,1185900.0
2013-11-01,"Tampa-St. Petersburg-Clearwater, FL Metro Area",Total,1198900.0
2013-12-01,"Tampa-St. Petersburg-Clearwater, FL Metro Area",Total,1201200.0
2014-01-01,"Tampa-St. Petersburg-Clearwater, FL Metro Area",Total,1182100.0
2014-02-01,"Tampa-St. Petersburg-Clearwater, FL Metro Area",Total,1190900.0
2014-03-01,"Tampa-St. Petersburg-Clearwater, FL Metro Area",Total,1200799.99999999
2014-04-01,"Tampa-St. Petersburg-Clearwater, FL Metro Area",Total,1208600.0
2014-05-01,"Tampa-St. Petersburg-Clearwater, FL Metro Area",Total,1211300.0
2014-06-01,"Tampa-St. Petersburg-Clearwater, FL Metro Area",Total,1199400.0
2014-07-01,"Tampa-St. Petersburg-Clearwater, FL Metro Area",Total,1195900.0
2014-08-01,"Tampa-St. Petersburg-Clearwater, FL Metro Area",Total,1210500.0
2014-09-01,"Tampa-St. Petersburg-Clearwater, FL Metro Area",Total,1212100.0
2014-10-01,"Tampa-St. Petersburg-Clearwater, FL Metro Area",Total,1222300.0
2014-11-01,"Tampa-St. Petersburg-Clearwater, FL Metro Area",Total,1235000.0
2014-12-01,"Tampa-St. Petersburg-Clearwater, FL Metro Area",Total,1240100.0
2015-01-01,"Tampa-St. Petersburg-Clearwater, FL Metro Area",Total,1222900.0
2015-02-01,"Tampa-St. Petersburg-Clearwater, FL Metro Area",Total,1235000.0
2015-03-01,"Tampa-St. Petersburg-Clearwater, FL Metro Area",Total,1242200.0
2015-04-01,"Tampa-St. Petersburg-Clearwater, FL Metro Area",Total,1247600.0
2015-05-01,"Tampa-St. Petersburg-Clearwater, FL Metro Area",Total,1249200.0
2015-06-01,"Tampa-St. Petersburg-Clearwater, FL Metro Area",Total,1239200.0
2015-07-01,"Tampa-St. Petersburg-Clearwater, FL Metro Area",Total,1236700.0
2015-08-01,"Tampa-St. Petersburg-Clearwater, FL Metro Area",Total,1249700.0
2015-09-01,"Tampa-St. Petersburg-Clearwater, FL Metro Area",Total,1252200.0
2015-10-01,"Tampa-St. Petersburg-Clearwater, FL Metro Area",Total,1270800.0
2015-11-01,"Tampa-St. Petersburg-Clearwater, FL Metro Area",Total,1286200.0
2015-12-01,"Tampa-St. Petersburg-Clearwater, FL Metro Area",Total,1289000.0
2016-01-01,"Tampa-St. Petersburg-Clearwater, FL Metro Area",Total,1271500.0
2016-02-01,"Tampa-St. Petersburg-Clearwater, FL Metro Area",Total,1282400.0
2016-03-01,"Tampa-St. Petersburg-Clearwater, FL Metro Area",Total,1288300.0
2016-04-01,"Tampa-St. Petersburg-Clearwater, FL Metro Area",Total,1299000.0
2016-05-01,"Tampa-St. Petersburg-Clearwater, FL Metro Area",Total,1296600.0
2016-06-01,"Tampa-St. Petersburg-Clearwater, FL Metro Area",Total,1281800.0
2016-07-01,"Tampa-St. Petersburg-Clearwater, FL Metro Area",Total,1282200.0
2016-08-01,"Tampa-St. Petersburg-Clearwater, FL Metro Area",Total,1293400.0
2016-09-01,"Tampa-St. Petersburg-Clearwater, FL Metro Area",Total,1299200.0
2016-10-01,"Tampa-St. Petersburg-Clearwater, FL Metro Area",Total,1311100.0
2016-11-01,"Tampa-St. Petersburg-Clearwater, FL Metro Area",Total,1322200.0
2016-12-01,"Tampa-St. Petersburg-Clearwater, FL Metro Area",Total,1326000.0
2017-01-01,"Tampa-St. Petersburg-Clearwater, FL Metro Area",Total,1309200.0
2017-02-01,"Tampa-St. Petersburg-Clearwater, FL Metro Area",Total,1316600.0
2017-03-01,"Tampa-St. Petersburg-Clearwater, FL Metro Area",Total,1321100.0
2017-04-01,"Tampa-St. Petersburg-Clearwater, FL Metro Area",Total,1323200.0
2017-05-01,"Tampa-St. Petersburg-Clearwater, FL Metro Area",Total,1321300.0
2017-06-01,"Tampa-St. Petersburg-Clearwater, FL Metro Area",Total,1313000.0
2017-07-01,"Tampa-St. Petersburg-Clearwater, FL Metro Area",Total,1306700.0
2017-08-01,"Tampa-St. Petersburg-Clearwater, FL Metro Area",Total,1320400.0
2017-09-01,"Tampa-St. Petersburg-Clearwater, FL Metro Area",Total,1303400.0
2017-10-01,"Tampa-St. Petersburg-Clearwater, FL Metro Area",Total,1335000.0
2017-11-01,"Tampa-St. Petersburg-Clearwater, FL Metro Area",Total,1350100.0
2017-12-01,"Tampa-St. Petersburg-Clearwater, FL Metro Area",Total,1350800.0
2018-01-01,"Tampa-St. Petersburg-Clearwater, FL Metro Area",Total,1332300.0
2018-02-01,"Tampa-St. Petersburg-Clearwater, FL Metro Area",Total,1344600.0
2018-03-01,"Tampa-St. Petersburg-Clearwater, FL Metro Area",Total,1349900.0
2018-04-01,"Tampa-St. Petersburg-Clearwater, FL Metro Area",Total,1351800.0
2018-05-01,"Tampa-St. Petersburg-Clearwater, FL Metro Area",Total,1349500.0
2018-06-01,"Tampa-St. Petersburg-Clearwater, FL Metro Area",Total,1340000.0
2018-07-01,"Tampa-St. Petersburg-Clearwater, FL Metro Area",Total,1335000.0
2018-08-01,"Tampa-St. Petersburg-Clearwater, FL Metro Area",Total,1353500.0
2018-09-01,"Tampa-St. Petersburg-Clearwater, FL Metro Area",Total,1355900.0
2018-10-01,"Tampa-St. Petersburg-Clearwater, FL Metro Area",Total,1366300.0
2018-11-01,"Tampa-St. Petersburg-Clearwater, FL Metro Area",Total,1379600.0
2018-12-01,"Tampa-St. Petersburg-Clearwater, FL Metro Area",Total,1381300.0
2019-01-01,"Tampa-St. Petersburg-Clearwater, FL Metro Area",Total,1367700.0
2019-02-01,"Tampa-St. Petersburg-Clearwater, FL Metro Area",Total,1379700.0
2019-03-01,"Tampa-St. Petersburg-Clearwater, FL Metro Area",Total,1382200.0
2019-04-01,"Tampa-St. Petersburg-Clearwater, FL Metro Area",Total,1384200.0
2019-05-01,"Tampa-St. Petersburg-Clearwater, FL Metro Area",Total,1384500.0
2019-06-01,"Tampa-St. Petersburg-Clearwater, FL Metro Area",Total,1372000.0
2019-07-01,"Tampa-St. Petersburg-Clearwater, FL Metro Area",Total,1370000.0
2019-08-01,"Tampa-St. Petersburg-Clearwater, FL Metro Area",Total,1385100.0
2019-09-01,"Tampa-St. Petersburg-Clearwater, FL Metro Area",Total,1387300.0
2019-10-01,"Tampa-St. Petersburg-Clearwater, FL Metro Area",Total,1400200.0
2019-11-01,"Tampa-St. Petersburg-Clearwater, FL Metro Area",Total,1414400.0
2019-12-01,"Tampa-St. Petersburg-Clearwater, FL Metro Area",Total,1417300.0
2020-01-01,"Tampa-St. Petersburg-Clearwater, FL Metro Area",Total,1400700.0
2020-02-01,"Tampa-St. Petersburg-Clearwater, FL Metro Area",Total,1412700.0
2020-03-01,"Tampa-St. Petersburg-Clearwater, FL Metro Area",Total,1403300.0
2020-04-01,"Tampa-St. Petersburg-Clearwater, FL Metro Area",Total,1241000.0
2020-05-01,"Tampa-St. Petersburg-Clearwater, FL Metro Area",Total,1285200.0
2020-06-01,"Tampa-St. Petersburg-Clearwater, FL Metro Area",Total,1312300.0
2020-07-01,"Tampa-St. Petersburg-Clearwater, FL Metro Area",Total,1311800.0
2020-08-01,"Tampa-St. Petersburg-Clearwater, FL Metro Area",Total,1331200.0
2020-09-01,"Tampa-St. Petersburg-Clearwater, FL Metro Area",Total,1333100.0
2020-10-01,"Tampa-St. Petersburg-Clearwater, FL Metro Area",Total,1360600.0
2020-11-01,"Tampa-St. Petersburg-Clearwater, FL Metro Area",Total,1373400.0
2020-12-01,"Tampa-St. Petersburg-Clearwater, FL Metro Area",Total,1382300.0
2021-01-01,"Tampa-St. Petersburg-Clearwater, FL Metro Area",Total,1366500.0
2021-02-01,"Tampa-St. Petersburg-Clearwater, FL Metro Area",Total,1378200.0
2021-03-01,"Tampa-St. Petersburg-Clearwater, FL Metro Area",Total,1386300.0
2021-04-01,"Tampa-St. Petersburg-Clearwater, FL Metro Area",Total,1386100.0
2021-05-01,"Tampa-St. Petersburg-Clearwater, FL Metro Area",Total,1391500.0
2021-06-01,"Tampa-St. Petersburg-Clearwater, FL Metro Area",Total,1389300.0
2021-07-01,"Tampa-St. Petersburg-Clearwater, FL Metro Area",Total,1396400.0
2021-08-01,"Tampa-St. Petersburg-Clearwater, FL Metro Area",Total,1407900.0
2021-09-01,"Tampa-St. Petersburg-Clearwater, FL Metro Area",Total,1415700.0
2021-10-01,"Tampa-St. Petersburg-Clearwater, FL Metro Area",Total,1443100.0
2021-11-01,"Tampa-St. Petersburg-Clearwater, FL Metro Area",Total,1457300.0
2021-12-01,"Tampa-St. Petersburg-Clearwater, FL Metro Area",Total,1463600.0
2022-01-01,"Tampa-St. Petersburg-Clearwater, FL Metro Area",Total,1446200.0
2022-02-01,"Tampa-St. Petersburg-Clearwater, FL Metro Area",Total,1461000.0
2022-03-01,"Tampa-St. Petersburg-Clearwater, FL Metro Area",Total,1463300.0
2022-04-01,"Tampa-St. Petersburg-Clearwater, FL Metro Area",Total,1481500.0
2022-05-01,"Tampa-St. Petersburg-Clearwater, FL Metro Area",Total,1479200.0
2022-06-01,"Tampa-St. Petersburg-Clearwater, FL Metro Area",Total,1470800.0
2022-07-01,"Tampa-St. Petersburg-Clearwater, FL Metro Area",Total,1474600.0
2022-08-01,"Tampa-St. Petersburg-Clearwater, FL Metro Area",Total,1490400.0
2022-09-01,"Tampa-St. Petersburg-Clearwater, FL Metro Area",Total,1492700.0
2022-10-01,"Tampa-St. Petersburg-Clearwater, FL Metro Area",Total,1508500.0
2022-11-01,"Tampa-St. Petersburg-Clearwater, FL Metro Area",Total,1517900.0
2022-12-01,"Tampa-St. Petersburg-Clearwater, FL Metro Area",Total,1520500.0
2023-01-01,"Tampa-St. Petersburg-Clearwater, FL Metro Area",Total,1508700.0
2023-02-01,"Tampa-St. Petersburg-Clearwater, FL Metro Area",Total,1519400.0
2023-03-01,"Tampa-St. Petersburg-Clearwater, FL Metro Area",Total,1522900.0
2023-04-01,"Tampa-St. Petersburg-Clearwater, FL Metro Area",Total,1534200.0
2023-05-01,"Tampa-St. Petersburg-Clearwater, FL Metro Area",Total,1529900.0
2023-06-01,"Tampa-St. Petersburg-Clearwater, FL Metro Area",Total,1524300.0
2023-07-01,"Tampa-St. Petersburg-Clearwater, FL Metro Area",Total,1522500.0
2023-08-01,"Tampa-St. Petersburg-Clearwater, FL Metro Area",Total,1533700.0
2023-09-01,"Tampa-St. Petersburg-Clearwater, FL Metro Area",Total,1532700.0
2023-10-01,"Tampa-St. Petersburg-Clearwater, FL Metro Area",Total,1546500.0
2023-11-01,"Tampa-St. Petersburg-Clearwater, FL Metro Area",Total,1559900.0
2023-12-01,"Tampa-St. Petersburg-Clearwater, FL Metro Area",Total,1559600.0
2024-01-01,"Tampa-St. Petersburg-Clearwater, FL Metro Area",Total,1541100.0
2024-02-01,"Tampa-St. Petersburg-Clearwater, FL Metro Area",Total,1552300.0
2024-03-01,"Tampa-St. Petersburg-Clearwater, FL Metro Area",Total,1552900.0
2024-04-01,"Tampa-St. Petersburg-Clearwater, FL Metro Area",Total,1560700.0
2024-05-01,"Tampa-St. Petersburg-Clearwater, FL Metro Area",Total,1553800.0
2000-01-01,"Yuba City, CA Metro Area",Total,35200.0
2000-02-01,"Yuba City, CA Metro Area",Total,35000.0
2000-03-01,"Yuba City, CA Metro Area",Total,35900.0
2000-04-01,"Yuba City, CA Metro Area",Total,36300.0
2000-05-01,"Yuba City, CA Metro Area",Total,37000.0
2000-06-01,"Yuba City, CA Metro Area",Total,38100.0
2000-07-01,"Yuba City, CA Metro Area",Total,38100.0
2000-08-01,"Yuba City, CA Metro Area",Total,38400.0
2000-09-01,"Yuba City, CA Metro Area",Total,38900.0
2000-10-01,"Yuba City, CA Metro Area",Total,38100.0
2000-11-01,"Yuba City, CA Metro Area",Total,38600.0
2000-12-01,"Yuba City, CA Metro Area",Total,38400.0
2001-01-01,"Yuba City, CA Metro Area",Total,37400.0
2001-02-01,"Yuba City, CA Metro Area",Total,37500.0
2001-03-01,"Yuba City, CA Metro Area",Total,37700.0
2001-04-01,"Yuba City, CA Metro Area",Total,37900.0
2001-05-01,"Yuba City, CA Metro Area",Total,37800.0
2001-06-01,"Yuba City, CA Metro Area",Total,38400.0
2001-07-01,"Yuba City, CA Metro Area",Total,39000.0
2001-08-01,"Yuba City, CA Metro Area",Total,39900.0
2001-09-01,"Yuba City, CA Metro Area",Total,39600.0
2001-10-01,"Yuba City, CA Metro Area",Total,39200.0
2001-11-01,"Yuba City, CA Metro Area",Total,38000.0
2001-12-01,"Yuba City, CA Metro Area",Total,38200.0
2002-01-01,"Yuba City, CA Metro Area",Total,37300.0
2002-02-01,"Yuba City, CA Metro Area",Total,37600.0
2002-03-01,"Yuba City, CA Metro Area",Total,37900.0
2002-04-01,"Yuba City, CA Metro Area",Total,38300.0
2002-05-01,"Yuba City, CA Metro Area",Total,38900.0
2002-06-01,"Yuba City, CA Metro Area",Total,39000.0
2002-07-01,"Yuba City, CA Metro Area",Total,39000.0
2002-08-01,"Yuba City, CA Metro Area",Total,38900.0
2002-09-01,"Yuba City, CA Metro Area",Total,39500.0
2002-10-01,"Yuba City, CA Metro Area",Total,39300.0
2002-11-01,"Yuba City, CA Metro Area",Total,39100.0
2002-12-01,"Yuba City, CA Metro Area",Total,38800.0
2003-01-01,"Yuba City, CA Metro Area",Total,37700.0
2003-02-01,"Yuba City, CA Metro Area",Total,37700.0
2003-03-01,"Yuba City, CA Metro Area",Total,37800.0
2003-04-01,"Yuba City, CA Metro Area",Total,38200.0
2003-05-01,"Yuba City, CA Metro Area",Total,38400.0
2003-06-01,"Yuba City, CA Metro Area",Total,39300.0
2003-07-01,"Yuba City, CA Metro Area",Total,37900.0
2003-08-01,"Yuba City, CA Metro Area",Total,38700.0
2003-09-01,"Yuba City, CA Metro Area",Total,39200.0
2003-10-01,"Yuba City, CA Metro Area",Total,39200.0
2003-11-01,"Yuba City, CA Metro Area",Total,39000.0
2003-12-01,"Yuba City, CA Metro Area",Total,38500.0
2004-01-01,"Yuba City, CA Metro Area",Total,38100.0
2004-02-01,"Yuba City, CA Metro Area",Total,38300.0
2004-03-01,"Yuba City, CA Metro Area",Total,38800.0
2004-04-01,"Yuba City, CA Metro Area",Total,39500.0
2004-05-01,"Yuba City, CA Metro Area",Total,39600.0
2004-06-01,"Yuba City, CA Metro Area",Total,39600.0
2004-07-01,"Yuba City, CA Metro Area",Total,38600.0
2004-08-01,"Yuba City, CA Metro Area",Total,39100.0
2004-09-01,"Yuba City, CA Metro Area",Total,40000.0
2004-10-01,"Yuba City, CA Metro Area",Total,40000.0
2004-11-01,"Yuba City, CA Metro Area",Total,40400.0
2004-12-01,"Yuba City, CA Metro Area",Total,40100.0
2005-01-01,"Yuba City, CA Metro Area",Total,39000.0
2005-02-01,"Yuba City, CA Metro Area",Total,39300.0
2005-03-01,"Yuba City, CA Metro Area",Total,39600.0
2005-04-01,"Yuba City, CA Metro Area",Total,40200.0
2005-05-01,"Yuba City, CA Metro Area",Total,40400.0
2005-06-01,"Yuba City, CA Metro Area",Total,40800.0
2005-07-01,"Yuba City, CA Metro Area",Total,39200.0
2005-08-01,"Yuba City, CA Metro Area",Total,40500.0
2005-09-01,"Yuba City, CA Metro Area",Total,41100.0
2005-10-01,"Yuba City, CA Metro Area",Total,40700.0
2005-11-01,"Yuba City, CA Metro Area",Total,41300.0
2005-12-01,"Yuba City, CA Metro Area",Total,41200.0
2006-01-01,"Yuba City, CA Metro Area",Total,40600.0
2006-02-01,"Yuba City, CA Metro Area",Total,41100.0
2006-03-01,"Yuba City, CA Metro Area",Total,41300.0
2006-04-01,"Yuba City, CA Metro Area",Total,41100.0
2006-05-01,"Yuba City, CA Metro Area",Total,42000.0
2006-06-01,"Yuba City, CA Metro Area",Total,42800.0
2006-07-01,"Yuba City, CA Metro Area",Total,41200.0
2006-08-01,"Yuba City, CA Metro Area",Total,42300.0
2006-09-01,"Yuba City, CA Metro Area",Total,42600.0
2006-10-01,"Yuba City, CA Metro Area",Total,42800.0
2006-11-01,"Yuba City, CA Metro Area",Total,43300.0
2006-12-01,"Yuba City, CA Metro Area",Total,43000.0
2007-01-01,"Yuba City, CA Metro Area",Total,42300.0
2007-02-01,"Yuba City, CA Metro Area",Total,42400.0
2007-03-01,"Yuba City, CA Metro Area",Total,42700.0
2007-04-01,"Yuba City, CA Metro Area",Total,42900.0
2007-05-01,"Yuba City, CA Metro Area",Total,43300.0
2007-06-01,"Yuba City, CA Metro Area",Total,43600.0
2007-07-01,"Yuba City, CA Metro Area",Total,41700.0
2007-08-01,"Yuba City, CA Metro Area",Total,43000.0
2007-09-01,"Yuba City, CA Metro Area",Total,42900.0
2007-10-01,"Yuba City, CA Metro Area",Total,42200.0
2007-11-01,"Yuba City, CA Metro Area",Total,42300.0
2007-12-01,"Yuba City, CA Metro Area",Total,42300.0
2008-01-01,"Yuba City, CA Metro Area",Total,41200.0
2008-02-01,"Yuba City, CA Metro Area",Total,41500.0
2008-03-01,"Yuba City, CA Metro Area",Total,41700.0
2008-04-01,"Yuba City, CA Metro Area",Total,41700.0
2008-05-01,"Yuba City, CA Metro Area",Total,42100.0
2008-06-01,"Yuba City, CA Metro Area",Total,42200.0
2008-07-01,"Yuba City, CA Metro Area",Total,40300.0
2008-08-01,"Yuba City, CA Metro Area",Total,40700.0
2008-09-01,"Yuba City, CA Metro Area",Total,41000.0
2008-10-01,"Yuba City, CA Metro Area",Total,40500.0
2008-11-01,"Yuba City, CA Metro Area",Total,40700.0
2008-12-01,"Yuba City, CA Metro Area",Total,40000.0
2009-01-01,"Yuba City, CA Metro Area",Total,39300.0
2009-02-01,"Yuba City, CA Metro Area",Total,39200.0
2009-03-01,"Yuba City, CA Metro Area",Total,39400.0
2009-04-01,"Yuba City, CA Metro Area",Total,39600.0
2009-05-01,"Yuba City, CA Metro Area",Total,40200.0
2009-06-01,"Yuba City, CA Metro Area",Total,39600.0
2009-07-01,"Yuba City, CA Metro Area",Total,38900.0
2009-08-01,"Yuba City, CA Metro Area",Total,38900.0
2009-09-01,"Yuba City, CA Metro Area",Total,38800.0
2009-10-01,"Yuba City, CA Metro Area",Total,38900.0
2009-11-01,"Yuba City, CA Metro Area",Total,38800.0
2009-12-01,"Yuba City, CA Metro Area",Total,38000.0
2010-01-01,"Yuba City, CA Metro Area",Total,37200.0
2010-02-01,"Yuba City, CA Metro Area",Total,37100.0
2010-03-01,"Yuba City, CA Metro Area",Total,37400.0
2010-04-01,"Yuba City, CA Metro Area",Total,37900.0
2010-05-01,"Yuba City, CA Metro Area",Total,38100.0
2010-06-01,"Yuba City, CA Metro Area",Total,38600.0
2010-07-01,"Yuba City, CA Metro Area",Total,36700.0
2010-08-01,"Yuba City, CA Metro Area",Total,37700.0
2010-09-01,"Yuba City, CA Metro Area",Total,38100.0
2010-10-01,"Yuba City, CA Metro Area",Total,38200.0
2010-11-01,"Yuba City, CA Metro Area",Total,38100.0
2010-12-01,"Yuba City, CA Metro Area",Total,38000.0
2011-01-01,"Yuba City, CA Metro Area",Total,36900.0
2011-02-01,"Yuba City, CA Metro Area",Total,37000.0
2011-03-01,"Yuba City, CA Metro Area",Total,37300.0
2011-04-01,"Yuba City, CA Metro Area",Total,37400.0
2011-05-01,"Yuba City, CA Metro Area",Total,38000.0
2011-06-01,"Yuba City, CA Metro Area",Total,38400.0
2011-07-01,"Yuba City, CA Metro Area",Total,37000.0
2011-08-01,"Yuba City, CA Metro Area",Total,38300.0
2011-09-01,"Yuba City, CA Metro Area",Total,38300.0
2011-10-01,"Yuba City, CA Metro Area",Total,38000.0
2011-11-01,"Yuba City, CA Metro Area",Total,37900.0
2011-12-01,"Yuba City, CA Metro Area",Total,38000.0
2012-01-01,"Yuba City, CA Metro Area",Total,37300.0
2012-02-01,"Yuba City, CA Metro Area",Total,37500.0
2012-03-01,"Yuba City, CA Metro Area",Total,38000.0
2012-04-01,"Yuba City, CA Metro Area",Total,38200.0
2012-05-01,"Yuba City, CA Metro Area",Total,38500.0
2012-06-01,"Yuba City, CA Metro Area",Total,39200.0
2012-07-01,"Yuba City, CA Metro Area",Total,37700.0
2012-08-01,"Yuba City, CA Metro Area",Total,38400.0
2012-09-01,"Yuba City, CA Metro Area",Total,38500.0
2012-10-01,"Yuba City, CA Metro Area",Total,38500.0
2012-11-01,"Yuba City, CA Metro Area",Total,38500.0
2012-12-01,"Yuba City, CA Metro Area",Total,38200.0
2013-01-01,"Yuba City, CA Metro Area",Total,38000.0
2013-02-01,"Yuba City, CA Metro Area",Total,38100.0
2013-03-01,"Yuba City, CA Metro Area",Total,38700.0
2013-04-01,"Yuba City, CA Metro Area",Total,38600.0
2013-05-01,"Yuba City, CA Metro Area",Total,39000.0
2013-06-01,"Yuba City, CA Metro Area",Total,39200.0
2013-07-01,"Yuba City, CA Metro Area",Total,37900.0
2013-08-01,"Yuba City, CA Metro Area",Total,38600.0
2013-09-01,"Yuba City, CA Metro Area",Total,38800.0
2013-10-01,"Yuba City, CA Metro Area",Total,39300.0
2013-11-01,"Yuba City, CA Metro Area",Total,39300.0
2013-12-01,"Yuba City, CA Metro Area",Total,39400.0
2014-01-01,"Yuba City, CA Metro Area",Total,38800.0
2014-02-01,"Yuba City, CA Metro Area",Total,39100.0
2014-03-01,"Yuba City, CA Metro Area",Total,39300.0
2014-04-01,"Yuba City, CA Metro Area",Total,39500.0
2014-05-01,"Yuba City, CA Metro Area",Total,40100.0
2014-06-01,"Yuba City, CA Metro Area",Total,40400.0
2014-07-01,"Yuba City, CA Metro Area",Total,38800.0
2014-08-01,"Yuba City, CA Metro Area",Total,40100.0
2014-09-01,"Yuba City, CA Metro Area",Total,40200.0
2014-10-01,"Yuba City, CA Metro Area",Total,40400.0
2014-11-01,"Yuba City, CA Metro Area",Total,40200.0
2014-12-01,"Yuba City, CA Metro Area",Total,40000.0
2015-01-01,"Yuba City, CA Metro Area",Total,39000.0
2015-02-01,"Yuba City, CA Metro Area",Total,39200.0
2015-03-01,"Yuba City, CA Metro Area",Total,40000.0
2015-04-01,"Yuba City, CA Metro Area",Total,40400.0
2015-05-01,"Yuba City, CA Metro Area",Total,41000.0
2015-06-01,"Yuba City, CA Metro Area",Total,41100.0
2015-07-01,"Yuba City, CA Metro Area",Total,40900.0
2015-08-01,"Yuba City, CA Metro Area",Total,42100.0
2015-09-01,"Yuba City, CA Metro Area",Total,42100.0
2015-10-01,"Yuba City, CA Metro Area",Total,41900.0
2015-11-01,"Yuba City, CA Metro Area",Total,41700.0
2015-12-01,"Yuba City, CA Metro Area",Total,41900.0
2016-01-01,"Yuba City, CA Metro Area",Total,40500.0
2016-02-01,"Yuba City, CA Metro Area",Total,41300.0
2016-03-01,"Yuba City, CA Metro Area",Total,41400.0
2016-04-01,"Yuba City, CA Metro Area",Total,41600.0
2016-05-01,"Yuba City, CA Metro Area",Total,42100.0
2016-06-01,"Yuba City, CA Metro Area",Total,42800.0
2016-07-01,"Yuba City, CA Metro Area",Total,41800.0
2016-08-01,"Yuba City, CA Metro Area",Total,42900.0
2016-09-01,"Yuba City, CA Metro Area",Total,43200.0
2016-10-01,"Yuba City, CA Metro Area",Total,42900.0
2016-11-01,"Yuba City, CA Metro Area",Total,43000.0
2016-12-01,"Yuba City, CA Metro Area",Total,42700.0
2017-01-01,"Yuba City, CA Metro Area",Total,42000.0
2017-02-01,"Yuba City, CA Metro Area",Total,41700.0
2017-03-01,"Yuba City, CA Metro Area",Total,42400.0
2017-04-01,"Yuba City, CA Metro Area",Total,43200.0
2017-05-01,"Yuba City, CA Metro Area",Total,43900.0
2017-06-01,"Yuba City, CA Metro Area",Total,44300.0
2017-07-01,"Yuba City, CA Metro Area",Total,43000.0
2017-08-01,"Yuba City, CA Metro Area",Total,43900.0
2017-09-01,"Yuba City, CA Metro Area",Total,44100.0
2017-10-01,"Yuba City, CA Metro Area",Total,44200.0
2017-11-01,"Yuba City, CA Metro Area",Total,44600.0
2017-12-01,"Yuba City, CA Metro Area",Total,44500.0
2018-01-01,"Yuba City, CA Metro Area",Total,43400.0
2018-02-01,"Yuba City, CA Metro Area",Total,43399.9999999999
2018-03-01,"Yuba City, CA Metro Area",Total,43700.0
2018-04-01,"Yuba City, CA Metro Area",Total,44100.0
2018-05-01,"Yuba City, CA Metro Area",Total,44700.0
2018-06-01,"Yuba City, CA Metro Area",Total,44800.0
2018-07-01,"Yuba City, CA Metro Area",Total,43300.0
2018-08-01,"Yuba City, CA Metro Area",Total,45200.0
2018-09-01,"Yuba City, CA Metro Area",Total,45000.0
2018-10-01,"Yuba City, CA Metro Area",Total,45100.0
2018-11-01,"Yuba City, CA Metro Area",Total,44800.0
2018-12-01,"Yuba City, CA Metro Area",Total,44700.0
2019-01-01,"Yuba City, CA Metro Area",Total,44500.0
2019-02-01,"Yuba City, CA Metro Area",Total,44600.0
2019-03-01,"Yuba City, CA Metro Area",Total,45300.0
2019-04-01,"Yuba City, CA Metro Area",Total,45700.0
2019-05-01,"Yuba City, CA Metro Area",Total,45800.0
2019-06-01,"Yuba City, CA Metro Area",Total,46400.0
2019-07-01,"Yuba City, CA Metro Area",Total,45400.0
2019-08-01,"Yuba City, CA Metro Area",Total,46700.0
2019-09-01,"Yuba City, CA Metro Area",Total,46900.0
2019-10-01,"Yuba City, CA Metro Area",Total,48100.0
2019-11-01,"Yuba City, CA Metro Area",Total,48000.0
2019-12-01,"Yuba City, CA Metro Area",Total,48100.0
2020-01-01,"Yuba City, CA Metro Area",Total,47300.0
2020-02-01,"Yuba City, CA Metro Area",Total,47600.0
2020-03-01,"Yuba City, CA Metro Area",Total,47700.0
2020-04-01,"Yuba City, CA Metro Area",Total,43300.0
2020-05-01,"Yuba City, CA Metro Area",Total,44400.0
2020-06-01,"Yuba City, CA Metro Area",Total,45700.0
2020-07-01,"Yuba City, CA Metro Area",Total,44700.0
2020-08-01,"Yuba City, CA Metro Area",Total,45200.0
2020-09-01,"Yuba City, CA Metro Area",Total,45600.0
2020-10-01,"Yuba City, CA Metro Area",Total,45800.0
2020-11-01,"Yuba City, CA Metro Area",Total,46400.0
2020-12-01,"Yuba City, CA Metro Area",Total,46100.0
2021-01-01,"Yuba City, CA Metro Area",Total,45000.0
2021-02-01,"Yuba City, CA Metro Area",Total,45500.0
2021-03-01,"Yuba City, CA Metro Area",Total,45700.0
2021-04-01,"Yuba City, CA Metro Area",Total,46900.0
2021-05-01,"Yuba City, CA Metro Area",Total,47500.0
2021-06-01,"Yuba City, CA Metro Area",Total,48200.0
2021-07-01,"Yuba City, CA Metro Area",Total,47100.0
2021-08-01,"Yuba City, CA Metro Area",Total,47500.0
2021-09-01,"Yuba City, CA Metro Area",Total,48200.0
2021-10-01,"Yuba City, CA Metro Area",Total,49200.0
2021-11-01,"Yuba City, CA Metro Area",Total,49500.0
2021-12-01,"Yuba City, CA Metro Area",Total,49500.0
2022-01-01,"Yuba City, CA Metro Area",Total,48100.0
2022-02-01,"Yuba City, CA Metro Area",Total,49000.0
2022-03-01,"Yuba City, CA Metro Area",Total,49500.0
2022-04-01,"Yuba City, CA Metro Area",Total,49600.0
2022-05-01,"Yuba City, CA Metro Area",Total,50500.0
2022-06-01,"Yuba City, CA Metro Area",Total,51000.0
2022-07-01,"Yuba City, CA Metro Area",Total,49100.0
2022-08-01,"Yuba City, CA Metro Area",Total,50300.0
2022-09-01,"Yuba City, CA Metro Area",Total,50900.0
2022-10-01,"Yuba City, CA Metro Area",Total,50700.0
2022-11-01,"Yuba City, CA Metro Area",Total,50100.0
2022-12-01,"Yuba City, CA Metro Area",Total,50300.0
2023-01-01,"Yuba City, CA Metro Area",Total,48600.0
2023-02-01,"Yuba City, CA Metro Area",Total,49500.0
2023-03-01,"Yuba City, CA Metro Area",Total,49600.0
2023-04-01,"Yuba City, CA Metro Area",Total,50000.0
2023-05-01,"Yuba City, CA Metro Area",Total,50500.0
2023-06-01,"Yuba City, CA Metro Area",Total,50900.0
2023-07-01,"Yuba City, CA Metro Area",Total,49700.0
2023-08-01,"Yuba City, CA Metro Area",Total,51200.0
2023-09-01,"Yuba City, CA Metro Area",Total,51500.0
2023-10-01,"Yuba City, CA Metro Area",Total,51900.0
2023-11-01,"Yuba City, CA Metro Area",Total,52400.0
2023-12-01,"Yuba City, CA Metro Area",Total,52600.0
2024-01-01,"Yuba City, CA Metro Area",Total,51300.0
2024-02-01,"Yuba City, CA Metro Area",Total,51200.0
2024-03-01,"Yuba City, CA Metro Area",Total,51600.0
2024-04-01,"Yuba City, CA Metro Area",Total,52100.0
2024-05-01,"Yuba City, CA Metro Area",Total,52600.0
