title,c_vintage,c_dataset,c_url,Sample,Estimate
2022 Annual Business Survey: Characteristics of Businesses,2022,abscb,https://api.census.gov/data/2022/abscb,,
2021 Annual Business Survey: Characteristics of Business,2021,abscb,https://api.census.gov/data/2021/abscb,,
2020 Annual Business Survey: Characteristics of Business,2020,abscb,https://api.census.gov/data/2020/abscb,,
2019 Annual Business Survey: Characteristics of Business,2019,abscb,https://api.census.gov/data/2019/abscb,,
Annual Business Survey: Characteristics of Businesses: 2018,2018,abscb,https://api.census.gov/data/2018/abscb,,
Annual Business Survey: Characteristics of Businesses: 2017,2017,abscb,https://api.census.gov/data/2017/abscb,,
2022 Annual Business Survey: Characteristics of Business Owners,2022,abscbo,https://api.census.gov/data/2022/abscbo,,
2021 Annual Business Survey: Characteristics of Business Owners,2021,abscbo,https://api.census.gov/data/2021/abscbo,,
2020 Annual Business Survey: Characteristics of Business Owners,2020,abscbo,https://api.census.gov/data/2020/abscbo,,
2019 Annual Business Survey: Characteristics of Business Owners,2019,abscbo,https://api.census.gov/data/2019/abscbo,,
Annual Business Survey: Characteristics of Business Owners: 2018,2018,abscbo,https://api.census.gov/data/2018/abscbo,,
Annual Business Survey: Characteristics of Business Owners: 2017,2017,abscbo,https://api.census.gov/data/2017/abscbo,,
2022 Annual Business Survey: Company Summary,2022,abscs,https://api.census.gov/data/2022/abscs,,
2021 Annual Business Survey: Company Summary,2021,abscs,https://api.census.gov/data/2021/abscs,,
2020 Annual Business Survey: Company Summary,2020,abscs,https://api.census.gov/data/2020/abscs,,
2019 Annual Business Survey: Company Summary,2019,abscs,https://api.census.gov/data/2019/abscs,,
2018 Annual Business Survey: Company Summary,2018,abscs,https://api.census.gov/data/2018/abscs,,
2017 Annual Business Survey: Company Summary,2017,abscs,https://api.census.gov/data/2017/abscs,,
2022 Annual Business Survey: Module Characteristics of Businesses,2022,absmcb,https://api.census.gov/data/2022/absmcb,,
2021 Annual Business Survey: Financing Characteristics of Businesses,2021,absmcb,https://api.census.gov/data/2021/absmcb,,
"2020 Annual Business Survey: Technology, Financing, and Management Practices Characteristics of Business",2020,absmcb,https://api.census.gov/data/2020/absmcb,,
2021 Nonemployer Statistics by Demographics Series (NES-D): Company Summary,2021,absnesd,https://api.census.gov/data/2021/absnesd,,
Economic Surveys: Nonemployer Statistics by Demographics: Company Summary,2020,absnesd,https://api.census.gov/data/2020/absnesd,,
2019 Nonemployer Statistics by Demographics Series (NES-D): Company Summary,2019,absnesd,https://api.census.gov/data/2019/absnesd,,
2018 Nonemployer Statistics by Demographics Series (NES-D): Company Summary,2018,absnesd,https://api.census.gov/data/2018/absnesd,,
2021 Nonemployer Statistics by Demographics Series (NES-D): Owner Characteristics of Nonemployer Firms,2021,absnesdo,https://api.census.gov/data/2021/absnesdo,,
Economic Surveys: Nonemployer Statistics by Demographics: Characteristics of Business Owners,2020,absnesdo,https://api.census.gov/data/2020/absnesdo,,
2019 Nonemployer Statistics by Demographics Series (NES-D): Owner Characteristics of Nonemployer Firms,2019,absnesdo,https://api.census.gov/data/2019/absnesdo,,
2018 Nonemployer Statistics by Demographics Series (NES-D): Owner Characteristics of Nonemployer Firms,2018,absnesdo,https://api.census.gov/data/2018/absnesdo,,
Annual Business Survey: Technology Characteristics of Businesses: 2018,2018,abstcb,https://api.census.gov/data/2018/abstcb,,
ACS 1-Year Detailed Tables,2023,acs/acs1,https://api.census.gov/data/2023/acs/acs1,ACS,ACS1
American Community Survey: 1-Year Estimates: Detailed Tables 1-Year,2022,acs/acs1,https://api.census.gov/data/2022/acs/acs1,ACS,ACS1
American Community Survey: 1-Year Estimates: Detailed Tables 1-Year,2021,acs/acs1,https://api.census.gov/data/2021/acs/acs1,ACS,ACS1
American Community Survey: 1-Year Estimates: Detailed Tables 1-Year,2019,acs/acs1,https://api.census.gov/data/2019/acs/acs1,ACS,ACS1
American Community Survey: 1-Year Estimates: Detailed Tables 1-Year,2018,acs/acs1,https://api.census.gov/data/2018/acs/acs1,ACS,ACS1
ACS 1-Year Detailed Tables,2017,acs/acs1,https://api.census.gov/data/2017/acs/acs1,ACS,ACS1
ACS 1-Year Detailed Tables,2016,acs/acs1,https://api.census.gov/data/2016/acs/acs1,ACS,ACS1
ACS 1-Year Detailed Tables,2015,acs/acs1,https://api.census.gov/data/2015/acs/acs1,ACS,ACS1
ACS 1-Year Detailed Tables,2014,acs/acs1,https://api.census.gov/data/2014/acs/acs1,ACS,ACS1
ACS 1-Year Detailed Tables,2013,acs/acs1,https://api.census.gov/data/2013/acs/acs1,ACS,ACS1
ACS 1-Year Detailed Tables,2012,acs/acs1,https://api.census.gov/data/2012/acs/acs1,ACS,ACS1
ACS 1-Year Detailed Tables,2011,acs/acs1,https://api.census.gov/data/2011/acs/acs1,ACS,ACS1
ACS 1-Year Detailed Tables,2010,acs/acs1,https://api.census.gov/data/2010/acs/acs1,ACS,ACS1
American Community Survey: 1-Year Estimates: Detailed Tables 1-Year,2009,acs/acs1,https://api.census.gov/data/2009/acs/acs1,ACS,ACS1
American Community Survey: 1-Year Estimates: Detailed Tables 1-Year,2008,acs/acs1,https://api.census.gov/data/2008/acs/acs1,ACS,ACS1
American Community Survey: 1-Year Estimates: Detailed Tables 1-Year,2007,acs/acs1,https://api.census.gov/data/2007/acs/acs1,ACS,ACS1
American Community Survey: 1-Year Estimates: Detailed Tables 1-Year,2006,acs/acs1,https://api.census.gov/data/2006/acs/acs1,ACS,ACS1
American Community Survey: 1-Year Estimates: Detailed Tables 1-Year,2005,acs/acs1,https://api.census.gov/data/2005/acs/acs1,ACS,ACS1
ACS 1-Year Comparison Profiles,2023,acs/acs1/cprofile,https://api.census.gov/data/2023/acs/acs1/cprofile,,
American Community Survey: 1-Year Estimates: Comparison Profiles 1-Year,2022,acs/acs1/cprofile,https://api.census.gov/data/2022/acs/acs1/cprofile,,
American Community Survey: 1-Year Estimates: Comparison Profiles 1-Year,2021,acs/acs1/cprofile,https://api.census.gov/data/2021/acs/acs1/cprofile,,
American Community Survey: 1-Year Estimates: Comparison Profiles 1-Year,2019,acs/acs1/cprofile,https://api.census.gov/data/2019/acs/acs1/cprofile,,
American Community Survey: 1-Year Estimates: Comparison Profiles 1-Year,2018,acs/acs1/cprofile,https://api.census.gov/data/2018/acs/acs1/cprofile,,
ACS 1-Year Comparison Profiles,2017,acs/acs1/cprofile,https://api.census.gov/data/2017/acs/acs1/cprofile,,
ACS 1-Year Comparison Profiles,2016,acs/acs1/cprofile,https://api.census.gov/data/2016/acs/acs1/cprofile,,
ACS 1-Year Comparison Profiles,2015,acs/acs1/cprofile,https://api.census.gov/data/2015/acs/acs1/cprofile,,
ACS 1-Year Comparison Profiles,2014,acs/acs1/cprofile,https://api.census.gov/data/2014/acs/acs1/cprofile,,
ACS 1-Year Comparison Profiles,2013,acs/acs1/cprofile,https://api.census.gov/data/2013/acs/acs1/cprofile,,
ACS 1-Year Comparison Profiles,2012,acs/acs1/cprofile,https://api.census.gov/data/2012/acs/acs1/cprofile,,
ACS 1-Year Comparison Profiles,2011,acs/acs1/cprofile,https://api.census.gov/data/2011/acs/acs1/cprofile,,
ACS 1-Year Comparison Profiles,2010,acs/acs1/cprofile,https://api.census.gov/data/2010/acs/acs1/cprofile,,
ACS 1-Year Data Profiles,2023,acs/acs1/profile,https://api.census.gov/data/2023/acs/acs1/profile,,
American Community Survey: 1-Year Estimates: Data Profiles 1-Year,2022,acs/acs1/profile,https://api.census.gov/data/2022/acs/acs1/profile,,
American Community Survey: 1-Year Estimates: Data Profiles 1-Year,2021,acs/acs1/profile,https://api.census.gov/data/2021/acs/acs1/profile,,
American Community Survey: 1-Year Estimates: Data Profiles 1-Year,2019,acs/acs1/profile,https://api.census.gov/data/2019/acs/acs1/profile,,
ACS 1-Year Profile Tables,2018,acs/acs1/profile,https://api.census.gov/data/2018/acs/acs1/profile,,
ACS 1-Year Data Profiles,2017,acs/acs1/profile,https://api.census.gov/data/2017/acs/acs1/profile,,
ACS 1-Year Data Profiles,2016,acs/acs1/profile,https://api.census.gov/data/2016/acs/acs1/profile,,
ACS 1-Year Data Profiles,2015,acs/acs1/profile,https://api.census.gov/data/2015/acs/acs1/profile,,
ACS 1-Year Data Profiles,2014,acs/acs1/profile,https://api.census.gov/data/2014/acs/acs1/profile,,
ACS 1-Year Data Profiles,2013,acs/acs1/profile,https://api.census.gov/data/2013/acs/acs1/profile,,
ACS 1-Year Data Profiles,2012,acs/acs1/profile,https://api.census.gov/data/2012/acs/acs1/profile,,
ACS 1-Year Data Profiles,2011,acs/acs1/profile,https://api.census.gov/data/2011/acs/acs1/profile,,
ACS 1-Year Data Profiles,2010,acs/acs1/profile,https://api.census.gov/data/2010/acs/acs1/profile,,
American Community Survey: 1-Year Estimates: Data Profiles 1-Year,2009,acs/acs1/profile,https://api.census.gov/data/2009/acs/acs1/profile,,
American Community Survey: 1-Year Estimates: Data Profiles 1-Year,2008,acs/acs1/profile,https://api.census.gov/data/2008/acs/acs1/profile,,
American Community Survey: 1-Year Estimates: Data Profiles 1-Year,2007,acs/acs1/profile,https://api.census.gov/data/2007/acs/acs1/profile,,
American Community Survey: 1-Year Estimates: Data Profiles 1-Year,2006,acs/acs1/profile,https://api.census.gov/data/2006/acs/acs1/profile,,
American Community Survey: 1-Year Estimates: Data Profiles 1-Year,2005,acs/acs1/profile,https://api.census.gov/data/2005/acs/acs1/profile,,
2023 American Community Survey: 1-Year Estimates - Public Use Microdata Sample,2023,acs/acs1/pums,https://api.census.gov/data/2023/acs/acs1/pums,PUMS,ACS1
2022 American Community Survey: 1-Year Estimates - Public Use Microdata Sample,2022,acs/acs1/pums,https://api.census.gov/data/2022/acs/acs1/pums,PUMS,ACS1
2021 American Community Survey: 1-Year Estimates - Public Use Microdata Sample,2021,acs/acs1/pums,https://api.census.gov/data/2021/acs/acs1/pums,PUMS,ACS1
ACS 1-Year PUMS,2019,acs/acs1/pums,https://api.census.gov/data/2019/acs/acs1/pums,PUMS,ACS1
2018 American Community Survey: 1-Year Estimates - Public Use Microdata Sample,2018,acs/acs1/pums,https://api.census.gov/data/2018/acs/acs1/pums,PUMS,ACS1
2017 American Community Survey: 1-Year Estimates - Public Use Microdata Sample,2017,acs/acs1/pums,https://api.census.gov/data/2017/acs/acs1/pums,PUMS,ACS1
2016 American Community Survey: 1-Year Estimates - Public Use Microdata Sample,2016,acs/acs1/pums,https://api.census.gov/data/2016/acs/acs1/pums,PUMS,ACS1
2015 American Community Survey: 1-Year Estimates - Public Use Microdata Sample,2015,acs/acs1/pums,https://api.census.gov/data/2015/acs/acs1/pums,PUMS,ACS1
2014 American Community Survey: 1-Year Estimates - Public Use Microdata Sample,2014,acs/acs1/pums,https://api.census.gov/data/2014/acs/acs1/pums,PUMS,ACS1
2013 American Community Survey: 1-Year Estimates - Public Use Microdata Sample,2013,acs/acs1/pums,https://api.census.gov/data/2013/acs/acs1/pums,PUMS,ACS1
2012 American Community Survey: 1-Year Estimates - Public Use Microdata Sample,2012,acs/acs1/pums,https://api.census.gov/data/2012/acs/acs1/pums,PUMS,ACS1
2011 American Community Survey: 1-Year Estimates - Public Use Microdata Sample,2011,acs/acs1/pums,https://api.census.gov/data/2011/acs/acs1/pums,PUMS,ACS1
2010 American Community Survey: 1-Year Estimates - Public Use Microdata Sample,2010,acs/acs1/pums,https://api.census.gov/data/2010/acs/acs1/pums,PUMS,ACS1
2009 American Community Survey: 1-Year Estimates - Public Use Microdata Sample,2009,acs/acs1/pums,https://api.census.gov/data/2009/acs/acs1/pums,PUMS,ACS1
2008 American Community Survey: 1-Year Estimates - Public Use Microdata Sample,2008,acs/acs1/pums,https://api.census.gov/data/2008/acs/acs1/pums,PUMS,ACS1
2007 American Community Survey: 1-Year Estimates - Public Use Microdata Sample,2007,acs/acs1/pums,https://api.census.gov/data/2007/acs/acs1/pums,PUMS,ACS1
2006 American Community Survey: 1-Year Estimates - Public Use Microdata Sample,2006,acs/acs1/pums,https://api.census.gov/data/2006/acs/acs1/pums,PUMS,ACS1
2005 American Community Survey: 1-Year Estimates - Public Use Microdata Sample,2005,acs/acs1/pums,https://api.census.gov/data/2005/acs/acs1/pums,PUMS,ACS1
2004 American Community Survey: 1-Year Estimates - Public Use Microdata Sample,2004,acs/acs1/pums,https://api.census.gov/data/2004/acs/acs1/pums,PUMS,ACS1
2023 American Community Survey: 1-Year Estimates - Public Use Microdata Sample Puerto Rico,2023,acs/acs1/pumspr,https://api.census.gov/data/2023/acs/acs1/pumspr,,
2022 American Community Survey: 1-Year Estimates - Public Use Microdata Sample Puerto Rico,2022,acs/acs1/pumspr,https://api.census.gov/data/2022/acs/acs1/pumspr,,
2021 American Community Survey: 1-Year Estimates - Public Use Microdata Sample Puerto Rico,2021,acs/acs1/pumspr,https://api.census.gov/data/2021/acs/acs1/pumspr,,
ACS 1-Year PUMS Puerto Rico,2019,acs/acs1/pumspr,https://api.census.gov/data/2019/acs/acs1/pumspr,,
2018 American Community Survey: 1-Year Estimates - Puerto Rico Public Use Microdata Sample,2018,acs/acs1/pumspr,https://api.census.gov/data/2018/acs/acs1/pumspr,,
2017 American Community Survey: 1-Year Estimates - Puerto Rico Public Use Microdata Sample,2017,acs/acs1/pumspr,https://api.census.gov/data/2017/acs/acs1/pumspr,,
2016 American Community Survey: 1-Year Estimates - Puerto Rico Public Use Microdata Sample,2016,acs/acs1/pumspr,https://api.census.gov/data/2016/acs/acs1/pumspr,,
2015 American Community Survey: 1-Year Estimates - Puerto Rico Public Use Microdata Sample,2015,acs/acs1/pumspr,https://api.census.gov/data/2015/acs/acs1/pumspr,,
2014 American Community Survey: 1-Year Estimates - Puerto Rico Public Use Microdata Sample,2014,acs/acs1/pumspr,https://api.census.gov/data/2014/acs/acs1/pumspr,,
2013 American Community Survey: 1-Year Estimates - Puerto Rico Public Use Microdata Sample,2013,acs/acs1/pumspr,https://api.census.gov/data/2013/acs/acs1/pumspr,,
2012 American Community Survey: 1-Year Estimates - Puerto Rico Public Use Microdata Sample,2012,acs/acs1/pumspr,https://api.census.gov/data/2012/acs/acs1/pumspr,,
2011 American Community Survey: 1-Year Estimates - Puerto Rico Public Use Microdata Sample,2011,acs/acs1/pumspr,https://api.census.gov/data/2011/acs/acs1/pumspr,,
2010 American Community Survey: 1-Year Estimates - Puerto Rico Public Use Microdata Sample,2010,acs/acs1/pumspr,https://api.census.gov/data/2010/acs/acs1/pumspr,,
2009 American Community Survey: 1-Year Estimates - Puerto Rico Public Use Microdata Sample,2009,acs/acs1/pumspr,https://api.census.gov/data/2009/acs/acs1/pumspr,,
2008 American Community Survey: 1-Year Estimates - Puerto Rico Public Use Microdata Sample,2008,acs/acs1/pumspr,https://api.census.gov/data/2008/acs/acs1/pumspr,,
2007 American Community Survey: 1-Year Estimates - Puerto Rico Public Use Microdata Sample,2007,acs/acs1/pumspr,https://api.census.gov/data/2007/acs/acs1/pumspr,,
2006 American Community Survey: 1-Year Estimates - Puerto Rico Public Use Microdata Sample,2006,acs/acs1/pumspr,https://api.census.gov/data/2006/acs/acs1/pumspr,,
2005 American Community Survey: 1-Year Estimates - Puerto Rico Public Use Microdata Sample,2005,acs/acs1/pumspr,https://api.census.gov/data/2005/acs/acs1/pumspr,,
2023 ACS 1-Year Supplemental Data Profiles for Congressional Redistricting - 119th Congress,2023,acs/acs1/sdataprofile/cd119,https://api.census.gov/data/2023/acs/acs1/sdataprofile/cd119,,
ACS 1-Year Selected Population Profiles,2023,acs/acs1/spp,https://api.census.gov/data/2023/acs/acs1/spp,,
American Community Survey: 1-Year Estimates: Selected Population Profiles 1-Year,2022,acs/acs1/spp,https://api.census.gov/data/2022/acs/acs1/spp,,
American Community Survey: 1-Year Estimates: Selected Population Profiles 1-Year,2021,acs/acs1/spp,https://api.census.gov/data/2021/acs/acs1/spp,,
American Community Survey: 1-Year Estimates: Selected Population Profiles 1-Year,2019,acs/acs1/spp,https://api.census.gov/data/2019/acs/acs1/spp,,
American Community Survey: 1-Year Estimates: Selected Population Profiles 1-Year,2018,acs/acs1/spp,https://api.census.gov/data/2018/acs/acs1/spp,,
American Community Survey: 1-Year Estimates: Selected Population Profiles 1-Year,2017,acs/acs1/spp,https://api.census.gov/data/2017/acs/acs1/spp,,
American Community Survey: 1-Year Estimates: Selected Population Profiles 1-Year,2016,acs/acs1/spp,https://api.census.gov/data/2016/acs/acs1/spp,,
American Community Survey: 1-Year Estimates: Selected Population Profiles 1-Year,2015,acs/acs1/spp,https://api.census.gov/data/2015/acs/acs1/spp,,
American Community Survey: 1-Year Estimates: Selected Population Profiles 1-Year,2014,acs/acs1/spp,https://api.census.gov/data/2014/acs/acs1/spp,,
American Community Survey: 1-Year Estimates: Selected Population Profiles 1-Year,2013,acs/acs1/spp,https://api.census.gov/data/2013/acs/acs1/spp,,
American Community Survey: 1-Year Estimates: Selected Population Profiles 1-Year,2012,acs/acs1/spp,https://api.census.gov/data/2012/acs/acs1/spp,,
American Community Survey: 1-Year Estimates: Selected Population Profiles 1-Year,2011,acs/acs1/spp,https://api.census.gov/data/2011/acs/acs1/spp,,
American Community Survey: 1-Year Estimates: Selected Population Profiles 1-Year,2010,acs/acs1/spp,https://api.census.gov/data/2010/acs/acs1/spp,,
American Community Survey: 1-Year Estimates: Selected Population Profiles 1-Year,2009,acs/acs1/spp,https://api.census.gov/data/2009/acs/acs1/spp,,
American Community Survey: 1-Year Estimates: Selected Population Profiles 1-Year,2008,acs/acs1/spp,https://api.census.gov/data/2008/acs/acs1/spp,,
ACS 1-Year Subject Tables,2023,acs/acs1/subject,https://api.census.gov/data/2023/acs/acs1/subject,SUBJECT,ACS1
American Community Survey: 1-Year Estimates: Subject Tables 1-Year,2022,acs/acs1/subject,https://api.census.gov/data/2022/acs/acs1/subject,SUBJECT,ACS1
American Community Survey: 1-Year Estimates: Subject Tables 1-Year,2021,acs/acs1/subject,https://api.census.gov/data/2021/acs/acs1/subject,SUBJECT,ACS1
American Community Survey: 1-Year Estimates: Subject Tables 1-Year,2019,acs/acs1/subject,https://api.census.gov/data/2019/acs/acs1/subject,SUBJECT,ACS1
ACS 1-Year Subject Tables,2018,acs/acs1/subject,https://api.census.gov/data/2018/acs/acs1/subject,SUBJECT,ACS1
ACS 1-Year Subject Tables,2017,acs/acs1/subject,https://api.census.gov/data/2017/acs/acs1/subject,SUBJECT,ACS1
ACS 1-Year Subject Tables,2016,acs/acs1/subject,https://api.census.gov/data/2016/acs/acs1/subject,SUBJECT,ACS1
ACS 1-Year Subject Tables,2015,acs/acs1/subject,https://api.census.gov/data/2015/acs/acs1/subject,SUBJECT,ACS1
ACS 1-Year Subject Tables,2014,acs/acs1/subject,https://api.census.gov/data/2014/acs/acs1/subject,SUBJECT,ACS1
ACS 1-Year Subject Tables,2013,acs/acs1/subject,https://api.census.gov/data/2013/acs/acs1/subject,SUBJECT,ACS1
ACS 1-Year Subject Tables,2012,acs/acs1/subject,https://api.census.gov/data/2012/acs/acs1/subject,SUBJECT,ACS1
ACS 1-Year Subject Tables,2011,acs/acs1/subject,https://api.census.gov/data/2011/acs/acs1/subject,SUBJECT,ACS1
ACS 1-Year Subject Tables,2010,acs/acs1/subject,https://api.census.gov/data/2010/acs/acs1/subject,SUBJECT,ACS1
American Community Survey: 3-Year Estimates: Detailed Tables 3-Year,2013,acs/acs3,https://api.census.gov/data/2013/acs/acs3,,
American Community Survey: 3-Year Estimates: Detailed Tables 3-Year,2012,acs/acs3,https://api.census.gov/data/2012/acs/acs3,,
American Community Survey: 3-Year Estimates: Detailed Tables 3-Year,2011,acs/acs3,https://api.census.gov/data/2011/acs/acs3,,
American Community Survey: 3-Year Estimates: Detailed Tables 3-Year,2009,acs/acs3,https://api.census.gov/data/2009/acs/acs3,,
American Community Survey: 3-Year Estimates: Detailed Tables 3-Year,2008,acs/acs3,https://api.census.gov/data/2008/acs/acs3,,
American Community Survey: 3-Year Estimates: Detailed Tables 3-Year,2007,acs/acs3,https://api.census.gov/data/2007/acs/acs3,,
American Community Survey: 3-Year Estimates: Comparison Profiles 3-Year,2013,acs/acs3/cprofile,https://api.census.gov/data/2013/acs/acs3/cprofile,,
American Community Survey: 3-Year Estimates: Comparison Profiles 3-Year,2012,acs/acs3/cprofile,https://api.census.gov/data/2012/acs/acs3/cprofile,,
American Community Survey: 3-Year Estimates: Data Profiles 3-Year,2013,acs/acs3/profile,https://api.census.gov/data/2013/acs/acs3/profile,,
American Community Survey: 3-Year Estimates: Data Profiles 3-Year,2012,acs/acs3/profile,https://api.census.gov/data/2012/acs/acs3/profile,,
American Community Survey: 3-Year Estimates: Data Profiles 3-Year,2011,acs/acs3/profile,https://api.census.gov/data/2011/acs/acs3/profile,,
American Community Survey: 3-Year Estimates: Data Profiles 3-Year,2010,acs/acs3/profile,https://api.census.gov/data/2010/acs/acs3/profile,,
American Community Survey: 3-Year Estimates: Data Profiles 3-Year,2009,acs/acs3/profile,https://api.census.gov/data/2009/acs/acs3/profile,,
American Community Survey: 3-Year Estimates: Data Profiles 3-Year,2008,acs/acs3/profile,https://api.census.gov/data/2008/acs/acs3/profile,,
American Community Survey: 3-Year Estimates: Data Profiles 3-Year,2007,acs/acs3/profile,https://api.census.gov/data/2007/acs/acs3/profile,,
American Community Survey: 3-Year Estimates: Selected Population Profiles 3-Year,2013,acs/acs3/spp,https://api.census.gov/data/2013/acs/acs3/spp,,
American Community Survey: 3-Year Estimates: Selected Population Profiles 3-Year,2012,acs/acs3/spp,https://api.census.gov/data/2012/acs/acs3/spp,,
American Community Survey: 3-Year Estimates: Selected Population Profiles 3-Year,2011,acs/acs3/spp,https://api.census.gov/data/2011/acs/acs3/spp,,
American Community Survey: 3-Year Estimates: Selected Population Profiles 3-Year,2010,acs/acs3/spp,https://api.census.gov/data/2010/acs/acs3/spp,,
American Community Survey: 3-Year Estimates: Selected Population Profiles 3-Year,2009,acs/acs3/spp,https://api.census.gov/data/2009/acs/acs3/spp,,
American Community Survey: 3-Year Estimates: Subject Tables 3-Year,2013,acs/acs3/subject,https://api.census.gov/data/2013/acs/acs3/subject,,
American Community Survey: 3-Year Estimates: Subject Tables 3-Year,2012,acs/acs3/subject,https://api.census.gov/data/2012/acs/acs3/subject,,
American Community Survey: 3-Year Estimates: Subject Tables 3-Year,2011,acs/acs3/subject,https://api.census.gov/data/2011/acs/acs3/subject,,
American Community Survey: 3-Year Estimates: Subject Tables 3-Year,2010,acs/acs3/subject,https://api.census.gov/data/2010/acs/acs3/subject,,
ACS 5-Year Detailed Tables,2023,acs/acs5,https://api.census.gov/data/2023/acs/acs5,ACS,ACS5
American Community Survey: 5-Year Estimates: Detailed Tables 5-Year,2022,acs/acs5,https://api.census.gov/data/2022/acs/acs5,ACS,ACS5
American Community Survey: 5-Year Estimates: Detailed Tables 5-Year,2021,acs/acs5,https://api.census.gov/data/2021/acs/acs5,ACS,ACS5
American Community Survey: 5-Year Estimates: Detailed Tables 5-Year,2020,acs/acs5,https://api.census.gov/data/2020/acs/acs5,ACS,ACS5
American Community Survey: 5-Year Estimates: Detailed Tables 5-Year,2019,acs/acs5,https://api.census.gov/data/2019/acs/acs5,ACS,ACS5
American Community Survey: 5-Year Estimates: Detailed Tables 5-Year,2018,acs/acs5,https://api.census.gov/data/2018/acs/acs5,ACS,ACS5
ACS 5-Year Detailed Tables,2017,acs/acs5,https://api.census.gov/data/2017/acs/acs5,ACS,ACS5
ACS 5-Year Detailed Tables,2016,acs/acs5,https://api.census.gov/data/2016/acs/acs5,ACS,ACS5
ACS 5-Year Detailed Tables,2015,acs/acs5,https://api.census.gov/data/2015/acs/acs5,ACS,ACS5
ACS 5-Year Detailed Tables,2014,acs/acs5,https://api.census.gov/data/2014/acs/acs5,ACS,ACS5
ACS 5-Year Detailed Tables,2013,acs/acs5,https://api.census.gov/data/2013/acs/acs5,ACS,ACS5
ACS 5-Year Detailed Tables,2012,acs/acs5,https://api.census.gov/data/2012/acs/acs5,ACS,ACS5
ACS 5-Year Detailed Tables,2011,acs/acs5,https://api.census.gov/data/2011/acs/acs5,ACS,ACS5
ACS 5-Year Detailed Tables,2010,acs/acs5,https://api.census.gov/data/2010/acs/acs5,ACS,ACS5
American Community Survey: 5-Year Estimates: Detailed Tables 5-Year,2009,acs/acs5,https://api.census.gov/data/2009/acs/acs5,ACS,ACS5
American Community Survey: 5-Year Estimates: American Indian and Alaska Native Detailed Tables 5-Year,2021,acs/acs5/aian,https://api.census.gov/data/2021/acs/acs5/aian,,
ACS 5-Year AIAN Detailed Tables,2015,acs/acs5/aian,https://api.census.gov/data/2015/acs/acs5/aian,,
American Community Survey: 5-Year Estimates: American Indian and Alaska Native Detailed Tables 5-Year,2010,acs/acs5/aian,https://api.census.gov/data/2010/acs/acs5/aian,,
American Community Survey: 5-Year Estimates: American Indian and Alaska Native Data Profiles 5-Year,2021,acs/acs5/aianprofile,https://api.census.gov/data/2021/acs/acs5/aianprofile,,
American Community Survey: 5-Year Estimates: American Indian and Alaska Native Data Profiles 5-Year,2015,acs/acs5/aianprofile,https://api.census.gov/data/2015/acs/acs5/aianprofile,,
American Community Survey: 5-Year Estimates: American Indian and Alaska Native Data Profiles 5-Year,2010,acs/acs5/aianprofile,https://api.census.gov/data/2010/acs/acs5/aianprofile,,
ACS 5-Year Comparison Profiles,2023,acs/acs5/cprofile,https://api.census.gov/data/2023/acs/acs5/cprofile,,
American Community Survey: 5-Year Estimates: Comparison Profiles 5-Year,2022,acs/acs5/cprofile,https://api.census.gov/data/2022/acs/acs5/cprofile,,
American Community Survey: 5-Year Estimates: Comparison Profiles 5-Year,2021,acs/acs5/cprofile,https://api.census.gov/data/2021/acs/acs5/cprofile,,
American Community Survey: 5-Year Estimates: Comparison Profiles 5-Year,2020,acs/acs5/cprofile,https://api.census.gov/data/2020/acs/acs5/cprofile,,
American Community Survey: 5-Year Estimates: Comparison Profiles 5-Year,2019,acs/acs5/cprofile,https://api.census.gov/data/2019/acs/acs5/cprofile,,
American Community Survey: 5-Year Estimates: Comparison Profiles 5-Year,2018,acs/acs5/cprofile,https://api.census.gov/data/2018/acs/acs5/cprofile,,
ACS 5-Year Comparison Profiles,2017,acs/acs5/cprofile,https://api.census.gov/data/2017/acs/acs5/cprofile,,
ACS 5-Year Comparison Profiles,2016,acs/acs5/cprofile,https://api.census.gov/data/2016/acs/acs5/cprofile,,
ACS 5-Year Comparison Profiles,2015,acs/acs5/cprofile,https://api.census.gov/data/2015/acs/acs5/cprofile,,
American Community Survey: 5-Year Estimates: Equal Employment Opportunity 5-Year,2018,acs/acs5/eeo,https://api.census.gov/data/2018/acs/acs5/eeo,,
ACS 5-Year Data Profiles,2023,acs/acs5/profile,https://api.census.gov/data/2023/acs/acs5/profile,,
American Community Survey: 5-Year Estimates: Data Profiles 5-Year,2022,acs/acs5/profile,https://api.census.gov/data/2022/acs/acs5/profile,,
American Community Survey: 5-Year Estimates: Data Profiles 5-Year,2021,acs/acs5/profile,https://api.census.gov/data/2021/acs/acs5/profile,,
American Community Survey: 5-Year Estimates: Data Profiles 5-Year,2020,acs/acs5/profile,https://api.census.gov/data/2020/acs/acs5/profile,,
American Community Survey: 5-Year Estimates: Data Profiles 5-Year,2019,acs/acs5/profile,https://api.census.gov/data/2019/acs/acs5/profile,,
ACS 5-Year Data Profiles,2018,acs/acs5/profile,https://api.census.gov/data/2018/acs/acs5/profile,,
ACS 5-Year Data Profiles,2017,acs/acs5/profile,https://api.census.gov/data/2017/acs/acs5/profile,,
ACS 5-Year Data Profiles,2016,acs/acs5/profile,https://api.census.gov/data/2016/acs/acs5/profile,,
ACS 5-Year Data Profiles,2015,acs/acs5/profile,https://api.census.gov/data/2015/acs/acs5/profile,,
ACS 5-Year Data Profiles,2014,acs/acs5/profile,https://api.census.gov/data/2014/acs/acs5/profile,,
ACS 5-Year Data Profiles,2013,acs/acs5/profile,https://api.census.gov/data/2013/acs/acs5/profile,,
ACS 5-Year Data Profiles,2012,acs/acs5/profile,https://api.census.gov/data/2012/acs/acs5/profile,,
ACS 5-Year Data Profiles,2011,acs/acs5/profile,https://api.census.gov/data/2011/acs/acs5/profile,,
ACS 5-Year Data Profiles,2010,acs/acs5/profile,https://api.census.gov/data/2010/acs/acs5/profile,,
American Community Survey: 5-Year Estimates: Data Profiles 5-Year,2009,acs/acs5/profile,https://api.census.gov/data/2009/acs/acs5/profile,,
2023 American Community Survey: 5-Year Estimates - Public Use Microdata Sample,2023,acs/acs5/pums,https://api.census.gov/data/2023/acs/acs5/pums,,
2022 American Community Survey: 5-Year Estimates - Public Use Microdata Sample,2022,acs/acs5/pums,https://api.census.gov/data/2022/acs/acs5/pums,PUMS,ACS5
2021 American Community Survey: 5-Year Estimates - Public Use Microdata Sample,2021,acs/acs5/pums,https://api.census.gov/data/2021/acs/acs5/pums,PUMS,ACS5
2020 American Community Survey: 5-Year Estimates - Public Use Microdata Sample,2020,acs/acs5/pums,https://api.census.gov/data/2020/acs/acs5/pums,PUMS,ACS5
ACS 5-Year PUMS,2019,acs/acs5/pums,https://api.census.gov/data/2019/acs/acs5/pums,PUMS,ACS5
2014-2018 American Community Survey: 5-Year Estimates - Public Use Microdata Sample,2018,acs/acs5/pums,https://api.census.gov/data/2018/acs/acs5/pums,PUMS,ACS5
2013-2017 American Community Survey: 5-Year Estimates - Public Use Microdata Sample,2017,acs/acs5/pums,https://api.census.gov/data/2017/acs/acs5/pums,PUMS,ACS5
2012-2016 American Community Survey: 5-Year Estimates - Public Use Microdata Sample,2016,acs/acs5/pums,https://api.census.gov/data/2016/acs/acs5/pums,PUMS,ACS5
2011-2015 American Community Survey: 5-Year Estimates - Public Use Microdata Sample,2015,acs/acs5/pums,https://api.census.gov/data/2015/acs/acs5/pums,PUMS,ACS5
2010-2014 American Community Survey: 5-Year Estimates - Public Use Microdata Sample,2014,acs/acs5/pums,https://api.census.gov/data/2014/acs/acs5/pums,PUMS,ACS5
2009-2013 American Community Survey: 5-Year Estimates - Public Use Microdata Sample,2013,acs/acs5/pums,https://api.census.gov/data/2013/acs/acs5/pums,PUMS,ACS5
2008-2012 American Community Survey: 5-Year Estimates - Public Use Microdata Sample,2012,acs/acs5/pums,https://api.census.gov/data/2012/acs/acs5/pums,PUMS,ACS5
2007-2011 American Community Survey: 5-Year Estimates - Public Use Microdata Sample,2011,acs/acs5/pums,https://api.census.gov/data/2011/acs/acs5/pums,PUMS,ACS5
2006-2010 American Community Survey: 5-Year Estimates - Public Use Microdata Sample,2010,acs/acs5/pums,https://api.census.gov/data/2010/acs/acs5/pums,PUMS,ACS5
2005-2009 American Community Survey: 5-Year Estimates - Public Use Microdata Sample,2009,acs/acs5/pums,https://api.census.gov/data/2009/acs/acs5/pums,PUMS,ACS5
2023 American Community Survey: 5-Year Estimates - Public Use Microdata Sample Puerto Rico,2023,acs/acs5/pumspr,https://api.census.gov/data/2023/acs/acs5/pumspr,,
2022 American Community Survey: 5-Year Estimates - Public Use Microdata Sample Puerto Rico,2022,acs/acs5/pumspr,https://api.census.gov/data/2022/acs/acs5/pumspr,,
2021 American Community Survey: 5-Year Estimates - Public Use Microdata Sample Puerto Rico,2021,acs/acs5/pumspr,https://api.census.gov/data/2021/acs/acs5/pumspr,,
2020 American Community Survey: 5-Year Estimates - Public Use Microdata Sample Puerto Rico,2020,acs/acs5/pumspr,https://api.census.gov/data/2020/acs/acs5/pumspr,,
ACS 5-Year PUMS Puerto Rico,2019,acs/acs5/pumspr,https://api.census.gov/data/2019/acs/acs5/pumspr,,
2014-2018 American Community Survey: 5-Year Estimates - Puerto Rico Public Use Microdata Sample,2018,acs/acs5/pumspr,https://api.census.gov/data/2018/acs/acs5/pumspr,,
2013-2017 American Community Survey: 5-Year Estimates - Puerto Rico Public Use Microdata Sample,2017,acs/acs5/pumspr,https://api.census.gov/data/2017/acs/acs5/pumspr,,
2012-2016 American Community Survey: 5-Year Estimates - Puerto Rico Public Use Microdata Sample,2016,acs/acs5/pumspr,https://api.census.gov/data/2016/acs/acs5/pumspr,,
2011-2015 American Community Survey: 5-Year Estimates - Puerto Rico Public Use Microdata Sample,2015,acs/acs5/pumspr,https://api.census.gov/data/2015/acs/acs5/pumspr,,
2010-2014 American Community Survey: 5-Year Estimates - Puerto Rico Public Use Microdata Sample,2014,acs/acs5/pumspr,https://api.census.gov/data/2014/acs/acs5/pumspr,,
2009-2013 American Community Survey: 5-Year Estimates - Puerto Rico Public Use Microdata Sample,2013,acs/acs5/pumspr,https://api.census.gov/data/2013/acs/acs5/pumspr,,
2008-2012 American Community Survey: 5-Year Estimates - Puerto Rico Public Use Microdata Sample,2012,acs/acs5/pumspr,https://api.census.gov/data/2012/acs/acs5/pumspr,,
2007-2011 American Community Survey: 5-Year Estimates - Puerto Rico Public Use Microdata Sample,2011,acs/acs5/pumspr,https://api.census.gov/data/2011/acs/acs5/pumspr,,
2006-2010 American Community Survey: 5-Year Estimates - Puerto Rico Public Use Microdata Sample,2010,acs/acs5/pumspr,https://api.census.gov/data/2010/acs/acs5/pumspr,,
2005-2009 American Community Survey: 5-Year Estimates - Puerto Rico Public Use Microdata Sample,2009,acs/acs5/pumspr,https://api.census.gov/data/2009/acs/acs5/pumspr,,
American Community Survey: 5-Year Estimates: Selected Population Detailed Tables 5-Year,2021,acs/acs5/spt,https://api.census.gov/data/2021/acs/acs5/spt,,
American Community Survey: 5-Year Estimates: Selected Population Detailed Tables 5-Year,2015,acs/acs5/spt,https://api.census.gov/data/2015/acs/acs5/spt,,
American Community Survey: 5-Year Estimates: Selected Population Detailed Tables 5-Year,2010,acs/acs5/spt,https://api.census.gov/data/2010/acs/acs5/spt,,
American Community Survey: 5-Year Estimates: Selected Population Data Profiles 5-Year,2021,acs/acs5/sptprofile,https://api.census.gov/data/2021/acs/acs5/sptprofile,,
American Community Survey: 5-Year Estimates: Selected Population Data Profiles 5-Year,2010,acs/acs5/sptprofile,https://api.census.gov/data/2010/acs/acs5/sptprofile,,
ACS 5-Year Subject Tables,2023,acs/acs5/subject,https://api.census.gov/data/2023/acs/acs5/subject,,
American Community Survey: 5-Year Estimates: Subject Tables 5-Year,2022,acs/acs5/subject,https://api.census.gov/data/2022/acs/acs5/subject,SUBJECT,ACS5
American Community Survey: 5-Year Estimates: Subject Tables 5-Year,2021,acs/acs5/subject,https://api.census.gov/data/2021/acs/acs5/subject,SUBJECT,ACS5
American Community Survey: 5-Year Estimates: Subject Tables 5-Year,2020,acs/acs5/subject,https://api.census.gov/data/2020/acs/acs5/subject,SUBJECT,ACS5
American Community Survey: 5-Year Estimates: Subject Tables 5-Year,2019,acs/acs5/subject,https://api.census.gov/data/2019/acs/acs5/subject,SUBJECT,ACS5
ACS 5-Year Subject Tables,2018,acs/acs5/subject,https://api.census.gov/data/2018/acs/acs5/subject,SUBJECT,ACS5
ACS 5-Year Subject Tables,2017,acs/acs5/subject,https://api.census.gov/data/2017/acs/acs5/subject,SUBJECT,ACS5
ACS 5-Year Subject Tables,2016,acs/acs5/subject,https://api.census.gov/data/2016/acs/acs5/subject,SUBJECT,ACS5
ACS 5-Year Subject Tables,2015,acs/acs5/subject,https://api.census.gov/data/2015/acs/acs5/subject,SUBJECT,ACS5
ACS 5-Year Subject Tables,2014,acs/acs5/subject,https://api.census.gov/data/2014/acs/acs5/subject,SUBJECT,ACS5
ACS 5-Year Subject Tables,2013,acs/acs5/subject,https://api.census.gov/data/2013/acs/acs5/subject,SUBJECT,ACS5
ACS 5-Year Subject Tables,2012,acs/acs5/subject,https://api.census.gov/data/2012/acs/acs5/subject,SUBJECT,ACS5
ACS 5-Year Subject Tables,2011,acs/acs5/subject,https://api.census.gov/data/2011/acs/acs5/subject,SUBJECT,ACS5
ACS 5-Year Subject Tables,2010,acs/acs5/subject,https://api.census.gov/data/2010/acs/acs5/subject,SUBJECT,ACS5
ACS 1-Year Supplemental Estimates,2023,acs/acsse,https://api.census.gov/data/2023/acs/acsse,,
American Community Survey: 1-Year Supplemental Estimates,2022,acs/acsse,https://api.census.gov/data/2022/acs/acsse,,
American Community Survey: 1-Year Supplemental Estimates,2021,acs/acsse,https://api.census.gov/data/2021/acs/acsse,,
American Community Survey: Supplemental Estimates: ACS 1-Year Supplemental Estimates,2019,acs/acsse,https://api.census.gov/data/2019/acs/acsse,,
ACS 1-Year Supplemental Estimates,2018,acs/acsse,https://api.census.gov/data/2018/acs/acsse,,
ACS 1-Year Supplemental Estimates,2017,acs/acsse,https://api.census.gov/data/2017/acs/acsse,,
ACS 1-Year Supplemental Estimates,2016,acs/acsse,https://api.census.gov/data/2016/acs/acsse,,
ACS 1-Year Supplemental Estimates,2015,acs/acsse,https://api.census.gov/data/2015/acs/acsse,,
ACS 1-Year Supplemental Estimates,2014,acs/acsse,https://api.census.gov/data/2014/acs/acsse,,
2018-2022 American Community Survey: Migration Flows,2022,acs/flows,https://api.census.gov/data/2022/acs/flows,,
American Community Survey: 5-Year Migration Flows,2021,acs/flows,https://api.census.gov/data/2021/acs/flows,,
2016-2020 American Community Survey: Migration Flows,2020,acs/flows,https://api.census.gov/data/2020/acs/flows,,
2015-2019 American Community Survey: Migration Flows,2019,acs/flows,https://api.census.gov/data/2019/acs/flows,,
2014-2018 American Community Survey: Migration Flows,2018,acs/flows,https://api.census.gov/data/2018/acs/flows,,
ACS FLOWS,2017,acs/flows,https://api.census.gov/data/2017/acs/flows,,
ACS FLOWS,2016,acs/flows,https://api.census.gov/data/2016/acs/flows,,
2011-2015 American Community Survey: Migration Flows,2015,acs/flows,https://api.census.gov/data/2015/acs/flows,,
2010-2014 American Community Survey: Migration Flows,2014,acs/flows,https://api.census.gov/data/2014/acs/flows,,
2009-2013 American Community Survey: Migration Flows,2013,acs/flows,https://api.census.gov/data/2013/acs/flows,,
2008-2012 American Community Survey: Migration Flows,2012,acs/flows,https://api.census.gov/data/2012/acs/flows,,
2007-2011 American Community Survey: Migration Flows,2011,acs/flows,https://api.census.gov/data/2011/acs/flows,,
2006-2010 American Community Survey: Migration Flows,2010,acs/flows,https://api.census.gov/data/2010/acs/flows,,
2011 American Community Survey 1-Year Profiles for the 113th Congressional Districts,2011,acs1/cd113,https://api.census.gov/data/2011/acs1/cd113,,
2015 American Community Survey 1-Year Data Profile 115th Congressional District,2015,acs1/cd115,https://api.census.gov/data/2015/acs1/cd115,,
2005-2009 American Community Survey 5-Year Estimates,2009,acs5,https://api.census.gov/data/2009/acs5,,
Economic Surveys: Annual Survey of Entrepreneurs: Annual Survey of Entrepreneurs Company Summary,2016,ase/csa,https://api.census.gov/data/2016/ase/csa,,
Economic Surveys: Annual Survey of Entrepreneurs: Annual Survey of Entrepreneurs Company Summary,2015,ase/csa,https://api.census.gov/data/2015/ase/csa,,
Economic Surveys: Annual Survey of Entrepreneurs: Annual Survey of Entrepreneurs Company Summary,2014,ase/csa,https://api.census.gov/data/2014/ase/csa,,
Economic Surveys: Annual Survey of Entrepreneurs: Annual Survey of Entrepreneurs Characteristics of Businesses,2016,ase/cscb,https://api.census.gov/data/2016/ase/cscb,,
Economic Surveys: Annual Survey of Entrepreneurs: Annual Survey of Entrepreneurs Characteristics of Businesses,2015,ase/cscb,https://api.census.gov/data/2015/ase/cscb,,
Economic Surveys: Annual Survey of Entrepreneurs: Annual Survey of Entrepreneurs Characteristics of Businesses,2014,ase/cscb,https://api.census.gov/data/2014/ase/cscb,,
Economic Surveys: Annual Survey of Entrepreneurs: Annual Survey of Entrepreneurs Characteristics of Business Owners,2016,ase/cscbo,https://api.census.gov/data/2016/ase/cscbo,,
Economic Surveys: Annual Survey of Entrepreneurs: Annual Survey of Entrepreneurs Characteristics of Business Owners,2015,ase/cscbo,https://api.census.gov/data/2015/ase/cscbo,,
Economic Surveys: Annual Survey of Entrepreneurs: Annual Survey of Entrepreneurs Characteristics of Business Owners,2014,ase/cscbo,https://api.census.gov/data/2014/ase/cscbo,,
2022 County Business Patterns,2022,cbp,https://api.census.gov/data/2022/cbp,,
Economic Surveys: Business Patterns: County Business Patterns,2021,cbp,https://api.census.gov/data/2021/cbp,,
Economic Surveys: Business Patterns: County Business Patterns,2020,cbp,https://api.census.gov/data/2020/cbp,,
Economic Surveys: Business Patterns: County Business Patterns,2019,cbp,https://api.census.gov/data/2019/cbp,,
Economic Surveys: Business Patterns: County Business Patterns,2018,cbp,https://api.census.gov/data/2018/cbp,,
Annual Economic Surveys: Business Patterns: County Business Patterns,2017,cbp,https://api.census.gov/data/2017/cbp,,
2016 County Business Patterns,2016,cbp,https://api.census.gov/data/2016/cbp,,
2015 County Business Patterns,2015,cbp,https://api.census.gov/data/2015/cbp,,
2014 County Business Patterns,2014,cbp,https://api.census.gov/data/2014/cbp,,
2013 County Business Patterns,2013,cbp,https://api.census.gov/data/2013/cbp,,
Annual Economic Surveys: Business Patterns: County Business Patterns,2012,cbp,https://api.census.gov/data/2012/cbp,,
2011 County Business Patterns: Business Patterns,2011,cbp,https://api.census.gov/data/2011/cbp,,
2010 County Business Patterns: Business Patterns,2010,cbp,https://api.census.gov/data/2010/cbp,,
2009 County Business Patterns: Business Patterns,2009,cbp,https://api.census.gov/data/2009/cbp,,
2008 County Business Patterns: Business Patterns,2008,cbp,https://api.census.gov/data/2008/cbp,,
2007 County Business Patterns: Business Patterns,2007,cbp,https://api.census.gov/data/2007/cbp,,
2006 County Business Patterns: Business Patterns,2006,cbp,https://api.census.gov/data/2006/cbp,,
2005 County Business Patterns: Business Patterns,2005,cbp,https://api.census.gov/data/2005/cbp,,
2004 County Business Patterns: Business Patterns,2004,cbp,https://api.census.gov/data/2004/cbp,,
2003 County Business Patterns: Business Patterns,2003,cbp,https://api.census.gov/data/2003/cbp,,
2002 County Business Patterns: Business Patterns,2002,cbp,https://api.census.gov/data/2002/cbp,,
2001 County Business Patterns: Business Patterns,2001,cbp,https://api.census.gov/data/2001/cbp,,
2000 County Business Patterns: Business Patterns,2000,cbp,https://api.census.gov/data/2000/cbp,,
1999 County Business Patterns: Business Patterns,1999,cbp,https://api.census.gov/data/1999/cbp,,
1998 County Business Patterns: Business Patterns,1998,cbp,https://api.census.gov/data/1998/cbp,,
1997 County Business Patterns: Business Patterns,1997,cbp,https://api.census.gov/data/1997/cbp,,
1996 County Business Patterns: Business Patterns,1996,cbp,https://api.census.gov/data/1996/cbp,,
1995 County Business Patterns: Business Patterns,1995,cbp,https://api.census.gov/data/1995/cbp,,
1994 County Business Patterns: Business Patterns,1994,cbp,https://api.census.gov/data/1994/cbp,,
1993 County Business Patterns: Business Patterns,1993,cbp,https://api.census.gov/data/1993/cbp,,
1992 County Business Patterns: Business Patterns,1992,cbp,https://api.census.gov/data/1992/cbp,,
1991 County Business Patterns: Business Patterns,1991,cbp,https://api.census.gov/data/1991/cbp,,
1990 County Business Patterns: Business Patterns,1990,cbp,https://api.census.gov/data/1990/cbp,,
1989 County Business Patterns: Business Patterns,1989,cbp,https://api.census.gov/data/1989/cbp,,
1988 County Business Patterns: Business Patterns,1988,cbp,https://api.census.gov/data/1988/cbp,,
1987 County Business Patterns: Business Patterns,1987,cbp,https://api.census.gov/data/1987/cbp,,
1986 County Business Patterns: Business Patterns,1986,cbp,https://api.census.gov/data/1986/cbp,,
2017 Commodity Flow Survey - Geographic Area Data,2017,cfsarea,https://api.census.gov/data/2017/cfsarea,,
2012 Commodity Flow Survey - Geographic Area Data,2012,cfsarea,https://api.census.gov/data/2012/cfsarea,,
2017 Commodity Flow Survey - Export,2017,cfsexport,https://api.census.gov/data/2017/cfsexport,,
2012 Commodity Flow Survey - Export,2012,cfsexport,https://api.census.gov/data/2012/cfsexport,,
2017 Commodity Flow Survey - Hazmat Data,2017,cfshazmat,https://api.census.gov/data/2017/cfshazmat,,
2012 Commodity Flow Survey - Hazmat Data,2012,cfshazmat,https://api.census.gov/data/2012/cfshazmat,,
2017 Commodity Flow Survey - Preliminary Data,2017,cfsprelim,https://api.census.gov/data/2017/cfsprelim,,
2012 Commodity Flow Survey - Preliminary Data,2012,cfsprelim,https://api.census.gov/data/2012/cfsprelim,,
Commodity Flow Survey  Public Use Microdata: Destination of Shipments,2017,cfspum/cfspumdest,https://api.census.gov/data/2017/cfspum/cfspumdest,,
Commodity Flow Survey  Public Use Microdata: Destination of Shipments,2012,cfspum/cfspumdest,https://api.census.gov/data/2012/cfspum/cfspumdest,,
Commodity Flow Survey  Public Use Microdata: Origin of Shipments,2017,cfspum/cfspumorig,https://api.census.gov/data/2017/cfspum/cfspumorig,,
Commodity Flow Survey  Public Use Microdata: Origin of Shipments,2012,cfspum/cfspumorig,https://api.census.gov/data/2012/cfspum/cfspumorig,,
2017 Commodity Flow Survey - Temperature Control Data,2017,cfstemp,https://api.census.gov/data/2017/cfstemp,,
Current Population Survey: Arts Benchmarking Supplement,2020,cps/arts/feb,https://api.census.gov/data/2020/cps/arts/feb,,
Feb 2018 Current Population Survey: Arts Benchmarking Survey Supplement,2018,cps/arts/feb,https://api.census.gov/data/2018/cps/arts/feb,,
Feb 2016 Current Population Survey: Arts Benchmarking Survey Supplement,2016,cps/arts/feb,https://api.census.gov/data/2016/cps/arts/feb,,
Feb 2015 Current Population Survey: Arts Benchmarking Survey Supplement,2015,cps/arts/feb,https://api.census.gov/data/2015/cps/arts/feb,,
Feb 2014 Current Population Survey: Arts Benchmarking Survey Supplement,2014,cps/arts/feb,https://api.census.gov/data/2014/cps/arts/feb,,
Feb 2013 Current Population Survey: Arts Benchmarking Survey Supplement,2013,cps/arts/feb,https://api.census.gov/data/2013/cps/arts/feb,,
Current Population Survey Annual Social and Economic Supplement,2024,cps/asec/mar,https://api.census.gov/data/2024/cps/asec/mar,,
Current Population Survey Annual Social and Economic Supplement,2023,cps/asec/mar,https://api.census.gov/data/2023/cps/asec/mar,,
Current Population Survey Annual Social and Economic Supplement,2022,cps/asec/mar,https://api.census.gov/data/2022/cps/asec/mar,,
Current Population Survey Annual Social and Economic Supplement,2021,cps/asec/mar,https://api.census.gov/data/2021/cps/asec/mar,,
Current Population Survey Annual Social and Economic Supplement,2020,cps/asec/mar,https://api.census.gov/data/2020/cps/asec/mar,,
Mar 2019 Current Population Survey: Annual Social and Economic (March) Supplement,2019,cps/asec/mar,https://api.census.gov/data/2019/cps/asec/mar,,
Mar 2018 Current Population Survey: Annual Social and Economic (March) Supplement,2018,cps/asec/mar,https://api.census.gov/data/2018/cps/asec/mar,,
Mar 2017 Current Population Survey: Annual Social and Economic (March) Supplement,2017,cps/asec/mar,https://api.census.gov/data/2017/cps/asec/mar,,
Mar 2016 Current Population Survey: Annual Social and Economic (March) Supplement,2016,cps/asec/mar,https://api.census.gov/data/2016/cps/asec/mar,,
Mar 2015 Current Population Survey: Annual Social and Economic (March) Supplement,2015,cps/asec/mar,https://api.census.gov/data/2015/cps/asec/mar,,
Mar 2014 Current Population Survey: Annual Social and Economic (March) Supplement,2014,cps/asec/mar,https://api.census.gov/data/2014/cps/asec/mar,,
Mar 2013 Current Population Survey: Annual Social and Economic (March) Supplement,2013,cps/asec/mar,https://api.census.gov/data/2013/cps/asec/mar,,
Mar 2012 Current Population Survey: Annual Social and Economic (March) Supplement,2012,cps/asec/mar,https://api.census.gov/data/2012/cps/asec/mar,,
Mar 2011 Current Population Survey: Annual Social and Economic (March) Supplement,2011,cps/asec/mar,https://api.census.gov/data/2011/cps/asec/mar,,
Mar 2010 Current Population Survey: Annual Social and Economic (March) Supplement,2010,cps/asec/mar,https://api.census.gov/data/2010/cps/asec/mar,,
Mar 2009 Current Population Survey: Annual Social and Economic (March) Supplement,2009,cps/asec/mar,https://api.census.gov/data/2009/cps/asec/mar,,
Mar 2008 Current Population Survey: Annual Social and Economic (March) Supplement,2008,cps/asec/mar,https://api.census.gov/data/2008/cps/asec/mar,,
Mar 2007 Current Population Survey: Annual Social and Economic (March) Supplement,2007,cps/asec/mar,https://api.census.gov/data/2007/cps/asec/mar,,
Mar 2006 Current Population Survey: Annual Social and Economic (March) Supplement,2006,cps/asec/mar,https://api.census.gov/data/2006/cps/asec/mar,,
Mar 2005 Current Population Survey: Annual Social and Economic (March) Supplement,2005,cps/asec/mar,https://api.census.gov/data/2005/cps/asec/mar,,
Mar 2004 Current Population Survey: Annual Social and Economic (March) Supplement,2004,cps/asec/mar,https://api.census.gov/data/2004/cps/asec/mar,,
Mar 2003 Current Population Survey: Annual Social and Economic (March) Supplement,2003,cps/asec/mar,https://api.census.gov/data/2003/cps/asec/mar,,
Mar 2002 Current Population Survey: Annual Social and Economic (March) Supplement,2002,cps/asec/mar,https://api.census.gov/data/2002/cps/asec/mar,,
Mar 2001 Current Population Survey: Annual Social and Economic (March) Supplement,2001,cps/asec/mar,https://api.census.gov/data/2001/cps/asec/mar,,
Mar 2000 Current Population Survey: Annual Social and Economic (March) Supplement,2000,cps/asec/mar,https://api.census.gov/data/2000/cps/asec/mar,,
Mar 1999 Current Population Survey: Annual Social and Economic (March) Supplement,1999,cps/asec/mar,https://api.census.gov/data/1999/cps/asec/mar,,
Mar 1998 Current Population Survey: Annual Social and Economic (March) Supplement,1998,cps/asec/mar,https://api.census.gov/data/1998/cps/asec/mar,,
Mar 1997 Current Population Survey: Annual Social and Economic (March) Supplement,1997,cps/asec/mar,https://api.census.gov/data/1997/cps/asec/mar,,
Mar 1996 Current Population Survey: Annual Social and Economic (March) Supplement,1996,cps/asec/mar,https://api.census.gov/data/1996/cps/asec/mar,,
Mar 1995 Current Population Survey: Annual Social and Economic (March) Supplement,1995,cps/asec/mar,https://api.census.gov/data/1995/cps/asec/mar,,
Mar 1994 Current Population Survey: Annual Social and Economic (March) Supplement,1994,cps/asec/mar,https://api.census.gov/data/1994/cps/asec/mar,,
Mar 1993 Current Population Survey: Annual Social and Economic (March) Supplement,1993,cps/asec/mar,https://api.census.gov/data/1993/cps/asec/mar,,
Mar 1992 Current Population Survey: Annual Social and Economic (March) Supplement,1992,cps/asec/mar,https://api.census.gov/data/1992/cps/asec/mar,,
Current Population Survey: Basic Monthly,2024,cps/basic/apr,https://api.census.gov/data/2024/cps/basic/apr,,
Current Population Survey: Basic Monthly,2023,cps/basic/apr,https://api.census.gov/data/2023/cps/basic/apr,,
Current Population Survey: Basic Monthly,2022,cps/basic/apr,https://api.census.gov/data/2022/cps/basic/apr,,
Current Population Survey: Basic Monthly,2021,cps/basic/apr,https://api.census.gov/data/2021/cps/basic/apr,,
Current Population Survey: Basic Monthly,2020,cps/basic/apr,https://api.census.gov/data/2020/cps/basic/apr,,
CPS Basic,2019,cps/basic/apr,https://api.census.gov/data/2019/cps/basic/apr,,
CPS Basic,2018,cps/basic/apr,https://api.census.gov/data/2018/cps/basic/apr,,
CPS Basic,2017,cps/basic/apr,https://api.census.gov/data/2017/cps/basic/apr,,
CPS Basic,2016,cps/basic/apr,https://api.census.gov/data/2016/cps/basic/apr,,
CPS Basic,2015,cps/basic/apr,https://api.census.gov/data/2015/cps/basic/apr,,
Apr 2014 Current Population Survey: Basic Monthly,2014,cps/basic/apr,https://api.census.gov/data/2014/cps/basic/apr,,
Apr 2013 Current Population Survey: Basic Monthly,2013,cps/basic/apr,https://api.census.gov/data/2013/cps/basic/apr,,
Apr 2012 Current Population Survey: Basic Monthly,2012,cps/basic/apr,https://api.census.gov/data/2012/cps/basic/apr,,
Apr 2011 Current Population Survey: Basic Monthly,2011,cps/basic/apr,https://api.census.gov/data/2011/cps/basic/apr,,
Apr 2010 Current Population Survey: Basic Monthly,2010,cps/basic/apr,https://api.census.gov/data/2010/cps/basic/apr,,
Apr 2009 Current Population Survey: Basic Monthly,2009,cps/basic/apr,https://api.census.gov/data/2009/cps/basic/apr,,
Apr 2008 Current Population Survey: Basic Monthly,2008,cps/basic/apr,https://api.census.gov/data/2008/cps/basic/apr,,
Apr 2007 Current Population Survey: Basic Monthly,2007,cps/basic/apr,https://api.census.gov/data/2007/cps/basic/apr,,
Apr 2006 Current Population Survey: Basic Monthly,2006,cps/basic/apr,https://api.census.gov/data/2006/cps/basic/apr,,
Apr 2005 Current Population Survey: Basic Monthly,2005,cps/basic/apr,https://api.census.gov/data/2005/cps/basic/apr,,
Apr 2004 Current Population Survey: Basic Monthly,2004,cps/basic/apr,https://api.census.gov/data/2004/cps/basic/apr,,
Apr 2003 Current Population Survey: Basic Monthly,2003,cps/basic/apr,https://api.census.gov/data/2003/cps/basic/apr,,
Apr 2002 Current Population Survey: Basic Monthly,2002,cps/basic/apr,https://api.census.gov/data/2002/cps/basic/apr,,
Apr 2001 Current Population Survey: Basic Monthly,2001,cps/basic/apr,https://api.census.gov/data/2001/cps/basic/apr,,
Apr 2000 Current Population Survey: Basic Monthly,2000,cps/basic/apr,https://api.census.gov/data/2000/cps/basic/apr,,
Apr 1999 Current Population Survey: Basic Monthly,1999,cps/basic/apr,https://api.census.gov/data/1999/cps/basic/apr,,
Apr 1998 Current Population Survey: Basic Monthly,1998,cps/basic/apr,https://api.census.gov/data/1998/cps/basic/apr,,
Apr 1997 Current Population Survey: Basic Monthly,1997,cps/basic/apr,https://api.census.gov/data/1997/cps/basic/apr,,
Apr 1996 Current Population Survey: Basic Monthly,1996,cps/basic/apr,https://api.census.gov/data/1996/cps/basic/apr,,
Apr 1995 Current Population Survey: Basic Monthly,1995,cps/basic/apr,https://api.census.gov/data/1995/cps/basic/apr,,
Apr 1994 Current Population Survey: Basic Monthly,1994,cps/basic/apr,https://api.census.gov/data/1994/cps/basic/apr,,
Apr 1993 Current Population Survey: Basic Monthly,1993,cps/basic/apr,https://api.census.gov/data/1993/cps/basic/apr,,
Apr 1992 Current Population Survey: Basic Monthly,1992,cps/basic/apr,https://api.census.gov/data/1992/cps/basic/apr,,
Apr 1991 Current Population Survey: Basic Monthly,1991,cps/basic/apr,https://api.census.gov/data/1991/cps/basic/apr,,
Apr 1990 Current Population Survey: Basic Monthly,1990,cps/basic/apr,https://api.census.gov/data/1990/cps/basic/apr,,
Apr 1989 Current Population Survey: Basic Monthly,1989,cps/basic/apr,https://api.census.gov/data/1989/cps/basic/apr,,
Current Population Survey: Basic Monthly,2024,cps/basic/aug,https://api.census.gov/data/2024/cps/basic/aug,,
Current Population Survey: Basic Monthly,2023,cps/basic/aug,https://api.census.gov/data/2023/cps/basic/aug,,
Current Population Survey: Basic Monthly,2022,cps/basic/aug,https://api.census.gov/data/2022/cps/basic/aug,,
Current Population Survey: Basic Monthly,2021,cps/basic/aug,https://api.census.gov/data/2021/cps/basic/aug,,
Current Population Survey: Basic Monthly,2020,cps/basic/aug,https://api.census.gov/data/2020/cps/basic/aug,,
CPS Basic,2019,cps/basic/aug,https://api.census.gov/data/2019/cps/basic/aug,,
CPS Basic,2018,cps/basic/aug,https://api.census.gov/data/2018/cps/basic/aug,,
CPS Basic,2017,cps/basic/aug,https://api.census.gov/data/2017/cps/basic/aug,,
CPS Basic,2016,cps/basic/aug,https://api.census.gov/data/2016/cps/basic/aug,,
CPS Basic,2015,cps/basic/aug,https://api.census.gov/data/2015/cps/basic/aug,,
Aug 2014 Current Population Survey: Basic Monthly,2014,cps/basic/aug,https://api.census.gov/data/2014/cps/basic/aug,,
Aug 2013 Current Population Survey: Basic Monthly,2013,cps/basic/aug,https://api.census.gov/data/2013/cps/basic/aug,,
Aug 2012 Current Population Survey: Basic Monthly,2012,cps/basic/aug,https://api.census.gov/data/2012/cps/basic/aug,,
Aug 2011 Current Population Survey: Basic Monthly,2011,cps/basic/aug,https://api.census.gov/data/2011/cps/basic/aug,,
Aug 2010 Current Population Survey: Basic Monthly,2010,cps/basic/aug,https://api.census.gov/data/2010/cps/basic/aug,,
Aug 2009 Current Population Survey: Basic Monthly,2009,cps/basic/aug,https://api.census.gov/data/2009/cps/basic/aug,,
Aug 2008 Current Population Survey: Basic Monthly,2008,cps/basic/aug,https://api.census.gov/data/2008/cps/basic/aug,,
Aug 2007 Current Population Survey: Basic Monthly,2007,cps/basic/aug,https://api.census.gov/data/2007/cps/basic/aug,,
Aug 2006 Current Population Survey: Basic Monthly,2006,cps/basic/aug,https://api.census.gov/data/2006/cps/basic/aug,,
Aug 2005 Current Population Survey: Basic Monthly,2005,cps/basic/aug,https://api.census.gov/data/2005/cps/basic/aug,,
Aug 2004 Current Population Survey: Basic Monthly,2004,cps/basic/aug,https://api.census.gov/data/2004/cps/basic/aug,,
Aug 2003 Current Population Survey: Basic Monthly,2003,cps/basic/aug,https://api.census.gov/data/2003/cps/basic/aug,,
Aug 2002 Current Population Survey: Basic Monthly,2002,cps/basic/aug,https://api.census.gov/data/2002/cps/basic/aug,,
Aug 2001 Current Population Survey: Basic Monthly,2001,cps/basic/aug,https://api.census.gov/data/2001/cps/basic/aug,,
Aug 2000 Current Population Survey: Basic Monthly,2000,cps/basic/aug,https://api.census.gov/data/2000/cps/basic/aug,,
Aug 1999 Current Population Survey: Basic Monthly,1999,cps/basic/aug,https://api.census.gov/data/1999/cps/basic/aug,,
Aug 1998 Current Population Survey: Basic Monthly,1998,cps/basic/aug,https://api.census.gov/data/1998/cps/basic/aug,,
Aug 1997 Current Population Survey: Basic Monthly,1997,cps/basic/aug,https://api.census.gov/data/1997/cps/basic/aug,,
Aug 1996 Current Population Survey: Basic Monthly,1996,cps/basic/aug,https://api.census.gov/data/1996/cps/basic/aug,,
Aug 1995 Current Population Survey: Basic Monthly,1995,cps/basic/aug,https://api.census.gov/data/1995/cps/basic/aug,,
Aug 1994 Current Population Survey: Basic Monthly,1994,cps/basic/aug,https://api.census.gov/data/1994/cps/basic/aug,,
Aug 1993 Current Population Survey: Basic Monthly,1993,cps/basic/aug,https://api.census.gov/data/1993/cps/basic/aug,,
Aug 1992 Current Population Survey: Basic Monthly,1992,cps/basic/aug,https://api.census.gov/data/1992/cps/basic/aug,,
Aug 1991 Current Population Survey: Basic Monthly,1991,cps/basic/aug,https://api.census.gov/data/1991/cps/basic/aug,,
Aug 1990 Current Population Survey: Basic Monthly,1990,cps/basic/aug,https://api.census.gov/data/1990/cps/basic/aug,,
Aug 1989 Current Population Survey: Basic Monthly,1989,cps/basic/aug,https://api.census.gov/data/1989/cps/basic/aug,,
Current Population Survey: Basic Monthly,2024,cps/basic/dec,https://api.census.gov/data/2024/cps/basic/dec,,
Current Population Survey: Basic Monthly,2023,cps/basic/dec,https://api.census.gov/data/2023/cps/basic/dec,,
Current Population Survey: Basic Monthly,2022,cps/basic/dec,https://api.census.gov/data/2022/cps/basic/dec,,
Current Population Survey: Basic Monthly,2021,cps/basic/dec,https://api.census.gov/data/2021/cps/basic/dec,,
Current Population Survey: Basic Monthly,2020,cps/basic/dec,https://api.census.gov/data/2020/cps/basic/dec,,
CPS Basic,2019,cps/basic/dec,https://api.census.gov/data/2019/cps/basic/dec,,
CPS Basic,2018,cps/basic/dec,https://api.census.gov/data/2018/cps/basic/dec,,
CPS Basic,2017,cps/basic/dec,https://api.census.gov/data/2017/cps/basic/dec,,
CPS Basic,2016,cps/basic/dec,https://api.census.gov/data/2016/cps/basic/dec,,
CPS Basic,2015,cps/basic/dec,https://api.census.gov/data/2015/cps/basic/dec,,
Dec 2014 Current Population Survey: Basic Monthly,2014,cps/basic/dec,https://api.census.gov/data/2014/cps/basic/dec,,
Dec 2013 Current Population Survey: Basic Monthly,2013,cps/basic/dec,https://api.census.gov/data/2013/cps/basic/dec,,
Dec 2012 Current Population Survey: Basic Monthly,2012,cps/basic/dec,https://api.census.gov/data/2012/cps/basic/dec,,
Dec 2011 Current Population Survey: Basic Monthly,2011,cps/basic/dec,https://api.census.gov/data/2011/cps/basic/dec,,
Dec 2010 Current Population Survey: Basic Monthly,2010,cps/basic/dec,https://api.census.gov/data/2010/cps/basic/dec,,
Dec 2009 Current Population Survey: Basic Monthly,2009,cps/basic/dec,https://api.census.gov/data/2009/cps/basic/dec,,
Dec 2008 Current Population Survey: Basic Monthly,2008,cps/basic/dec,https://api.census.gov/data/2008/cps/basic/dec,,
Dec 2007 Current Population Survey: Basic Monthly,2007,cps/basic/dec,https://api.census.gov/data/2007/cps/basic/dec,,
Dec 2006 Current Population Survey: Basic Monthly,2006,cps/basic/dec,https://api.census.gov/data/2006/cps/basic/dec,,
Dec 2005 Current Population Survey: Basic Monthly,2005,cps/basic/dec,https://api.census.gov/data/2005/cps/basic/dec,,
Dec 2004 Current Population Survey: Basic Monthly,2004,cps/basic/dec,https://api.census.gov/data/2004/cps/basic/dec,,
Dec 2003 Current Population Survey: Basic Monthly,2003,cps/basic/dec,https://api.census.gov/data/2003/cps/basic/dec,,
Dec 2002 Current Population Survey: Basic Monthly,2002,cps/basic/dec,https://api.census.gov/data/2002/cps/basic/dec,,
Dec 2001 Current Population Survey: Basic Monthly,2001,cps/basic/dec,https://api.census.gov/data/2001/cps/basic/dec,,
Dec 2000 Current Population Survey: Basic Monthly,2000,cps/basic/dec,https://api.census.gov/data/2000/cps/basic/dec,,
Dec 1999 Current Population Survey: Basic Monthly,1999,cps/basic/dec,https://api.census.gov/data/1999/cps/basic/dec,,
Dec 1998 Current Population Survey: Basic Monthly,1998,cps/basic/dec,https://api.census.gov/data/1998/cps/basic/dec,,
Dec 1997 Current Population Survey: Basic Monthly,1997,cps/basic/dec,https://api.census.gov/data/1997/cps/basic/dec,,
Dec 1996 Current Population Survey: Basic Monthly,1996,cps/basic/dec,https://api.census.gov/data/1996/cps/basic/dec,,
Dec 1995 Current Population Survey: Basic Monthly,1995,cps/basic/dec,https://api.census.gov/data/1995/cps/basic/dec,,
Dec 1994 Current Population Survey: Basic Monthly,1994,cps/basic/dec,https://api.census.gov/data/1994/cps/basic/dec,,
Dec 1993 Current Population Survey: Basic Monthly,1993,cps/basic/dec,https://api.census.gov/data/1993/cps/basic/dec,,
Dec 1992 Current Population Survey: Basic Monthly,1992,cps/basic/dec,https://api.census.gov/data/1992/cps/basic/dec,,
Dec 1991 Current Population Survey: Basic Monthly,1991,cps/basic/dec,https://api.census.gov/data/1991/cps/basic/dec,,
Dec 1990 Current Population Survey: Basic Monthly,1990,cps/basic/dec,https://api.census.gov/data/1990/cps/basic/dec,,
Dec 1989 Current Population Survey: Basic Monthly,1989,cps/basic/dec,https://api.census.gov/data/1989/cps/basic/dec,,
Current Population Survey: Basic Monthly,2024,cps/basic/feb,https://api.census.gov/data/2024/cps/basic/feb,,
Current Population Survey: Basic Monthly,2023,cps/basic/feb,https://api.census.gov/data/2023/cps/basic/feb,,
Current Population Survey: Basic Monthly,2022,cps/basic/feb,https://api.census.gov/data/2022/cps/basic/feb,,
Current Population Survey: Basic Monthly,2021,cps/basic/feb,https://api.census.gov/data/2021/cps/basic/feb,,
Current Population Survey: Basic Monthly,2020,cps/basic/feb,https://api.census.gov/data/2020/cps/basic/feb,,
CPS Basic,2019,cps/basic/feb,https://api.census.gov/data/2019/cps/basic/feb,,
CPS Basic,2018,cps/basic/feb,https://api.census.gov/data/2018/cps/basic/feb,,
CPS Basic,2017,cps/basic/feb,https://api.census.gov/data/2017/cps/basic/feb,,
CPS Basic,2016,cps/basic/feb,https://api.census.gov/data/2016/cps/basic/feb,,
CPS Basic,2015,cps/basic/feb,https://api.census.gov/data/2015/cps/basic/feb,,
Feb 2014 Current Population Survey: Basic Monthly,2014,cps/basic/feb,https://api.census.gov/data/2014/cps/basic/feb,,
Feb 2013 Current Population Survey: Basic Monthly,2013,cps/basic/feb,https://api.census.gov/data/2013/cps/basic/feb,,
Feb 2012 Current Population Survey: Basic Monthly,2012,cps/basic/feb,https://api.census.gov/data/2012/cps/basic/feb,,
Feb 2011 Current Population Survey: Basic Monthly,2011,cps/basic/feb,https://api.census.gov/data/2011/cps/basic/feb,,
Feb 2010 Current Population Survey: Basic Monthly,2010,cps/basic/feb,https://api.census.gov/data/2010/cps/basic/feb,,
Feb 2009 Current Population Survey: Basic Monthly,2009,cps/basic/feb,https://api.census.gov/data/2009/cps/basic/feb,,
Feb 2008 Current Population Survey: Basic Monthly,2008,cps/basic/feb,https://api.census.gov/data/2008/cps/basic/feb,,
Feb 2007 Current Population Survey: Basic Monthly,2007,cps/basic/feb,https://api.census.gov/data/2007/cps/basic/feb,,
Feb 2006 Current Population Survey: Basic Monthly,2006,cps/basic/feb,https://api.census.gov/data/2006/cps/basic/feb,,
Feb 2005 Current Population Survey: Basic Monthly,2005,cps/basic/feb,https://api.census.gov/data/2005/cps/basic/feb,,
Feb 2004 Current Population Survey: Basic Monthly,2004,cps/basic/feb,https://api.census.gov/data/2004/cps/basic/feb,,
Feb 2003 Current Population Survey: Basic Monthly,2003,cps/basic/feb,https://api.census.gov/data/2003/cps/basic/feb,,
Feb 2002 Current Population Survey: Basic Monthly,2002,cps/basic/feb,https://api.census.gov/data/2002/cps/basic/feb,,
Feb 2001 Current Population Survey: Basic Monthly,2001,cps/basic/feb,https://api.census.gov/data/2001/cps/basic/feb,,
Feb 2000 Current Population Survey: Basic Monthly,2000,cps/basic/feb,https://api.census.gov/data/2000/cps/basic/feb,,
Feb 1999 Current Population Survey: Basic Monthly,1999,cps/basic/feb,https://api.census.gov/data/1999/cps/basic/feb,,
Feb 1998 Current Population Survey: Basic Monthly,1998,cps/basic/feb,https://api.census.gov/data/1998/cps/basic/feb,,
Feb 1997 Current Population Survey: Basic Monthly,1997,cps/basic/feb,https://api.census.gov/data/1997/cps/basic/feb,,
Feb 1996 Current Population Survey: Basic Monthly,1996,cps/basic/feb,https://api.census.gov/data/1996/cps/basic/feb,,
Feb 1995 Current Population Survey: Basic Monthly,1995,cps/basic/feb,https://api.census.gov/data/1995/cps/basic/feb,,
Feb 1994 Current Population Survey: Basic Monthly,1994,cps/basic/feb,https://api.census.gov/data/1994/cps/basic/feb,,
Feb 1993 Current Population Survey: Basic Monthly,1993,cps/basic/feb,https://api.census.gov/data/1993/cps/basic/feb,,
Feb 1992 Current Population Survey: Basic Monthly,1992,cps/basic/feb,https://api.census.gov/data/1992/cps/basic/feb,,
Feb 1991 Current Population Survey: Basic Monthly,1991,cps/basic/feb,https://api.census.gov/data/1991/cps/basic/feb,,
Feb 1990 Current Population Survey: Basic Monthly,1990,cps/basic/feb,https://api.census.gov/data/1990/cps/basic/feb,,
Feb 1989 Current Population Survey: Basic Monthly,1989,cps/basic/feb,https://api.census.gov/data/1989/cps/basic/feb,,
Current Population Survey: Basic Monthly,2024,cps/basic/jan,https://api.census.gov/data/2024/cps/basic/jan,,
Current Population Survey: Basic Monthly,2023,cps/basic/jan,https://api.census.gov/data/2023/cps/basic/jan,,
Current Population Survey: Basic Monthly,2022,cps/basic/jan,https://api.census.gov/data/2022/cps/basic/jan,,
Current Population Survey: Basic Monthly,2021,cps/basic/jan,https://api.census.gov/data/2021/cps/basic/jan,,
Current Population Survey: Basic Monthly,2020,cps/basic/jan,https://api.census.gov/data/2020/cps/basic/jan,,
CPS Basic,2019,cps/basic/jan,https://api.census.gov/data/2019/cps/basic/jan,,
CPS Basic,2018,cps/basic/jan,https://api.census.gov/data/2018/cps/basic/jan,,
CPS Basic,2017,cps/basic/jan,https://api.census.gov/data/2017/cps/basic/jan,,
CPS Basic,2016,cps/basic/jan,https://api.census.gov/data/2016/cps/basic/jan,,
CPS Basic,2015,cps/basic/jan,https://api.census.gov/data/2015/cps/basic/jan,,
Jan 2014 Current Population Survey: Basic Monthly,2014,cps/basic/jan,https://api.census.gov/data/2014/cps/basic/jan,,
Jan 2013 Current Population Survey: Basic Monthly,2013,cps/basic/jan,https://api.census.gov/data/2013/cps/basic/jan,,
Jan 2012 Current Population Survey: Basic Monthly,2012,cps/basic/jan,https://api.census.gov/data/2012/cps/basic/jan,,
Jan 2011 Current Population Survey: Basic Monthly,2011,cps/basic/jan,https://api.census.gov/data/2011/cps/basic/jan,,
Jan 2010 Current Population Survey: Basic Monthly,2010,cps/basic/jan,https://api.census.gov/data/2010/cps/basic/jan,,
Jan 2009 Current Population Survey: Basic Monthly,2009,cps/basic/jan,https://api.census.gov/data/2009/cps/basic/jan,,
Jan 2008 Current Population Survey: Basic Monthly,2008,cps/basic/jan,https://api.census.gov/data/2008/cps/basic/jan,,
Jan 2007 Current Population Survey: Basic Monthly,2007,cps/basic/jan,https://api.census.gov/data/2007/cps/basic/jan,,
Jan 2006 Current Population Survey: Basic Monthly,2006,cps/basic/jan,https://api.census.gov/data/2006/cps/basic/jan,,
Jan 2005 Current Population Survey: Basic Monthly,2005,cps/basic/jan,https://api.census.gov/data/2005/cps/basic/jan,,
Jan 2004 Current Population Survey: Basic Monthly,2004,cps/basic/jan,https://api.census.gov/data/2004/cps/basic/jan,,
Jan 2003 Current Population Survey: Basic Monthly,2003,cps/basic/jan,https://api.census.gov/data/2003/cps/basic/jan,,
Jan 2002 Current Population Survey: Basic Monthly,2002,cps/basic/jan,https://api.census.gov/data/2002/cps/basic/jan,,
Jan 2001 Current Population Survey: Basic Monthly,2001,cps/basic/jan,https://api.census.gov/data/2001/cps/basic/jan,,
Jan 2000 Current Population Survey: Basic Monthly,2000,cps/basic/jan,https://api.census.gov/data/2000/cps/basic/jan,,
Jan 1999 Current Population Survey: Basic Monthly,1999,cps/basic/jan,https://api.census.gov/data/1999/cps/basic/jan,,
Jan 1998 Current Population Survey: Basic Monthly,1998,cps/basic/jan,https://api.census.gov/data/1998/cps/basic/jan,,
Jan 1997 Current Population Survey: Basic Monthly,1997,cps/basic/jan,https://api.census.gov/data/1997/cps/basic/jan,,
Jan 1996 Current Population Survey: Basic Monthly,1996,cps/basic/jan,https://api.census.gov/data/1996/cps/basic/jan,,
Jan 1995 Current Population Survey: Basic Monthly,1995,cps/basic/jan,https://api.census.gov/data/1995/cps/basic/jan,,
Jan 1994 Current Population Survey: Basic Monthly,1994,cps/basic/jan,https://api.census.gov/data/1994/cps/basic/jan,,
Jan 1993 Current Population Survey: Basic Monthly,1993,cps/basic/jan,https://api.census.gov/data/1993/cps/basic/jan,,
Jan 1992 Current Population Survey: Basic Monthly,1992,cps/basic/jan,https://api.census.gov/data/1992/cps/basic/jan,,
Jan 1991 Current Population Survey: Basic Monthly,1991,cps/basic/jan,https://api.census.gov/data/1991/cps/basic/jan,,
Jan 1990 Current Population Survey: Basic Monthly,1990,cps/basic/jan,https://api.census.gov/data/1990/cps/basic/jan,,
Jan 1989 Current Population Survey: Basic Monthly,1989,cps/basic/jan,https://api.census.gov/data/1989/cps/basic/jan,,
Current Population Survey: Basic Monthly,2024,cps/basic/jul,https://api.census.gov/data/2024/cps/basic/jul,,
Current Population Survey: Basic Monthly,2023,cps/basic/jul,https://api.census.gov/data/2023/cps/basic/jul,,
Current Population Survey: Basic Monthly,2022,cps/basic/jul,https://api.census.gov/data/2022/cps/basic/jul,,
Current Population Survey: Basic Monthly,2021,cps/basic/jul,https://api.census.gov/data/2021/cps/basic/jul,,
Current Population Survey: Basic Monthly,2020,cps/basic/jul,https://api.census.gov/data/2020/cps/basic/jul,,
CPS Basic,2019,cps/basic/jul,https://api.census.gov/data/2019/cps/basic/jul,,
CPS Basic,2018,cps/basic/jul,https://api.census.gov/data/2018/cps/basic/jul,,
CPS Basic,2017,cps/basic/jul,https://api.census.gov/data/2017/cps/basic/jul,,
CPS Basic,2016,cps/basic/jul,https://api.census.gov/data/2016/cps/basic/jul,,
CPS Basic,2015,cps/basic/jul,https://api.census.gov/data/2015/cps/basic/jul,,
Jul 2014 Current Population Survey: Basic Monthly,2014,cps/basic/jul,https://api.census.gov/data/2014/cps/basic/jul,,
Jul 2013 Current Population Survey: Basic Monthly,2013,cps/basic/jul,https://api.census.gov/data/2013/cps/basic/jul,,
Jul 2012 Current Population Survey: Basic Monthly,2012,cps/basic/jul,https://api.census.gov/data/2012/cps/basic/jul,,
Jul 2011 Current Population Survey: Basic Monthly,2011,cps/basic/jul,https://api.census.gov/data/2011/cps/basic/jul,,
Jul 2010 Current Population Survey: Basic Monthly,2010,cps/basic/jul,https://api.census.gov/data/2010/cps/basic/jul,,
Jul 2009 Current Population Survey: Basic Monthly,2009,cps/basic/jul,https://api.census.gov/data/2009/cps/basic/jul,,
Jul 2008 Current Population Survey: Basic Monthly,2008,cps/basic/jul,https://api.census.gov/data/2008/cps/basic/jul,,
Jul 2007 Current Population Survey: Basic Monthly,2007,cps/basic/jul,https://api.census.gov/data/2007/cps/basic/jul,,
Jul 2006 Current Population Survey: Basic Monthly,2006,cps/basic/jul,https://api.census.gov/data/2006/cps/basic/jul,,
Jul 2005 Current Population Survey: Basic Monthly,2005,cps/basic/jul,https://api.census.gov/data/2005/cps/basic/jul,,
Jul 2004 Current Population Survey: Basic Monthly,2004,cps/basic/jul,https://api.census.gov/data/2004/cps/basic/jul,,
Jul 2003 Current Population Survey: Basic Monthly,2003,cps/basic/jul,https://api.census.gov/data/2003/cps/basic/jul,,
Jul 2002 Current Population Survey: Basic Monthly,2002,cps/basic/jul,https://api.census.gov/data/2002/cps/basic/jul,,
Jul 2001 Current Population Survey: Basic Monthly,2001,cps/basic/jul,https://api.census.gov/data/2001/cps/basic/jul,,
Jul 2000 Current Population Survey: Basic Monthly,2000,cps/basic/jul,https://api.census.gov/data/2000/cps/basic/jul,,
Jul 1999 Current Population Survey: Basic Monthly,1999,cps/basic/jul,https://api.census.gov/data/1999/cps/basic/jul,,
Jul 1998 Current Population Survey: Basic Monthly,1998,cps/basic/jul,https://api.census.gov/data/1998/cps/basic/jul,,
Jul 1997 Current Population Survey: Basic Monthly,1997,cps/basic/jul,https://api.census.gov/data/1997/cps/basic/jul,,
Jul 1996 Current Population Survey: Basic Monthly,1996,cps/basic/jul,https://api.census.gov/data/1996/cps/basic/jul,,
Jul 1995 Current Population Survey: Basic Monthly,1995,cps/basic/jul,https://api.census.gov/data/1995/cps/basic/jul,,
Jul 1994 Current Population Survey: Basic Monthly,1994,cps/basic/jul,https://api.census.gov/data/1994/cps/basic/jul,,
Jul 1993 Current Population Survey: Basic Monthly,1993,cps/basic/jul,https://api.census.gov/data/1993/cps/basic/jul,,
Jul 1992 Current Population Survey: Basic Monthly,1992,cps/basic/jul,https://api.census.gov/data/1992/cps/basic/jul,,
Jul 1991 Current Population Survey: Basic Monthly,1991,cps/basic/jul,https://api.census.gov/data/1991/cps/basic/jul,,
Jul 1990 Current Population Survey: Basic Monthly,1990,cps/basic/jul,https://api.census.gov/data/1990/cps/basic/jul,,
Jul 1989 Current Population Survey: Basic Monthly,1989,cps/basic/jul,https://api.census.gov/data/1989/cps/basic/jul,,
Current Population Survey: Basic Monthly,2024,cps/basic/jun,https://api.census.gov/data/2024/cps/basic/jun,,
Current Population Survey: Basic Monthly,2023,cps/basic/jun,https://api.census.gov/data/2023/cps/basic/jun,,
Current Population Survey: Basic Monthly,2022,cps/basic/jun,https://api.census.gov/data/2022/cps/basic/jun,,
Current Population Survey: Basic Monthly,2021,cps/basic/jun,https://api.census.gov/data/2021/cps/basic/jun,,
Current Population Survey: Basic Monthly,2020,cps/basic/jun,https://api.census.gov/data/2020/cps/basic/jun,,
CPS Basic,2019,cps/basic/jun,https://api.census.gov/data/2019/cps/basic/jun,,
CPS Basic,2018,cps/basic/jun,https://api.census.gov/data/2018/cps/basic/jun,,
CPS Basic,2017,cps/basic/jun,https://api.census.gov/data/2017/cps/basic/jun,,
CPS Basic,2016,cps/basic/jun,https://api.census.gov/data/2016/cps/basic/jun,,
CPS Basic,2015,cps/basic/jun,https://api.census.gov/data/2015/cps/basic/jun,,
Jun 2014 Current Population Survey: Basic Monthly,2014,cps/basic/jun,https://api.census.gov/data/2014/cps/basic/jun,,
Jun 2013 Current Population Survey: Basic Monthly,2013,cps/basic/jun,https://api.census.gov/data/2013/cps/basic/jun,,
Jun 2012 Current Population Survey: Basic Monthly,2012,cps/basic/jun,https://api.census.gov/data/2012/cps/basic/jun,,
Jun 2011 Current Population Survey: Basic Monthly,2011,cps/basic/jun,https://api.census.gov/data/2011/cps/basic/jun,,
Jun 2010 Current Population Survey: Basic Monthly,2010,cps/basic/jun,https://api.census.gov/data/2010/cps/basic/jun,,
Jun 2009 Current Population Survey: Basic Monthly,2009,cps/basic/jun,https://api.census.gov/data/2009/cps/basic/jun,,
Jun 2008 Current Population Survey: Basic Monthly,2008,cps/basic/jun,https://api.census.gov/data/2008/cps/basic/jun,,
Jun 2007 Current Population Survey: Basic Monthly,2007,cps/basic/jun,https://api.census.gov/data/2007/cps/basic/jun,,
Jun 2006 Current Population Survey: Basic Monthly,2006,cps/basic/jun,https://api.census.gov/data/2006/cps/basic/jun,,
Jun 2005 Current Population Survey: Basic Monthly,2005,cps/basic/jun,https://api.census.gov/data/2005/cps/basic/jun,,
Jun 2004 Current Population Survey: Basic Monthly,2004,cps/basic/jun,https://api.census.gov/data/2004/cps/basic/jun,,
Jun 2003 Current Population Survey: Basic Monthly,2003,cps/basic/jun,https://api.census.gov/data/2003/cps/basic/jun,,
Jun 2002 Current Population Survey: Basic Monthly,2002,cps/basic/jun,https://api.census.gov/data/2002/cps/basic/jun,,
Jun 2001 Current Population Survey: Basic Monthly,2001,cps/basic/jun,https://api.census.gov/data/2001/cps/basic/jun,,
Jun 2000 Current Population Survey: Basic Monthly,2000,cps/basic/jun,https://api.census.gov/data/2000/cps/basic/jun,,
Jun 1999 Current Population Survey: Basic Monthly,1999,cps/basic/jun,https://api.census.gov/data/1999/cps/basic/jun,,
Jun 1998 Current Population Survey: Basic Monthly,1998,cps/basic/jun,https://api.census.gov/data/1998/cps/basic/jun,,
Jun 1997 Current Population Survey: Basic Monthly,1997,cps/basic/jun,https://api.census.gov/data/1997/cps/basic/jun,,
Jun 1996 Current Population Survey: Basic Monthly,1996,cps/basic/jun,https://api.census.gov/data/1996/cps/basic/jun,,
Jun 1995 Current Population Survey: Basic Monthly,1995,cps/basic/jun,https://api.census.gov/data/1995/cps/basic/jun,,
Jun 1994 Current Population Survey: Basic Monthly,1994,cps/basic/jun,https://api.census.gov/data/1994/cps/basic/jun,,
Jun 1993 Current Population Survey: Basic Monthly,1993,cps/basic/jun,https://api.census.gov/data/1993/cps/basic/jun,,
Jun 1992 Current Population Survey: Basic Monthly,1992,cps/basic/jun,https://api.census.gov/data/1992/cps/basic/jun,,
Jun 1991 Current Population Survey: Basic Monthly,1991,cps/basic/jun,https://api.census.gov/data/1991/cps/basic/jun,,
Jun 1990 Current Population Survey: Basic Monthly,1990,cps/basic/jun,https://api.census.gov/data/1990/cps/basic/jun,,
Jun 1989 Current Population Survey: Basic Monthly,1989,cps/basic/jun,https://api.census.gov/data/1989/cps/basic/jun,,
Current Population Survey: Basic Monthly,2024,cps/basic/mar,https://api.census.gov/data/2024/cps/basic/mar,,
Current Population Survey: Basic Monthly,2023,cps/basic/mar,https://api.census.gov/data/2023/cps/basic/mar,,
Current Population Survey: Basic Monthly,2022,cps/basic/mar,https://api.census.gov/data/2022/cps/basic/mar,,
Current Population Survey: Basic Monthly,2021,cps/basic/mar,https://api.census.gov/data/2021/cps/basic/mar,,
Current Population Survey: Basic Monthly,2020,cps/basic/mar,https://api.census.gov/data/2020/cps/basic/mar,,
CPS Basic,2019,cps/basic/mar,https://api.census.gov/data/2019/cps/basic/mar,,
CPS Basic,2018,cps/basic/mar,https://api.census.gov/data/2018/cps/basic/mar,,
CPS Basic,2017,cps/basic/mar,https://api.census.gov/data/2017/cps/basic/mar,,
CPS Basic,2016,cps/basic/mar,https://api.census.gov/data/2016/cps/basic/mar,,
CPS Basic,2015,cps/basic/mar,https://api.census.gov/data/2015/cps/basic/mar,,
Mar 2014 Current Population Survey: Basic Monthly,2014,cps/basic/mar,https://api.census.gov/data/2014/cps/basic/mar,,
Mar 2013 Current Population Survey: Basic Monthly,2013,cps/basic/mar,https://api.census.gov/data/2013/cps/basic/mar,,
Mar 2012 Current Population Survey: Basic Monthly,2012,cps/basic/mar,https://api.census.gov/data/2012/cps/basic/mar,,
Mar 2011 Current Population Survey: Basic Monthly,2011,cps/basic/mar,https://api.census.gov/data/2011/cps/basic/mar,,
Mar 2010 Current Population Survey: Basic Monthly,2010,cps/basic/mar,https://api.census.gov/data/2010/cps/basic/mar,,
Mar 2009 Current Population Survey: Basic Monthly,2009,cps/basic/mar,https://api.census.gov/data/2009/cps/basic/mar,,
Mar 2008 Current Population Survey: Basic Monthly,2008,cps/basic/mar,https://api.census.gov/data/2008/cps/basic/mar,,
Mar 2007 Current Population Survey: Basic Monthly,2007,cps/basic/mar,https://api.census.gov/data/2007/cps/basic/mar,,
Mar 2006 Current Population Survey: Basic Monthly,2006,cps/basic/mar,https://api.census.gov/data/2006/cps/basic/mar,,
Mar 2005 Current Population Survey: Basic Monthly,2005,cps/basic/mar,https://api.census.gov/data/2005/cps/basic/mar,,
Mar 2004 Current Population Survey: Basic Monthly,2004,cps/basic/mar,https://api.census.gov/data/2004/cps/basic/mar,,
Mar 2003 Current Population Survey: Basic Monthly,2003,cps/basic/mar,https://api.census.gov/data/2003/cps/basic/mar,,
Mar 2002 Current Population Survey: Basic Monthly,2002,cps/basic/mar,https://api.census.gov/data/2002/cps/basic/mar,,
Mar 2001 Current Population Survey: Basic Monthly,2001,cps/basic/mar,https://api.census.gov/data/2001/cps/basic/mar,,
Mar 2000 Current Population Survey: Basic Monthly,2000,cps/basic/mar,https://api.census.gov/data/2000/cps/basic/mar,,
Mar 1999 Current Population Survey: Basic Monthly,1999,cps/basic/mar,https://api.census.gov/data/1999/cps/basic/mar,,
Mar 1998 Current Population Survey: Basic Monthly,1998,cps/basic/mar,https://api.census.gov/data/1998/cps/basic/mar,,
Mar 1997 Current Population Survey: Basic Monthly,1997,cps/basic/mar,https://api.census.gov/data/1997/cps/basic/mar,,
Mar 1996 Current Population Survey: Basic Monthly,1996,cps/basic/mar,https://api.census.gov/data/1996/cps/basic/mar,,
Mar 1995 Current Population Survey: Basic Monthly,1995,cps/basic/mar,https://api.census.gov/data/1995/cps/basic/mar,,
Mar 1994 Current Population Survey: Basic Monthly,1994,cps/basic/mar,https://api.census.gov/data/1994/cps/basic/mar,,
Mar 1993 Current Population Survey: Basic Monthly,1993,cps/basic/mar,https://api.census.gov/data/1993/cps/basic/mar,,
Mar 1992 Current Population Survey: Basic Monthly,1992,cps/basic/mar,https://api.census.gov/data/1992/cps/basic/mar,,
Mar 1991 Current Population Survey: Basic Monthly,1991,cps/basic/mar,https://api.census.gov/data/1991/cps/basic/mar,,
Mar 1990 Current Population Survey: Basic Monthly,1990,cps/basic/mar,https://api.census.gov/data/1990/cps/basic/mar,,
Mar 1989 Current Population Survey: Basic Monthly,1989,cps/basic/mar,https://api.census.gov/data/1989/cps/basic/mar,,
Current Population Survey: Basic Monthly,2024,cps/basic/may,https://api.census.gov/data/2024/cps/basic/may,,
Current Population Survey: Basic Monthly,2023,cps/basic/may,https://api.census.gov/data/2023/cps/basic/may,,
Current Population Survey: Basic Monthly,2022,cps/basic/may,https://api.census.gov/data/2022/cps/basic/may,,
Current Population Survey: Basic Monthly,2021,cps/basic/may,https://api.census.gov/data/2021/cps/basic/may,,
Current Population Survey: Basic Monthly,2020,cps/basic/may,https://api.census.gov/data/2020/cps/basic/may,,
CPS Basic,2019,cps/basic/may,https://api.census.gov/data/2019/cps/basic/may,,
CPS Basic,2018,cps/basic/may,https://api.census.gov/data/2018/cps/basic/may,,
CPS Basic,2017,cps/basic/may,https://api.census.gov/data/2017/cps/basic/may,,
CPS Basic,2016,cps/basic/may,https://api.census.gov/data/2016/cps/basic/may,,
CPS Basic,2015,cps/basic/may,https://api.census.gov/data/2015/cps/basic/may,,
May 2014 Current Population Survey: Basic Monthly,2014,cps/basic/may,https://api.census.gov/data/2014/cps/basic/may,,
May 2013 Current Population Survey: Basic Monthly,2013,cps/basic/may,https://api.census.gov/data/2013/cps/basic/may,,
May 2012 Current Population Survey: Basic Monthly,2012,cps/basic/may,https://api.census.gov/data/2012/cps/basic/may,,
May 2011 Current Population Survey: Basic Monthly,2011,cps/basic/may,https://api.census.gov/data/2011/cps/basic/may,,
May 2010 Current Population Survey: Basic Monthly,2010,cps/basic/may,https://api.census.gov/data/2010/cps/basic/may,,
May 2009 Current Population Survey: Basic Monthly,2009,cps/basic/may,https://api.census.gov/data/2009/cps/basic/may,,
May 2008 Current Population Survey: Basic Monthly,2008,cps/basic/may,https://api.census.gov/data/2008/cps/basic/may,,
May 2007 Current Population Survey: Basic Monthly,2007,cps/basic/may,https://api.census.gov/data/2007/cps/basic/may,,
May 2006 Current Population Survey: Basic Monthly,2006,cps/basic/may,https://api.census.gov/data/2006/cps/basic/may,,
May 2005 Current Population Survey: Basic Monthly,2005,cps/basic/may,https://api.census.gov/data/2005/cps/basic/may,,
May 2004 Current Population Survey: Basic Monthly,2004,cps/basic/may,https://api.census.gov/data/2004/cps/basic/may,,
May 2003 Current Population Survey: Basic Monthly,2003,cps/basic/may,https://api.census.gov/data/2003/cps/basic/may,,
May 2002 Current Population Survey: Basic Monthly,2002,cps/basic/may,https://api.census.gov/data/2002/cps/basic/may,,
May 2001 Current Population Survey: Basic Monthly,2001,cps/basic/may,https://api.census.gov/data/2001/cps/basic/may,,
May 2000 Current Population Survey: Basic Monthly,2000,cps/basic/may,https://api.census.gov/data/2000/cps/basic/may,,
May 1999 Current Population Survey: Basic Monthly,1999,cps/basic/may,https://api.census.gov/data/1999/cps/basic/may,,
May 1998 Current Population Survey: Basic Monthly,1998,cps/basic/may,https://api.census.gov/data/1998/cps/basic/may,,
May 1997 Current Population Survey: Basic Monthly,1997,cps/basic/may,https://api.census.gov/data/1997/cps/basic/may,,
May 1996 Current Population Survey: Basic Monthly,1996,cps/basic/may,https://api.census.gov/data/1996/cps/basic/may,,
May 1995 Current Population Survey: Basic Monthly,1995,cps/basic/may,https://api.census.gov/data/1995/cps/basic/may,,
May 1994 Current Population Survey: Basic Monthly,1994,cps/basic/may,https://api.census.gov/data/1994/cps/basic/may,,
May 1993 Current Population Survey: Basic Monthly,1993,cps/basic/may,https://api.census.gov/data/1993/cps/basic/may,,
May 1992 Current Population Survey: Basic Monthly,1992,cps/basic/may,https://api.census.gov/data/1992/cps/basic/may,,
May 1991 Current Population Survey: Basic Monthly,1991,cps/basic/may,https://api.census.gov/data/1991/cps/basic/may,,
May 1990 Current Population Survey: Basic Monthly,1990,cps/basic/may,https://api.census.gov/data/1990/cps/basic/may,,
May 1989 Current Population Survey: Basic Monthly,1989,cps/basic/may,https://api.census.gov/data/1989/cps/basic/may,,
Current Population Survey: Basic Monthly,2024,cps/basic/nov,https://api.census.gov/data/2024/cps/basic/nov,,
Current Population Survey: Basic Monthly,2023,cps/basic/nov,https://api.census.gov/data/2023/cps/basic/nov,,
Current Population Survey: Basic Monthly,2022,cps/basic/nov,https://api.census.gov/data/2022/cps/basic/nov,,
Current Population Survey: Basic Monthly,2021,cps/basic/nov,https://api.census.gov/data/2021/cps/basic/nov,,
Current Population Survey: Basic Monthly,2020,cps/basic/nov,https://api.census.gov/data/2020/cps/basic/nov,,
CPS Basic,2019,cps/basic/nov,https://api.census.gov/data/2019/cps/basic/nov,,
CPS Basic,2018,cps/basic/nov,https://api.census.gov/data/2018/cps/basic/nov,,
CPS Basic,2017,cps/basic/nov,https://api.census.gov/data/2017/cps/basic/nov,,
CPS Basic,2016,cps/basic/nov,https://api.census.gov/data/2016/cps/basic/nov,,
CPS Basic,2015,cps/basic/nov,https://api.census.gov/data/2015/cps/basic/nov,,
Nov 2014 Current Population Survey: Basic Monthly,2014,cps/basic/nov,https://api.census.gov/data/2014/cps/basic/nov,,
Nov 2013 Current Population Survey: Basic Monthly,2013,cps/basic/nov,https://api.census.gov/data/2013/cps/basic/nov,,
Nov 2012 Current Population Survey: Basic Monthly,2012,cps/basic/nov,https://api.census.gov/data/2012/cps/basic/nov,,
Nov 2011 Current Population Survey: Basic Monthly,2011,cps/basic/nov,https://api.census.gov/data/2011/cps/basic/nov,,
Nov 2010 Current Population Survey: Basic Monthly,2010,cps/basic/nov,https://api.census.gov/data/2010/cps/basic/nov,,
Nov 2009 Current Population Survey: Basic Monthly,2009,cps/basic/nov,https://api.census.gov/data/2009/cps/basic/nov,,
Nov 2008 Current Population Survey: Basic Monthly,2008,cps/basic/nov,https://api.census.gov/data/2008/cps/basic/nov,,
Nov 2007 Current Population Survey: Basic Monthly,2007,cps/basic/nov,https://api.census.gov/data/2007/cps/basic/nov,,
Nov 2006 Current Population Survey: Basic Monthly,2006,cps/basic/nov,https://api.census.gov/data/2006/cps/basic/nov,,
Nov 2005 Current Population Survey: Basic Monthly,2005,cps/basic/nov,https://api.census.gov/data/2005/cps/basic/nov,,
Nov 2004 Current Population Survey: Basic Monthly,2004,cps/basic/nov,https://api.census.gov/data/2004/cps/basic/nov,,
Nov 2003 Current Population Survey: Basic Monthly,2003,cps/basic/nov,https://api.census.gov/data/2003/cps/basic/nov,,
Nov 2002 Current Population Survey: Basic Monthly,2002,cps/basic/nov,https://api.census.gov/data/2002/cps/basic/nov,,
Nov 2001 Current Population Survey: Basic Monthly,2001,cps/basic/nov,https://api.census.gov/data/2001/cps/basic/nov,,
Nov 2000 Current Population Survey: Basic Monthly,2000,cps/basic/nov,https://api.census.gov/data/2000/cps/basic/nov,,
Nov 1999 Current Population Survey: Basic Monthly,1999,cps/basic/nov,https://api.census.gov/data/1999/cps/basic/nov,,
Nov 1998 Current Population Survey: Basic Monthly,1998,cps/basic/nov,https://api.census.gov/data/1998/cps/basic/nov,,
Nov 1997 Current Population Survey: Basic Monthly,1997,cps/basic/nov,https://api.census.gov/data/1997/cps/basic/nov,,
Nov 1996 Current Population Survey: Basic Monthly,1996,cps/basic/nov,https://api.census.gov/data/1996/cps/basic/nov,,
Nov 1995 Current Population Survey: Basic Monthly,1995,cps/basic/nov,https://api.census.gov/data/1995/cps/basic/nov,,
Nov 1994 Current Population Survey: Basic Monthly,1994,cps/basic/nov,https://api.census.gov/data/1994/cps/basic/nov,,
Nov 1993 Current Population Survey: Basic Monthly,1993,cps/basic/nov,https://api.census.gov/data/1993/cps/basic/nov,,
Nov 1992 Current Population Survey: Basic Monthly,1992,cps/basic/nov,https://api.census.gov/data/1992/cps/basic/nov,,
Nov 1991 Current Population Survey: Basic Monthly,1991,cps/basic/nov,https://api.census.gov/data/1991/cps/basic/nov,,
Nov 1990 Current Population Survey: Basic Monthly,1990,cps/basic/nov,https://api.census.gov/data/1990/cps/basic/nov,,
Nov 1989 Current Population Survey: Basic Monthly,1989,cps/basic/nov,https://api.census.gov/data/1989/cps/basic/nov,,
Current Population Survey: Basic Monthly,2024,cps/basic/oct,https://api.census.gov/data/2024/cps/basic/oct,,
Current Population Survey: Basic Monthly,2023,cps/basic/oct,https://api.census.gov/data/2023/cps/basic/oct,,
Current Population Survey: Basic Monthly,2022,cps/basic/oct,https://api.census.gov/data/2022/cps/basic/oct,,
Current Population Survey: Basic Monthly,2021,cps/basic/oct,https://api.census.gov/data/2021/cps/basic/oct,,
Current Population Survey: Basic Monthly,2020,cps/basic/oct,https://api.census.gov/data/2020/cps/basic/oct,,
CPS Basic,2019,cps/basic/oct,https://api.census.gov/data/2019/cps/basic/oct,,
CPS Basic,2018,cps/basic/oct,https://api.census.gov/data/2018/cps/basic/oct,,
CPS Basic,2017,cps/basic/oct,https://api.census.gov/data/2017/cps/basic/oct,,
CPS Basic,2016,cps/basic/oct,https://api.census.gov/data/2016/cps/basic/oct,,
CPS Basic,2015,cps/basic/oct,https://api.census.gov/data/2015/cps/basic/oct,,
Oct 2014 Current Population Survey: Basic Monthly,2014,cps/basic/oct,https://api.census.gov/data/2014/cps/basic/oct,,
Oct 2013 Current Population Survey: Basic Monthly,2013,cps/basic/oct,https://api.census.gov/data/2013/cps/basic/oct,,
Oct 2012 Current Population Survey: Basic Monthly,2012,cps/basic/oct,https://api.census.gov/data/2012/cps/basic/oct,,
Oct 2011 Current Population Survey: Basic Monthly,2011,cps/basic/oct,https://api.census.gov/data/2011/cps/basic/oct,,
Oct 2010 Current Population Survey: Basic Monthly,2010,cps/basic/oct,https://api.census.gov/data/2010/cps/basic/oct,,
Oct 2009 Current Population Survey: Basic Monthly,2009,cps/basic/oct,https://api.census.gov/data/2009/cps/basic/oct,,
Oct 2008 Current Population Survey: Basic Monthly,2008,cps/basic/oct,https://api.census.gov/data/2008/cps/basic/oct,,
Oct 2007 Current Population Survey: Basic Monthly,2007,cps/basic/oct,https://api.census.gov/data/2007/cps/basic/oct,,
Oct 2006 Current Population Survey: Basic Monthly,2006,cps/basic/oct,https://api.census.gov/data/2006/cps/basic/oct,,
Oct 2005 Current Population Survey: Basic Monthly,2005,cps/basic/oct,https://api.census.gov/data/2005/cps/basic/oct,,
Oct 2004 Current Population Survey: Basic Monthly,2004,cps/basic/oct,https://api.census.gov/data/2004/cps/basic/oct,,
Oct 2003 Current Population Survey: Basic Monthly,2003,cps/basic/oct,https://api.census.gov/data/2003/cps/basic/oct,,
Oct 2002 Current Population Survey: Basic Monthly,2002,cps/basic/oct,https://api.census.gov/data/2002/cps/basic/oct,,
Oct 2001 Current Population Survey: Basic Monthly,2001,cps/basic/oct,https://api.census.gov/data/2001/cps/basic/oct,,
Oct 2000 Current Population Survey: Basic Monthly,2000,cps/basic/oct,https://api.census.gov/data/2000/cps/basic/oct,,
Oct 1999 Current Population Survey: Basic Monthly,1999,cps/basic/oct,https://api.census.gov/data/1999/cps/basic/oct,,
Oct 1998 Current Population Survey: Basic Monthly,1998,cps/basic/oct,https://api.census.gov/data/1998/cps/basic/oct,,
Oct 1997 Current Population Survey: Basic Monthly,1997,cps/basic/oct,https://api.census.gov/data/1997/cps/basic/oct,,
Oct 1996 Current Population Survey: Basic Monthly,1996,cps/basic/oct,https://api.census.gov/data/1996/cps/basic/oct,,
Oct 1995 Current Population Survey: Basic Monthly,1995,cps/basic/oct,https://api.census.gov/data/1995/cps/basic/oct,,
Oct 1994 Current Population Survey: Basic Monthly,1994,cps/basic/oct,https://api.census.gov/data/1994/cps/basic/oct,,
Oct 1993 Current Population Survey: Basic Monthly,1993,cps/basic/oct,https://api.census.gov/data/1993/cps/basic/oct,,
Oct 1992 Current Population Survey: Basic Monthly,1992,cps/basic/oct,https://api.census.gov/data/1992/cps/basic/oct,,
Oct 1991 Current Population Survey: Basic Monthly,1991,cps/basic/oct,https://api.census.gov/data/1991/cps/basic/oct,,
Oct 1990 Current Population Survey: Basic Monthly,1990,cps/basic/oct,https://api.census.gov/data/1990/cps/basic/oct,,
Oct 1989 Current Population Survey: Basic Monthly,1989,cps/basic/oct,https://api.census.gov/data/1989/cps/basic/oct,,
Current Population Survey: Basic Monthly,2024,cps/basic/sep,https://api.census.gov/data/2024/cps/basic/sep,,
Current Population Survey: Basic Monthly,2023,cps/basic/sep,https://api.census.gov/data/2023/cps/basic/sep,,
Current Population Survey: Basic Monthly,2022,cps/basic/sep,https://api.census.gov/data/2022/cps/basic/sep,,
Current Population Survey: Basic Monthly,2021,cps/basic/sep,https://api.census.gov/data/2021/cps/basic/sep,,
Current Population Survey: Basic Monthly,2020,cps/basic/sep,https://api.census.gov/data/2020/cps/basic/sep,,
CPS Basic,2019,cps/basic/sep,https://api.census.gov/data/2019/cps/basic/sep,,
CPS Basic,2018,cps/basic/sep,https://api.census.gov/data/2018/cps/basic/sep,,
CPS Basic,2017,cps/basic/sep,https://api.census.gov/data/2017/cps/basic/sep,,
CPS Basic,2016,cps/basic/sep,https://api.census.gov/data/2016/cps/basic/sep,,
CPS Basic,2015,cps/basic/sep,https://api.census.gov/data/2015/cps/basic/sep,,
Sep 2014 Current Population Survey: Basic Monthly,2014,cps/basic/sep,https://api.census.gov/data/2014/cps/basic/sep,,
Sep 2013 Current Population Survey: Basic Monthly,2013,cps/basic/sep,https://api.census.gov/data/2013/cps/basic/sep,,
Sep 2012 Current Population Survey: Basic Monthly,2012,cps/basic/sep,https://api.census.gov/data/2012/cps/basic/sep,,
Sep 2011 Current Population Survey: Basic Monthly,2011,cps/basic/sep,https://api.census.gov/data/2011/cps/basic/sep,,
Sep 2010 Current Population Survey: Basic Monthly,2010,cps/basic/sep,https://api.census.gov/data/2010/cps/basic/sep,,
Sep 2009 Current Population Survey: Basic Monthly,2009,cps/basic/sep,https://api.census.gov/data/2009/cps/basic/sep,,
Sep 2008 Current Population Survey: Basic Monthly,2008,cps/basic/sep,https://api.census.gov/data/2008/cps/basic/sep,,
Sep 2007 Current Population Survey: Basic Monthly,2007,cps/basic/sep,https://api.census.gov/data/2007/cps/basic/sep,,
Sep 2006 Current Population Survey: Basic Monthly,2006,cps/basic/sep,https://api.census.gov/data/2006/cps/basic/sep,,
Sep 2005 Current Population Survey: Basic Monthly,2005,cps/basic/sep,https://api.census.gov/data/2005/cps/basic/sep,,
Sep 2004 Current Population Survey: Basic Monthly,2004,cps/basic/sep,https://api.census.gov/data/2004/cps/basic/sep,,
Sep 2003 Current Population Survey: Basic Monthly,2003,cps/basic/sep,https://api.census.gov/data/2003/cps/basic/sep,,
Sep 2002 Current Population Survey: Basic Monthly,2002,cps/basic/sep,https://api.census.gov/data/2002/cps/basic/sep,,
Sep 2001 Current Population Survey: Basic Monthly,2001,cps/basic/sep,https://api.census.gov/data/2001/cps/basic/sep,,
Sep 2000 Current Population Survey: Basic Monthly,2000,cps/basic/sep,https://api.census.gov/data/2000/cps/basic/sep,,
Sep 1999 Current Population Survey: Basic Monthly,1999,cps/basic/sep,https://api.census.gov/data/1999/cps/basic/sep,,
Sep 1998 Current Population Survey: Basic Monthly,1998,cps/basic/sep,https://api.census.gov/data/1998/cps/basic/sep,,
Sep 1997 Current Population Survey: Basic Monthly,1997,cps/basic/sep,https://api.census.gov/data/1997/cps/basic/sep,,
Sep 1996 Current Population Survey: Basic Monthly,1996,cps/basic/sep,https://api.census.gov/data/1996/cps/basic/sep,,
Sep 1995 Current Population Survey: Basic Monthly,1995,cps/basic/sep,https://api.census.gov/data/1995/cps/basic/sep,,
Sep 1994 Current Population Survey: Basic Monthly,1994,cps/basic/sep,https://api.census.gov/data/1994/cps/basic/sep,,
Sep 1993 Current Population Survey: Basic Monthly,1993,cps/basic/sep,https://api.census.gov/data/1993/cps/basic/sep,,
Sep 1992 Current Population Survey: Basic Monthly,1992,cps/basic/sep,https://api.census.gov/data/1992/cps/basic/sep,,
Sep 1991 Current Population Survey: Basic Monthly,1991,cps/basic/sep,https://api.census.gov/data/1991/cps/basic/sep,,
Sep 1990 Current Population Survey: Basic Monthly,1990,cps/basic/sep,https://api.census.gov/data/1990/cps/basic/sep,,
Sep 1989 Current Population Survey: Basic Monthly,1989,cps/basic/sep,https://api.census.gov/data/1989/cps/basic/sep,,
Nov 2013 Current Population Survey: Civic Engagement Supplement,2013,cps/civic/nov,https://api.census.gov/data/2013/cps/civic/nov,,
Nov 2011 Current Population Survey: Civic Engagement Supplement,2011,cps/civic/nov,https://api.census.gov/data/2011/cps/civic/nov,,
Nov 2010 Current Population Survey: Civic Engagement Supplement,2010,cps/civic/nov,https://api.census.gov/data/2010/cps/civic/nov,,
Nov 2009 Current Population Survey: Civic Engagement Supplement,2009,cps/civic/nov,https://api.census.gov/data/2009/cps/civic/nov,,
Nov 2008 Current Population Survey: Civic Engagement Supplement,2008,cps/civic/nov,https://api.census.gov/data/2008/cps/civic/nov,,
Feb 2005 Current Population Survey: Contingent Worker Supplement,2005,cps/contworker/feb,https://api.census.gov/data/2005/cps/contworker/feb,,
Feb 2001 Current Population Survey: Contingent Worker Supplement,2001,cps/contworker/feb,https://api.census.gov/data/2001/cps/contworker/feb,,
Feb 1999 Current Population Survey: Contingent Worker Supplement,1999,cps/contworker/feb,https://api.census.gov/data/1999/cps/contworker/feb,,
Feb 1997 Current Population Survey: Contingent Worker Supplement,1997,cps/contworker/feb,https://api.census.gov/data/1997/cps/contworker/feb,,
Feb 1995 Current Population Survey: Contingent Worker Supplement,1995,cps/contworker/feb,https://api.census.gov/data/1995/cps/contworker/feb,,
May 2017 Current Population Survey: Contingent Worker Supplement,2017,cps/contworker/may,https://api.census.gov/data/2017/cps/contworker/may,,
Current Population Survey: Disability Supplement,2021,cps/disability/jul,https://api.census.gov/data/2021/cps/disability/jul,,
Current Population Survey: Disability Supplement,2019,cps/disability/jul,https://api.census.gov/data/2019/cps/disability/jul,,
May 2012 Current Population Survey: Disability Supplement,2012,cps/disability/may,https://api.census.gov/data/2012/cps/disability/may,,
Feb 2000 Current Population Survey: Displaced Workers/Job Tenure,2000,cps/dwjt/feb,https://api.census.gov/data/2000/cps/dwjt/feb,,
Feb 1998 Current Population Survey: Displaced Workers/Job Tenure,1998,cps/dwjt/feb,https://api.census.gov/data/1998/cps/dwjt/feb,,
Feb 1996 Current Population Survey: Displaced Workers/Job Tenure,1996,cps/dwjt/feb,https://api.census.gov/data/1996/cps/dwjt/feb,,
"Current Population Survey: Displaced Worker, Employee Tenure, and Occupational Mobility Supplement",2024,cps/dwjt/jan,https://api.census.gov/data/2024/cps/dwjt/jan,,
"Current Population Survey: Displaced Worker, Employee Tenure, and Occupational Mobility Supplement",2022,cps/dwjt/jan,https://api.census.gov/data/2022/cps/dwjt/jan,,
"Current Population Survey: Displaced Worker, Employee Tenure, and Occupational Mobility Supplement",2020,cps/dwjt/jan,https://api.census.gov/data/2020/cps/dwjt/jan,,
Jan 2018 Current Population Survey: Displaced Workers/Job Tenure,2018,cps/dwjt/jan,https://api.census.gov/data/2018/cps/dwjt/jan,,
Jan 2016 Current Population Survey: Displaced Workers/Job Tenure,2016,cps/dwjt/jan,https://api.census.gov/data/2016/cps/dwjt/jan,,
Jan 2014 Current Population Survey: Displaced Workers/Job Tenure,2014,cps/dwjt/jan,https://api.census.gov/data/2014/cps/dwjt/jan,,
Jan 2012 Current Population Survey: Displaced Workers/Job Tenure,2012,cps/dwjt/jan,https://api.census.gov/data/2012/cps/dwjt/jan,,
Jan 2010 Current Population Survey: Displaced Workers/Job Tenure,2010,cps/dwjt/jan,https://api.census.gov/data/2010/cps/dwjt/jan,,
Jan 2008 Current Population Survey: Displaced Workers/Job Tenure,2008,cps/dwjt/jan,https://api.census.gov/data/2008/cps/dwjt/jan,,
Jan 2006 Current Population Survey: Displaced Workers/Job Tenure,2006,cps/dwjt/jan,https://api.census.gov/data/2006/cps/dwjt/jan,,
Jan 2004 Current Population Survey: Displaced Workers/Job Tenure,2004,cps/dwjt/jan,https://api.census.gov/data/2004/cps/dwjt/jan,,
Jan 2002 Current Population Survey: Displaced Workers/Job Tenure,2002,cps/dwjt/jan,https://api.census.gov/data/2002/cps/dwjt/jan,,
Current Population Survey: Fertility Supplement,2022,cps/fertility/jun,https://api.census.gov/data/2022/cps/fertility/jun,,
Current Population Survey: Fertility Supplement,2020,cps/fertility/jun,https://api.census.gov/data/2020/cps/fertility/jun,,
Replace me with apiMetadata,2018,cps/fertility/jun,https://api.census.gov/data/2018/cps/fertility/jun,,
Replace me with apiMetadata,2016,cps/fertility/jun,https://api.census.gov/data/2016/cps/fertility/jun,,
Jun 2014 Current Population Survey: Fertility Supplement,2014,cps/fertility/jun,https://api.census.gov/data/2014/cps/fertility/jun,,
Jun 2012 Current Population Survey: Fertility Supplement,2012,cps/fertility/jun,https://api.census.gov/data/2012/cps/fertility/jun,,
Jun 2010 Current Population Survey: Fertility Supplement,2010,cps/fertility/jun,https://api.census.gov/data/2010/cps/fertility/jun,,
Jun 2008 Current Population Survey: Fertility Supplement,2008,cps/fertility/jun,https://api.census.gov/data/2008/cps/fertility/jun,,
Jun 2006 Current Population Survey: Fertility Supplement,2006,cps/fertility/jun,https://api.census.gov/data/2006/cps/fertility/jun,,
Jun 2004 Current Population Survey: Fertility Supplement,2004,cps/fertility/jun,https://api.census.gov/data/2004/cps/fertility/jun,,
Jun 2002 Current Population Survey: Fertility Supplement,2002,cps/fertility/jun,https://api.census.gov/data/2002/cps/fertility/jun,,
Jun 2000 Current Population Survey: Fertility Supplement,2000,cps/fertility/jun,https://api.census.gov/data/2000/cps/fertility/jun,,
Jun 1998 Current Population Survey: Fertility Supplement,1998,cps/fertility/jun,https://api.census.gov/data/1998/cps/fertility/jun,,
Apr 2001 Current Population Survey: Food Security Supplement,2001,cps/foodsec/apr,https://api.census.gov/data/2001/cps/foodsec/apr,FOODSEC,CPS
Apr 1999 Current Population Survey: Food Security Supplement,1999,cps/foodsec/apr,https://api.census.gov/data/1999/cps/foodsec/apr,FOODSEC,CPS
Apr 1997 Current Population Survey: Food Security Supplement,1997,cps/foodsec/apr,https://api.census.gov/data/1997/cps/foodsec/apr,FOODSEC,CPS
Apr 1995 Current Population Survey: Food Security Supplement,1995,cps/foodsec/apr,https://api.census.gov/data/1995/cps/foodsec/apr,FOODSEC,CPS
Aug 1998 Current Population Survey: Food Security Supplement,1998,cps/foodsec/aug,https://api.census.gov/data/1998/cps/foodsec/aug,FOODSEC,CPS
Current Population Survey: Food Security Supplement,2023,cps/foodsec/dec,https://api.census.gov/data/2023/cps/foodsec/dec,FOODSEC,CPS
Current Population Survey: Food Security Supplement,2022,cps/foodsec/dec,https://api.census.gov/data/2022/cps/foodsec/dec,FOODSEC,CPS
Current Population Survey: Food Security Supplement,2021,cps/foodsec/dec,https://api.census.gov/data/2021/cps/foodsec/dec,FOODSEC,CPS
Current Population Survey: Food Security Supplement,2020,cps/foodsec/dec,https://api.census.gov/data/2020/cps/foodsec/dec,FOODSEC,CPS
Current Population Survey: Food Security Supplement,2019,cps/foodsec/dec,https://api.census.gov/data/2019/cps/foodsec/dec,FOODSEC,CPS
Dec 2018 Current Population Survey: Food Security Supplement,2018,cps/foodsec/dec,https://api.census.gov/data/2018/cps/foodsec/dec,FOODSEC,CPS
Dec 2017 Current Population Survey: Food Security Supplement,2017,cps/foodsec/dec,https://api.census.gov/data/2017/cps/foodsec/dec,FOODSEC,CPS
Dec 2016 Current Population Survey: Food Security Supplement,2016,cps/foodsec/dec,https://api.census.gov/data/2016/cps/foodsec/dec,FOODSEC,CPS
Dec 2015 Current Population Survey: Food Security Supplement,2015,cps/foodsec/dec,https://api.census.gov/data/2015/cps/foodsec/dec,FOODSEC,CPS
Dec 2014 Current Population Survey: Food Security Supplement,2014,cps/foodsec/dec,https://api.census.gov/data/2014/cps/foodsec/dec,FOODSEC,CPS
Dec 2013 Current Population Survey: Food Security Supplement,2013,cps/foodsec/dec,https://api.census.gov/data/2013/cps/foodsec/dec,FOODSEC,CPS
Dec 2012 Current Population Survey: Food Security Supplement,2012,cps/foodsec/dec,https://api.census.gov/data/2012/cps/foodsec/dec,FOODSEC,CPS
Dec 2011 Current Population Survey: Food Security Supplement,2011,cps/foodsec/dec,https://api.census.gov/data/2011/cps/foodsec/dec,FOODSEC,CPS
Dec 2010 Current Population Survey: Food Security Supplement,2010,cps/foodsec/dec,https://api.census.gov/data/2010/cps/foodsec/dec,FOODSEC,CPS
Dec 2009 Current Population Survey: Food Security Supplement,2009,cps/foodsec/dec,https://api.census.gov/data/2009/cps/foodsec/dec,FOODSEC,CPS
Dec 2008 Current Population Survey: Food Security Supplement,2008,cps/foodsec/dec,https://api.census.gov/data/2008/cps/foodsec/dec,FOODSEC,CPS
Dec 2007 Current Population Survey: Food Security Supplement,2007,cps/foodsec/dec,https://api.census.gov/data/2007/cps/foodsec/dec,FOODSEC,CPS
Dec 2006 Current Population Survey: Food Security Supplement,2006,cps/foodsec/dec,https://api.census.gov/data/2006/cps/foodsec/dec,FOODSEC,CPS
Dec 2005 Current Population Survey: Food Security Supplement,2005,cps/foodsec/dec,https://api.census.gov/data/2005/cps/foodsec/dec,FOODSEC,CPS
Dec 2004 Current Population Survey: Food Security Supplement,2004,cps/foodsec/dec,https://api.census.gov/data/2004/cps/foodsec/dec,FOODSEC,CPS
Dec 2003 Current Population Survey: Food Security Supplement,2003,cps/foodsec/dec,https://api.census.gov/data/2003/cps/foodsec/dec,FOODSEC,CPS
Dec 2002 Current Population Survey: Food Security Supplement,2002,cps/foodsec/dec,https://api.census.gov/data/2002/cps/foodsec/dec,FOODSEC,CPS
Dec 2001 Current Population Survey: Food Security Supplement,2001,cps/foodsec/dec,https://api.census.gov/data/2001/cps/foodsec/dec,FOODSEC,CPS
Sep 2000 Current Population Survey: Food Security Supplement,2000,cps/foodsec/sep,https://api.census.gov/data/2000/cps/foodsec/sep,FOODSEC,CPS
Aug 2008 Current Population Survey: Immigration/Emigration Supplement,2008,cps/immigration/aug,https://api.census.gov/data/2008/cps/immigration/aug,,
Aug 2000 Current Population Survey: Computer and Internet Use Supplement,2000,cps/internet/aug,https://api.census.gov/data/2000/cps/internet/aug,,
Dec 1998 Current Population Survey: Computer and Internet Use Supplement,1998,cps/internet/dec,https://api.census.gov/data/1998/cps/internet/dec,,
Jul 2015 Current Population Survey: Computer and Internet Use Supplement,2015,cps/internet/jul,https://api.census.gov/data/2015/cps/internet/jul,,
Jul 2013 Current Population Survey: Computer and Internet Use Supplement,2013,cps/internet/jul,https://api.census.gov/data/2013/cps/internet/jul,,
Jul 2011 Current Population Survey: Computer and Internet Use Supplement,2011,cps/internet/jul,https://api.census.gov/data/2011/cps/internet/jul,,
Current Population Survey: Computer and Internet Use Supplement,2023,cps/internet/nov,https://api.census.gov/data/2023/cps/internet/nov,,
Current Population Survey: Computer and Internet Use Supplement,2021,cps/internet/nov,https://api.census.gov/data/2021/cps/internet/nov,,
Current Population Survey: Computer and Internet Use Supplement,2019,cps/internet/nov,https://api.census.gov/data/2019/cps/internet/nov,,
Nov 2017 Current Population Survey: Computer and Internet Use Supplement,2017,cps/internet/nov,https://api.census.gov/data/2017/cps/internet/nov,,
Nov 1994 Current Population Survey: Computer and Internet Use Supplement,1994,cps/internet/nov,https://api.census.gov/data/1994/cps/internet/nov,,
Oct 2012 Current Population Survey: Computer and Internet Use Supplement,2012,cps/internet/oct,https://api.census.gov/data/2012/cps/internet/oct,,
Oct 2010 Current Population Survey: Computer and Internet Use Supplement,2010,cps/internet/oct,https://api.census.gov/data/2010/cps/internet/oct,,
Oct 2009 Current Population Survey: Computer and Internet Use Supplement,2009,cps/internet/oct,https://api.census.gov/data/2009/cps/internet/oct,,
Oct 2007 Current Population Survey: Computer and Internet Use Supplement,2007,cps/internet/oct,https://api.census.gov/data/2007/cps/internet/oct,,
Oct 2003 Current Population Survey: Computer and Internet Use Supplement,2003,cps/internet/oct,https://api.census.gov/data/2003/cps/internet/oct,,
Oct 1997 Current Population Survey: Computer and Internet Use Supplement,1997,cps/internet/oct,https://api.census.gov/data/1997/cps/internet/oct,,
Sep 2001 Current Population Survey: Computer and Internet Use Supplement,2001,cps/internet/sep,https://api.census.gov/data/2001/cps/internet/sep,,
Oct 2002 Current Population Survey: Library Use Supplement,2002,cps/library/oct,https://api.census.gov/data/2002/cps/library/oct,,
Jun 1995 Current Population Survey: Fertility and Marital History Supplement,1995,cps/marital/jun,https://api.census.gov/data/1995/cps/marital/jun,,
Aug 2002 Current Population Survey: Public Participation in the Arts Supplement,2002,cps/pubarts/aug,https://api.census.gov/data/2002/cps/pubarts/aug,,
Current Population Survey: Public Participation in the Arts Supplement,2022,cps/pubarts/jul,https://api.census.gov/data/2022/cps/pubarts/jul,,
Jul 2017 Current Population Survey: Public Participation in the Arts Supplement,2017,cps/pubarts/jul,https://api.census.gov/data/2017/cps/pubarts/jul,,
Jul 2012 Current Population Survey: Public Participation in the Arts Supplement,2012,cps/pubarts/jul,https://api.census.gov/data/2012/cps/pubarts/jul,,
May 1995 Current Population Survey: Race and Ethnicity Supplement,1995,cps/race/may,https://api.census.gov/data/1995/cps/race/may,,
Current Population Survey: School Enrollment Supplement,2023,cps/school/oct,https://api.census.gov/data/2023/cps/school/oct,,
Current Population Survey: School Enrollment Supplement,2022,cps/school/oct,https://api.census.gov/data/2022/cps/school/oct,,
Current Population Survey: School Enrollment Supplement,2021,cps/school/oct,https://api.census.gov/data/2021/cps/school/oct,,
Current Population Survey: School Enrollment Supplement,2020,cps/school/oct,https://api.census.gov/data/2020/cps/school/oct,,
Current Population Survey: School Enrollment Supplement,2019,cps/school/oct,https://api.census.gov/data/2019/cps/school/oct,,
Replace me with apiMetadata,2018,cps/school/oct,https://api.census.gov/data/2018/cps/school/oct,,
Replace me with apiMetadata,2017,cps/school/oct,https://api.census.gov/data/2017/cps/school/oct,,
Replace me with apiMetadata,2016,cps/school/oct,https://api.census.gov/data/2016/cps/school/oct,,
Replace me with apiMetadata,2015,cps/school/oct,https://api.census.gov/data/2015/cps/school/oct,,
Oct 2014 Current Population Survey: School Enrollment Supplement,2014,cps/school/oct,https://api.census.gov/data/2014/cps/school/oct,,
Oct 2013 Current Population Survey: School Enrollment Supplement,2013,cps/school/oct,https://api.census.gov/data/2013/cps/school/oct,,
Oct 2012 Current Population Survey: School Enrollment Supplement,2012,cps/school/oct,https://api.census.gov/data/2012/cps/school/oct,,
Oct 2011 Current Population Survey: School Enrollment Supplement,2011,cps/school/oct,https://api.census.gov/data/2011/cps/school/oct,,
Oct 2010 Current Population Survey: School Enrollment Supplement,2010,cps/school/oct,https://api.census.gov/data/2010/cps/school/oct,,
Oct 2009 Current Population Survey: School Enrollment Supplement,2009,cps/school/oct,https://api.census.gov/data/2009/cps/school/oct,,
Oct 2008 Current Population Survey: School Enrollment Supplement,2008,cps/school/oct,https://api.census.gov/data/2008/cps/school/oct,,
Oct 2007 Current Population Survey: School Enrollment Supplement,2007,cps/school/oct,https://api.census.gov/data/2007/cps/school/oct,,
Oct 2006 Current Population Survey: School Enrollment Supplement,2006,cps/school/oct,https://api.census.gov/data/2006/cps/school/oct,,
Oct 2005 Current Population Survey: School Enrollment Supplement,2005,cps/school/oct,https://api.census.gov/data/2005/cps/school/oct,,
Oct 2004 Current Population Survey: School Enrollment Supplement,2004,cps/school/oct,https://api.census.gov/data/2004/cps/school/oct,,
Oct 2003 Current Population Survey: School Enrollment Supplement,2003,cps/school/oct,https://api.census.gov/data/2003/cps/school/oct,,
Oct 2002 Current Population Survey: School Enrollment Supplement,2002,cps/school/oct,https://api.census.gov/data/2002/cps/school/oct,,
Oct 2001 Current Population Survey: School Enrollment Supplement,2001,cps/school/oct,https://api.census.gov/data/2001/cps/school/oct,,
Oct 2000 Current Population Survey: School Enrollment Supplement,2000,cps/school/oct,https://api.census.gov/data/2000/cps/school/oct,,
Oct 1999 Current Population Survey: School Enrollment Supplement,1999,cps/school/oct,https://api.census.gov/data/1999/cps/school/oct,,
Oct 1998 Current Population Survey: School Enrollment Supplement,1998,cps/school/oct,https://api.census.gov/data/1998/cps/school/oct,,
Oct 1997 Current Population Survey: School Enrollment Supplement,1997,cps/school/oct,https://api.census.gov/data/1997/cps/school/oct,,
Oct 1996 Current Population Survey: School Enrollment Supplement,1996,cps/school/oct,https://api.census.gov/data/1996/cps/school/oct,,
Oct 1995 Current Population Survey: School Enrollment Supplement,1995,cps/school/oct,https://api.census.gov/data/1995/cps/school/oct,,
Oct 1994 Current Population Survey: School Enrollment Supplement,1994,cps/school/oct,https://api.census.gov/data/1994/cps/school/oct,,
Aug 2010 Current Population Survey: Tobacco Use Supplement,2010,cps/tobacco/aug,https://api.census.gov/data/2010/cps/tobacco/aug,,
Aug 2006 Current Population Survey: Tobacco Use Supplement,2006,cps/tobacco/aug,https://api.census.gov/data/2006/cps/tobacco/aug,,
Current Population Survey: Tobacco Use Supplement,2019,cps/tobacco/jan,https://api.census.gov/data/2019/cps/tobacco/jan,,
Replace me with apiMetadata,2015,cps/tobacco/jan,https://api.census.gov/data/2015/cps/tobacco/jan,,
Jan 2011 Current Population Survey: Tobacco Use Supplement,2011,cps/tobacco/jan,https://api.census.gov/data/2011/cps/tobacco/jan,,
Jan 2007 Current Population Survey: Tobacco Use Supplement,2007,cps/tobacco/jan,https://api.census.gov/data/2007/cps/tobacco/jan,,
Replace me with apiMetadata,2018,cps/tobacco/jul,https://api.census.gov/data/2018/cps/tobacco/jul,,
Jul 2014 Current Population Survey: Tobacco Use Supplement,2014,cps/tobacco/jul,https://api.census.gov/data/2014/cps/tobacco/jul,,
Current Population Survey: Tobacco Use Supplement,2019,cps/tobacco/may,https://api.census.gov/data/2019/cps/tobacco/may,,
Replace me with apiMetadata,2015,cps/tobacco/may,https://api.census.gov/data/2015/cps/tobacco/may,,
May 2010 Current Population Survey: Tobacco Use Supplement,2010,cps/tobacco/may,https://api.census.gov/data/2010/cps/tobacco/may,,
May 2006 Current Population Survey: Tobacco Use Supplement,2006,cps/tobacco/may,https://api.census.gov/data/2006/cps/tobacco/may,,
Current Population Survey: Tobacco Use Supplement,2022,cps/tobacco/sep,https://api.census.gov/data/2022/cps/tobacco/sep,,
Jan 2009 Current Population Survey: Unbanked/Underbanked Supplement,2009,cps/unbank/jan,https://api.census.gov/data/2009/cps/unbank/jan,,
Current Population Survey: Unbanked/Underbanked Supplement,2023,cps/unbank/jun,https://api.census.gov/data/2023/cps/unbank/jun,,
Current Population Survey: Unbanked/Underbanked Supplement,2021,cps/unbank/jun,https://api.census.gov/data/2021/cps/unbank/jun,,
Current Population Survey: Unbanked/Underbanked Supplement,2019,cps/unbank/jun,https://api.census.gov/data/2019/cps/unbank/jun,,
Replace me with apiMetadata,2017,cps/unbank/jun,https://api.census.gov/data/2017/cps/unbank/jun,,
Replace me with apiMetadata,2015,cps/unbank/jun,https://api.census.gov/data/2015/cps/unbank/jun,,
Jun 2013 Current Population Survey: Unbanked/Underbanked Supplement,2013,cps/unbank/jun,https://api.census.gov/data/2013/cps/unbank/jun,,
Jun 2011 Current Population Survey: Unbanked/Underbanked Supplement,2011,cps/unbank/jun,https://api.census.gov/data/2011/cps/unbank/jun,,
Current Population Survey: Unemployment Insurance Nonfiler Supplement,2022,cps/unempins/may,https://api.census.gov/data/2022/cps/unempins/may,,
Current Population Survey: Veterans Supplement,2023,cps/vets/aug,https://api.census.gov/data/2023/cps/vets/aug,,
Current Population Survey: Veterans Supplement,2022,cps/vets/aug,https://api.census.gov/data/2022/cps/vets/aug,,
Current Population Survey: Veterans Supplement,2021,cps/vets/aug,https://api.census.gov/data/2021/cps/vets/aug,,
Current Population Survey: Veterans Supplement,2020,cps/vets/aug,https://api.census.gov/data/2020/cps/vets/aug,,
Current Population Survey: Veterans Supplement,2019,cps/vets/aug,https://api.census.gov/data/2019/cps/vets/aug,,
Replace me with apiMetadata,2018,cps/vets/aug,https://api.census.gov/data/2018/cps/vets/aug,,
Replace me with apiMetadata,2017,cps/vets/aug,https://api.census.gov/data/2017/cps/vets/aug,,
Replace me with apiMetadata,2016,cps/vets/aug,https://api.census.gov/data/2016/cps/vets/aug,,
Replace me with apiMetadata,2015,cps/vets/aug,https://api.census.gov/data/2015/cps/vets/aug,,
Aug 2014 Current Population Survey: Veterans Supplement,2014,cps/vets/aug,https://api.census.gov/data/2014/cps/vets/aug,,
Aug 2013 Current Population Survey: Veterans Supplement,2013,cps/vets/aug,https://api.census.gov/data/2013/cps/vets/aug,,
Aug 2012 Current Population Survey: Veterans Supplement,2012,cps/vets/aug,https://api.census.gov/data/2012/cps/vets/aug,,
Aug 2011 Current Population Survey: Veterans Supplement,2011,cps/vets/aug,https://api.census.gov/data/2011/cps/vets/aug,,
Aug 2009 Current Population Survey: Veterans Supplement,2009,cps/vets/aug,https://api.census.gov/data/2009/cps/vets/aug,,
Aug 2007 Current Population Survey: Veterans Supplement,2007,cps/vets/aug,https://api.census.gov/data/2007/cps/vets/aug,,
Aug 2005 Current Population Survey: Veterans Supplement,2005,cps/vets/aug,https://api.census.gov/data/2005/cps/vets/aug,,
Aug 2003 Current Population Survey: Veterans Supplement,2003,cps/vets/aug,https://api.census.gov/data/2003/cps/vets/aug,,
Aug 2001 Current Population Survey: Veterans Supplement,2001,cps/vets/aug,https://api.census.gov/data/2001/cps/vets/aug,,
Aug 1995 Current Population Survey: Veterans Supplement,1995,cps/vets/aug,https://api.census.gov/data/1995/cps/vets/aug,,
Jul 2010 Current Population Survey: Veterans Supplement,2010,cps/vets/jul,https://api.census.gov/data/2010/cps/vets/jul,,
Sep 1999 Current Population Survey: Veterans Supplement,1999,cps/vets/sep,https://api.census.gov/data/1999/cps/vets/sep,,
Sep 1997 Current Population Survey: Veterans Supplement,1997,cps/vets/sep,https://api.census.gov/data/1997/cps/vets/sep,,
Current Population Survey: Volunteering and Civic Life Supplement,2023,cps/volunteer/sep,https://api.census.gov/data/2023/cps/volunteer/sep,,
Current Population Survey: Volunteering and Civic Life Supplement,2021,cps/volunteer/sep,https://api.census.gov/data/2021/cps/volunteer/sep,,
Current Population Survey: Volunteering and Civic Life Supplement,2019,cps/volunteer/sep,https://api.census.gov/data/2019/cps/volunteer/sep,,
Replace me with apiMetadata,2015,cps/volunteer/sep,https://api.census.gov/data/2015/cps/volunteer/sep,,
Sep 2014 Current Population Survey: Volunteering and Civic Life Supplement,2014,cps/volunteer/sep,https://api.census.gov/data/2014/cps/volunteer/sep,,
Sep 2013 Current Population Survey: Volunteering and Civic Life Supplement,2013,cps/volunteer/sep,https://api.census.gov/data/2013/cps/volunteer/sep,,
Sep 2012 Current Population Survey: Volunteering and Civic Life Supplement,2012,cps/volunteer/sep,https://api.census.gov/data/2012/cps/volunteer/sep,,
Sep 2011 Current Population Survey: Volunteering and Civic Life Supplement,2011,cps/volunteer/sep,https://api.census.gov/data/2011/cps/volunteer/sep,,
Sep 2010 Current Population Survey: Volunteering and Civic Life Supplement,2010,cps/volunteer/sep,https://api.census.gov/data/2010/cps/volunteer/sep,,
Sep 2009 Current Population Survey: Volunteering and Civic Life Supplement,2009,cps/volunteer/sep,https://api.census.gov/data/2009/cps/volunteer/sep,,
Sep 2008 Current Population Survey: Volunteering and Civic Life Supplement,2008,cps/volunteer/sep,https://api.census.gov/data/2008/cps/volunteer/sep,,
Sep 2007 Current Population Survey: Volunteering and Civic Life Supplement,2007,cps/volunteer/sep,https://api.census.gov/data/2007/cps/volunteer/sep,,
Sep 2006 Current Population Survey: Volunteering and Civic Life Supplement,2006,cps/volunteer/sep,https://api.census.gov/data/2006/cps/volunteer/sep,,
Sep 2005 Current Population Survey: Volunteering and Civic Life Supplement,2005,cps/volunteer/sep,https://api.census.gov/data/2005/cps/volunteer/sep,,
Sep 2004 Current Population Survey: Volunteering and Civic Life Supplement,2004,cps/volunteer/sep,https://api.census.gov/data/2004/cps/volunteer/sep,,
Sep 2003 Current Population Survey: Volunteering and Civic Life Supplement,2003,cps/volunteer/sep,https://api.census.gov/data/2003/cps/volunteer/sep,,
Sep 2002 Current Population Survey: Volunteering and Civic Life Supplement,2002,cps/volunteer/sep,https://api.census.gov/data/2002/cps/volunteer/sep,,
Current Population Survey: Voting Supplement,2022,cps/voting/nov,https://api.census.gov/data/2022/cps/voting/nov,,
Current Population Survey: Voting Supplement,2020,cps/voting/nov,https://api.census.gov/data/2020/cps/voting/nov,,
Replace me with apiMetadata,2018,cps/voting/nov,https://api.census.gov/data/2018/cps/voting/nov,,
Replace me with apiMetadata,2016,cps/voting/nov,https://api.census.gov/data/2016/cps/voting/nov,,
Nov 2014 Current Population Survey: Voting Supplement,2014,cps/voting/nov,https://api.census.gov/data/2014/cps/voting/nov,,
Nov 2012 Current Population Survey: Voting Supplement,2012,cps/voting/nov,https://api.census.gov/data/2012/cps/voting/nov,,
Nov 2010 Current Population Survey: Voting Supplement,2010,cps/voting/nov,https://api.census.gov/data/2010/cps/voting/nov,,
Nov 2008 Current Population Survey: Voting Supplement,2008,cps/voting/nov,https://api.census.gov/data/2008/cps/voting/nov,,
Nov 2006 Current Population Survey: Voting Supplement,2006,cps/voting/nov,https://api.census.gov/data/2006/cps/voting/nov,,
Nov 2004 Current Population Survey: Voting Supplement,2004,cps/voting/nov,https://api.census.gov/data/2004/cps/voting/nov,,
Nov 2002 Current Population Survey: Voting Supplement,2002,cps/voting/nov,https://api.census.gov/data/2002/cps/voting/nov,,
Nov 2000 Current Population Survey: Voting Supplement,2000,cps/voting/nov,https://api.census.gov/data/2000/cps/voting/nov,,
Nov 1998 Current Population Survey: Voting Supplement,1998,cps/voting/nov,https://api.census.gov/data/1998/cps/voting/nov,,
Nov 1996 Current Population Survey: Voting Supplement,1996,cps/voting/nov,https://api.census.gov/data/1996/cps/voting/nov,,
Nov 1994 Current Population Survey: Voting Supplement,1994,cps/voting/nov,https://api.census.gov/data/1994/cps/voting/nov,,
May 2004 Current Population Survey: Work Schedules Supplement,2004,cps/worksched/may,https://api.census.gov/data/2004/cps/worksched/may,,
May 2001 Current Population Survey: Work Schedules Supplement,2001,cps/worksched/may,https://api.census.gov/data/2001/cps/worksched/may,,
May 1997 Current Population Survey: Work Schedules Supplement,1997,cps/worksched/may,https://api.census.gov/data/1997/cps/worksched/may,,
Community Resilience Estimates,2022,cre,https://api.census.gov/data/2022/cre,,
Community Resilience Estimates,2021,cre,https://api.census.gov/data/2021/cre,,
Community Resilience Estimates,2019,cre,https://api.census.gov/data/2019/cre,,
Community Resilience Estimates for Puerto Rico,2022,crepuertorico,https://api.census.gov/data/2022/crepuertorico,,
Community Resilience Estimates for Puerto Rico,2021,crepuertorico,https://api.census.gov/data/2021/crepuertorico,,
Community Resilience Estimates for Puerto Rico,2019,crepuertorico,https://api.census.gov/data/2019/crepuertorico,,
Decennial Census: American Indian and Alaska Native Summary File,2010,dec/aian,https://api.census.gov/data/2010/dec/aian,,
Decennial Census: American Indian and Alaska Native Summary File,2000,dec/aian,https://api.census.gov/data/2000/dec/aian,,
Decennial Census: American Indian and Alaska Native Demographic Profile,2000,dec/aianprofile,https://api.census.gov/data/2000/dec/aianprofile,,
Decennial Census: American Samoa Summary File,2010,dec/as,https://api.census.gov/data/2010/dec/as,,
Decennial Census: American Samoa Summary File,2000,dec/as,https://api.census.gov/data/2000/dec/as,,
Decennial Census: American Samoa Year of Entry File,2010,dec/asyoe,https://api.census.gov/data/2010/dec/asyoe,,
Decennial Census: 110th Congressional District Summary File (100-Percent),2000,dec/cd110h,https://api.census.gov/data/2000/dec/cd110h,,
Decennial Census: 110th Congressional District Demographic Profile (100-Percent),2000,dec/cd110hprofile,https://api.census.gov/data/2000/dec/cd110hprofile,,
Decennial Census: 110th Congressional District Summary File (Sample),2000,dec/cd110s,https://api.census.gov/data/2000/dec/cd110s,,
Decennial Census: 110th Congressional District Demographic Profile (Sample),2000,dec/cd110sprofile,https://api.census.gov/data/2000/dec/cd110sprofile,,
Decennial CD113,2010,dec/cd113,https://api.census.gov/data/2010/dec/cd113,,
Decennial Census: 113th Congressional District Demographic Profile,2010,dec/cd113profile,https://api.census.gov/data/2010/dec/cd113profile,,
Decennial CD115,2010,dec/cd115,https://api.census.gov/data/2010/dec/cd115,,
Decennial Census: 115th Congressional District Demographic Profile,2010,dec/cd115profile,https://api.census.gov/data/2010/dec/cd115profile,,
Decennial Congressional District 116,2010,dec/cd116,https://api.census.gov/data/2010/dec/cd116,,
Decennial Census: 118th Congressional District Summary File,2020,dec/cd118,https://api.census.gov/data/2020/dec/cd118,,
2020 Census 119th Congressional District,2020,dec/cd119,https://api.census.gov/data/2020/dec/cd119,,
Decennial Census: Count Question Resolution,2000,dec/cqr,https://api.census.gov/data/2000/dec/cqr,,
Decennial Census of Island Areas: American Samoa Detailed Crosstabulations,2020,dec/crosstabas,https://api.census.gov/data/2020/dec/crosstabas,,
Decennial Census of Island Areas: Guam Detailed Crosstabulations,2020,dec/crosstabgu,https://api.census.gov/data/2020/dec/crosstabgu,,
Decennial Census of Island Areas: Commonwealth of the Northern Mariana Islands Detailed Crosstabulations,2020,dec/crosstabmp,https://api.census.gov/data/2020/dec/crosstabmp,,
Decennial Census of Island Areas: U.S. Virgin Islands Detailed Crosstabulations,2020,dec/crosstabvi,https://api.census.gov/data/2020/dec/crosstabvi,,
Decennial Census: Detailed Demographic and Housing Characteristics File A,2020,dec/ddhca,https://api.census.gov/data/2020/dec/ddhca,,
2020 Detailed Demographic and Housing Characteristics File B,2020,dec/ddhcb,https://api.census.gov/data/2020/dec/ddhcb,,
Decennial Census: Demographic and Housing Characteristics,2020,dec/dhc,https://api.census.gov/data/2020/dec/dhc,,
Decennial Census of Island Areas: American Samoa Demographic and Housing Characteristics,2020,dec/dhcas,https://api.census.gov/data/2020/dec/dhcas,,
Decennial Census of Island Areas: Guam Demographic and Housing Characteristics,2020,dec/dhcgu,https://api.census.gov/data/2020/dec/dhcgu,,
Decennial Census of Island Areas: Commonwealth of the Northern Mariana Islands Demographic and Housing Characteristics,2020,dec/dhcmp,https://api.census.gov/data/2020/dec/dhcmp,,
Decennial Census of Island Areas: U.S. Virgin Islands Demographic and Housing Characteristics,2020,dec/dhcvi,https://api.census.gov/data/2020/dec/dhcvi,,
2020 Demographic Profile,2020,dec/dp,https://api.census.gov/data/2020/dec/dp,,
Decennial Census of Island Areas: American Samoa Demographic Profile,2020,dec/dpas,https://api.census.gov/data/2020/dec/dpas,,
Decennial Census of Island Areas: Guam Demographic Profile,2020,dec/dpgu,https://api.census.gov/data/2020/dec/dpgu,,
2020 Commonwealth of the Northern Mariana Islands Demographic Profile,2020,dec/dpmp,https://api.census.gov/data/2020/dec/dpmp,,
Decennial Census of Island Areas: U.S. Virgin Islands Demographic Profile,2020,dec/dpvi,https://api.census.gov/data/2020/dec/dpvi,,
Decennial Census: Guam Summary File,2010,dec/gu,https://api.census.gov/data/2010/dec/gu,,
Decennial Census: Guam Summary File,2000,dec/gu,https://api.census.gov/data/2000/dec/gu,,
Decennial Census: Guam Year of Entry File,2010,dec/guyoe,https://api.census.gov/data/2010/dec/guyoe,,
Decennial Census: Commonwealth of the Northern Mariana Islands Summary File,2010,dec/mp,https://api.census.gov/data/2010/dec/mp,,
Decennial Census: Commonwealth of the Northern Mariana Islands Summary File,2000,dec/mp,https://api.census.gov/data/2000/dec/mp,,
Decennial Census: Commonwealth of the Northern Mariana Islands Year of Entry File,2010,dec/mpyoe,https://api.census.gov/data/2010/dec/mpyoe,,
Decennial Census: Decennial Post-Enumeration Survey,2020,dec/pes,https://api.census.gov/data/2020/dec/pes,,
Decennial Census: Redistricting Data (PL 94-171),2020,dec/pl,https://api.census.gov/data/2020/dec/pl,,
Decennial Census: Redistricting Data (PL 94-171),2010,dec/pl,https://api.census.gov/data/2010/dec/pl,,
Decennial Census: Redistricting Data (PL 94-171),2000,dec/pl,https://api.census.gov/data/2000/dec/pl,,
Decennial Census: National Redistricting Data,2010,dec/plnat,https://api.census.gov/data/2010/dec/plnat,,
Decennial Census: Decennial Self-Response Rate,2020,dec/responserate,https://api.census.gov/data/2020/dec/responserate,,
Decennial Census: Decennial Self-Reponse Rate,2010,dec/responserate,https://api.census.gov/data/2010/dec/responserate,,
2020 Supplemental Demographic and Housing Characteristics File (S-DHC),2020,dec/sdhc,https://api.census.gov/data/2020/dec/sdhc,,
2020 Census Final Self-Response and Return Rates,2020,dec/selfresponserate,https://api.census.gov/data/2020/dec/selfresponserate,,
Decennial SF1,2010,dec/sf1,https://api.census.gov/data/2010/dec/sf1,,
Decennial Census: Summary File 1,2000,dec/sf1,https://api.census.gov/data/2000/dec/sf1,,
Decennial SF2,2010,dec/sf2,https://api.census.gov/data/2010/dec/sf2,,
Decennial Census: Summary File 2,2000,dec/sf2,https://api.census.gov/data/2000/dec/sf2,,
Decennial Census: Summary File 2 Demographic Profile,2000,dec/sf2profile,https://api.census.gov/data/2000/dec/sf2profile,,
Decennial Census: Summary File 3,2000,dec/sf3,https://api.census.gov/data/2000/dec/sf3,,
Decennial Census: Summary File 3 Demographic Profile,2000,dec/sf3profile,https://api.census.gov/data/2000/dec/sf3profile,,
Decennial Census: Summary File 4,2000,dec/sf4,https://api.census.gov/data/2000/dec/sf4,,
Decennial Census: Summary File 4 Demographic Profile,2000,dec/sf4profile,https://api.census.gov/data/2000/dec/sf4profile,,
Decennial Census: State Legislative District Summary File (100-Percent),2000,dec/sldh,https://api.census.gov/data/2000/dec/sldh,,
Decennial Census: State Legislative District Demographic Profile (100-Percent),2000,dec/sldhprofile,https://api.census.gov/data/2000/dec/sldhprofile,,
Decennial Census: State Legislative District Summary File (Sample),2000,dec/slds,https://api.census.gov/data/2000/dec/slds,,
Decennial Census: State Legislative District Demographic Profile (Sample),2000,dec/sldsprofile,https://api.census.gov/data/2000/dec/sldsprofile,,
Decennial Census: U.S. Virgin Islands Summary File,2010,dec/vi,https://api.census.gov/data/2010/dec/vi,,
Decennial Census: U.S. Virgin Islands Summary File,2000,dec/vi,https://api.census.gov/data/2000/dec/vi,,
"2022 Economic Census of Island Areas: Summary Statistics for American Samoa, Commonwealth of the Northern Mariana Islands, Guam, Puerto Rico, and U.S. Virgin Islands",2022,ecn/islandareas,https://api.census.gov/data/2022/ecn/islandareas,,
Economic Census of Island Areas: Core Statistics: Economic Census of Island Areas,2017,ecn/islandareas,https://api.census.gov/data/2017/ecn/islandareas,,
Economic Census: Economic Census of Island Areas,2012,ecn/islandareas,https://api.census.gov/data/2012/ecn/islandareas,,
"Island Areas: Comparative Statistics for American Samoa, Commonwealth of the Northern Mariana Islands, Guam, Puerto Rico, and U.S. Virgin Islands: (2022 NAICS Basis): 2022 and 2017",2022,ecn/islandareas/comp,https://api.census.gov/data/2022/ecn/islandareas/comp,,
"Island Areas: Comparative Statistics for American Samoa, Commonwealth of the Northern Mariana Islands, Guam, Puerto Rico, and U.S. Virgin Islands: (2017 NAICS Basis): 2017 and 2012",2017,ecn/islandareas/comp,https://api.census.gov/data/2017/ecn/islandareas/comp,,
Economic Census: Economic Census of Island Areas,2012,ecn/islandareas/comp,https://api.census.gov/data/2012/ecn/islandareas/comp,,
Economic Census of Island Areas: Summary Statistics for Construction and Manufacturing Industries for Puerto Rico: 2022,2022,ecn/islandareas/ind,https://api.census.gov/data/2022/ecn/islandareas/ind,,
Economic Census of Island Areas: Core Statistics: Economic Census of Island Areas,2017,ecn/islandareas/ind,https://api.census.gov/data/2017/ecn/islandareas/ind,,
Economic Census of Island Areas: Core Statistics: Economic Census of Island Areas,2012,ecn/islandareas/ind,https://api.census.gov/data/2012/ecn/islandareas/ind,,
Economic Census: Economic Census of Island Areas,2012,ecn/islandareas/lines,https://api.census.gov/data/2012/ecn/islandareas/lines,,
"Island Areas: Product Statistics for American Samoa, Commonwealth of the Northern Mariana Islands, Guam, Puerto Rico, and U.S. Virgin Islands: 2022",2022,ecn/islandareas/napcs,https://api.census.gov/data/2022/ecn/islandareas/napcs,,
Economic Census: Economic Census of the United States: Economic Census of Island Areas,2017,ecn/islandareas/napcs,https://api.census.gov/data/2017/ecn/islandareas/napcs,,
Economic Census: Finance and Insurance: Administrative Expenses and Losses Incurred for Property and Casualty Insurance Carriers for the U.S.: 2017,2017,ecnadbnprop,https://api.census.gov/data/2017/ecnadbnprop,,
"Economic Census: Finance and Insurance: Administrative Expenses and Benefits Paid for Life, Health, and Medical Insurance Carriers for the U.S.: 2017",2017,ecnadmben,https://api.census.gov/data/2017/ecnadmben,,
"Finance and Insurance: Subject Series - Misc Subjects: Administrative Expenses and Benefits Paid for Life, Health, and Medical Insurance Carriers for the U.S.: 2012",2012,ecnadmben,https://api.census.gov/data/2012/ecnadmben,,
"Economic Census: Summary Statistics for the U.S., States, and Selected Geographies: 2022",2022,ecnbasic,https://api.census.gov/data/2022/ecnbasic,,
"Economic Census: Summary Statistics for the U.S., States, and Selected Geographies: 2017",2017,ecnbasic,https://api.census.gov/data/2017/ecnbasic,,
Economic Census: Economic Census of the United States: Economic Census US Basic Data,2012,ecnbasic,https://api.census.gov/data/2012/ecnbasic,,
Economic Census: Finance and Insurance: Brokering and Dealing Products Income for the U.S.: 2017,2017,ecnbranddeal,https://api.census.gov/data/2017/ecnbranddeal,,
Finance and Insurance: Subject Series - Misc Subjects: Brokering and Dealing Services Income for the U.S.: 2012,2012,ecnbranddeal,https://api.census.gov/data/2012/ecnbranddeal,,
Economic Census: Core Statistics: Selected Sectors: Industry Bridge Statistics on the Current NAICS Basis With Distribution Among the Previous NAICS-Based Industries for the U.S.,2017,ecnbridge1,https://api.census.gov/data/2017/ecnbridge1,,
All sectors: Core Business Statistics Series: Industry Bridge Statistics on 2012 NAICS Basis With Distribution Among 2007 NAICS-Based Industries for the United States: 2012,2012,ecnbridge1,https://api.census.gov/data/2012/ecnbridge1,,
Economic Census: Core Statistics: Selected Sectors: Industry Bridge Statistics on the Previous NAICS Basis With Distribution Among the Current NAICS-Based Industries for the U.S.,2017,ecnbridge2,https://api.census.gov/data/2017/ecnbridge2,,
All sectors: Core Business Statistics Series: Industry Bridge Statistics on 2007 NAICS Basis With Distribution Among 2012 NAICS-Based Industries for the United States: 2012,2012,ecnbridge2,https://api.census.gov/data/2012/ecnbridge2,,
Economic Census: Finance and Insurance: Brokering or Dealing Products Income for the U.S.: 2017,2017,ecnbrordeal,https://api.census.gov/data/2017/ecnbrordeal,,
Finance and Insurance: Subject Series - Misc Subjects: Brokering or Dealing Services Income for the U.S.: 2012,2012,ecnbrordeal,https://api.census.gov/data/2012/ecnbrordeal,,
Other Services (Except Public Administration): Subject Series - Misc Subjects: Receipts/Revenue from Repayments of Cash Advances for the U.S.: 2012,2012,ecncashadv,https://api.census.gov/data/2012/ecncashadv,,
Economic Census: Finance and Insurance: Credit Card Products Income for the U.S.: 2017,2017,ecnccard,https://api.census.gov/data/2017/ecnccard,,
Finance and Insurance: Subject Series - Misc Subjects: Credit Card Services Income for the U.S.: 2012,2012,ecnccard,https://api.census.gov/data/2012/ecnccard,,
Economic Census: Class of Customer Statistics for Selected Geographies: 2017,2017,ecnclcust,https://api.census.gov/data/2017/ecnclcust,,
2012 Economic Census - Economic Census US Economic Class of Customer,2012,ecnclcust,https://api.census.gov/data/2012/ecnclcust,,
"Economic Census: Wholesale Trade: Sales and Commissions of Electronic Markets, Agents, Brokers, and Commission Merchants for the U.S.: 2017",2017,ecncomm,https://api.census.gov/data/2017/ecncomm,,
"Wholesale Trade: Subject Series - Misc Subjects: Sales and Commissions of Electronic Markets, Agents, Brokers, and Commission Merchants for the U.S.: 2012",2012,ecncomm,https://api.census.gov/data/2012/ecncomm,,
"Economic Census: Core Statistics: All Sectors: Comparative Statistics for the U.S., States, and Selected Geographies (Previous NAICS Basis)",2017,ecncomp,https://api.census.gov/data/2017/ecncomp,,
All sectors: Core Business Statistics Series: Comparative Statistics for the U.S. and the States (2007 NAICS Basis): 2012 and 2007,2012,ecncomp,https://api.census.gov/data/2012/ecncomp,,
Economic Census: Utilities and Transportation and Warehousing: Construction Activity by Utilities and Pipelines for the U.S. and States: 2017,2017,ecnconact,https://api.census.gov/data/2017/ecnconact,,
Subject Series - Misc Subjects: Construction Activity for Selected Industries for the selected geographies: 2012,2012,ecnconact,https://api.census.gov/data/2012/ecnconact,,
Accommodation and Food Services: Subject Series - Misc Subjects: Concession Operators for the U.S. and States: 2012,2012,ecnconcess,https://api.census.gov/data/2012/ecnconcess,,
Economic Census: Finance and Insurance: Types of Credit Financing Products Income for the U.S.: 2017,2017,ecncrfin,https://api.census.gov/data/2017/ecncrfin,,
Finance and Insurance: Subject Series - Misc Subjects: Types of Credit Financing Services Income for the U.S.: 2012,2012,ecncrfin,https://api.census.gov/data/2012/ecncrfin,,
Economic Census: Finance and Insurance: Direct Premiums Earned for the U.S.: 2017,2017,ecndirprem,https://api.census.gov/data/2017/ecndirprem,,
"Economic Census: Information: Sales, Value of Shipments, or Revenue by Type of Dissemination Media for the U.S.: 2017",2017,ecndissmed,https://api.census.gov/data/2017/ecndissmed,,
Information: Subject Series - Misc Subjects: Receipts by type of Dissemination Media for the U.S.: 2012,2012,ecndissmed,https://api.census.gov/data/2012/ecndissmed,,
Manufacturing: E-Commerce Statistics for the U.S.: 2022,2022,ecnecomm,https://api.census.gov/data/2022/ecnecomm,,
Economic Census: Accommodation and Food Services: Establishments Using Electronic Devices for Self-Service Table Orders and/or Payment for the U.S. and States:  2017,2017,ecnelmenu,https://api.census.gov/data/2017/ecnelmenu,,
Economic Census: Wholesale Trade: Employment by Primary Function for the U.S.: 2017,2017,ecnempfunc,https://api.census.gov/data/2017/ecnempfunc,,
Wholesale Trade: Subject Series - Misc Subjects: Employment by Primary Function for the U.S.: 2012,2012,ecnempfunc,https://api.census.gov/data/2012/ecnempfunc,,
Economic Census: Enterprise Support Statistics for the U.S. : 2017,2017,ecnentsup,https://api.census.gov/data/2017/ecnentsup,,
2012 Economic Census - Economic Census US Enterprise Support,2012,ecnentsup,https://api.census.gov/data/2012/ecnentsup,,
Economic Census: Wholesale Trade: Inventories by Valuation Method for the U.S.: 2017,2017,ecneoyinv,https://api.census.gov/data/2017/ecneoyinv,,
Wholesale Trade: Subject Series - Misc Subjects: End-of-Year Inventories for the U.S.: 2012 and 2011,2012,ecneoyinv,https://api.census.gov/data/2012/ecneoyinv,,
Economic Census: Transportation and Warehousing: Inventories by Valuation Method for Enterprise Support Establishments for the U.S.: 2017,2017,ecneoyinvwh,https://api.census.gov/data/2017/ecneoyinvwh,,
Transportation and Warehousing: Subject Series - Misc Subjects: End-of-Year Inventories for the U.S.: 2012 and 2011,2012,ecneoyinvwh,https://api.census.gov/data/2012/ecneoyinvwh,,
Transportation and Warehousing: Subject Series - Misc Subjects: Revenue-Generating Equipment for Passenger Transportation for the U.S. and States: 2012,2012,ecnequip,https://api.census.gov/data/2012/ecnequip,,
Economic Census: Utilities: Exported Energy to Canada and Mexico for the U.S.: 2017,2017,ecnexpnrg,https://api.census.gov/data/2017/ecnexpnrg,,
Utilities: Subject Series - Misc Subjects: Exported Energy to Canada and Mexico for the U.S.: 2012,2012,ecnexpnrg,https://api.census.gov/data/2012/ecnexpnrg,,
Economic Census: Exported Services Statistics for the U.S.: 2017,2017,ecnexpsvc,https://api.census.gov/data/2017/ecnexpsvc,,
2012 Economic Census - Economic Census Exported Services Data,2012,ecnexpsvc,https://api.census.gov/data/2012/ecnexpsvc,,
Economic Census: Retail Trade: Floor Space by Selected Industry for the U.S. and States: 2017,2017,ecnflspace,https://api.census.gov/data/2017/ecnflspace,,
Retail Trade: Subject Series - Misc Subjects:States: Floor Space by Selected Industry for the U.S. and States: 2012,2012,ecnflspace,https://api.census.gov/data/2012/ecnflspace,,
Economic Census: Accommodation and Food Services: Primary Type of Food Service for the U.S. and States: 2017,2017,ecnfoodsvc,https://api.census.gov/data/2017/ecnfoodsvc,,
Accommodation and Food Services: Subject Series - Misc Subjects: Primary Type of Food Service for the U.S. and States: 2012,2012,ecnfoodsvc,https://api.census.gov/data/2012/ecnfoodsvc,,
Economic Census: Core Statistics: Selected Sectors: Franchise Status for the U.S. and States,2017,ecnfran,https://api.census.gov/data/2017/ecnfran,,
"Core Business Statistics Series, 2012: Franchise Status for Selected Industries and States",2012,ecnfran,https://api.census.gov/data/2012/ecnfran,,
"Economic Census: Health Care and Social Assistance: Grants, Transferred Contributions and Similar Payments, with Net Expenses for the U.S.: 2017",2017,ecngrant,https://api.census.gov/data/2017/ecngrant,,
"Health Care and Social Assistance: Subject Series - Misc Subjects: Grants, Transferred Contributions and Similar Payments, with Net Expenses for the U.S.: 2012",2012,ecngrant,https://api.census.gov/data/2012/ecngrant,,
Accommodation and Food Services: Subject Series - Misc Subjects: Number of Guestrooms for the U.S. and States: 2012,2012,ecnguest,https://api.census.gov/data/2012/ecnguest,,
Accommodation and Food Services: Subject Series - Misc Subjects: Guestroom Size of Establishments for the U.S.: 2012,2012,ecnguestsize,https://api.census.gov/data/2012/ecnguestsize,,
Economic Census: Health Care and Social Assistance: Ownership and Control of Government Hospitals for the U.S.: 2017,2017,ecnhosp,https://api.census.gov/data/2017/ecnhosp,,
Health Care and Social Assistance: Subject Series - Misc Subjects: Ownership and Control of Government Hospitals for the U.S.: 2012,2012,ecnhosp,https://api.census.gov/data/2012/ecnhosp,,
Economic Census: Accommodation and Food Services: Hotel Property Type for the U.S. and States:  2017,2017,ecnhotel,https://api.census.gov/data/2017/ecnhotel,,
Economic Census: Educational Services: Modes of Instruction for the U.S.: 2017,2017,ecninstr,https://api.census.gov/data/2017/ecninstr,,
Economic Census: Manufacturing: Method of Inventory Valuation for the U.S.: 2017,2017,ecninvval,https://api.census.gov/data/2017/ecninvval,,
Manufacturing: Summary Series: General Summary: Method of Inventory Valuation by Subsector and Industries: 2012,2012,ecninvval,https://api.census.gov/data/2012/ecninvval,,
Economic Census: Core Statistics: US Industry Product Data,2012,ecnipa,https://api.census.gov/data/2012/ecnipa,,
"Economic Census: Value of Business Done for Kind-of-Business for the U.S., Regions, and States: 2017",2017,ecnkob,https://api.census.gov/data/2017/ecnkob,,
"Construction: Summary Series: General Summary: Value of Business Done for Kind-of-Business by Subsectors and Industries for U.S., Regions, and States: 2012",2012,ecnkob,https://api.census.gov/data/2012/ecnkob,,
"Economic Census: Other Services (Except Public Administration): Sales, Value of Shipments, or Revenue from Labor Charges and Parts Installed for Repair and Maintenance Services for the U.S.: 2017",2017,ecnlabor,https://api.census.gov/data/2017/ecnlabor,,
Other Services (Except Public Administration): Subject Series - Misc Subjects: Receipts from Labor Charges and Parts Installed for Repair and Maintenance Services for the U.S.: 2012,2012,ecnlabor,https://api.census.gov/data/2012/ecnlabor,,
Economic Census: Manufacturing: Inventories with LIFO Valuation for the U.S.: 2017,2017,ecnlifomfg,https://api.census.gov/data/2017/ecnlifomfg,,
Manufacturing: Summary Series: General Summary: Inventories with LIFO Valuation by Subsector and Industries: 2012,2012,ecnlifomfg,https://api.census.gov/data/2012/ecnlifomfg,,
Economic Census: Mining: Inventories with LIFO Valuation for the U.S.: 2017,2017,ecnlifomine,https://api.census.gov/data/2017/ecnlifomine,,
Mining: Summary Series: General Summary: Inventories with LIFO Valuation by Subsector and Industries: 2012,2012,ecnlifomine,https://api.census.gov/data/2012/ecnlifomine,,
Management of Companies and Enterprises: Subject Series - Misc Subjects: Inventories with LIFO Valuation for the U.S.: 2012 and 2011,2012,ecnlifoval,https://api.census.gov/data/2012/ecnlifoval,,
Economic Census: Economic Census of the United States: Economic Census US Lines Data,2012,ecnlines,https://api.census.gov/data/2012/ecnlines,,
Economic Census: Finance and Insurance: Type of Loan Products Income for the U.S.: 2017,2017,ecnloan,https://api.census.gov/data/2017/ecnloan,,
Finance and Insurance: Subject Series - Misc Subjects: Type of Loan Services Income for the U.S.: 2012,2012,ecnloan,https://api.census.gov/data/2012/ecnloan,,
Economic Census: Construction: Location of Construction Establishments by Employment Size for the U.S. and States: 2017,2017,ecnloccons,https://api.census.gov/data/2017/ecnloccons,,
"Economic Census: Manufacturing: Location of Manufacturing Establishments by Employment Size for the U.S., States, and Counties: 2017",2017,ecnlocmfg,https://api.census.gov/data/2017/ecnlocmfg,,
"Manufacturing: Subject Series: Location of Manufacturing Plants: Employment Size for Subsectors and Industries by U.S., State, County and Place: 2012",2012,ecnlocmfg,https://api.census.gov/data/2012/ecnlocmfg,,
"Economic Census: Mining: Location of Mines by Employment Size for Subsectors and Industries for the U.S., State, and Offshore Area: 2017",2017,ecnlocmine,https://api.census.gov/data/2017/ecnlocmine,,
"Economic Census: Sector Statistics: Mining: Location of Mines by Employment Size for Subsectors and Industries for the U.S., States, and Offshore Areas",2012,ecnlocmine,https://api.census.gov/data/2012/ecnlocmine,,
Economic Census: Wholesale Trade: Gross Margin and its Components for Merchant Wholesalers for the U.S.: 2017,2017,ecnmargin,https://api.census.gov/data/2017/ecnmargin,,
Wholesale Trade: Subject Series - Misc Subjects: Gross Margin and its Components for Merchant Wholesalers for the U.S.: 2012,2012,ecnmargin,https://api.census.gov/data/2012/ecnmargin,,
"Economic Census: Manufacturing and Mining: Materials Consumed and Selected Supplies, Minerals Received for Preparation, Purchased Machinery and Fuels Consumed by Type of Industry for the U.S.: 2017",2017,ecnmatfuel,https://api.census.gov/data/2017/ecnmatfuel,,
"Mining: Subject Series: Materials Summary: Selected Supplies, Minerals Received for Preparation, Purchased Machinery, and Fuels Consumed by Type of Industry: 2012",2012,ecnmatfuel,https://api.census.gov/data/2012/ecnmatfuel,,
Accommodation and Food Services: Subject Series - Misc Subjects: Average Cost Per Meal for the U.S. and States: 2012,2012,ecnmealcost,https://api.census.gov/data/2012/ecnmealcost,,
Accommodation and Food Services: Subject Series - Misc Subjects: Principal Menu Type or Specialty for the U.S. and States: 2012,2012,ecnmenutype,https://api.census.gov/data/2012/ecnmenutype,,
Economic Census: Industry by Products Statistics for the U.S.: 2017,2017,ecnnapcsind,https://api.census.gov/data/2017/ecnnapcsind,,
Economic Census: Products by Industry Statistics for the U.S.: 2017,2017,ecnnapcsprd,https://api.census.gov/data/2017/ecnnapcsprd,,
"Economic Census: Health Care and Social Assistance: Sales, Value of Shipments, or Revenue by Type of Patient Care for the U.S.: 2017",2017,ecnpatient,https://api.census.gov/data/2017/ecnpatient,,
Health Care and Social Assistance: Subject Series - Misc Subjects: Receipts/Revenue by Type of Patient Care for the U.S.: 2012,2012,ecnpatient,https://api.census.gov/data/2012/ecnpatient,,
Economic Census: Wholesale Trade: Petroleum Bulk Storage Capacity by Type of Facility and Type of Product for  the U.S. and States: 2017,2017,ecnpetrfac,https://api.census.gov/data/2017/ecnpetrfac,,
Wholesale Trade: Subject Series - Misc Subjects: Petroleum Bulk Storage Capacity by Type of Facility and Type of Product for States: 2012,2012,ecnpetrfac,https://api.census.gov/data/2012/ecnpetrfac,,
Economic Census: Wholesale Trade: Petroleum Bulk Storage Capacity by Type of Product and Storage Capacity Size for the U.S. and States: 2017,2017,ecnpetrprod,https://api.census.gov/data/2017/ecnpetrprod,,
Wholesale Trade: Subject Series - Misc Subjects: Petroleum Bulk Storage Capacity by Type of Product and Storage Capacity Size for States: 2012,2012,ecnpetrprod,https://api.census.gov/data/2012/ecnpetrprod,,
Economic Census: Wholesale Trade: Primary Method of Receiving Petroleum Bulk Liquid Products for the U.S. and States: 2017,2017,ecnpetrrec,https://api.census.gov/data/2017/ecnpetrrec,,
Wholesale Trade: Subject Series - Misc Subjects: Primary Method of Receiving Petroleum Bulk Liquid Products for States: 2012,2012,ecnpetrrec,https://api.census.gov/data/2012/ecnpetrrec,,
Economic Census: Wholesale Trade: Petroleum Bulk Storage Capacity by Type of Station by Type of Product for  the U.S. and States: 2017,2017,ecnpetrstat,https://api.census.gov/data/2017/ecnpetrstat,,
Wholesale Trade: Subject Series - Misc Subjects: Petroleum Bulk Storage Capacity by Type of Station by Type of Product for States: 2012,2012,ecnpetrstat,https://api.census.gov/data/2012/ecnpetrstat,,
Economic Census: Wholesale Trade: Gross Profit and its Components for Merchant Wholesalers for the U.S.: 2017,2017,ecnprofit,https://api.census.gov/data/2017/ecnprofit,,
Wholesale Trade: Subject Series - Misc Subjects: Gross Profit and its Components for Merchant Wholesalers for the U.S.: 2012,2012,ecnprofit,https://api.census.gov/data/2012/ecnprofit,,
Economic Census: Utilities: Cost of Purchased Electricity for Resale by Utilities for the U.S.: 2017,2017,ecnpurelec,https://api.census.gov/data/2017/ecnpurelec,,
Utilities: Subject Series - Misc Subjects: Cost of Purchased Electricity for Resale by Utilities for the U.S: 2012,2012,ecnpurelec,https://api.census.gov/data/2012/ecnpurelec,,
Economic Census: Utilities: Cost of Purchased Natural Gas for Resale by Utilities for the U.S.: 2017,2017,ecnpurgas,https://api.census.gov/data/2017/ecnpurgas,,
Economic Census: Transportation and Warehousing: Cost of Purchased Transportation by Mode of Shipping for the U.S. and States: 2017,2017,ecnpurmode,https://api.census.gov/data/2017/ecnpurmode,,
Transportation and Warehousing: Subject Series - Misc Subjects: Cost of Purchased Transportation by Mode of Shipping for the U.S. and States: 2012,2012,ecnpurmode,https://api.census.gov/data/2012/ecnpurmode,,
Management of Companies and Enterprises: Subject Series - Miscellaneous Subjects: Summary Statistics for Research and Development Acquisition for Selected Industries for the U.S.: 2012,2012,ecnrdacq,https://api.census.gov/data/2012/ecnrdacq,,
"Economic Census: Management of Companies and Enterprises: Research and Development for Corporate, Subsidiary, and Regional Managing Offices for the U.S.: 2017",2017,ecnrdofc,https://api.census.gov/data/2017/ecnrdofc,,
"Management of Companies and Enterprises: Subject Series - Misc Subjects: Research and Development for Corporate, Subsidiary, and Regional Managing Offices for the U.S.: 2012",2012,ecnrdofc,https://api.census.gov/data/2012/ecnrdofc,,
Accommodation and Food Services: Subject Series - Misc Subjects: Seating Capacity for the U.S. and States: 2012,2012,ecnseat,https://api.census.gov/data/2012/ecnseat,,
Economic Census: Establishment and Firm Size Statistics for the U.S: 2017,2017,ecnsize,https://api.census.gov/data/2017/ecnsize,,
2012 Economic Census - Economic Census US Economic Data by Size Category,2012,ecnsize,https://api.census.gov/data/2012/ecnsize,,
"Economic Census: Health Care and Social Assistance:  Sales, Value of Shipments, or Revenue by Type of Social Assistance for the U.S.: 2017",2017,ecnsocial,https://api.census.gov/data/2017/ecnsocial,,
Health Care and Social Assistance: Subject Series - Misc Subjects: Receipts/Revenue by Type of Social Assistance for the U.S.: 2012,2012,ecnsocial,https://api.census.gov/data/2012/ecnsocial,,
"Economic Census: Mining: Detailed Statistics by Type of Operation for the U.S., States, and Offshore Areas: 2022",2022,ecntype,https://api.census.gov/data/2022/ecntype,,
"Economic Census: Mining: Detailed Statistics by Type of Operation for the U.S., States, and Offshore Areas: 2017",2017,ecntype,https://api.census.gov/data/2017/ecntype,,
Mining: Geographic Area Series: Industry Statistics by Type of Operation for the State or Offshore Area: 2012,2012,ecntype,https://api.census.gov/data/2012/ecntype,,
"Economic Census: Health Care and Social Assistance:  Sales, Value of Shipments, or Revenue by Type of Payer for the U.S. and States: 2017",2017,ecntypepayer,https://api.census.gov/data/2017/ecntypepayer,,
Economic Census: Wholesale Trade: Detailed Type of Operation for the U.S.: 2022,2022,ecntypop,https://api.census.gov/data/2022/ecntypop,,
Economic Census: Wholesale Trade: Detailed Type of Operation for the U.S.: 2017,2017,ecntypop,https://api.census.gov/data/2017/ecntypop,,
Wholesale Trade: Subject Series - Misc Subjects: Detailed Type of Operation for the U.S.: 2012,2012,ecntypop,https://api.census.gov/data/2012/ecntypop,,
Economic Census: Construction: Value of Construction Work  for Location of Construction Work for U.S. and States: 2017,2017,ecnvalcon,https://api.census.gov/data/2017/ecnvalcon,,
Construction: Summary Series: General Summary: Value of Construction Work  for Location of Construction Work by Subsectors and Industries for U.S. and States: 2012,2012,ecnvalcon,https://api.census.gov/data/2012/ecnvalcon,,
2012 Economic Census - All Sectors: Economy-Wide Key Statistics,2012,ewks,https://api.census.gov/data/2012/ewks,,
2007 Economic Census - All Sectors: Economy-Wide Key Statistics,2007,ewks,https://api.census.gov/data/2007/ewks,,
2002 Economic Census - All Sectors: Economy-Wide Key Statistics,2002,ewks,https://api.census.gov/data/2002/ewks,,
1997 Economic Census - All Sectors: Economy-Wide Key Statistics,1997,ewks,https://api.census.gov/data/1997/ewks,,
2023 Geography Information,2023,geoinfo,https://api.census.gov/data/2023/geoinfo,,
2018 International Trade: Historical Imports and Exports,2018,intltrade/imp_exp,https://api.census.gov/data/2018/intltrade/imp_exp,,
2017 International Trade: Historical Imports and Exports,2017,intltrade/imp_exp,https://api.census.gov/data/2017/intltrade/imp_exp,,
2016 International Trade: Historical Imports and Exports,2016,intltrade/imp_exp,https://api.census.gov/data/2016/intltrade/imp_exp,,
2015 International Trade: Historical Imports and Exports,2015,intltrade/imp_exp,https://api.census.gov/data/2015/intltrade/imp_exp,,
2014 International Trade: Historical Imports and Exports,2014,intltrade/imp_exp,https://api.census.gov/data/2014/intltrade/imp_exp,,
2013 American Community Survey - Table Packages: Detailed Language Spoken in the U.S.,2013,language,https://api.census.gov/data/2013/language,,
2022 Nonemployer Statistics: Nonemployer Statistics,2022,nonemp,https://api.census.gov/data/2022/nonemp,,
Economic Surveys: Nonemployer Statistics,2021,nonemp,https://api.census.gov/data/2021/nonemp,,
Economic Surveys: Nonemployer Statistics,2020,nonemp,https://api.census.gov/data/2020/nonemp,,
Economic Surveys: Nonemployer Statistics,2019,nonemp,https://api.census.gov/data/2019/nonemp,,
2018 Nonemployer Statistics: Non Employer Statistics,2018,nonemp,https://api.census.gov/data/2018/nonemp,,
Annual Economic Surveys: Nonemployer Statistics,2017,nonemp,https://api.census.gov/data/2017/nonemp,,
2016 Nonemployer Statistics: Non Employer Statistics,2016,nonemp,https://api.census.gov/data/2016/nonemp,,
2015 Nonemployer Statistics: Non Employer Statistics,2015,nonemp,https://api.census.gov/data/2015/nonemp,,
2014 Nonemployer Statistics: Non Employer Statistics,2014,nonemp,https://api.census.gov/data/2014/nonemp,,
2013 Nonemployer Statistics: Non Employer Statistics,2013,nonemp,https://api.census.gov/data/2013/nonemp,,
Annual Economic Surveys: Nonemployer Statistics,2012,nonemp,https://api.census.gov/data/2012/nonemp,,
2011 Nonemployer Statistics: Non Employer Statistics,2011,nonemp,https://api.census.gov/data/2011/nonemp,,
2010 Nonemployer Statistics: Non Employer Statistics,2010,nonemp,https://api.census.gov/data/2010/nonemp,,
2009 Nonemployer Statistics: Non Employer Statistics,2009,nonemp,https://api.census.gov/data/2009/nonemp,,
2008 Nonemployer Statistics: Non Employer Statistics,2008,nonemp,https://api.census.gov/data/2008/nonemp,,
2007 Nonemployer Statistics: Non Employer Statistics,2007,nonemp,https://api.census.gov/data/2007/nonemp,,
2006 Nonemployer Statistics: Non Employer Statistics,2006,nonemp,https://api.census.gov/data/2006/nonemp,,
2005 Nonemployer Statistics: Non Employer Statistics,2005,nonemp,https://api.census.gov/data/2005/nonemp,,
2004 Nonemployer Statistics: Non Employer Statistics,2004,nonemp,https://api.census.gov/data/2004/nonemp,,
2003 Nonemployer Statistics: Non Employer Statistics,2003,nonemp,https://api.census.gov/data/2003/nonemp,,
2002 Nonemployer Statistics: Non Employer Statistics,2002,nonemp,https://api.census.gov/data/2002/nonemp,,
2001 Nonemployer Statistics: Non Employer Statistics,2001,nonemp,https://api.census.gov/data/2001/nonemp,,
2000 Nonemployer Statistics: Non Employer Statistics,2000,nonemp,https://api.census.gov/data/2000/nonemp,,
1999 Nonemployer Statistics: Non Employer Statistics,1999,nonemp,https://api.census.gov/data/1999/nonemp,,
1998 Nonemployer Statistics: Non Employer Statistics,1998,nonemp,https://api.census.gov/data/1998/nonemp,,
1997 Nonemployer Statistics: Non Employer Statistics,1997,nonemp,https://api.census.gov/data/1997/nonemp,,
Planning Database Block Group Level,2023,pdb/blockgroup,https://api.census.gov/data/2023/pdb/blockgroup,,
Planning Database Block Group Level,2022,pdb/blockgroup,https://api.census.gov/data/2022/pdb/blockgroup,,
Planning Database Block Group Level,2021,pdb/blockgroup,https://api.census.gov/data/2021/pdb/blockgroup,,
Planning Database Block Group Level,2020,pdb/blockgroup,https://api.census.gov/data/2020/pdb/blockgroup,,
Census Planning Database: Block Group,2019,pdb/blockgroup,https://api.census.gov/data/2019/pdb/blockgroup,,
2018 Census Planning Database: Block Group,2018,pdb/blockgroup,https://api.census.gov/data/2018/pdb/blockgroup,,
2016 Census Planning Database: Block Group,2016,pdb/blockgroup,https://api.census.gov/data/2016/pdb/blockgroup,,
2015 Census Planning Database: Block Group,2015,pdb/blockgroup,https://api.census.gov/data/2015/pdb/blockgroup,,
2020 Planning Database - State and County Level,2020,pdb/statecounty,https://api.census.gov/data/2020/pdb/statecounty,,
Planning Database Tract Level,2023,pdb/tract,https://api.census.gov/data/2023/pdb/tract,,
Planning Database Tract Level,2022,pdb/tract,https://api.census.gov/data/2022/pdb/tract,,
Planning Database Block Group Level,2021,pdb/tract,https://api.census.gov/data/2021/pdb/tract,,
Planning Database: Tract Level,2020,pdb/tract,https://api.census.gov/data/2020/pdb/tract,,
Census Planning Database: Tract Level,2019,pdb/tract,https://api.census.gov/data/2019/pdb/tract,,
2018 Census Planning Database: Tract Level,2018,pdb/tract,https://api.census.gov/data/2018/pdb/tract,,
2016 Census Planning Database: Tract Level,2016,pdb/tract,https://api.census.gov/data/2016/pdb/tract,,
2015 Census Planning Database: Tract Level,2015,pdb/tract,https://api.census.gov/data/2015/pdb/tract,,
Vintage 2014 Population Estimates: National Annual Resident Population Estimates by Single Year of Age and Sex,2014,pep/agesex,https://api.census.gov/data/2014/pep/agesex,,
"Vintage 2014 Population Estimates: National, State, County Annual Resident Population Estimates by Age Groups, Sex, 5 Races, and Hispanic Origin",2014,pep/agespecial5,https://api.census.gov/data/2014/pep/agespecial5,,
"Vintage 2014 Population Estimates: National, State, County Annual Resident Population Estimates by Age Groups, Sex, 6 Races, and Hispanic Origin",2014,pep/agespecial6,https://api.census.gov/data/2014/pep/agespecial6,,
Vintage 2014 Population Estimates: Puerto Rico Commonwealth and Municipios Annual Resident Population Estimates by Age Groups and Sex,2014,pep/agespecialpr,https://api.census.gov/data/2014/pep/agespecialpr,,
"Population Estimates: Estimates by Age, Sex, Race, and Hispanic Origin",2019,pep/charage,https://api.census.gov/data/2019/pep/charage,,
Vintage 2018 Population Estimates: Characteristics by Single Year of Age,2018,pep/charage,https://api.census.gov/data/2018/pep/charage,,
Vintage 2017 Population Estimates: Characteristics by Single Year of Age,2017,pep/charage,https://api.census.gov/data/2017/pep/charage,,
Vintage 2016 Population Estimates: Characteristics by Single Year of Age,2016,pep/charage,https://api.census.gov/data/2016/pep/charage,,
Vintage 2015 Population Estimates: Characteristics by Single Year of Age,2015,pep/charage,https://api.census.gov/data/2015/pep/charage,,
"Population Estimates: Estimates by Age Group, Sex, Race, and Hispanic Origin",2019,pep/charagegroups,https://api.census.gov/data/2019/pep/charagegroups,,
Vintage 2018 Population Estimates: Demographic Characteristics Estimates by Age Groups,2018,pep/charagegroups,https://api.census.gov/data/2018/pep/charagegroups,,
Vintage 2017 Population Estimates: Demographic Characteristics Estimates by Age Groups,2017,pep/charagegroups,https://api.census.gov/data/2017/pep/charagegroups,,
Vintage 2016 Population Estimates: Demographic Characteristics Estimates by Age Groups,2016,pep/charagegroups,https://api.census.gov/data/2016/pep/charagegroups,,
Vintage 2015 Population Estimates: Demographic Characteristics Estimates by Age Groups,2015,pep/charagegroups,https://api.census.gov/data/2015/pep/charagegroups,,
"Vintage 2014 Population Estimates: County Population Estimates by 5 Year Age Groups, Sex, 5 Races, and Hispanic Origin",2014,pep/cochar5,https://api.census.gov/data/2014/pep/cochar5,,
"Vintage 2013 Population Estimates: County Population Estimates by 5 Year Age Groups, Sex, 5 Races, and Hispanic Origin",2013,pep/cochar5,https://api.census.gov/data/2013/pep/cochar5,,
"Vintage 2014 Population Estimates: County Population Estimates by 5 Year Age Groups, Sex, 6 Races, and Hispanic Origin",2014,pep/cochar6,https://api.census.gov/data/2014/pep/cochar6,,
"Vintage 2013 Population Estimates: County Population Estimates by 5 Year Age Groups, Sex, 6 Races, and Hispanic Origin",2013,pep/cochar6,https://api.census.gov/data/2013/pep/cochar6,,
Population Estimates: Census Bureau Version: Components of Change Estimates,2019,pep/components,https://api.census.gov/data/2019/pep/components,,
Vintage 2018 Population Estimates: Components of Change Estimates,2018,pep/components,https://api.census.gov/data/2018/pep/components,,
Vintage 2017 Population Estimates: Components of Change Estimates,2017,pep/components,https://api.census.gov/data/2017/pep/components,,
Vintage 2016 Population Estimates: Components of Change Estimates,2016,pep/components,https://api.census.gov/data/2016/pep/components,,
Vintage 2015 Population Estimates: Components of Change Estimates,2015,pep/components,https://api.census.gov/data/2015/pep/components,,
Vintage 2014 Population Estimates: County Total Population and Components of Change,2014,pep/cty,https://api.census.gov/data/2014/pep/cty,,
Vintage 2013 Population Estimates: County Total Population and Components of Change,2013,pep/cty,https://api.census.gov/data/2013/pep/cty,,
"Population Estimates: Housing Unit Estimates for US, States, and Counties",2019,pep/housing,https://api.census.gov/data/2019/pep/housing,,
"Vintage 2018 Population Estimates: Housing Unit Estimates for US, States, and Counties",2018,pep/housing,https://api.census.gov/data/2018/pep/housing,,
"Vintage 2017 Population Estimates: Housing Unit Estimates for US, States, and Counties",2017,pep/housing,https://api.census.gov/data/2017/pep/housing,,
"Vintage 2016 Population Estimates: Housing Unit Estimates for US, States, and Counties",2016,pep/housing,https://api.census.gov/data/2016/pep/housing,,
"Vintage 2015 Population Estimates: Housing Unit Estimates for US, States, and Counties",2015,pep/housing,https://api.census.gov/data/2015/pep/housing,,
"Vintage 2014 Population Estimates: Housing Unit Estimates for US, States, and Counties",2014,pep/housing,https://api.census.gov/data/2014/pep/housing,,
"Vintage 2013 Population Estimates: Housing Unit Estimates for US, States, and Counties",2013,pep/housing,https://api.census.gov/data/2013/pep/housing,,
2000 Population Estimates - 2000-2010 Intercensal Estimates: Characteristics by Single Year of Age,2000,pep/int_charage,https://api.census.gov/data/2000/pep/int_charage,,
2000 Population Estimates - 2000-2010 Intercensal Estimates: Characteristics by Age Groups,2000,pep/int_charagegroups,https://api.census.gov/data/2000/pep/int_charagegroups,,
"1990 Population Estimates - 1990-2000 Intercensal Estimates: County Estimates by 5 Year Age Groups, Race by Sex, and Hispanic Origin",1990,pep/int_charagegroups,https://api.census.gov/data/1990/pep/int_charagegroups,,
2000 Population Estimates - 2000-2010 Intercensal Estimates: Housing Units,2000,pep/int_housingunits,https://api.census.gov/data/2000/pep/int_housingunits,,
1990 Population Estimates - 1990-2000 Intercensal Estimates: United States Civilian Population Estimates by Age and Sex,1990,pep/int_natcivpop,https://api.census.gov/data/1990/pep/int_natcivpop,,
2000 Population Estimates - 2000-2010 Intercensal Estimates: National Monthly Population Estimates,2000,pep/int_natmonthly,https://api.census.gov/data/2000/pep/int_natmonthly,,
1990 Population Estimates - 1990-2000 Intercensal Estimates: United States Resident plus Armed Forces Overseas Population Estimates by Age and Sex,1990,pep/int_natresafo,https://api.census.gov/data/1990/pep/int_natresafo,,
1990 Population Estimates - 1990-2000 Intercensal Estimates: United States Resident Population Estimates by Age and Sex,1990,pep/int_natrespop,https://api.census.gov/data/1990/pep/int_natrespop,,
2000 Population Estimates - 2000-2010 Intercensal Estimates: Population,2000,pep/int_population,https://api.census.gov/data/2000/pep/int_population,,
"Vintage 2014 Population Estimates: National Monthly Population Estimates by Single Year of Age , Sex, 5 Races, Hispanic Origin, and Universe",2014,pep/monthlynatchar5,https://api.census.gov/data/2014/pep/monthlynatchar5,,
"Vintage 2013 Population Estimates: National Monthly Population Estimates by Single Year of Age , Sex, 5 Races, Hispanic Origin, and Universe",2013,pep/monthlynatchar5,https://api.census.gov/data/2013/pep/monthlynatchar5,,
"Vintage 2014 Population Estimates: National Monthly Population Estimates by Single Year of Age, Sex, 6 Races, Hispanic Origin, and Universe",2014,pep/monthlynatchar6,https://api.census.gov/data/2014/pep/monthlynatchar6,,
"Vintage 2013 Population Estimates: National Monthly Population Estimates by Single Year of Age, Sex, 6 Races, Hispanic Origin, and Universe",2013,pep/monthlynatchar6,https://api.census.gov/data/2013/pep/monthlynatchar6,,
Population Estimates: National Monthly Population,2021,pep/natmonthly,https://api.census.gov/data/2021/pep/natmonthly,,
Population Estimates: National Monthly Population Estimates,2019,pep/natmonthly,https://api.census.gov/data/2019/pep/natmonthly,,
Vintage 2018 Population Estimates: National Monthly Population Estimates,2018,pep/natmonthly,https://api.census.gov/data/2018/pep/natmonthly,,
Vintage 2017 Population Estimates: National Monthly Population Estimates,2017,pep/natmonthly,https://api.census.gov/data/2017/pep/natmonthly,,
Vintage 2016 Population Estimates: National Monthly Population Estimates,2016,pep/natmonthly,https://api.census.gov/data/2016/pep/natmonthly,,
Vintage 2015 Population Estimates: National Monthly Population Estimates,2015,pep/natmonthly,https://api.census.gov/data/2015/pep/natmonthly,,
"Vintage 2014 Population Estimates: US, State, and PR Total Population and Components of Change",2014,pep/natstprc,https://api.census.gov/data/2014/pep/natstprc,,
"Vintage 2013 Population Estimates: US, State, and PR Total Population and Components of Change",2013,pep/natstprc,https://api.census.gov/data/2013/pep/natstprc,,
"Vintage 2014 Population Estimates: US, State, and PR Population Age 18+",2014,pep/natstprc18,https://api.census.gov/data/2014/pep/natstprc18,,
"Vintage 2013 Population Estimates: US, State, and PR Population Age 18+",2013,pep/natstprc18,https://api.census.gov/data/2013/pep/natstprc18,,
Population Estimates: Population Estimates,2021,pep/population,https://api.census.gov/data/2021/pep/population,,
Population Estimates: Population Estimates,2019,pep/population,https://api.census.gov/data/2019/pep/population,,
Vintage 2018 Population Estimates: Population Estimates,2018,pep/population,https://api.census.gov/data/2018/pep/population,,
Vintage 2017 Population Estimates: Population Estimates,2017,pep/population,https://api.census.gov/data/2017/pep/population,,
Vintage 2016 Population Estimates: Population Estimates,2016,pep/population,https://api.census.gov/data/2016/pep/population,,
Vintage 2015 Population Estimates: Population Estimates,2015,pep/population,https://api.census.gov/data/2015/pep/population,,
Vintage 2014 Population Estimates: Puerto Rico Commonwealth Estimates by Single Year of Age and Sex,2014,pep/prcagesex,https://api.census.gov/data/2014/pep/prcagesex,,
Vintage 2013 Population Estimates: Puerto Rico Commonwealth Estimates by Single Year of Age and Sex,2013,pep/prcagesex,https://api.census.gov/data/2013/pep/prcagesex,,
Vintage 2014 Population Estimates: Puerto Rico Municipios Total Population,2014,pep/prm,https://api.census.gov/data/2014/pep/prm,,
Vintage 2013 Population Estimates: Puerto Rico Municipios Total Population,2013,pep/prm,https://api.census.gov/data/2013/pep/prm,,
Vintage 2014 Population Estimates: Puerto Rico Municipios Estimates by 5-Year Age Groups and Sex,2014,pep/prmagesex,https://api.census.gov/data/2014/pep/prmagesex,,
Vintage 2013 Population Estimates: Puerto Rico Municipios Estimates by 5-Year Age Groups and Sex,2013,pep/prmagesex,https://api.census.gov/data/2013/pep/prmagesex,,
"2014 National Population Projections: Projected Population by Age Groups, Sex, Race, and Hispanic Origin for the United States",2014,pep/projagegroups,https://api.census.gov/data/2014/pep/projagegroups,,
"2014 National Population Projections: Projected Births by Sex, Race, and Hispanic Origin for the United States",2014,pep/projbirths,https://api.census.gov/data/2014/pep/projbirths,,
"2014 National Population Projections: Projected Deaths by Single Year of Age, Sex, Race, and Hispanic Origin for the United States",2014,pep/projdeaths,https://api.census.gov/data/2014/pep/projdeaths,,
"2014 National Population Projections: Projected Population by Single Year of Age, Sex, Race, Hispanic Origin, and Nativity for the United States",2014,pep/projnat,https://api.census.gov/data/2014/pep/projnat,,
"2014 National Population Projections: Projected Net International Migration by Single Year of Age, Sex, Race, and Hispanic Origin for the United States",2014,pep/projnim,https://api.census.gov/data/2014/pep/projnim,,
"2014 National Population Projections: Projected Population by Single Year of Age, Sex, Race, and Hispanic Origin for the United States",2014,pep/projpop,https://api.census.gov/data/2014/pep/projpop,,
"Vintage 2014 Population Estimates: State Population Estimates by Single Year of Age, Sex, 5 Races, and Hispanic Origin",2014,pep/stchar5,https://api.census.gov/data/2014/pep/stchar5,,
"Vintage 2013 Population Estimates: State Population Estimates by Single Year of Age, Sex, 5 Races, and Hispanic Origin",2013,pep/stchar5,https://api.census.gov/data/2013/pep/stchar5,,
"Vintage 2014 Population Estimates: State Population Estimates by Single Year of Age, Sex, 6 Races, and Hispanic Origin",2014,pep/stchar6,https://api.census.gov/data/2014/pep/stchar6,,
"Vintage 2013 Population Estimates: State Population Estimates by Single Year of Age, Sex, 6 Races, and Hispanic Origin",2013,pep/stchar6,https://api.census.gov/data/2013/pep/stchar6,,
Vintage 2014 Population Estimates: Subcounty Population Places and MCDs,2014,pep/subcty,https://api.census.gov/data/2014/pep/subcty,,
Vintage 2013 Population Estimates: Subcounty Population Places and MCDs,2013,pep/subcty,https://api.census.gov/data/2013/pep/subcty,,
"National Population Projections: Projected Population by Age Group, Sex, Race, and Hispanic Origin for the United States: 2016-2060",2017,popproj/agegroups,https://api.census.gov/data/2017/popproj/agegroups,,
"National Population Projections: Projected Births by Sex, Race, and Hispanic Origin for the United States: 2016-2060",2017,popproj/births,https://api.census.gov/data/2017/popproj/births,,
2012 National Population Projections: Projected Births,2012,popproj/births,https://api.census.gov/data/2012/popproj/births,,
"National Population Projections: Projected Population by Single Year of Age, Sex, Race, and Hispanic Origin for the United States: 2016-2060",2017,popproj/deaths,https://api.census.gov/data/2017/popproj/deaths,,
2012 National Population Projections: Projected Deaths,2012,popproj/deaths,https://api.census.gov/data/2012/popproj/deaths,,
"National Population Projections: Projected Population by Single Year of Age, Sex, Race, and Hispanic Origin, and Nativity for the United States: 2016-2060",2017,popproj/nat,https://api.census.gov/data/2017/popproj/nat,,
"National Population Projections: Projected Net International Migration by Single Year of Age, Sex, Race, and Hispanic Origin for the United States: 2016-2060",2017,popproj/nim,https://api.census.gov/data/2017/popproj/nim,,
2012 National Population Projections: Projected Net International Migration by Single Year of age,2012,popproj/nim,https://api.census.gov/data/2012/popproj/nim,,
"National Population Projections: Projected Population by Single Year of Age, Sex, Race, and Hispanic Origin for the United States: 2016-2060",2017,popproj/pop,https://api.census.gov/data/2017/popproj/pop,,
2012 National Population Projections: Projected Population by Single Year of Age,2012,popproj/pop,https://api.census.gov/data/2012/popproj/pop,,
2012 Public Elementary-Secondary Education Finance: Individual Unit Tables,2012,pubschlfin,https://api.census.gov/data/2012/pubschlfin,,
Rental Housing Finance Survey,2021,rhfs,https://api.census.gov/data/2021/rhfs,,
Rental Housing Finance Survey,2018,rhfs,https://api.census.gov/data/2018/rhfs,,
Rental Housing Finance Survey,2015,rhfs,https://api.census.gov/data/2015/rhfs,,
Economic Surveys: Survey of Business Owners: Survey of Business Owners Company Summary,2012,sbo/cs,https://api.census.gov/data/2012/sbo/cs,,
Economic Surveys: Survey of Business Owners: Survey of Business Owners Characteristics of Business,2012,sbo/cscb,https://api.census.gov/data/2012/sbo/cscb,,
Economic Surveys: Survey of Business Owners: Survey of Business Owners Characteristics of Business Owners,2012,sbo/cscbo,https://api.census.gov/data/2012/sbo/cscbo,,
2023 Survey of Income and Program Participation (SIPP),2023,sipp,https://api.census.gov/data/2023/sipp,,
2022 Survey of Income and Program Participation,2022,sipp,https://api.census.gov/data/2022/sipp,,
1990 Survey of Income and Program Participation - 1990 Panel: Type of Benefit and Year of Death Data,1990,sipp/benefit/1990panel,https://api.census.gov/data/1990/sipp/benefit/1990panel,,
1991 Survey of Income and Program Participation - 1991 Panel: Type of Benefit and Year of Death Data,1991,sipp/benefit/1991panel,https://api.census.gov/data/1991/sipp/benefit/1991panel,,
Wave 1 Survey of Income and Program Participation - 1990 Panel: Core,1990,sipp/core/1990panel/wave1,https://api.census.gov/data/1990/sipp/core/1990panel/wave1,,
Wave 2 Survey of Income and Program Participation - 1990 Panel: Core,1990,sipp/core/1990panel/wave2,https://api.census.gov/data/1990/sipp/core/1990panel/wave2,,
Wave 3 Survey of Income and Program Participation - 1990 Panel: Core,1990,sipp/core/1990panel/wave3,https://api.census.gov/data/1990/sipp/core/1990panel/wave3,,
Wave 4 Survey of Income and Program Participation - 1990 Panel: Core,1990,sipp/core/1990panel/wave4,https://api.census.gov/data/1990/sipp/core/1990panel/wave4,,
Wave 5 Survey of Income and Program Participation - 1990 Panel: Core,1990,sipp/core/1990panel/wave5,https://api.census.gov/data/1990/sipp/core/1990panel/wave5,,
Wave 6 Survey of Income and Program Participation - 1990 Panel: Core,1990,sipp/core/1990panel/wave6,https://api.census.gov/data/1990/sipp/core/1990panel/wave6,,
Wave 7 Survey of Income and Program Participation - 1990 Panel: Core,1990,sipp/core/1990panel/wave7,https://api.census.gov/data/1990/sipp/core/1990panel/wave7,,
Wave 8 Survey of Income and Program Participation - 1990 Panel: Core,1990,sipp/core/1990panel/wave8,https://api.census.gov/data/1990/sipp/core/1990panel/wave8,,
Wave 1 Survey of Income and Program Participation - 1991 Panel: Core,1991,sipp/core/1991panel/wave1,https://api.census.gov/data/1991/sipp/core/1991panel/wave1,,
Wave 2 Survey of Income and Program Participation - 1991 Panel: Core,1991,sipp/core/1991panel/wave2,https://api.census.gov/data/1991/sipp/core/1991panel/wave2,,
Wave 3 Survey of Income and Program Participation - 1991 Panel: Core,1991,sipp/core/1991panel/wave3,https://api.census.gov/data/1991/sipp/core/1991panel/wave3,,
Wave 4 Survey of Income and Program Participation - 1991 Panel: Core,1991,sipp/core/1991panel/wave4,https://api.census.gov/data/1991/sipp/core/1991panel/wave4,,
Wave 5 Survey of Income and Program Participation - 1991 Panel: Core,1991,sipp/core/1991panel/wave5,https://api.census.gov/data/1991/sipp/core/1991panel/wave5,,
Wave 6 Survey of Income and Program Participation - 1991 Panel: Core,1991,sipp/core/1991panel/wave6,https://api.census.gov/data/1991/sipp/core/1991panel/wave6,,
Wave 7 Survey of Income and Program Participation - 1991 Panel: Core,1991,sipp/core/1991panel/wave7,https://api.census.gov/data/1991/sipp/core/1991panel/wave7,,
Wave 8 Survey of Income and Program Participation - 1991 Panel: Core,1991,sipp/core/1991panel/wave8,https://api.census.gov/data/1991/sipp/core/1991panel/wave8,,
Wave 1 Survey of Income and Program Participation - 1992 Panel: Core,1992,sipp/core/1992panel/wave1,https://api.census.gov/data/1992/sipp/core/1992panel/wave1,,
Wave 2 Survey of Income and Program Participation - 1992 Panel: Core,1992,sipp/core/1992panel/wave2,https://api.census.gov/data/1992/sipp/core/1992panel/wave2,,
Wave 3 Survey of Income and Program Participation - 1992 Panel: Core,1992,sipp/core/1992panel/wave3,https://api.census.gov/data/1992/sipp/core/1992panel/wave3,,
Wave 4 Survey of Income and Program Participation - 1992 Panel: Core,1992,sipp/core/1992panel/wave4,https://api.census.gov/data/1992/sipp/core/1992panel/wave4,,
Wave 5 Survey of Income and Program Participation - 1992 Panel: Core,1992,sipp/core/1992panel/wave5,https://api.census.gov/data/1992/sipp/core/1992panel/wave5,,
Wave 6 Survey of Income and Program Participation - 1992 Panel: Core,1992,sipp/core/1992panel/wave6,https://api.census.gov/data/1992/sipp/core/1992panel/wave6,,
Wave 7 Survey of Income and Program Participation - 1992 Panel: Core,1992,sipp/core/1992panel/wave7,https://api.census.gov/data/1992/sipp/core/1992panel/wave7,,
Wave 8 Survey of Income and Program Participation - 1992 Panel: Core,1992,sipp/core/1992panel/wave8,https://api.census.gov/data/1992/sipp/core/1992panel/wave8,,
Wave 9 Survey of Income and Program Participation - 1992 Panel: Core,1992,sipp/core/1992panel/wave9,https://api.census.gov/data/1992/sipp/core/1992panel/wave9,,
Wave 1 Survey of Income and Program Participation - 1993 Panel: Core,1993,sipp/core/1993panel/wave1,https://api.census.gov/data/1993/sipp/core/1993panel/wave1,,
Wave 2 Survey of Income and Program Participation - 1993 Panel: Core,1993,sipp/core/1993panel/wave2,https://api.census.gov/data/1993/sipp/core/1993panel/wave2,,
Wave 3 Survey of Income and Program Participation - 1993 Panel: Core,1993,sipp/core/1993panel/wave3,https://api.census.gov/data/1993/sipp/core/1993panel/wave3,,
Wave 4 Survey of Income and Program Participation - 1993 Panel: Core,1993,sipp/core/1993panel/wave4,https://api.census.gov/data/1993/sipp/core/1993panel/wave4,,
Wave 5 Survey of Income and Program Participation - 1993 Panel: Core,1993,sipp/core/1993panel/wave5,https://api.census.gov/data/1993/sipp/core/1993panel/wave5,,
Wave 6 Survey of Income and Program Participation - 1993 Panel: Core,1993,sipp/core/1993panel/wave6,https://api.census.gov/data/1993/sipp/core/1993panel/wave6,,
Wave 7 Survey of Income and Program Participation - 1993 Panel: Core,1993,sipp/core/1993panel/wave7,https://api.census.gov/data/1993/sipp/core/1993panel/wave7,,
Wave 8 Survey of Income and Program Participation - 1993 Panel: Core,1993,sipp/core/1993panel/wave8,https://api.census.gov/data/1993/sipp/core/1993panel/wave8,,
Wave 9 Survey of Income and Program Participation - 1993 Panel: Core,1993,sipp/core/1993panel/wave9,https://api.census.gov/data/1993/sipp/core/1993panel/wave9,,
Wave 1 Survey of Income and Program Participation - 1996 Panel: Core,1996,sipp/core/1996panel/wave1,https://api.census.gov/data/1996/sipp/core/1996panel/wave1,,
Wave 10 Survey of Income and Program Participation - 1996 Panel: Core,1996,sipp/core/1996panel/wave10,https://api.census.gov/data/1996/sipp/core/1996panel/wave10,,
Wave 11 Survey of Income and Program Participation - 1996 Panel: Core,1996,sipp/core/1996panel/wave11,https://api.census.gov/data/1996/sipp/core/1996panel/wave11,,
Wave 12 Survey of Income and Program Participation - 1996 Panel: Core,1996,sipp/core/1996panel/wave12,https://api.census.gov/data/1996/sipp/core/1996panel/wave12,,
Wave 2 Survey of Income and Program Participation - 1996 Panel: Core,1996,sipp/core/1996panel/wave2,https://api.census.gov/data/1996/sipp/core/1996panel/wave2,,
Wave 3 Survey of Income and Program Participation - 1996 Panel: Core,1996,sipp/core/1996panel/wave3,https://api.census.gov/data/1996/sipp/core/1996panel/wave3,,
Wave 4 Survey of Income and Program Participation - 1996 Panel: Core,1996,sipp/core/1996panel/wave4,https://api.census.gov/data/1996/sipp/core/1996panel/wave4,,
Wave 5 Survey of Income and Program Participation - 1996 Panel: Core,1996,sipp/core/1996panel/wave5,https://api.census.gov/data/1996/sipp/core/1996panel/wave5,,
Wave 6 Survey of Income and Program Participation - 1996 Panel: Core,1996,sipp/core/1996panel/wave6,https://api.census.gov/data/1996/sipp/core/1996panel/wave6,,
Wave 7 Survey of Income and Program Participation - 1996 Panel: Core,1996,sipp/core/1996panel/wave7,https://api.census.gov/data/1996/sipp/core/1996panel/wave7,,
Wave 8 Survey of Income and Program Participation - 1996 Panel: Core,1996,sipp/core/1996panel/wave8,https://api.census.gov/data/1996/sipp/core/1996panel/wave8,,
Wave 9 Survey of Income and Program Participation - 1996 Panel: Core,1996,sipp/core/1996panel/wave9,https://api.census.gov/data/1996/sipp/core/1996panel/wave9,,
Wave 1 Survey of Income and Program Participation - 2001 Panel: Core,2001,sipp/core/2001panel/wave1,https://api.census.gov/data/2001/sipp/core/2001panel/wave1,,
Wave 2 Survey of Income and Program Participation - 2001 Panel: Core,2001,sipp/core/2001panel/wave2,https://api.census.gov/data/2001/sipp/core/2001panel/wave2,,
Wave 3 Survey of Income and Program Participation - 2001 Panel: Core,2001,sipp/core/2001panel/wave3,https://api.census.gov/data/2001/sipp/core/2001panel/wave3,,
Wave 4 Survey of Income and Program Participation - 2001 Panel: Core,2001,sipp/core/2001panel/wave4,https://api.census.gov/data/2001/sipp/core/2001panel/wave4,,
Wave 5 Survey of Income and Program Participation - 2001 Panel: Core,2001,sipp/core/2001panel/wave5,https://api.census.gov/data/2001/sipp/core/2001panel/wave5,,
Wave 6 Survey of Income and Program Participation - 2001 Panel: Core,2001,sipp/core/2001panel/wave6,https://api.census.gov/data/2001/sipp/core/2001panel/wave6,,
Wave 7 Survey of Income and Program Participation - 2001 Panel: Core,2001,sipp/core/2001panel/wave7,https://api.census.gov/data/2001/sipp/core/2001panel/wave7,,
Wave 8 Survey of Income and Program Participation - 2001 Panel: Core,2001,sipp/core/2001panel/wave8,https://api.census.gov/data/2001/sipp/core/2001panel/wave8,,
Wave 9 Survey of Income and Program Participation - 2001 Panel: Core,2001,sipp/core/2001panel/wave9,https://api.census.gov/data/2001/sipp/core/2001panel/wave9,,
Wave 1 Survey of Income and Program Participation - 2004 Panel: Core,2004,sipp/core/2004panel/wave1,https://api.census.gov/data/2004/sipp/core/2004panel/wave1,,
Wave 10 Survey of Income and Program Participation - 2004 Panel: Core,2004,sipp/core/2004panel/wave10,https://api.census.gov/data/2004/sipp/core/2004panel/wave10,,
Wave 11 Survey of Income and Program Participation - 2004 Panel: Core,2004,sipp/core/2004panel/wave11,https://api.census.gov/data/2004/sipp/core/2004panel/wave11,,
Wave 12 Survey of Income and Program Participation - 2004 Panel: Core,2004,sipp/core/2004panel/wave12,https://api.census.gov/data/2004/sipp/core/2004panel/wave12,,
Wave 2 Survey of Income and Program Participation - 2004 Panel: Core,2004,sipp/core/2004panel/wave2,https://api.census.gov/data/2004/sipp/core/2004panel/wave2,,
Wave 3 Survey of Income and Program Participation - 2004 Panel: Core,2004,sipp/core/2004panel/wave3,https://api.census.gov/data/2004/sipp/core/2004panel/wave3,,
Wave 4 Survey of Income and Program Participation - 2004 Panel: Core,2004,sipp/core/2004panel/wave4,https://api.census.gov/data/2004/sipp/core/2004panel/wave4,,
Wave 5 Survey of Income and Program Participation - 2004 Panel: Core,2004,sipp/core/2004panel/wave5,https://api.census.gov/data/2004/sipp/core/2004panel/wave5,,
Wave 6 Survey of Income and Program Participation - 2004 Panel: Core,2004,sipp/core/2004panel/wave6,https://api.census.gov/data/2004/sipp/core/2004panel/wave6,,
Wave 7 Survey of Income and Program Participation - 2004 Panel: Core,2004,sipp/core/2004panel/wave7,https://api.census.gov/data/2004/sipp/core/2004panel/wave7,,
Wave 8 Survey of Income and Program Participation - 2004 Panel: Core,2004,sipp/core/2004panel/wave8,https://api.census.gov/data/2004/sipp/core/2004panel/wave8,,
Wave 9 Survey of Income and Program Participation - 2004 Panel: Core,2004,sipp/core/2004panel/wave9,https://api.census.gov/data/2004/sipp/core/2004panel/wave9,,
Wave 1 Survey of Income and Program Participation - 2008 Panel: Core,2008,sipp/core/2008panel/wave1,https://api.census.gov/data/2008/sipp/core/2008panel/wave1,,
Wave 10 Survey of Income and Program Participation - 2008 Panel: Core,2008,sipp/core/2008panel/wave10,https://api.census.gov/data/2008/sipp/core/2008panel/wave10,,
Wave 11 Survey of Income and Program Participation - 2008 Panel: Core,2008,sipp/core/2008panel/wave11,https://api.census.gov/data/2008/sipp/core/2008panel/wave11,,
Wave 12 Survey of Income and Program Participation - 2008 Panel: Core,2008,sipp/core/2008panel/wave12,https://api.census.gov/data/2008/sipp/core/2008panel/wave12,,
Wave 13 Survey of Income and Program Participation - 2008 Panel: Core,2008,sipp/core/2008panel/wave13,https://api.census.gov/data/2008/sipp/core/2008panel/wave13,,
Wave 14 Survey of Income and Program Participation - 2008 Panel: Core,2008,sipp/core/2008panel/wave14,https://api.census.gov/data/2008/sipp/core/2008panel/wave14,,
Wave 15 Survey of Income and Program Participation - 2008 Panel: Core,2008,sipp/core/2008panel/wave15,https://api.census.gov/data/2008/sipp/core/2008panel/wave15,,
Wave 16 Survey of Income and Program Participation - 2008 Panel: Core,2008,sipp/core/2008panel/wave16,https://api.census.gov/data/2008/sipp/core/2008panel/wave16,,
Wave 2 Survey of Income and Program Participation - 2008 Panel: Core,2008,sipp/core/2008panel/wave2,https://api.census.gov/data/2008/sipp/core/2008panel/wave2,,
Wave 3 Survey of Income and Program Participation - 2008 Panel: Core,2008,sipp/core/2008panel/wave3,https://api.census.gov/data/2008/sipp/core/2008panel/wave3,,
Wave 4 Survey of Income and Program Participation - 2008 Panel: Core,2008,sipp/core/2008panel/wave4,https://api.census.gov/data/2008/sipp/core/2008panel/wave4,,
Wave 5 Survey of Income and Program Participation - 2008 Panel: Core,2008,sipp/core/2008panel/wave5,https://api.census.gov/data/2008/sipp/core/2008panel/wave5,,
Wave 6 Survey of Income and Program Participation - 2008 Panel: Core,2008,sipp/core/2008panel/wave6,https://api.census.gov/data/2008/sipp/core/2008panel/wave6,,
Wave 7 Survey of Income and Program Participation - 2008 Panel: Core,2008,sipp/core/2008panel/wave7,https://api.census.gov/data/2008/sipp/core/2008panel/wave7,,
Wave 8 Survey of Income and Program Participation - 2008 Panel: Core,2008,sipp/core/2008panel/wave8,https://api.census.gov/data/2008/sipp/core/2008panel/wave8,,
Wave 9 Survey of Income and Program Participation - 2008 Panel: Core,2008,sipp/core/2008panel/wave9,https://api.census.gov/data/2008/sipp/core/2008panel/wave9,,
Wave 2 Survey of Income and Program Participation - 1990 Panel: Topical Modules,1990,sipp/topical/1990panel/wave2,https://api.census.gov/data/1990/sipp/topical/1990panel/wave2,,
Wave 3 Survey of Income and Program Participation - 1990 Panel: Topical Modules,1990,sipp/topical/1990panel/wave3,https://api.census.gov/data/1990/sipp/topical/1990panel/wave3,,
Wave 4 Survey of Income and Program Participation - 1990 Panel: Topical Modules,1990,sipp/topical/1990panel/wave4,https://api.census.gov/data/1990/sipp/topical/1990panel/wave4,,
Wave 6 Survey of Income and Program Participation - 1990 Panel: Topical Modules,1990,sipp/topical/1990panel/wave6,https://api.census.gov/data/1990/sipp/topical/1990panel/wave6,,
Wave 7 Survey of Income and Program Participation - 1990 Panel: Topical Modules,1990,sipp/topical/1990panel/wave7,https://api.census.gov/data/1990/sipp/topical/1990panel/wave7,,
Wave 8 Survey of Income and Program Participation - 1990 Panel: Topical Modules,1990,sipp/topical/1990panel/wave8,https://api.census.gov/data/1990/sipp/topical/1990panel/wave8,,
Wave 2 Survey of Income and Program Participation - 1991 Panel: Topical Modules,1991,sipp/topical/1991panel/wave2,https://api.census.gov/data/1991/sipp/topical/1991panel/wave2,,
Wave 3 Survey of Income and Program Participation - 1991 Panel: Topical Modules,1991,sipp/topical/1991panel/wave3,https://api.census.gov/data/1991/sipp/topical/1991panel/wave3,,
Wave 4 Survey of Income and Program Participation - 1991 Panel: Topical Modules,1991,sipp/topical/1991panel/wave4,https://api.census.gov/data/1991/sipp/topical/1991panel/wave4,,
Wave 5 Survey of Income and Program Participation - 1991 Panel: Topical Modules,1991,sipp/topical/1991panel/wave5,https://api.census.gov/data/1991/sipp/topical/1991panel/wave5,,
Wave 6 Survey of Income and Program Participation - 1991 Panel: Topical Modules,1991,sipp/topical/1991panel/wave6,https://api.census.gov/data/1991/sipp/topical/1991panel/wave6,,
Wave 7 Survey of Income and Program Participation - 1991 Panel: Topical Modules,1991,sipp/topical/1991panel/wave7,https://api.census.gov/data/1991/sipp/topical/1991panel/wave7,,
Wave 1 Survey of Income and Program Participation - 1992 Panel: Topical Modules,1992,sipp/topical/1992panel/wave1,https://api.census.gov/data/1992/sipp/topical/1992panel/wave1,,
Wave 2 Survey of Income and Program Participation - 1992 Panel: Topical Modules,1992,sipp/topical/1992panel/wave2,https://api.census.gov/data/1992/sipp/topical/1992panel/wave2,,
Wave 3 Survey of Income and Program Participation - 1992 Panel: Topical Modules,1992,sipp/topical/1992panel/wave3,https://api.census.gov/data/1992/sipp/topical/1992panel/wave3,,
Wave 4 Survey of Income and Program Participation - 1992 Panel: Topical Modules,1992,sipp/topical/1992panel/wave4,https://api.census.gov/data/1992/sipp/topical/1992panel/wave4,,
Wave 6 Survey of Income and Program Participation - 1992 Panel: Topical Modules,1992,sipp/topical/1992panel/wave6,https://api.census.gov/data/1992/sipp/topical/1992panel/wave6,,
Wave 7 Survey of Income and Program Participation - 1992 Panel: Topical Modules,1992,sipp/topical/1992panel/wave7,https://api.census.gov/data/1992/sipp/topical/1992panel/wave7,,
Wave 9 Survey of Income and Program Participation - 1992 Panel: Topical Modules,1992,sipp/topical/1992panel/wave9,https://api.census.gov/data/1992/sipp/topical/1992panel/wave9,,
Wave 1 Survey of Income and Program Participation - 1993 Panel: Topical Modules,1993,sipp/topical/1993panel/wave1,https://api.census.gov/data/1993/sipp/topical/1993panel/wave1,,
Wave 2 Survey of Income and Program Participation - 1993 Panel: Topical Modules,1993,sipp/topical/1993panel/wave2,https://api.census.gov/data/1993/sipp/topical/1993panel/wave2,,
Wave 3 Survey of Income and Program Participation - 1993 Panel: Topical Modules,1993,sipp/topical/1993panel/wave3,https://api.census.gov/data/1993/sipp/topical/1993panel/wave3,,
Wave 4 Survey of Income and Program Participation - 1993 Panel: Topical Modules,1993,sipp/topical/1993panel/wave4,https://api.census.gov/data/1993/sipp/topical/1993panel/wave4,,
Wave 6 Survey of Income and Program Participation - 1993 Panel: Topical Modules,1993,sipp/topical/1993panel/wave6,https://api.census.gov/data/1993/sipp/topical/1993panel/wave6,,
Wave 7 Survey of Income and Program Participation - 1993 Panel: Topical Modules,1993,sipp/topical/1993panel/wave7,https://api.census.gov/data/1993/sipp/topical/1993panel/wave7,,
Wave 9 Survey of Income and Program Participation - 1993 Panel: Topical Modules,1993,sipp/topical/1993panel/wave9,https://api.census.gov/data/1993/sipp/topical/1993panel/wave9,,
Wave 1 Survey of Income and Program Participation - 1996 Panel: Topical Modules,1996,sipp/topical/1996panel/wave1,https://api.census.gov/data/1996/sipp/topical/1996panel/wave1,,
Wave 10 Survey of Income and Program Participation - 1996 Panel: Topical Modules,1996,sipp/topical/1996panel/wave10,https://api.census.gov/data/1996/sipp/topical/1996panel/wave10,,
Wave 11 Survey of Income and Program Participation - 1996 Panel: Topical Modules,1996,sipp/topical/1996panel/wave11,https://api.census.gov/data/1996/sipp/topical/1996panel/wave11,,
Wave 12 Survey of Income and Program Participation - 1996 Panel: Topical Modules,1996,sipp/topical/1996panel/wave12,https://api.census.gov/data/1996/sipp/topical/1996panel/wave12,,
Wave 2 Survey of Income and Program Participation - 1996 Panel: Topical Modules,1996,sipp/topical/1996panel/wave2,https://api.census.gov/data/1996/sipp/topical/1996panel/wave2,,
Wave 3 Survey of Income and Program Participation - 1996 Panel: Topical Modules,1996,sipp/topical/1996panel/wave3,https://api.census.gov/data/1996/sipp/topical/1996panel/wave3,,
Wave 4 Survey of Income and Program Participation - 1996 Panel: Topical Modules,1996,sipp/topical/1996panel/wave4,https://api.census.gov/data/1996/sipp/topical/1996panel/wave4,,
Wave 5 Survey of Income and Program Participation - 1996 Panel: Topical Modules,1996,sipp/topical/1996panel/wave5,https://api.census.gov/data/1996/sipp/topical/1996panel/wave5,,
Wave 6 Survey of Income and Program Participation - 1996 Panel: Topical Modules,1996,sipp/topical/1996panel/wave6,https://api.census.gov/data/1996/sipp/topical/1996panel/wave6,,
Wave 7 Survey of Income and Program Participation - 1996 Panel: Topical Modules,1996,sipp/topical/1996panel/wave7,https://api.census.gov/data/1996/sipp/topical/1996panel/wave7,,
Wave 8 Survey of Income and Program Participation - 1996 Panel: Topical Modules,1996,sipp/topical/1996panel/wave8,https://api.census.gov/data/1996/sipp/topical/1996panel/wave8,,
Wave 9 Survey of Income and Program Participation - 1996 Panel: Topical Modules,1996,sipp/topical/1996panel/wave9,https://api.census.gov/data/1996/sipp/topical/1996panel/wave9,,
Wave 1 Survey of Income and Program Participation - 2001 Panel: Topical Modules,2001,sipp/topical/2001panel/wave1,https://api.census.gov/data/2001/sipp/topical/2001panel/wave1,,
Wave 2 Survey of Income and Program Participation - 2001 Panel: Topical Modules,2001,sipp/topical/2001panel/wave2,https://api.census.gov/data/2001/sipp/topical/2001panel/wave2,,
Wave 3 Survey of Income and Program Participation - 2001 Panel: Topical Modules,2001,sipp/topical/2001panel/wave3,https://api.census.gov/data/2001/sipp/topical/2001panel/wave3,,
Wave 4 Survey of Income and Program Participation - 2001 Panel: Topical Modules,2001,sipp/topical/2001panel/wave4,https://api.census.gov/data/2001/sipp/topical/2001panel/wave4,,
Wave 5 Survey of Income and Program Participation - 2001 Panel: Topical Modules,2001,sipp/topical/2001panel/wave5,https://api.census.gov/data/2001/sipp/topical/2001panel/wave5,,
Wave 6 Survey of Income and Program Participation - 2001 Panel: Topical Modules,2001,sipp/topical/2001panel/wave6,https://api.census.gov/data/2001/sipp/topical/2001panel/wave6,,
Wave 7 Survey of Income and Program Participation - 2001 Panel: Topical Modules,2001,sipp/topical/2001panel/wave7,https://api.census.gov/data/2001/sipp/topical/2001panel/wave7,,
Wave 8 Survey of Income and Program Participation - 2001 Panel: Topical Modules,2001,sipp/topical/2001panel/wave8,https://api.census.gov/data/2001/sipp/topical/2001panel/wave8,,
Wave 9 Survey of Income and Program Participation - 2001 Panel: Topical Modules,2001,sipp/topical/2001panel/wave9,https://api.census.gov/data/2001/sipp/topical/2001panel/wave9,,
Wave 1 Survey of Income and Program Participation - 2004 Panel: Topical Modules,2004,sipp/topical/2004panel/wave1,https://api.census.gov/data/2004/sipp/topical/2004panel/wave1,,
Wave 2 Survey of Income and Program Participation - 2004 Panel: Topical Modules,2004,sipp/topical/2004panel/wave2,https://api.census.gov/data/2004/sipp/topical/2004panel/wave2,,
Wave 3 Survey of Income and Program Participation - 2004 Panel: Topical Modules,2004,sipp/topical/2004panel/wave3,https://api.census.gov/data/2004/sipp/topical/2004panel/wave3,,
Wave 4 Survey of Income and Program Participation - 2004 Panel: Topical Modules,2004,sipp/topical/2004panel/wave4,https://api.census.gov/data/2004/sipp/topical/2004panel/wave4,,
Wave 5 Survey of Income and Program Participation - 2004 Panel: Topical Modules,2004,sipp/topical/2004panel/wave5,https://api.census.gov/data/2004/sipp/topical/2004panel/wave5,,
Wave 6 Survey of Income and Program Participation - 2004 Panel: Topical Modules,2004,sipp/topical/2004panel/wave6,https://api.census.gov/data/2004/sipp/topical/2004panel/wave6,,
Wave 7 Survey of Income and Program Participation - 2004 Panel: Topical Modules,2004,sipp/topical/2004panel/wave7,https://api.census.gov/data/2004/sipp/topical/2004panel/wave7,,
Wave 8 Survey of Income and Program Participation - 2004 Panel: Topical Modules,2004,sipp/topical/2004panel/wave8,https://api.census.gov/data/2004/sipp/topical/2004panel/wave8,,
Wave 1 Survey of Income and Program Participation - 2008 Panel: Topical Modules,2008,sipp/topical/2008panel/wave1,https://api.census.gov/data/2008/sipp/topical/2008panel/wave1,,
Wave 10 Survey of Income and Program Participation - 2008 Panel: Topical Modules,2008,sipp/topical/2008panel/wave10,https://api.census.gov/data/2008/sipp/topical/2008panel/wave10,,
Wave 11 Survey of Income and Program Participation - 2008 Panel: Topical Modules,2008,sipp/topical/2008panel/wave11,https://api.census.gov/data/2008/sipp/topical/2008panel/wave11,,
Wave 13 Survey of Income and Program Participation - 2008 Panel: Topical Modules,2008,sipp/topical/2008panel/wave13,https://api.census.gov/data/2008/sipp/topical/2008panel/wave13,,
Wave 2 Survey of Income and Program Participation - 2008 Panel: Topical Modules,2008,sipp/topical/2008panel/wave2,https://api.census.gov/data/2008/sipp/topical/2008panel/wave2,,
Wave 3 Survey of Income and Program Participation - 2008 Panel: Topical Modules,2008,sipp/topical/2008panel/wave3,https://api.census.gov/data/2008/sipp/topical/2008panel/wave3,,
Wave 4 Survey of Income and Program Participation - 2008 Panel: Topical Modules,2008,sipp/topical/2008panel/wave4,https://api.census.gov/data/2008/sipp/topical/2008panel/wave4,,
Wave 5 Survey of Income and Program Participation - 2008 Panel: Topical Modules,2008,sipp/topical/2008panel/wave5,https://api.census.gov/data/2008/sipp/topical/2008panel/wave5,,
Wave 6 Survey of Income and Program Participation - 2008 Panel: Topical Modules,2008,sipp/topical/2008panel/wave6,https://api.census.gov/data/2008/sipp/topical/2008panel/wave6,,
Wave 7 Survey of Income and Program Participation - 2008 Panel: Topical Modules,2008,sipp/topical/2008panel/wave7,https://api.census.gov/data/2008/sipp/topical/2008panel/wave7,,
Wave 8 Survey of Income and Program Participation - 2008 Panel: Topical Modules,2008,sipp/topical/2008panel/wave8,https://api.census.gov/data/2008/sipp/topical/2008panel/wave8,,
Wave 9 Survey of Income and Program Participation - 2008 Panel: Topical Modules,2008,sipp/topical/2008panel/wave9,https://api.census.gov/data/2008/sipp/topical/2008panel/wave9,,
Wave 5 Survey of Income and Program Participation - 1990 Panel: Education Topical Modules,1990,sipp/topicaled/1990panel/wave5,https://api.census.gov/data/1990/sipp/topicaled/1990panel/wave5,,
Wave 8 Survey of Income and Program Participation - 1991 Panel: Education Topical Modules,1991,sipp/topicaled/1991panel/wave8,https://api.census.gov/data/1991/sipp/topicaled/1991panel/wave8,,
Wave 5 Survey of Income and Program Participation - 1992 Panel: Education Topical Modules,1992,sipp/topicaled/1992panel/wave5,https://api.census.gov/data/1992/sipp/topicaled/1992panel/wave5,,
Wave 8 Survey of Income and Program Participation - 1992 Panel: Education Topical Modules,1992,sipp/topicaled/1992panel/wave8,https://api.census.gov/data/1992/sipp/topicaled/1992panel/wave8,,
Wave 5 Survey of Income and Program Participation - 1993 Panel: Education Topical Modules,1993,sipp/topicaled/1993panel/wave5,https://api.census.gov/data/1993/sipp/topicaled/1993panel/wave5,,
Wave 8 Survey of Income and Program Participation - 1993 Panel: Education Topical Modules,1993,sipp/topicaled/1993panel/wave8,https://api.census.gov/data/1993/sipp/topicaled/1993panel/wave8,,
Wave 5 Survey of Income and Program Participation - 1990 Panel: Education Extract Topical Modules,1990,sipp/topicaledex/1990panel/wave5,https://api.census.gov/data/1990/sipp/topicaledex/1990panel/wave5,,
Wave 8 Survey of Income and Program Participation - 1990 Panel: Education Extract Topical Modules,1990,sipp/topicaledex/1990panel/wave8,https://api.census.gov/data/1990/sipp/topicaledex/1990panel/wave8,,
Wave 5 Survey of Income and Program Participation - 1991 Panel: Education Extract Topical Modules,1991,sipp/topicaledex/1991panel/wave5,https://api.census.gov/data/1991/sipp/topicaledex/1991panel/wave5,,
Wave 8 Survey of Income and Program Participation - 1991 Panel: Education Extract Topical Modules,1991,sipp/topicaledex/1991panel/wave8,https://api.census.gov/data/1991/sipp/topicaledex/1991panel/wave8,,
Wave 5 Survey of Income and Program Participation - 1992 Panel: Education Extract Topical Modules,1992,sipp/topicaledex/1992panel/wave5,https://api.census.gov/data/1992/sipp/topicaledex/1992panel/wave5,,
Wave 8 Survey of Income and Program Participation - 1992 Panel: Education Extract Topical Modules,1992,sipp/topicaledex/1992panel/wave8,https://api.census.gov/data/1992/sipp/topicaledex/1992panel/wave8,,
Wave 5 Survey of Income and Program Participation - 1993 Panel: Education Extract Topical Modules,1993,sipp/topicaledex/1993panel/wave5,https://api.census.gov/data/1993/sipp/topicaledex/1993panel/wave5,,
Wave 8 Survey of Income and Program Participation - 1993 Panel: Education Extract Topical Modules,1993,sipp/topicaledex/1993panel/wave8,https://api.census.gov/data/1993/sipp/topicaledex/1993panel/wave8,,
Wave 6 Survey of Income and Program Participation - 1992 Panel: Extract Topical Modules,1992,sipp/topicalex/1992panel/wave6,https://api.census.gov/data/1992/sipp/topicalex/1992panel/wave6,,
Wave 3 Survey of Income and Program Participation - 1993 Panel: Extract Topical Modules,1993,sipp/topicalex/1993panel/wave3,https://api.census.gov/data/1993/sipp/topicalex/1993panel/wave3,,
Wave 5 Survey of Income and Program Participation - 1990 Panel: Research Topical Modules,1990,sipp/topicalres/1990panel/wave5,https://api.census.gov/data/1990/sipp/topicalres/1990panel/wave5,,
Wave 8 Survey of Income and Program Participation - 1991 Panel: Research Topical Modules,1991,sipp/topicalres/1991panel/wave8,https://api.census.gov/data/1991/sipp/topicalres/1991panel/wave8,,
Wave 5 Survey of Income and Program Participation - 1992 Panel: Research Topical Modules,1992,sipp/topicalres/1992panel/wave5,https://api.census.gov/data/1992/sipp/topicalres/1992panel/wave5,,
Wave 8 Survey of Income and Program Participation - 1992 Panel: Research Topical Modules,1992,sipp/topicalres/1992panel/wave8,https://api.census.gov/data/1992/sipp/topicalres/1992panel/wave8,,
Wave 5 Survey of Income and Program Participation - 1993 Panel: Research Topical Modules,1993,sipp/topicalres/1993panel/wave5,https://api.census.gov/data/1993/sipp/topicalres/1993panel/wave5,,
Wave 8 Survey of Income and Program Participation - 1993 Panel: Research Topical Modules,1993,sipp/topicalres/1993panel/wave8,https://api.census.gov/data/1993/sipp/topicalres/1993panel/wave8,,
Wave 8 Survey of Income and Program Participation - 2001 Panel: Research Topical Modules,2001,sipp/topicalres/2001panel/wave8,https://api.census.gov/data/2001/sipp/topicalres/2001panel/wave8,,
2010 Decennial Census of Population and Housing: Surnames,2010,surname,https://api.census.gov/data/2010/surname,,
2000 Decennial Census of Population and Housing: Surnames,2000,surname,https://api.census.gov/data/2000/surname,,
Annual Economic Surveys: Annual Survey of Manufactures Area,,timeseries/asm/area2012,https://api.census.gov/data/<NA>/timeseries/asm/area2012,,
Economic Surveys: Annual Survey of Manufactures: Annual Survey of Manufactures Area,,timeseries/asm/area2017,https://api.census.gov/data/<NA>/timeseries/asm/area2017,,
Annual Economic Surveys: Annual Survey of Manufactures Benchmark 2017,,timeseries/asm/benchmark2017,https://api.census.gov/data/<NA>/timeseries/asm/benchmark2017,,
Time Series Annual Survey of Manufactures: Statistics for Industry Groups and Industries,,timeseries/asm/industry,https://api.census.gov/data/<NA>/timeseries/asm/industry,,
Time Series Annual Survey of Manufactures: Value of Shipments for Product Classes,,timeseries/asm/product,https://api.census.gov/data/<NA>/timeseries/asm/product,,
Time Series Annual Survey of Manufactures: Statistics for All Manufacturing by State,,timeseries/asm/state,https://api.census.gov/data/<NA>/timeseries/asm/state,,
Annual Economic Surveys: Annual Survey of Manufactures Value,,timeseries/asm/value2012,https://api.census.gov/data/<NA>/timeseries/asm/value2012,,
Economic Surveys: Annual Survey of Manufactures: Annual Survey of Manufactures Value,,timeseries/asm/value2017,https://api.census.gov/data/<NA>/timeseries/asm/value2017,,
Time Series: Business Dynamics Statistics,,timeseries/bds,https://api.census.gov/data/<NA>/timeseries/bds,,
"Time Series Economic Indicators Time Series -: Advance Report on Durable Goods Manufacturers' Shipments, Inventories, and Orders",,timeseries/eits/advm3,https://api.census.gov/data/<NA>/timeseries/eits/advm3,,
Time Series Economic Indicators Time Series -: Business Formation Statistics,,timeseries/eits/bfs,https://api.census.gov/data/<NA>/timeseries/eits/bfs,,
Time Series Economic Indicators Time Series -: U.S. International Trade in Goods and Services,,timeseries/eits/ftd,https://api.census.gov/data/<NA>/timeseries/eits/ftd,,
Advance U.S. International Trade in Goods,,timeseries/eits/ftdadv,https://api.census.gov/data/<NA>/timeseries/eits/ftdadv,,
Time Series Economic Indicators Time Series -: Housing Vacancies and Homeownership,,timeseries/eits/hv,https://api.census.gov/data/<NA>/timeseries/eits/hv,,
"Time Series Economic Indicators Time Series -: Manufacturers Shipments, Inventories, and Orders",,timeseries/eits/m3,https://api.census.gov/data/<NA>/timeseries/eits/m3,,
Time Series Economic Indicators Time Series -: Advance Monthly Sales for Retail and Food Services,,timeseries/eits/marts,https://api.census.gov/data/<NA>/timeseries/eits/marts,,
Time Series Economic Indicators Time Series -: Manufactured Homes Survey,,timeseries/eits/mhs,https://api.census.gov/data/<NA>/timeseries/eits/mhs,,
Time Series Economic Indicators Time Series -: Manufactured Housing Survey (2014-Present),,timeseries/eits/mhs2,https://api.census.gov/data/<NA>/timeseries/eits/mhs2,,
Time Series Economic Indicators Time Series -: Monthly Retail Trade and Food Services,,timeseries/eits/mrts,https://api.census.gov/data/<NA>/timeseries/eits/mrts,,
Time Series Economic Indicators Time Series -: Advance Retail Inventories,,timeseries/eits/mrtsadv,https://api.census.gov/data/<NA>/timeseries/eits/mrtsadv,,
Time Series Economic Indicators Time Series -: Manufacturing and Trade Inventories and Sales,,timeseries/eits/mtis,https://api.census.gov/data/<NA>/timeseries/eits/mtis,,
Time Series Economic Indicators Time Series -: Monthly Wholesale Trade: Sales and Inventories,,timeseries/eits/mwts,https://api.census.gov/data/<NA>/timeseries/eits/mwts,,
Time Series Economic Indicators Time Series -: Advance Wholesale Inventories,,timeseries/eits/mwtsadv,https://api.census.gov/data/<NA>/timeseries/eits/mwtsadv,,
Time Series Economic Indicators Time Series -: Quarterly Financial Report,,timeseries/eits/qfr,https://api.census.gov/data/<NA>/timeseries/eits/qfr,,
Time Series Economic Indicators Time Series -: Quarterly Survey of Public Pensions,,timeseries/eits/qpr,https://api.census.gov/data/<NA>/timeseries/eits/qpr,,
Time Series Economic Indicators Time Series -: Quarterly Services Survey,,timeseries/eits/qss,https://api.census.gov/data/<NA>/timeseries/eits/qss,,
Time Series Economic Indicators Time Series -: Quarterly Summary of State and Local Taxes,,timeseries/eits/qtax,https://api.census.gov/data/<NA>/timeseries/eits/qtax,,
Time Series Economic Indicators Time Series -: New Residential Construction,,timeseries/eits/resconst,https://api.census.gov/data/<NA>/timeseries/eits/resconst,,
Time Series Economic Indicators Time Series -: New Home Sales,,timeseries/eits/ressales,https://api.census.gov/data/<NA>/timeseries/eits/ressales,,
Time Series Economic Indicators Time Series -: Construction Spending,,timeseries/eits/vip,https://api.census.gov/data/<NA>/timeseries/eits/vip,,
Public Sector: Public Sector Surveys,,timeseries/govs,https://api.census.gov/data/<NA>/timeseries/govs,,
Time Series Small Area Health Insurance Estimates,,timeseries/healthins/sahie,https://api.census.gov/data/<NA>/timeseries/healthins/sahie,,
Household Pulse Survey,,timeseries/hhpulse,https://api.census.gov/data/<NA>/timeseries/hhpulse,,
Household Pulse Survey: Coronavirus (COVID-19) Pandemic and Recovery,,timeseries/hps,https://api.census.gov/data/<NA>/timeseries/hps,,
Time Series International Database: International Populations by Single Year of Age and Sex,,timeseries/idb/1year,https://api.census.gov/data/<NA>/timeseries/idb/1year,,
Time Series International Database 5-Year Age Groups and Sex and Other Demographic Variables,,timeseries/idb/5year,https://api.census.gov/data/<NA>/timeseries/idb/5year,,
Time Series International Trade: Monthly U.S. Exports by End-use Code,,timeseries/intltrade/exports/enduse,https://api.census.gov/data/<NA>/timeseries/intltrade/exports/enduse,,
BETA - Time Series International Trade: Monthly U.S. Exports by End-use Code,,timeseries/intltrade/exports/enduseexport,https://api.census.gov/data/<NA>/timeseries/intltrade/exports/enduseexport,,
Time Series International Trade: Monthly U.S. Exports by Advanced Technology Code,,timeseries/intltrade/exports/hitech,https://api.census.gov/data/<NA>/timeseries/intltrade/exports/hitech,,
BETA - Time Series International Trade: Monthly U.S. Exports by Advanced Technology Code,,timeseries/intltrade/exports/hitechexport,https://api.census.gov/data/<NA>/timeseries/intltrade/exports/hitechexport,,
Time Series International Trade: Monthly U.S. Exports by Harmonized System (HS) Code,,timeseries/intltrade/exports/hs,https://api.census.gov/data/<NA>/timeseries/intltrade/exports/hs,,
BETA - Time Series International Trade: Monthly U.S. Exports by Harmonized System (HS) Code,,timeseries/intltrade/exports/hsexport,https://api.census.gov/data/<NA>/timeseries/intltrade/exports/hsexport,,
Time Series International Trade: Monthly U.S. Exports by North American Industry Classification System (NAICS) Code,,timeseries/intltrade/exports/naics,https://api.census.gov/data/<NA>/timeseries/intltrade/exports/naics,,
BETA-Time Series International Trade: Monthly U.S. Exports by North American Industry Classification System (NAICS) Code,,timeseries/intltrade/exports/naicsexport,https://api.census.gov/data/<NA>/timeseries/intltrade/exports/naicsexport,,
Time Series International Trade: Monthly U.S. Exports by Port and Harmonized System (HS) Code,,timeseries/intltrade/exports/porths,https://api.census.gov/data/<NA>/timeseries/intltrade/exports/porths,,
BETA - Time Series International Trade: Monthly U.S. Exports by Port and Harmonized System (HS) Code,,timeseries/intltrade/exports/porthsexport,https://api.census.gov/data/<NA>/timeseries/intltrade/exports/porthsexport,,
Time Series International Trade: Monthly U.S. Exports by Standard International Trade Classification (SITC) Code,,timeseries/intltrade/exports/sitc,https://api.census.gov/data/<NA>/timeseries/intltrade/exports/sitc,,
BETA - Time Series International Trade: Monthly U.S. Exports by Standard International Trade Classification (SITC) Code,,timeseries/intltrade/exports/sitcexport,https://api.census.gov/data/<NA>/timeseries/intltrade/exports/sitcexport,,
Time Series International Trade: Monthly U.S. Exports by State and Harmonized System (HS) Code,,timeseries/intltrade/exports/statehs,https://api.census.gov/data/<NA>/timeseries/intltrade/exports/statehs,,
BETA - Time Series International Trade: Monthly U.S. Exports by State and Harmonized System (HS) Code,,timeseries/intltrade/exports/statehsexport,https://api.census.gov/data/<NA>/timeseries/intltrade/exports/statehsexport,,
Time Series International Trade: Monthly U.S. Exports by State and North American Industry Classification System (NAICS),,timeseries/intltrade/exports/statenaics,https://api.census.gov/data/<NA>/timeseries/intltrade/exports/statenaics,,
BETA-Time Series International Trade: Monthly U.S. Exports by State and North American Industry Classification System (NAICS),,timeseries/intltrade/exports/statenaicsexport,https://api.census.gov/data/<NA>/timeseries/intltrade/exports/statenaicsexport,,
Time Series International Trade: Monthly U.S. Exports by Department of Agriculture Code,,timeseries/intltrade/exports/usda,https://api.census.gov/data/<NA>/timeseries/intltrade/exports/usda,,
BETA - Time Series International Trade: Monthly U.S. Exports by Department of Agriculture Code,,timeseries/intltrade/exports/usdaexport,https://api.census.gov/data/<NA>/timeseries/intltrade/exports/usdaexport,,
Time Series International Trade: Monthly U.S. Imports by End-use Code,,timeseries/intltrade/imports/enduse,https://api.census.gov/data/<NA>/timeseries/intltrade/imports/enduse,,
BETA-Time Series International Trade: Monthly U.S. Imports by End-use Code,,timeseries/intltrade/imports/enduseimport,https://api.census.gov/data/<NA>/timeseries/intltrade/imports/enduseimport,,
Time Series International Trade: Monthly U.S. Imports by Advanced Technology Code,,timeseries/intltrade/imports/hitech,https://api.census.gov/data/<NA>/timeseries/intltrade/imports/hitech,,
BETA-Time Series International Trade: Monthly U.S. Imports by Advanced Technology Code,,timeseries/intltrade/imports/hitechimport,https://api.census.gov/data/<NA>/timeseries/intltrade/imports/hitechimport,,
Time Series International Trade: Monthly U.S. Imports by Harmonized System (HS) Code,,timeseries/intltrade/imports/hs,https://api.census.gov/data/<NA>/timeseries/intltrade/imports/hs,,
BETA-Time Series International Trade: Monthly U.S. Imports by Harmonized System (HS) Code,,timeseries/intltrade/imports/hsimport,https://api.census.gov/data/<NA>/timeseries/intltrade/imports/hsimport,,
Time Series International Trade: Monthly U.S. Imports by North American Industry Classification System (NAICS) Code,,timeseries/intltrade/imports/naics,https://api.census.gov/data/<NA>/timeseries/intltrade/imports/naics,,
BETA-Time Series International Trade: Monthly U.S. Imports by North American Industry Classification System (NAICS) Code,,timeseries/intltrade/imports/naicsimport,https://api.census.gov/data/<NA>/timeseries/intltrade/imports/naicsimport,,
Time Series International Trade: Monthly U.S. Imports by Port and Harmonized System (HS) Code,,timeseries/intltrade/imports/porths,https://api.census.gov/data/<NA>/timeseries/intltrade/imports/porths,,
BETA-Time Series International Trade: Monthly U.S. Imports by Port and Harmonized System (HS) Code,,timeseries/intltrade/imports/porthsimport,https://api.census.gov/data/<NA>/timeseries/intltrade/imports/porthsimport,,
Time Series International Trade: Monthly U.S. Imports by Standard International Trade Classification (SITC) Code,,timeseries/intltrade/imports/sitc,https://api.census.gov/data/<NA>/timeseries/intltrade/imports/sitc,,
BETA-Time Series International Trade: Monthly U.S. Imports by Standard International Trade Classification (SITC) Code,,timeseries/intltrade/imports/sitcimport,https://api.census.gov/data/<NA>/timeseries/intltrade/imports/sitcimport,,
Time Series International Trade: Monthly U.S. Imports by State and Harmonized System (HS) Code,,timeseries/intltrade/imports/statehs,https://api.census.gov/data/<NA>/timeseries/intltrade/imports/statehs,,
BETA-Time Series International Trade: Monthly U.S. Imports by State and Harmonized System (HS) Code,,timeseries/intltrade/imports/statehsimport,https://api.census.gov/data/<NA>/timeseries/intltrade/imports/statehsimport,,
Time Series International Trade: Monthly U.S. Imports by State and North American Industry Classification System (NAICS),,timeseries/intltrade/imports/statenaics,https://api.census.gov/data/<NA>/timeseries/intltrade/imports/statenaics,,
BETA-Time Series International Trade: Monthly U.S. Imports by State and North American Industry Classification System (NAICS),,timeseries/intltrade/imports/statenaicsimport,https://api.census.gov/data/<NA>/timeseries/intltrade/imports/statenaicsimport,,
Time Series International Trade: Monthly U.S. Imports by Department of Agriculture Code,,timeseries/intltrade/imports/usda,https://api.census.gov/data/<NA>/timeseries/intltrade/imports/usda,,
BETA-Time Series International Trade: Monthly U.S. Imports by Department of Agriculture Code,,timeseries/intltrade/imports/usdaimport,https://api.census.gov/data/<NA>/timeseries/intltrade/imports/usdaimport,,
Time Series Current Population Survey: Poverty Status,,timeseries/poverty/histpov2,https://api.census.gov/data/<NA>/timeseries/poverty/histpov2,,
Time Series Small Area Income and Poverty Estimates: State and County,,timeseries/poverty/saipe,https://api.census.gov/data/<NA>/timeseries/poverty/saipe,,
Time Series Small Area Income and Poverty Estimates: School Districts,,timeseries/poverty/saipe/schdist,https://api.census.gov/data/<NA>/timeseries/poverty/saipe/schdist,,
Post-Secondary Employment Outcomes (PSEO) - Earnings,,timeseries/pseo/earnings,https://api.census.gov/data/<NA>/timeseries/pseo/earnings,,
Post-Secondary Employment Outcomes (PSEO) - Flows,,timeseries/pseo/flows,https://api.census.gov/data/<NA>/timeseries/pseo/flows,,
Time Series Longitudinal Employer-Household Dynamics - QWI: Race by Ethnicity,,timeseries/qwi/rh,https://api.census.gov/data/<NA>/timeseries/qwi/rh,,
Time Series Longitudinal Employer-Household Dynamics - QWI: Sex by Age,,timeseries/qwi/sa,https://api.census.gov/data/<NA>/timeseries/qwi/sa,,
Time Series Longitudinal Employer-Household Dynamics - QWI: Sex by Education,,timeseries/qwi/se,https://api.census.gov/data/<NA>/timeseries/qwi/se,,
Survey of Market Absorption,,timeseries/soma,https://api.census.gov/data/<NA>/timeseries/soma,,
2021 Vehicle Inventory and Use Survey: All Vehicles,2021,viusa,https://api.census.gov/data/2021/viusa,,
"2021 Vehicle Inventory and Use Survey: Vehicles, excluding pickups, SUVs, light vans",2021,viusb,https://api.census.gov/data/2021/viusb,,
2021 Vehicle Inventory and Use Survey: In Use Vehicles,2021,viusc,https://api.census.gov/data/2021/viusc,,
"2021 Vehicle Inventory and Use Survey: In Use Vehicles, excluding pickups, SUVs, light vans",2021,viusd,https://api.census.gov/data/2021/viusd,,
2021 Vehicle Inventory and Use Survey: Business Use Vehicles,2021,viuse,https://api.census.gov/data/2021/viuse,,
"2021 Vehicle Inventory and Use Survey: Business Use Vehicles, excluding pickups, SUVs, light vans",2021,viusf,https://api.census.gov/data/2021/viusf,,
Vehicle Inventory and Use Survey 2021,2021,viuspuf,https://api.census.gov/data/2021/viuspuf,,
2018 Economic Annual Surveys: Business Patterns: Zipcode Business Patterns,2018,zbp,https://api.census.gov/data/2018/zbp,,
2017 County Business Patterns,2017,zbp,https://api.census.gov/data/2017/zbp,,
2016 County Business Patterns - Zip Code Business Patterns: ZIP Code Business Patterns by Industry and Employment Size of Establishment,2016,zbp,https://api.census.gov/data/2016/zbp,,
2015 County Business Patterns - Zip Code Business Patterns: ZIP Code Business Patterns by Industry and Employment Size of Establishment,2015,zbp,https://api.census.gov/data/2015/zbp,,
2014 County Business Patterns - Zip Code Business Patterns: ZIP Code Business Patterns by Industry and Employment Size of Establishment,2014,zbp,https://api.census.gov/data/2014/zbp,,
2013 County Business Patterns - Zip Code Business Patterns: ZIP Code Business Patterns by Industry and Employment Size of Establishment,2013,zbp,https://api.census.gov/data/2013/zbp,,
2012 County Business Patterns - Zip Code Business Patterns: ZIP Code Business Patterns by Industry and Employment Size of Establishment,2012,zbp,https://api.census.gov/data/2012/zbp,,
2011 County Business Patterns - Zip Code Business Patterns: Total For Zip Code,2011,zbp,https://api.census.gov/data/2011/zbp,,
2010 County Business Patterns - Zip Code Business Patterns: Total For Zip Code,2010,zbp,https://api.census.gov/data/2010/zbp,,
2009 County Business Patterns - Zip Code Business Patterns: Total For Zip Code,2009,zbp,https://api.census.gov/data/2009/zbp,,
2008 County Business Patterns - Zip Code Business Patterns: Total For Zip Code,2008,zbp,https://api.census.gov/data/2008/zbp,,
2007 County Business Patterns - Zip Code Business Patterns: Total For Zip Code,2007,zbp,https://api.census.gov/data/2007/zbp,,
2006 County Business Patterns - Zip Code Business Patterns: Total For Zip Code,2006,zbp,https://api.census.gov/data/2006/zbp,,
2005 County Business Patterns - Zip Code Business Patterns: Total For Zip Code,2005,zbp,https://api.census.gov/data/2005/zbp,,
2004 County Business Patterns - Zip Code Business Patterns: Total For Zip Code,2004,zbp,https://api.census.gov/data/2004/zbp,,
2003 County Business Patterns - Zip Code Business Patterns: Total For Zip Code,2003,zbp,https://api.census.gov/data/2003/zbp,,
2002 County Business Patterns - Zip Code Business Patterns: Total For Zip Code,2002,zbp,https://api.census.gov/data/2002/zbp,,
2001 County Business Patterns - Zip Code Business Patterns: Total For Zip Code,2001,zbp,https://api.census.gov/data/2001/zbp,,
2000 County Business Patterns - Zip Code Business Patterns: Total For Zip Code,2000,zbp,https://api.census.gov/data/2000/zbp,,
1999 County Business Patterns - Zip Code Business Patterns: Total For Zip Code,1999,zbp,https://api.census.gov/data/1999/zbp,,
1998 County Business Patterns - Zip Code Business Patterns: Total For Zip Code,1998,zbp,https://api.census.gov/data/1998/zbp,,
1997 County Business Patterns - Zip Code Business Patterns: Total For Zip Code,1997,zbp,https://api.census.gov/data/1997/zbp,,
1996 County Business Patterns - Zip Code Business Patterns: Total For Zip Code,1996,zbp,https://api.census.gov/data/1996/zbp,,
1995 County Business Patterns - Zip Code Business Patterns: Total For Zip Code,1995,zbp,https://api.census.gov/data/1995/zbp,,
1994 County Business Patterns - Zip Code Business Patterns: Total For Zip Code,1994,zbp,https://api.census.gov/data/1994/zbp,,
