State,State FIPS,County FIPS,County Name,MPO,MSA_ID,MSA_bls,MSA_acs,Peer MSA,Chamber Study
AL,01,001,Autauga,,33860.0,"Montgomery, AL MSA","Montgomery, AL Metro Area",No,No
AL,01,003,Baldwin,,19300.0,"Daphne-Fairhope-Foley, AL MSA","Daphne-Fairhope-Foley, AL Metro Area",No,No
AL,01,005,Barbour,,,,,,
AL,01,007,Bibb,,13820.0,"Birmingham, AL MSA","Birmingham-Hoover, AL Metro Area",No,No
AL,01,009,Blount,,13820.0,"Birmingham, AL MSA","Birmingham-Hoover, AL Metro Area",No,No
AL,01,011,Bullock,,,,,,
AL,01,013,Butler,,,,,,
AL,01,015,Calhoun,,11500.0,"Anniston-Oxford, AL MSA","Anniston-Oxford, AL Metro Area",No,No
AL,01,017,Chambers,,46740.0,"LaGrange, GA-AL MicroSA",,,No
AL,01,019,Cherokee,,,,,,
AL,01,021,Chilton,,13820.0,"Birmingham, AL MSA","Birmingham-Hoover, AL Metro Area",No,No
AL,01,023,Choctaw,,,,,,
AL,01,025,Clarke,,,,,,
AL,01,027,Clay,,,,,,
AL,01,029,Cleburne,,,,,,
AL,01,031,Coffee,,21460.0,"Enterprise, AL MicroSA","Enterprise, AL Micro Area",No,No
AL,01,033,Colbert,,22520.0,"Florence-Muscle Shoals, AL MSA","Florence-Muscle Shoals, AL Metro Area",No,No
AL,01,035,Conecuh,,,,,,
AL,01,037,Coosa,,45180.0,"Talladega-Sylacauga, AL MicroSA","Talladega-Sylacauga, AL Micro Area",No,No
AL,01,039,Covington,,,,,,
AL,01,041,Crenshaw,,,,,,
AL,01,043,Cullman,,18980.0,"Cullman, AL MicroSA","Cullman, AL Micro Area",No,No
AL,01,045,Dale,,37120.0,"Ozark, AL MicroSA","Ozark, AL Micro Area",No,No
AL,01,047,Dallas,,42820.0,"Selma, AL MicroSA","Selma, AL Micro Area",No,No
AL,01,049,DeKalb,,,,,,
AL,01,051,Elmore,,33860.0,"Montgomery, AL MSA","Montgomery, AL Metro Area",No,No
AL,01,053,Escambia,,,,,,
AL,01,055,Etowah,,23460.0,"Gadsden, AL MSA","Gadsden, AL Metro Area",No,No
AL,01,057,Fayette,,,,,,
AL,01,059,Franklin,,,,,,
AL,01,061,Geneva,,20020.0,"Dothan, AL MSA","Dothan, AL Metro Area",No,No
AL,01,063,Greene,,,,,,
AL,01,065,Hale,,46220.0,"Tuscaloosa, AL MSA","Tuscaloosa, AL Metro Area",No,No
AL,01,067,Henry,,20020.0,"Dothan, AL MSA","Dothan, AL Metro Area",No,No
AL,01,069,Houston,,20020.0,"Dothan, AL MSA","Dothan, AL Metro Area",No,No
AL,01,071,Jackson,,42460.0,"Scottsboro, AL MicroSA","Scottsboro, AL Micro Area",No,No
AL,01,073,Jefferson,,13820.0,"Birmingham, AL MSA","Birmingham-Hoover, AL Metro Area",No,No
AL,01,075,Lamar,,,,,,
AL,01,077,Lauderdale,,22520.0,"Florence-Muscle Shoals, AL MSA","Florence-Muscle Shoals, AL Metro Area",No,No
AL,01,079,Lawrence,,19460.0,"Decatur, AL MSA","Decatur, AL Metro Area",No,No
AL,01,081,Lee,,12220.0,"Auburn-Opelika, AL MSA","Auburn-Opelika, AL Metro Area",No,No
AL,01,083,Limestone,,26620.0,"Huntsville, AL MSA","Huntsville, AL Metro Area",No,No
AL,01,085,Lowndes,,33860.0,"Montgomery, AL MSA","Montgomery, AL Metro Area",No,No
AL,01,087,Macon,,,,,,
AL,01,089,Madison,,26620.0,"Huntsville, AL MSA","Huntsville, AL Metro Area",No,No
AL,01,091,Marengo,,,,,,
AL,01,093,Marion,,,,,,
AL,01,095,Marshall,,10700.0,"Albertville, AL MicroSA","Albertville, AL Micro Area",No,No
AL,01,097,Mobile,,33660.0,"Mobile, AL MSA","Mobile, AL Metro Area",No,No
AL,01,099,Monroe,,,,,,
AL,01,101,Montgomery,,33860.0,"Montgomery, AL MSA","Montgomery, AL Metro Area",No,No
AL,01,103,Morgan,,19460.0,"Decatur, AL MSA","Decatur, AL Metro Area",No,No
AL,01,105,Perry,,,,,,
AL,01,107,Pickens,,46220.0,"Tuscaloosa, AL MSA","Tuscaloosa, AL Metro Area",No,No
AL,01,109,Pike,,45980.0,"Troy, AL MicroSA","Troy, AL Micro Area",No,No
AL,01,111,Randolph,,,,,,
AL,01,113,Russell,,17980.0,"Columbus, GA-AL MSA","Columbus, GA-AL Metro Area",No,No
AL,01,115,St. Clair,,13820.0,"Birmingham, AL MSA","Birmingham-Hoover, AL Metro Area",No,No
AL,01,117,Shelby,,13820.0,"Birmingham, AL MSA","Birmingham-Hoover, AL Metro Area",No,No
AL,01,119,Sumter,,,,,,
AL,01,121,Talladega,,45180.0,"Talladega-Sylacauga, AL MicroSA","Talladega-Sylacauga, AL Micro Area",No,No
AL,01,123,Tallapoosa,,,,,,
AL,01,125,Tuscaloosa,,46220.0,"Tuscaloosa, AL MSA","Tuscaloosa, AL Metro Area",No,No
AL,01,127,Walker,,13820.0,"Birmingham, AL MSA","Birmingham-Hoover, AL Metro Area",No,No
AL,01,129,Washington,,,,,,
AL,01,131,Wilcox,,,,,,
AL,01,133,Winston,,,,,,
AK,02,013,Aleutians East Borough,,,,,,
AK,02,016,Aleutians West Census Area,,,,,,
AK,02,020,Anchorage Municipality,,11260.0,"Anchorage, AK MSA","Anchorage, AK Metro Area",No,No
AK,02,050,Bethel Census Area,,,,,,
AK,02,060,Bristol Bay Borough,,,,,,
AK,02,068,Denali Borough,,,,,,
AK,02,070,Dillingham Census Area,,,,,,
AK,02,090,Fairbanks North Star Borough,,21820.0,"Fairbanks-College, AK MSA","Fairbanks, AK Metro Area",No,No
AK,02,100,Haines Borough,,,,,,
AK,02,105,Hoonah-Angoon Census Area,,,,,,
AK,02,110,Juneau City and Borough,,27940.0,"Juneau, AK MicroSA","Juneau, AK Micro Area",No,No
AK,02,122,Kenai Peninsula Borough,,,,,,
AK,02,130,Ketchikan Gateway Borough,,28540.0,"Ketchikan, AK MicroSA","Ketchikan, AK Micro Area",No,No
AK,02,150,Kodiak Island Borough,,,,,,
AK,02,164,Lake and Peninsula Borough,,,,,,
AK,02,170,Matanuska-Susitna Borough,,11260.0,"Anchorage, AK MSA","Anchorage, AK Metro Area",No,No
AK,02,180,Nome Census Area,,,,,,
AK,02,185,North Slope Borough,,,,,,
AK,02,188,Northwest Arctic Borough,,,,,,
AK,02,195,Petersburg Census Area,,,,,,
AK,02,198,Prince of Wales-Hyder Census Area,,,,,,
AK,02,220,Sitka City and Borough,,,,,,
AK,02,230,Skagway Municipality,,,,,,
AK,02,240,Southeast Fairbanks Census Area,,,,,,
AK,02,261,Valdez-Cordova Census Area,,,,,,
AK,02,270,Wade Hampton Census Area,,,,,,
AK,02,275,Wrangell City and Borough,,,,,,
AK,02,282,Yakutat City and Borough,,,,,,
AK,02,290,Yukon-Koyukuk Census Area,,,,,,
AZ,04,001,Apache,,,,,,
AZ,04,003,Cochise,,43420.0,"Sierra Vista-Douglas, AZ MSA","Sierra Vista-Douglas, AZ Metro Area",No,No
AZ,04,005,Coconino,,22380.0,"Flagstaff, AZ MSA","Flagstaff, AZ Metro Area",No,No
AZ,04,007,Gila,,37740.0,"Payson, AZ MicroSA","Payson, AZ Micro Area",No,No
AZ,04,009,Graham,,40940.0,"Safford, AZ MicroSA","Safford, AZ Micro Area",No,No
AZ,04,011,Greenlee,,,,,,
AZ,04,012,La Paz,,,,,,
AZ,04,013,Maricopa,,38060.0,"Phoenix-Mesa-Chandler, AZ MSA","Phoenix-Mesa-Chandler, AZ Metro Area",Yes,No
AZ,04,015,Mohave,,29420.0,"Lake Havasu City-Kingman, AZ MSA","Lake Havasu City-Kingman, AZ Metro Area",No,No
AZ,04,017,Navajo,,43320.0,"Show Low, AZ MicroSA","Show Low, AZ Micro Area",No,No
AZ,04,019,Pima,,46060.0,"Tucson, AZ MSA","Tucson, AZ Metro Area",No,No
AZ,04,021,Pinal,,38060.0,"Phoenix-Mesa-Chandler, AZ MSA","Phoenix-Mesa-Chandler, AZ Metro Area",Yes,No
AZ,04,023,Santa Cruz,,35700.0,"Nogales, AZ MicroSA","Nogales, AZ Micro Area",No,No
AZ,04,025,Yavapai,,39140.0,"Prescott Valley-Prescott, AZ MSA",,,No
AZ,04,027,Yuma,,49740.0,"Yuma, AZ MSA","Yuma, AZ Metro Area",No,No
AR,05,001,Arkansas,,,,,,
AR,05,003,Ashley,,,,,,
AR,05,005,Baxter,,34260.0,"Mountain Home, AR MicroSA","Mountain Home, AR Micro Area",No,No
AR,05,007,Benton,,22220.0,"Fayetteville-Springdale-Rogers, AR MSA","Fayetteville-Springdale-Rogers, AR Metro Area",No,No
AR,05,009,Boone,,25460.0,"Harrison, AR MicroSA","Harrison, AR Micro Area",No,No
AR,05,011,Bradley,,,,,,
AR,05,013,Calhoun,,15780.0,"Camden, AR MicroSA","Camden, AR Micro Area",No,No
AR,05,015,Carroll,,,,,,
AR,05,017,Chicot,,,,,,
AR,05,019,Clark,,11660.0,"Arkadelphia, AR MicroSA","Arkadelphia, AR Micro Area",No,No
AR,05,021,Clay,,,,,,
AR,05,023,Cleburne,,,,,,
AR,05,025,Cleveland,,38220.0,"Pine Bluff, AR MicroSA","Pine Bluff, AR Metro Area",No,No
AR,05,027,Columbia,,31620.0,"Magnolia, AR MicroSA","Magnolia, AR Micro Area",No,No
AR,05,029,Conway,,,,,,
AR,05,031,Craighead,,27860.0,"Jonesboro, AR MSA","Jonesboro, AR Metro Area",No,No
AR,05,033,Crawford,,22900.0,"Fort Smith, AR-OK MSA","Fort Smith, AR-OK Metro Area",No,No
AR,05,035,Crittenden,,32820.0,"Memphis, TN-MS-AR MSA","Memphis, TN-MS-AR Metro Area",No,No
AR,05,037,Cross,,,,,,
AR,05,039,Dallas,,,,,,
AR,05,041,Desha,,,,,,
AR,05,043,Drew,,,,,,
AR,05,045,Faulkner,,30780.0,"Little Rock-North Little Rock-Conway, AR MSA","Little Rock-North Little Rock-Conway, AR Metro Area",No,No
AR,05,047,Franklin,,,,,,
AR,05,049,Fulton,,,,,,
AR,05,051,Garland,,26300.0,"Hot Springs, AR MSA","Hot Springs, AR Metro Area",No,No
AR,05,053,Grant,,30780.0,"Little Rock-North Little Rock-Conway, AR MSA","Little Rock-North Little Rock-Conway, AR Metro Area",No,No
AR,05,055,Greene,,37500.0,"Paragould, AR MicroSA","Paragould, AR Micro Area",No,No
AR,05,057,Hempstead,,,,,,
AR,05,059,Hot Spring,,31680.0,"Malvern, AR MicroSA","Malvern, AR Micro Area",No,No
AR,05,061,Howard,,,,,,
AR,05,063,Independence,,12900.0,"Batesville, AR MicroSA","Batesville, AR Micro Area",No,No
AR,05,065,Izard,,,,,,
AR,05,067,Jackson,,,,,,
AR,05,069,Jefferson,,38220.0,"Pine Bluff, AR MicroSA","Pine Bluff, AR Metro Area",No,No
AR,05,071,Johnson,,,,,,
AR,05,073,Lafayette,,,,,,
AR,05,075,Lawrence,,,,,,
AR,05,077,Lee,,,,,,
AR,05,079,Lincoln,,38220.0,,"Pine Bluff, AR Metro Area",No,No
AR,05,081,Little River,,45500.0,"Texarkana, TX-AR MSA","Texarkana, TX-AR Metro Area",No,No
AR,05,083,Logan,,,,,,
AR,05,085,Lonoke,,30780.0,"Little Rock-North Little Rock-Conway, AR MSA","Little Rock-North Little Rock-Conway, AR Metro Area",No,No
AR,05,087,Madison,,22220.0,"Fayetteville-Springdale-Rogers, AR MSA","Fayetteville-Springdale-Rogers, AR Metro Area",No,No
AR,05,089,Marion,,,,,,
AR,05,091,Miller,,45500.0,"Texarkana, TX-AR MSA","Texarkana, TX-AR Metro Area",No,No
AR,05,093,Mississippi,,14180.0,"Blytheville, AR MicroSA","Blytheville, AR Micro Area",No,No
AR,05,095,Monroe,,,,,,
AR,05,097,Montgomery,,,,,,
AR,05,099,Nevada,,,,,,
AR,05,101,Newton,,25460.0,"Harrison, AR MicroSA","Harrison, AR Micro Area",No,No
AR,05,103,Ouachita,,15780.0,"Camden, AR MicroSA","Camden, AR Micro Area",No,No
AR,05,105,Perry,,30780.0,"Little Rock-North Little Rock-Conway, AR MSA","Little Rock-North Little Rock-Conway, AR Metro Area",No,No
AR,05,107,Phillips,,25760.0,,"Helena-West Helena, AR Micro Area",No,No
AR,05,109,Pike,,,,,,
AR,05,111,Poinsett,,27860.0,"Jonesboro, AR MSA","Jonesboro, AR Metro Area",No,No
AR,05,113,Polk,,,,,,
AR,05,115,Pope,,40780.0,"Russellville, AR MicroSA","Russellville, AR Micro Area",No,No
AR,05,117,Prairie,,,,,,
AR,05,119,Pulaski,,30780.0,"Little Rock-North Little Rock-Conway, AR MSA","Little Rock-North Little Rock-Conway, AR Metro Area",No,No
AR,05,121,Randolph,,,,,,
AR,05,123,St. Francis,,22620.0,"Forrest City, AR MicroSA","Forrest City, AR Micro Area",No,No
AR,05,125,Saline,,30780.0,"Little Rock-North Little Rock-Conway, AR MSA","Little Rock-North Little Rock-Conway, AR Metro Area",No,No
AR,05,127,Scott,,,,,,
AR,05,129,Searcy,,,,,,
AR,05,131,Sebastian,,22900.0,"Fort Smith, AR-OK MSA","Fort Smith, AR-OK Metro Area",No,No
AR,05,133,Sevier,,,,,,
AR,05,135,Sharp,,,,,,
AR,05,137,Stone,,,,,,
AR,05,139,Union,,20980.0,"El Dorado, AR MicroSA","El Dorado, AR Micro Area",No,No
AR,05,141,Van Buren,,,,,,
AR,05,143,Washington,,22220.0,"Fayetteville-Springdale-Rogers, AR MSA","Fayetteville-Springdale-Rogers, AR Metro Area",No,No
AR,05,145,White,,42620.0,"Searcy, AR MicroSA","Searcy, AR Micro Area",No,No
AR,05,147,Woodruff,,,,,,
AR,05,149,Yell,,40780.0,"Russellville, AR MicroSA","Russellville, AR Micro Area",No,No
CA,06,001,Alameda,MTC,41860.0,"San Francisco-Oakland-Fremont, CA MSA","San Francisco-Oakland-Berkeley, CA Metro Area",Yes,No
CA,06,003,Alpine,,,,,,
CA,06,005,Amador,,,,,,
CA,06,007,Butte,Rest of CA,17020.0,"Chico, CA MSA","Chico, CA Metro Area",No,No
CA,06,009,Calaveras,,,,,,
CA,06,011,Colusa,,,,,,
CA,06,013,Contra Costa,MTC,41860.0,"San Francisco-Oakland-Fremont, CA MSA","San Francisco-Oakland-Berkeley, CA Metro Area",Yes,No
CA,06,015,Del Norte,Rest of CA,18860.0,"Crescent City, CA MicroSA","Crescent City, CA Micro Area",No,No
CA,06,017,El Dorado,SACOG,40900.0,"Sacramento-Roseville-Folsom, CA MSA","Sacramento-Roseville-Folsom, CA Metro Area",Yes,Yes
CA,06,019,Fresno,CVCOG,23420.0,"Fresno, CA MSA","Fresno, CA Metro Area",No,No
CA,06,021,Glenn,,,,,,
CA,06,023,Humboldt,Rest of CA,21700.0,"Eureka-Arcata, CA MicroSA","Eureka-Arcata, CA Micro Area",No,No
CA,06,025,Imperial,SCAG,20940.0,"El Centro, CA MSA","El Centro, CA Metro Area",No,No
CA,06,027,Inyo,,,,,,
CA,06,029,Kern,CVCOG,12540.0,"Bakersfield-Delano, CA MSA","Bakersfield, CA Metro Area",No,No
CA,06,031,Kings,CVCOG,25260.0,"Hanford-Corcoran, CA MSA","Hanford-Corcoran, CA Metro Area",No,No
CA,06,033,Lake,Rest of CA,17340.0,"Clearlake, CA MicroSA","Clearlake, CA Micro Area",No,No
CA,06,035,Lassen,Rest of CA,45000.0,"Susanville, CA MicroSA","Susanville, CA Micro Area",No,No
CA,06,037,Los Angeles,SCAG,31080.0,"Los Angeles-Long Beach-Anaheim, CA MSA","Los Angeles-Long Beach-Anaheim, CA Metro Area",No,No
CA,06,039,Madera,CVCOG,31460.0,"Fresno, CA MSA","Madera, CA Metro Area",No,No
CA,06,041,Marin,MTC,41860.0,"San Francisco-Oakland-Fremont, CA MSA","San Francisco-Oakland-Berkeley, CA Metro Area",Yes,No
CA,06,043,Mariposa,,,,,,
CA,06,045,Mendocino,Rest of CA,46380.0,"Ukiah, CA MicroSA","Ukiah, CA Micro Area",No,No
CA,06,047,Merced,CVCOG,32900.0,"Merced, CA MSA","Merced, CA Metro Area",No,No
CA,06,049,Modoc,,,,,,
CA,06,051,Mono,,,,,,
CA,06,053,Monterey,Rest of CA,41500.0,"Salinas, CA MSA","Salinas, CA Metro Area",No,No
CA,06,055,Napa,MTC,34900.0,"Napa, CA MSA","Napa, CA Metro Area",No,No
CA,06,057,Nevada,Rest of CA,46020.0,"Truckee-Grass Valley, CA MicroSA","Truckee-Grass Valley, CA Micro Area",No,No
CA,06,059,Orange,SCAG,31080.0,"Los Angeles-Long Beach-Anaheim, CA MSA","Los Angeles-Long Beach-Anaheim, CA Metro Area",No,No
CA,06,061,Placer,SACOG,40900.0,"Sacramento-Roseville-Folsom, CA MSA","Sacramento-Roseville-Folsom, CA Metro Area",Yes,Yes
CA,06,063,Plumas,,,,,,
CA,06,065,Riverside,SCAG,40140.0,"Riverside-San Bernardino-Ontario, CA MSA","Riverside-San Bernardino-Ontario, CA Metro Area",Yes,No
CA,06,067,Sacramento,SACOG,40900.0,"Sacramento-Roseville-Folsom, CA MSA","Sacramento-Roseville-Folsom, CA Metro Area",Yes,Yes
CA,06,069,San Benito,Rest of CA,41940.0,"San Jose-Sunnyvale-Santa Clara, CA MSA","San Jose-Sunnyvale-Santa Clara, CA Metro Area",Yes,No
CA,06,071,San Bernardino,SCAG,40140.0,"Riverside-San Bernardino-Ontario, CA MSA","Riverside-San Bernardino-Ontario, CA Metro Area",Yes,No
CA,06,073,San Diego,SANDAG,41740.0,"San Diego-Chula Vista-Carlsbad, CA MSA","San Diego-Chula Vista-Carlsbad, CA Metro Area",Yes,No
CA,06,075,San Francisco,MTC,41860.0,"San Francisco-Oakland-Fremont, CA MSA","San Francisco-Oakland-Berkeley, CA Metro Area",Yes,No
CA,06,077,San Joaquin,CVCOG,44700.0,"Stockton-Lodi, CA MSA","Stockton, CA Metro Area",No,No
CA,06,079,San Luis Obispo,Rest of CA,42020.0,"San Luis Obispo-Paso Robles, CA MSA","San Luis Obispo-Paso Robles, CA Metro Area",No,No
CA,06,081,San Mateo,MTC,41860.0,"San Francisco-Oakland-Fremont, CA MSA","San Francisco-Oakland-Berkeley, CA Metro Area",Yes,No
CA,06,083,Santa Barbara,Rest of CA,42200.0,"Santa Maria-Santa Barbara, CA MSA","Santa Maria-Santa Barbara, CA Metro Area",No,No
CA,06,085,Santa Clara,MTC,41940.0,"San Jose-Sunnyvale-Santa Clara, CA MSA","San Jose-Sunnyvale-Santa Clara, CA Metro Area",Yes,No
CA,06,087,Santa Cruz,Rest of CA,42100.0,"Santa Cruz-Watsonville, CA MSA","Santa Cruz-Watsonville, CA Metro Area",No,No
CA,06,089,Shasta,Rest of CA,39820.0,"Redding, CA MSA","Redding, CA Metro Area",No,No
CA,06,091,Sierra,,,,,,
CA,06,093,Siskiyou,,,,,,
CA,06,095,Solano,MTC,46700.0,"Vallejo, CA MSA","Vallejo, CA Metro Area",No,No
CA,06,097,Sonoma,MTC,42220.0,"Santa Rosa-Petaluma, CA MSA","Santa Rosa-Petaluma, CA Metro Area",No,No
CA,06,099,Stanislaus,CVCOG,33700.0,"Modesto, CA MSA","Modesto, CA Metro Area",No,No
CA,06,101,Sutter,SACOG,49700.0,"Yuba City, CA MSA","Yuba City, CA Metro Area",Yes,Yes
CA,06,103,Tehama,Rest of CA,39780.0,"Red Bluff, CA MicroSA","Red Bluff, CA Micro Area",No,No
CA,06,105,Trinity,,,,,,
CA,06,107,Tulare,Rest of CA,47300.0,"Visalia, CA MSA","Visalia, CA Metro Area",No,No
CA,06,109,Tuolumne,Rest of CA,43760.0,"Sonora, CA MicroSA","Sonora, CA Micro Area",No,No
CA,06,111,Ventura,SCAG,37100.0,"Oxnard-Thousand Oaks-Ventura, CA MSA","Oxnard-Thousand Oaks-Ventura, CA Metro Area",No,No
CA,06,113,Yolo,SACOG,40900.0,"Sacramento-Roseville-Folsom, CA MSA","Sacramento-Roseville-Folsom, CA Metro Area",Yes,Yes
CA,06,115,Yuba,SACOG,49700.0,"Yuba City, CA MSA","Yuba City, CA Metro Area",Yes,Yes
CO,08,001,Adams,DRCOG,19740.0,"Denver-Aurora-Centennial, CO MSA","Denver-Aurora-Lakewood, CO Metro Area",Yes,No
CO,08,003,Alamosa,,,,,,
CO,08,005,Arapahoe,DRCOG,19740.0,"Denver-Aurora-Centennial, CO MSA","Denver-Aurora-Lakewood, CO Metro Area",Yes,No
CO,08,007,Archuleta,,,,,,
CO,08,009,Baca,,,,,,
CO,08,011,Bent,,,,,,
CO,08,013,Boulder,DRCOG,14500.0,"Boulder, CO MSA","Boulder, CO Metro Area",No,No
CO,08,014,Broomfield,DRCOG,19740.0,"Denver-Aurora-Centennial, CO MSA","Denver-Aurora-Lakewood, CO Metro Area",Yes,No
CO,08,015,Chaffee,,,,,,
CO,08,017,Cheyenne,,,,,,
CO,08,019,Clear Creek,DRCOG,19740.0,"Denver-Aurora-Centennial, CO MSA","Denver-Aurora-Lakewood, CO Metro Area",Yes,No
CO,08,021,Conejos,,,,,,
CO,08,023,Costilla,,,,,,
CO,08,025,Crowley,,,,,,
CO,08,027,Custer,,,,,,
CO,08,029,Delta,,,,,,
CO,08,031,Denver,DRCOG,19740.0,"Denver-Aurora-Centennial, CO MSA","Denver-Aurora-Lakewood, CO Metro Area",Yes,No
CO,08,033,Dolores,,,,,,
CO,08,035,Douglas,DRCOG,19740.0,"Denver-Aurora-Centennial, CO MSA","Denver-Aurora-Lakewood, CO Metro Area",Yes,No
CO,08,037,Eagle,,20780.0,"Edwards, CO MicroSA","Edwards, CO Micro Area",No,No
CO,08,039,Elbert,,19740.0,"Denver-Aurora-Centennial, CO MSA","Denver-Aurora-Lakewood, CO Metro Area",Yes,No
CO,08,041,El Paso,,17820.0,"Colorado Springs, CO MSA","Colorado Springs, CO Metro Area",No,No
CO,08,043,Fremont,,15860.0,"Canon City, CO MicroSA","Cañon City, CO Micro Area",No,No
CO,08,045,Garfield,,24060.0,"Rifle, CO MicroSA","Glenwood Springs, CO Micro Area",No,No
CO,08,047,Gilpin,DRCOG,19740.0,"Denver-Aurora-Centennial, CO MSA","Denver-Aurora-Lakewood, CO Metro Area",Yes,No
CO,08,049,Grand,,,,,,
CO,08,051,Gunnison,,,,,,
CO,08,053,Hinsdale,,,,,,
CO,08,055,Huerfano,,,,,,
CO,08,057,Jackson,,,,,,
CO,08,059,Jefferson,DRCOG,19740.0,"Denver-Aurora-Centennial, CO MSA","Denver-Aurora-Lakewood, CO Metro Area",Yes,No
CO,08,061,Kiowa,,,,,,
CO,08,063,Kit Carson,,,,,,
CO,08,065,Lake,,,,,,
CO,08,067,La Plata,,20420.0,"Durango, CO MicroSA","Durango, CO Micro Area",No,No
CO,08,069,Larimer,,22660.0,"Fort Collins-Loveland, CO MSA","Fort Collins, CO Metro Area",No,No
CO,08,071,Las Animas,,,,,,
CO,08,073,Lincoln,,,,,,
CO,08,075,Logan,,44540.0,"Sterling, CO MicroSA","Sterling, CO Micro Area",No,No
CO,08,077,Mesa,,24300.0,"Grand Junction, CO MSA","Grand Junction, CO Metro Area",No,No
CO,08,079,Mineral,,,,,,
CO,08,081,Moffat,,18780.0,"Steamboat Springs, CO MicroSA","Craig, CO Micro Area",No,No
CO,08,083,Montezuma,,,,,,
CO,08,085,Montrose,,33940.0,"Montrose, CO MicroSA","Montrose, CO Micro Area",No,No
CO,08,087,Morgan,,22820.0,"Fort Morgan, CO MicroSA","Fort Morgan, CO Micro Area",No,No
CO,08,089,Otero,,,,,,
CO,08,091,Ouray,,,,,,
CO,08,093,Park,,19740.0,"Denver-Aurora-Centennial, CO MSA","Denver-Aurora-Lakewood, CO Metro Area",Yes,No
CO,08,095,Phillips,,,,,,
CO,08,097,Pitkin,,24060.0,"Rifle, CO MicroSA","Glenwood Springs, CO Micro Area",No,No
CO,08,099,Prowers,,,,,,
CO,08,101,Pueblo,,39380.0,"Pueblo, CO MSA","Pueblo, CO Metro Area",No,No
CO,08,103,Rio Blanco,,,,,,
CO,08,105,Rio Grande,,,,,,
CO,08,107,Routt,,44460.0,"Steamboat Springs, CO MicroSA","Steamboat Springs, CO Micro Area",No,No
CO,08,109,Saguache,,,,,,
CO,08,111,San Juan,,,,,,
CO,08,113,San Miguel,,,,,,
CO,08,115,Sedgwick,,,,,,
CO,08,117,Summit,,14720.0,"Breckenridge, CO MicroSA","Breckenridge, CO Micro Area",No,No
CO,08,119,Teller,,17820.0,"Colorado Springs, CO MSA","Colorado Springs, CO Metro Area",No,No
CO,08,121,Washington,,,,,,
CO,08,123,Weld,,24540.0,"Greeley, CO MSA","Greeley, CO Metro Area",No,No
CO,08,125,Yuma,,,,,,
CT,09,001,Fairfield,,14860.0,,"Bridgeport-Stamford-Norwalk, CT Metro Area",No,No
CT,09,003,Hartford,,25540.0,,"Hartford-East Hartford-Middletown, CT Metro Area",No,No
CT,09,005,Litchfield,,45860.0,,"Torrington, CT Micro Area",No,No
CT,09,007,Middlesex,,25540.0,,"Hartford-East Hartford-Middletown, CT Metro Area",No,No
CT,09,009,New Haven,,35300.0,,"New Haven-Milford, CT Metro Area",No,No
CT,09,011,New London,,35980.0,,"Norwich-New London, CT Metro Area",No,No
CT,09,013,Tolland,,25540.0,,"Hartford-East Hartford-Middletown, CT Metro Area",No,No
CT,09,015,Windham,,49340.0,,"Worcester, MA-CT Metro Area",No,No
DE,10,001,Kent,,20100.0,"Dover, DE MSA","Dover, DE Metro Area",No,No
DE,10,003,New Castle,,37980.0,"Philadelphia-Camden-Wilmington, PA-NJ-DE-MD MSA","Philadelphia-Camden-Wilmington, PA-NJ-DE-MD Metro Area",No,No
DE,10,005,Sussex,,41540.0,"Seaford, DE MicroSA","Salisbury, MD-DE Metro Area",No,No
DC,11,001,District of Columbia,,47900.0,"Washington-Arlington-Alexandria, DC-VA-MD-WV MSA","Washington-Arlington-Alexandria, DC-VA-MD-WV Metro Area",No,No
FL,12,001,Alachua,,23540.0,"Gainesville, FL MSA","Gainesville, FL Metro Area",No,No
FL,12,003,Baker,,27260.0,"Jacksonville, FL MSA","Jacksonville, FL Metro Area",No,No
FL,12,005,Bay,,37460.0,"Panama City-Panama City Beach, FL MSA","Panama City, FL Metro Area",No,No
FL,12,007,Bradford,,,,,,
FL,12,009,Brevard,,37340.0,"Palm Bay-Melbourne-Titusville, FL MSA","Palm Bay-Melbourne-Titusville, FL Metro Area",No,No
FL,12,011,Broward,,33100.0,"Miami-Fort Lauderdale-West Palm Beach, FL MSA","Miami-Fort Lauderdale-Pompano Beach, FL Metro Area",Yes,No
FL,12,013,Calhoun,,,,,,
FL,12,015,Charlotte,,39460.0,"Punta Gorda, FL MSA","Punta Gorda, FL Metro Area",No,No
FL,12,017,Citrus,,26140.0,"Homosassa Springs, FL MSA","Homosassa Springs, FL Metro Area",No,No
FL,12,019,Clay,,27260.0,"Jacksonville, FL MSA","Jacksonville, FL Metro Area",No,No
FL,12,021,Collier,,34940.0,"Naples-Marco Island, FL MSA","Naples-Marco Island, FL Metro Area",No,No
FL,12,023,Columbia,,29380.0,"Lake City, FL MicroSA","Lake City, FL Micro Area",No,No
FL,12,027,DeSoto,,11580.0,"Arcadia, FL MicroSA","Arcadia, FL Micro Area",No,No
FL,12,029,Dixie,,,,,,
FL,12,031,Duval,,27260.0,"Jacksonville, FL MSA","Jacksonville, FL Metro Area",No,No
FL,12,033,Escambia,,37860.0,"Pensacola-Ferry Pass-Brent, FL MSA","Pensacola-Ferry Pass-Brent, FL Metro Area",No,No
FL,12,035,Flagler,,19660.0,"Deltona-Daytona Beach-Ormond Beach, FL MSA","Deltona-Daytona Beach-Ormond Beach, FL Metro Area",No,No
FL,12,037,Franklin,,,,,,
FL,12,039,Gadsden,,45220.0,"Tallahassee, FL MSA","Tallahassee, FL Metro Area",No,No
FL,12,041,Gilchrist,,23540.0,"Gainesville, FL MSA","Gainesville, FL Metro Area",No,No
FL,12,043,Glades,,,,,,
FL,12,045,Gulf,,37460.0,,"Panama City, FL Metro Area",No,No
FL,12,047,Hamilton,,,,,,
FL,12,049,Hardee,,48100.0,,"Wauchula, FL Micro Area",No,No
FL,12,051,Hendry,,17500.0,"Clewiston, FL MicroSA","Clewiston, FL Micro Area",No,No
FL,12,053,Hernando,,45300.0,"Tampa-St. Petersburg-Clearwater, FL MSA","Tampa-St. Petersburg-Clearwater, FL Metro Area",Yes,No
FL,12,055,Highlands,,42700.0,"Sebring, FL MSA","Sebring-Avon Park, FL Metro Area",No,No
FL,12,057,Hillsborough,,45300.0,"Tampa-St. Petersburg-Clearwater, FL MSA","Tampa-St. Petersburg-Clearwater, FL Metro Area",Yes,No
FL,12,059,Holmes,,,,,,
FL,12,061,Indian River,,42680.0,"Sebastian-Vero Beach-West Vero Corridor, FL MSA","Sebastian-Vero Beach, FL Metro Area",No,No
FL,12,063,Jackson,,,,,,
FL,12,065,Jefferson,,45220.0,"Tallahassee, FL MSA","Tallahassee, FL Metro Area",No,No
FL,12,067,Lafayette,,,,,,
FL,12,069,Lake,,36740.0,"Orlando-Kissimmee-Sanford, FL MSA","Orlando-Kissimmee-Sanford, FL Metro Area",Yes,No
FL,12,071,Lee,,15980.0,"Cape Coral-Fort Myers, FL MSA","Cape Coral-Fort Myers, FL Metro Area",No,No
FL,12,073,Leon,,45220.0,"Tallahassee, FL MSA","Tallahassee, FL Metro Area",No,No
FL,12,075,Levy,,,,,,
FL,12,077,Liberty,,,,,,
FL,12,079,Madison,,,,,,
FL,12,081,Manatee,,35840.0,"North Port-Bradenton-Sarasota, FL MSA","North Port-Sarasota-Bradenton, FL Metro Area",No,No
FL,12,083,Marion,,36100.0,"Ocala, FL MSA","Ocala, FL Metro Area",No,No
FL,12,085,Martin,,38940.0,"Port St. Lucie, FL MSA","Port St. Lucie, FL Metro Area",No,No
FL,12,086,Miami-Dade,,33100.0,"Miami-Fort Lauderdale-West Palm Beach, FL MSA","Miami-Fort Lauderdale-Pompano Beach, FL Metro Area",Yes,No
FL,12,087,Monroe,,28580.0,"Key West-Key Largo, FL MicroSA","Key West, FL Micro Area",No,No
FL,12,089,Nassau,,27260.0,"Jacksonville, FL MSA","Jacksonville, FL Metro Area",No,No
FL,12,091,Okaloosa,,18880.0,"Crestview-Fort Walton Beach-Destin, FL MSA","Crestview-Fort Walton Beach-Destin, FL Metro Area",No,No
FL,12,093,Okeechobee,,36380.0,"Okeechobee, FL MicroSA","Okeechobee, FL Micro Area",No,No
FL,12,095,Orange,,36740.0,"Orlando-Kissimmee-Sanford, FL MSA","Orlando-Kissimmee-Sanford, FL Metro Area",Yes,No
FL,12,097,Osceola,,36740.0,"Orlando-Kissimmee-Sanford, FL MSA","Orlando-Kissimmee-Sanford, FL Metro Area",Yes,No
FL,12,099,Palm Beach,,33100.0,"Miami-Fort Lauderdale-West Palm Beach, FL MSA","Miami-Fort Lauderdale-Pompano Beach, FL Metro Area",Yes,No
FL,12,101,Pasco,,45300.0,"Tampa-St. Petersburg-Clearwater, FL MSA","Tampa-St. Petersburg-Clearwater, FL Metro Area",Yes,No
FL,12,103,Pinellas,,45300.0,"Tampa-St. Petersburg-Clearwater, FL MSA","Tampa-St. Petersburg-Clearwater, FL Metro Area",Yes,No
FL,12,105,Polk,,29460.0,"Lakeland-Winter Haven, FL MSA","Lakeland-Winter Haven, FL Metro Area",No,No
FL,12,107,Putnam,,37260.0,"Palatka, FL MicroSA","Palatka, FL Micro Area",No,No
FL,12,109,St. Johns,,27260.0,"Jacksonville, FL MSA","Jacksonville, FL Metro Area",No,No
FL,12,111,St. Lucie,,38940.0,"Port St. Lucie, FL MSA","Port St. Lucie, FL Metro Area",No,No
FL,12,113,Santa Rosa,,37860.0,"Pensacola-Ferry Pass-Brent, FL MSA","Pensacola-Ferry Pass-Brent, FL Metro Area",No,No
FL,12,115,Sarasota,,35840.0,"North Port-Bradenton-Sarasota, FL MSA","North Port-Sarasota-Bradenton, FL Metro Area",No,No
FL,12,117,Seminole,,36740.0,"Orlando-Kissimmee-Sanford, FL MSA","Orlando-Kissimmee-Sanford, FL Metro Area",Yes,No
FL,12,119,Sumter,,45540.0,"Wildwood-The Villages, FL MSA","The Villages, FL Metro Area",No,No
FL,12,121,Suwannee,,,,,,
FL,12,123,Taylor,,,,,,
FL,12,125,Union,,,,,,
FL,12,127,Volusia,,19660.0,"Deltona-Daytona Beach-Ormond Beach, FL MSA","Deltona-Daytona Beach-Ormond Beach, FL Metro Area",No,No
FL,12,129,Wakulla,,45220.0,"Tallahassee, FL MSA","Tallahassee, FL Metro Area",No,No
FL,12,131,Walton,,18880.0,"Crestview-Fort Walton Beach-Destin, FL MSA","Crestview-Fort Walton Beach-Destin, FL Metro Area",No,No
FL,12,133,Washington,,,,,,
GA,13,001,Appling,,,,,,
GA,13,003,Atkinson,,,,,,
GA,13,005,Bacon,,,,,,
GA,13,007,Baker,,10500.0,,"Albany, GA Metro Area",No,No
GA,13,009,Baldwin,,33300.0,"Milledgeville, GA MicroSA","Milledgeville, GA Micro Area",No,No
GA,13,011,Banks,,,,,,
GA,13,013,Barrow,,12060.0,"Atlanta-Sandy Springs-Roswell, GA MSA","Atlanta-Sandy Springs-Alpharetta, GA Metro Area",No,No
GA,13,015,Bartow,,12060.0,"Atlanta-Sandy Springs-Roswell, GA MSA","Atlanta-Sandy Springs-Alpharetta, GA Metro Area",No,No
GA,13,017,Ben Hill,,22340.0,"Fitzgerald, GA MicroSA","Fitzgerald, GA Micro Area",No,No
GA,13,019,Berrien,,,,,,
GA,13,021,Bibb,,31420.0,"Macon-Bibb County, GA MSA","Macon-Bibb County, GA Metro Area",No,No
GA,13,023,Bleckley,,,,,,
GA,13,025,Brantley,,15260.0,"Brunswick-St. Simons, GA MSA","Brunswick, GA Metro Area",No,No
GA,13,027,Brooks,,46660.0,"Valdosta, GA MSA","Valdosta, GA Metro Area",No,No
GA,13,029,Bryan,,42340.0,"Savannah, GA MSA","Savannah, GA Metro Area",No,No
GA,13,031,Bulloch,,44340.0,"Statesboro, GA MicroSA","Statesboro, GA Micro Area",No,No
GA,13,033,Burke,,12260.0,"Augusta-Richmond County, GA-SC MSA","Augusta-Richmond County, GA-SC Metro Area",No,No
GA,13,035,Butts,,12060.0,"Atlanta-Sandy Springs-Roswell, GA MSA","Atlanta-Sandy Springs-Alpharetta, GA Metro Area",No,No
GA,13,037,Calhoun,,,,,,
GA,13,039,Camden,,41220.0,"Kingsland, GA MicroSA","St. Marys, GA Micro Area",No,No
GA,13,043,Candler,,,,,,
GA,13,045,Carroll,,12060.0,"Atlanta-Sandy Springs-Roswell, GA MSA","Atlanta-Sandy Springs-Alpharetta, GA Metro Area",No,No
GA,13,047,Catoosa,,16860.0,"Chattanooga, TN-GA MSA","Chattanooga, TN-GA Metro Area",No,No
GA,13,049,Charlton,,,,,,
GA,13,051,Chatham,,42340.0,"Savannah, GA MSA","Savannah, GA Metro Area",No,No
GA,13,053,Chattahoochee,,17980.0,"Columbus, GA-AL MSA","Columbus, GA-AL Metro Area",No,No
GA,13,055,Chattooga,,44900.0,"Summerville, GA MicroSA","Summerville, GA Micro Area",No,No
GA,13,057,Cherokee,,12060.0,"Atlanta-Sandy Springs-Roswell, GA MSA","Atlanta-Sandy Springs-Alpharetta, GA Metro Area",No,No
GA,13,059,Clarke,,12020.0,"Athens-Clarke County, GA MSA","Athens-Clarke County, GA Metro Area",No,No
GA,13,061,Clay,,,,,,
GA,13,063,Clayton,,12060.0,"Atlanta-Sandy Springs-Roswell, GA MSA","Atlanta-Sandy Springs-Alpharetta, GA Metro Area",No,No
GA,13,065,Clinch,,,,,,
GA,13,067,Cobb,,12060.0,"Atlanta-Sandy Springs-Roswell, GA MSA","Atlanta-Sandy Springs-Alpharetta, GA Metro Area",No,No
GA,13,069,Coffee,,20060.0,"Douglas, GA MicroSA","Douglas, GA Micro Area",No,No
GA,13,071,Colquitt,,34220.0,"Moultrie, GA MicroSA","Moultrie, GA Micro Area",No,No
GA,13,073,Columbia,,12260.0,"Augusta-Richmond County, GA-SC MSA","Augusta-Richmond County, GA-SC Metro Area",No,No
GA,13,075,Cook,,,,,,
GA,13,077,Coweta,,12060.0,"Atlanta-Sandy Springs-Roswell, GA MSA","Atlanta-Sandy Springs-Alpharetta, GA Metro Area",No,No
GA,13,079,Crawford,,31420.0,"Macon-Bibb County, GA MSA","Macon-Bibb County, GA Metro Area",No,No
GA,13,081,Crisp,,18380.0,"Cordele, GA MicroSA","Cordele, GA Micro Area",No,No
GA,13,083,Dade,,16860.0,"Chattanooga, TN-GA MSA","Chattanooga, TN-GA Metro Area",No,No
GA,13,085,Dawson,,12060.0,"Atlanta-Sandy Springs-Roswell, GA MSA","Atlanta-Sandy Springs-Alpharetta, GA Metro Area",No,No
GA,13,087,Decatur,,12460.0,"Bainbridge, GA MicroSA","Bainbridge, GA Micro Area",No,No
GA,13,089,DeKalb,,12060.0,"Atlanta-Sandy Springs-Roswell, GA MSA","Atlanta-Sandy Springs-Alpharetta, GA Metro Area",No,No
GA,13,091,Dodge,,,,,,
GA,13,093,Dooly,,,,,,
GA,13,095,Dougherty,,10500.0,"Albany, GA MSA","Albany, GA Metro Area",No,No
GA,13,097,Douglas,,12060.0,"Atlanta-Sandy Springs-Roswell, GA MSA","Atlanta-Sandy Springs-Alpharetta, GA Metro Area",No,No
GA,13,099,Early,,,,,,
GA,13,101,Echols,,46660.0,"Valdosta, GA MSA","Valdosta, GA Metro Area",No,No
GA,13,103,Effingham,,42340.0,"Savannah, GA MSA","Savannah, GA Metro Area",No,No
GA,13,105,Elbert,,,,,,
GA,13,107,Emanuel,,,,,,
GA,13,109,Evans,,,,,,
GA,13,111,Fannin,,,,,,
GA,13,113,Fayette,,12060.0,"Atlanta-Sandy Springs-Roswell, GA MSA","Atlanta-Sandy Springs-Alpharetta, GA Metro Area",No,No
GA,13,115,Floyd,,40660.0,"Rome, GA MSA","Rome, GA Metro Area",No,No
GA,13,117,Forsyth,,12060.0,"Atlanta-Sandy Springs-Roswell, GA MSA","Atlanta-Sandy Springs-Alpharetta, GA Metro Area",No,No
GA,13,119,Franklin,,,,,,
GA,13,121,Fulton,,12060.0,"Atlanta-Sandy Springs-Roswell, GA MSA","Atlanta-Sandy Springs-Alpharetta, GA Metro Area",No,No
GA,13,123,Gilmer,,,,,,
GA,13,125,Glascock,,,,,,
GA,13,127,Glynn,,15260.0,"Brunswick-St. Simons, GA MSA","Brunswick, GA Metro Area",No,No
GA,13,129,Gordon,,15660.0,"Calhoun, GA MicroSA","Calhoun, GA Micro Area",No,No
GA,13,131,Grady,,,,,,
GA,13,133,Greene,,,,,,
GA,13,135,Gwinnett,,12060.0,"Atlanta-Sandy Springs-Roswell, GA MSA","Atlanta-Sandy Springs-Alpharetta, GA Metro Area",No,No
GA,13,137,Habersham,,18460.0,"Cornelia, GA MicroSA","Cornelia, GA Micro Area",No,No
GA,13,139,Hall,,23580.0,"Gainesville, GA MSA","Gainesville, GA Metro Area",No,No
GA,13,141,Hancock,,33300.0,,"Milledgeville, GA Micro Area",No,No
GA,13,143,Haralson,,12060.0,"Atlanta-Sandy Springs-Roswell, GA MSA","Atlanta-Sandy Springs-Alpharetta, GA Metro Area",No,No
GA,13,145,Harris,,17980.0,"Columbus, GA-AL MSA","Columbus, GA-AL Metro Area",No,No
GA,13,147,Hart,,,,,,
GA,13,149,Heard,,12060.0,"Atlanta-Sandy Springs-Roswell, GA MSA","Atlanta-Sandy Springs-Alpharetta, GA Metro Area",No,No
GA,13,151,Henry,,12060.0,"Atlanta-Sandy Springs-Roswell, GA MSA","Atlanta-Sandy Springs-Alpharetta, GA Metro Area",No,No
GA,13,153,Houston,,47580.0,"Warner Robins, GA MSA","Warner Robins, GA Metro Area",No,No
GA,13,155,Irwin,,,,,,
GA,13,157,Jackson,,27600.0,"Jefferson, GA MicroSA","Jefferson, GA Micro Area",No,No
GA,13,159,Jasper,,12060.0,"Atlanta-Sandy Springs-Roswell, GA MSA","Atlanta-Sandy Springs-Alpharetta, GA Metro Area",No,No
GA,13,161,Jeff Davis,,,,,,
GA,13,163,Jefferson,,,,,,
GA,13,165,Jenkins,,,,,,
GA,13,167,Johnson,,20140.0,"Dublin, GA MicroSA","Dublin, GA Micro Area",No,No
GA,13,169,Jones,,31420.0,"Macon-Bibb County, GA MSA","Macon-Bibb County, GA Metro Area",No,No
GA,13,171,Lamar,,12060.0,,"Atlanta-Sandy Springs-Alpharetta, GA Metro Area",No,No
GA,13,173,Lanier,,46660.0,"Valdosta, GA MSA","Valdosta, GA Metro Area",No,No
GA,13,175,Laurens,,20140.0,"Dublin, GA MicroSA","Dublin, GA Micro Area",No,No
GA,13,177,Lee,,10500.0,"Albany, GA MSA","Albany, GA Metro Area",No,No
GA,13,179,Liberty,,25980.0,"Hinesville, GA MSA","Hinesville, GA Metro Area",No,No
GA,13,181,Lincoln,,12260.0,"Augusta-Richmond County, GA-SC MSA","Augusta-Richmond County, GA-SC Metro Area",No,No
GA,13,183,Long,,25980.0,"Hinesville, GA MSA","Hinesville, GA Metro Area",No,No
GA,13,185,Lowndes,,46660.0,"Valdosta, GA MSA","Valdosta, GA Metro Area",No,No
GA,13,187,Lumpkin,,,,,,
GA,13,189,McDuffie,,12260.0,"Augusta-Richmond County, GA-SC MSA","Augusta-Richmond County, GA-SC Metro Area",No,No
GA,13,191,McIntosh,,15260.0,"Brunswick-St. Simons, GA MSA","Brunswick, GA Metro Area",No,No
GA,13,193,Macon,,,,,,
GA,13,195,Madison,,12020.0,"Athens-Clarke County, GA MSA","Athens-Clarke County, GA Metro Area",No,No
GA,13,197,Marion,,17980.0,"Columbus, GA-AL MSA","Columbus, GA-AL Metro Area",No,No
GA,13,199,Meriwether,,12060.0,"Atlanta-Sandy Springs-Roswell, GA MSA","Atlanta-Sandy Springs-Alpharetta, GA Metro Area",No,No
GA,13,201,Miller,,,,,,
GA,13,205,Mitchell,,,,,,
GA,13,207,Monroe,,31420.0,"Macon-Bibb County, GA MSA","Macon-Bibb County, GA Metro Area",No,No
GA,13,209,Montgomery,,47080.0,"Vidalia, GA MicroSA","Vidalia, GA Micro Area",No,No
GA,13,211,Morgan,,12060.0,"Atlanta-Sandy Springs-Roswell, GA MSA","Atlanta-Sandy Springs-Alpharetta, GA Metro Area",No,No
GA,13,213,Murray,,19140.0,"Dalton, GA MSA","Dalton, GA Metro Area",No,No
GA,13,215,Muscogee,,17980.0,"Columbus, GA-AL MSA","Columbus, GA-AL Metro Area",No,No
GA,13,217,Newton,,12060.0,"Atlanta-Sandy Springs-Roswell, GA MSA","Atlanta-Sandy Springs-Alpharetta, GA Metro Area",No,No
GA,13,219,Oconee,,12020.0,"Athens-Clarke County, GA MSA","Athens-Clarke County, GA Metro Area",No,No
GA,13,221,Oglethorpe,,12020.0,"Athens-Clarke County, GA MSA","Athens-Clarke County, GA Metro Area",No,No
GA,13,223,Paulding,,12060.0,"Atlanta-Sandy Springs-Roswell, GA MSA","Atlanta-Sandy Springs-Alpharetta, GA Metro Area",No,No
GA,13,225,Peach,,47580.0,"Warner Robins, GA MSA","Warner Robins, GA Metro Area",No,No
GA,13,227,Pickens,,12060.0,"Atlanta-Sandy Springs-Roswell, GA MSA","Atlanta-Sandy Springs-Alpharetta, GA Metro Area",No,No
GA,13,229,Pierce,,48180.0,"Waycross, GA MicroSA","Waycross, GA Micro Area",No,No
GA,13,231,Pike,,12060.0,"Atlanta-Sandy Springs-Roswell, GA MSA","Atlanta-Sandy Springs-Alpharetta, GA Metro Area",No,No
GA,13,233,Polk,,16340.0,"Cedartown, GA MicroSA","Cedartown, GA Micro Area",No,No
GA,13,235,Pulaski,,47580.0,,"Warner Robins, GA Metro Area",No,No
GA,13,237,Putnam,,,,,,
GA,13,239,Quitman,,,,,,
GA,13,241,Rabun,,,,,,
GA,13,243,Randolph,,,,,,
GA,13,245,Richmond,,12260.0,"Augusta-Richmond County, GA-SC MSA","Augusta-Richmond County, GA-SC Metro Area",No,No
GA,13,247,Rockdale,,12060.0,"Atlanta-Sandy Springs-Roswell, GA MSA","Atlanta-Sandy Springs-Alpharetta, GA Metro Area",No,No
GA,13,249,Schley,,11140.0,"Americus, GA MicroSA","Americus, GA Micro Area",No,No
GA,13,251,Screven,,,,,,
GA,13,253,Seminole,,,,,,
GA,13,255,Spalding,,12060.0,"Atlanta-Sandy Springs-Roswell, GA MSA","Atlanta-Sandy Springs-Alpharetta, GA Metro Area",No,No
GA,13,257,Stephens,,45740.0,"Toccoa, GA MicroSA","Toccoa, GA Micro Area",No,No
GA,13,259,Stewart,,,,,,
GA,13,261,Sumter,,11140.0,"Americus, GA MicroSA","Americus, GA Micro Area",No,No
GA,13,263,Talbot,,,,,,
GA,13,265,Taliaferro,,,,,,
GA,13,267,Tattnall,,,,,,
GA,13,269,Taylor,,,,,,
GA,13,271,Telfair,,,,,,
GA,13,273,Terrell,,10500.0,"Albany, GA MSA","Albany, GA Metro Area",No,No
GA,13,275,Thomas,,45620.0,"Thomasville, GA MicroSA","Thomasville, GA Micro Area",No,No
GA,13,277,Tift,,45700.0,"Tifton, GA MicroSA","Tifton, GA Micro Area",No,No
GA,13,279,Toombs,,47080.0,"Vidalia, GA MicroSA","Vidalia, GA Micro Area",No,No
GA,13,281,Towns,,,,,,
GA,13,283,Treutlen,,,,,,
GA,13,285,Troup,,29300.0,"LaGrange, GA-AL MicroSA","LaGrange, GA-AL Micro Area",No,No
GA,13,287,Turner,,,,,,
GA,13,289,Twiggs,,31420.0,"Macon-Bibb County, GA MSA","Macon-Bibb County, GA Metro Area",No,No
GA,13,291,Union,,,,,,
GA,13,293,Upson,,45580.0,"Thomaston, GA MicroSA","Thomaston, GA Micro Area",No,No
GA,13,295,Walker,,16860.0,"Chattanooga, TN-GA MSA","Chattanooga, TN-GA Metro Area",No,No
GA,13,297,Walton,,12060.0,"Atlanta-Sandy Springs-Roswell, GA MSA","Atlanta-Sandy Springs-Alpharetta, GA Metro Area",No,No
GA,13,299,Ware,,48180.0,"Waycross, GA MicroSA","Waycross, GA Micro Area",No,No
GA,13,301,Warren,,,,,,
GA,13,303,Washington,,,,,,
GA,13,305,Wayne,,27700.0,"Jesup, GA MicroSA","Jesup, GA Micro Area",No,No
GA,13,307,Webster,,,,,,
GA,13,309,Wheeler,,,,,,
GA,13,311,White,,,,,,
GA,13,313,Whitfield,,19140.0,"Dalton, GA MSA","Dalton, GA Metro Area",No,No
GA,13,315,Wilcox,,,,,,
GA,13,317,Wilkes,,,,,,
GA,13,319,Wilkinson,,,,,,
GA,13,321,Worth,,10500.0,"Albany, GA MSA","Albany, GA Metro Area",No,No
HI,15,001,Hawaii,,25900.0,"Hilo-Kailua, HI MicroSA","Hilo, HI Micro Area",No,No
HI,15,003,Honolulu,,46520.0,"Urban Honolulu, HI MSA","Urban Honolulu, HI Metro Area",No,No
HI,15,005,Kalawao,,,,,,
HI,15,007,Kauai,,28180.0,"Kapaa, HI MicroSA","Kapaa, HI Micro Area",No,No
HI,15,009,Maui,,27980.0,"Kahului-Wailuku, HI MSA","Kahului-Wailuku-Lahaina, HI Metro Area",No,No
HI,15,009,Maui,,27980.0,"Kahului-Wailuku, HI MSA","Kahului-Wailuku-Lahaina, HI Metro Area",No,No
ID,16,001,Ada,,14260.0,"Boise City, ID MSA","Boise City, ID Metro Area",No,No
ID,16,003,Adams,,,,,,
ID,16,005,Bannock,,38540.0,"Pocatello, ID MSA","Pocatello, ID Metro Area",No,No
ID,16,007,Bear Lake,,,,,,
ID,16,009,Benewah,,,,,,
ID,16,011,Bingham,,13940.0,"Blackfoot, ID MicroSA","Blackfoot, ID Micro Area",No,No
ID,16,013,Blaine,,25200.0,"Hailey, ID MicroSA","Hailey, ID Micro Area",No,No
ID,16,015,Boise,,14260.0,"Boise City, ID MSA","Boise City, ID Metro Area",No,No
ID,16,017,Bonner,,41760.0,"Sandpoint, ID MicroSA","Sandpoint, ID Micro Area",No,No
ID,16,019,Bonneville,,26820.0,"Idaho Falls, ID MSA","Idaho Falls, ID Metro Area",No,No
ID,16,021,Boundary,,,,,,
ID,16,023,Butte,,26820.0,"Idaho Falls, ID MSA","Idaho Falls, ID Metro Area",No,No
ID,16,025,Camas,,25200.0,"Hailey, ID MicroSA","Hailey, ID Micro Area",No,No
ID,16,027,Canyon,,14260.0,"Boise City, ID MSA","Boise City, ID Metro Area",No,No
ID,16,029,Caribou,,,,,,
ID,16,031,Cassia,,15420.0,"Burley, ID MicroSA","Burley, ID Micro Area",No,No
ID,16,033,Clark,,,,,,
ID,16,035,Clearwater,,,,,,
ID,16,037,Custer,,,,,,
ID,16,039,Elmore,,34300.0,"Mountain Home, ID MicroSA","Mountain Home, ID Micro Area",No,No
ID,16,041,Franklin,,30860.0,"Logan, UT-ID MSA","Logan, UT-ID Metro Area",No,No
ID,16,043,Fremont,,39940.0,"Rexburg, ID MicroSA","Rexburg, ID Micro Area",No,No
ID,16,045,Gem,,14260.0,"Boise City, ID MSA","Boise City, ID Metro Area",No,No
ID,16,047,Gooding,,,,,,
ID,16,049,Idaho,,,,,,
ID,16,051,Jefferson,,26820.0,"Idaho Falls, ID MSA","Idaho Falls, ID Metro Area",No,No
ID,16,053,Jerome,,46300.0,"Twin Falls, ID MSA","Twin Falls, ID Metro Area",No,No
ID,16,055,Kootenai,,17660.0,"Coeur d'Alene, ID MSA","Coeur d'Alene, ID Metro Area",No,No
ID,16,057,Latah,,34140.0,"Moscow, ID MicroSA","Moscow, ID Micro Area",No,No
ID,16,059,Lemhi,,,,,,
ID,16,061,Lewis,,,,,,
ID,16,063,Lincoln,,25200.0,"Hailey, ID MicroSA","Hailey, ID Micro Area",No,No
ID,16,065,Madison,,39940.0,"Rexburg, ID MicroSA","Rexburg, ID Micro Area",No,No
ID,16,067,Minidoka,,15420.0,"Burley, ID MicroSA","Burley, ID Micro Area",No,No
ID,16,069,Nez Perce,,30300.0,"Lewiston, ID-WA MSA","Lewiston, ID-WA Metro Area",No,No
ID,16,071,Oneida,,,,,,
ID,16,073,Owyhee,,14260.0,"Boise City, ID MSA","Boise City, ID Metro Area",No,No
ID,16,075,Payette,,36620.0,"Ontario, OR-ID MicroSA","Ontario, OR-ID Micro Area",No,No
ID,16,077,Power,,,,,,
ID,16,079,Shoshone,,,,,,
ID,16,081,Teton,,27220.0,"Jackson, WY-ID MicroSA","Jackson, WY-ID Micro Area",No,No
ID,16,083,Twin Falls,,46300.0,"Twin Falls, ID MSA","Twin Falls, ID Metro Area",No,No
ID,16,085,Valley,,,,,,
ID,16,087,Washington,,,,,,
IL,17,001,Adams,,39500.0,"Quincy, IL-MO MicroSA","Quincy, IL-MO Micro Area",No,No
IL,17,003,Alexander,,16020.0,"Cape Girardeau, MO-IL MSA","Cape Girardeau, MO-IL Metro Area",No,No
IL,17,005,Bond,,41180.0,"St. Louis, MO-IL MSA","St. Louis, MO-IL Metro Area",Yes,No
IL,17,007,Boone,,40420.0,"Rockford, IL MSA","Rockford, IL Metro Area",No,No
IL,17,009,Brown,,,,,,
IL,17,011,Bureau,,36860.0,"Ottawa, IL MicroSA",,,No
IL,17,013,Calhoun,,41180.0,"St. Louis, MO-IL MSA","St. Louis, MO-IL Metro Area",Yes,No
IL,17,015,Carroll,,,,,,
IL,17,017,Cass,,,,,,
IL,17,019,Champaign,,16580.0,"Champaign-Urbana, IL MSA","Champaign-Urbana, IL Metro Area",No,No
IL,17,021,Christian,,45380.0,"Taylorville, IL MicroSA","Taylorville, IL Micro Area",No,No
IL,17,023,Clark,,,,,,
IL,17,025,Clay,,,,,,
IL,17,027,Clinton,,41180.0,"St. Louis, MO-IL MSA","St. Louis, MO-IL Metro Area",Yes,No
IL,17,029,Coles,,16660.0,"Charleston-Mattoon, IL MicroSA","Charleston-Mattoon, IL Micro Area",No,No
IL,17,031,Cook,,16980.0,"Chicago-Naperville-Elgin, IL-IN MSA","Chicago-Naperville-Elgin, IL-IN-WI Metro Area",No,No
IL,17,033,Crawford,,,,,,
IL,17,035,Cumberland,,16660.0,"Effingham, IL MicroSA","Charleston-Mattoon, IL Micro Area",No,No
IL,17,037,DeKalb,,16980.0,"Chicago-Naperville-Elgin, IL-IN MSA","Chicago-Naperville-Elgin, IL-IN-WI Metro Area",No,No
IL,17,039,De Witt,,14010.0,,"Bloomington, IL Metro Area",No,No
IL,17,041,Douglas,,,,,,
IL,17,043,DuPage,,16980.0,"Chicago-Naperville-Elgin, IL-IN MSA","Chicago-Naperville-Elgin, IL-IN-WI Metro Area",No,No
IL,17,045,Edgar,,,,,,
IL,17,047,Edwards,,,,,,
IL,17,049,Effingham,,20820.0,"Effingham, IL MicroSA","Effingham, IL Micro Area",No,No
IL,17,051,Fayette,,,,,,
IL,17,053,Ford,,16580.0,"Champaign-Urbana, IL MSA","Champaign-Urbana, IL Metro Area",No,No
IL,17,055,Franklin,,,,,,
IL,17,057,Fulton,,15900.0,"Canton, IL MicroSA",,,No
IL,17,059,Gallatin,,,,,,
IL,17,061,Greene,,,,,,
IL,17,063,Grundy,,16980.0,"Chicago-Naperville-Elgin, IL-IN MSA","Chicago-Naperville-Elgin, IL-IN-WI Metro Area",No,No
IL,17,065,Hamilton,,,,,,
IL,17,067,Hancock,,22800.0,,"Fort Madison-Keokuk, IA-IL-MO Micro Area",No,No
IL,17,069,Hardin,,,,,,
IL,17,071,Henderson,,15460.0,"Burlington, IA-IL MicroSA","Burlington, IA-IL Micro Area",No,No
IL,17,073,Henry,,19340.0,"Davenport-Moline-Rock Island, IA-IL MSA","Davenport-Moline-Rock Island, IA-IL Metro Area",No,No
IL,17,075,Iroquois,,,,,,
IL,17,077,Jackson,,16060.0,"Carbondale, IL MicroSA","Carbondale-Marion, IL Metro Area",No,No
IL,17,079,Jasper,,,,,,
IL,17,081,Jefferson,,34500.0,"Mount Vernon, IL MicroSA","Mount Vernon, IL Micro Area",No,No
IL,17,083,Jersey,,41180.0,"St. Louis, MO-IL MSA","St. Louis, MO-IL Metro Area",Yes,No
IL,17,085,Jo Daviess,,,,,,
IL,17,087,Johnson,,,,,,
IL,17,089,Kane,,16980.0,"Chicago-Naperville-Elgin, IL-IN MSA","Chicago-Naperville-Elgin, IL-IN-WI Metro Area",No,No
IL,17,091,Kankakee,,28100.0,"Kankakee, IL MSA","Kankakee, IL Metro Area",No,No
IL,17,093,Kendall,,16980.0,"Chicago-Naperville-Elgin, IL-IN MSA","Chicago-Naperville-Elgin, IL-IN-WI Metro Area",No,No
IL,17,095,Knox,,23660.0,"Galesburg, IL MicroSA","Galesburg, IL Micro Area",No,No
IL,17,097,Lake,,16980.0,"Chicago-Naperville-Elgin, IL-IN MSA","Chicago-Naperville-Elgin, IL-IN-WI Metro Area",No,No
IL,17,099,LaSalle,,36860.0,"Ottawa, IL MicroSA",,,No
IL,17,101,Lawrence,,,,,,
IL,17,103,Lee,,19940.0,"Dixon, IL MicroSA","Dixon, IL Micro Area",No,No
IL,17,105,Livingston,,38700.0,"Pontiac, IL MicroSA","Pontiac, IL Micro Area",No,No
IL,17,107,Logan,,30660.0,"Lincoln, IL MicroSA","Lincoln, IL Micro Area",No,No
IL,17,109,McDonough,,31380.0,"Macomb, IL MicroSA","Macomb, IL Micro Area",No,No
IL,17,111,McHenry,,16980.0,"Chicago-Naperville-Elgin, IL-IN MSA","Chicago-Naperville-Elgin, IL-IN-WI Metro Area",No,No
IL,17,113,McLean,,14010.0,"Bloomington, IL MSA","Bloomington, IL Metro Area",No,No
IL,17,115,Macon,,19500.0,"Decatur, IL MSA","Decatur, IL Metro Area",No,No
IL,17,117,Macoupin,,41180.0,"St. Louis, MO-IL MSA","St. Louis, MO-IL Metro Area",Yes,No
IL,17,119,Madison,,41180.0,"St. Louis, MO-IL MSA","St. Louis, MO-IL Metro Area",Yes,No
IL,17,121,Marion,,16460.0,"Centralia, IL MicroSA","Centralia, IL Micro Area",No,No
IL,17,123,Marshall,,37900.0,"Peoria, IL MSA","Peoria, IL Metro Area",No,No
IL,17,125,Mason,,,,,,
IL,17,127,Massac,,37140.0,"Paducah, KY-IL MSA","Paducah, KY-IL Micro Area",No,No
IL,17,129,Menard,,44100.0,"Springfield, IL MSA","Springfield, IL Metro Area",No,No
IL,17,131,Mercer,,19340.0,"Davenport-Moline-Rock Island, IA-IL MSA","Davenport-Moline-Rock Island, IA-IL Metro Area",No,No
IL,17,133,Monroe,,41180.0,"St. Louis, MO-IL MSA","St. Louis, MO-IL Metro Area",Yes,No
IL,17,135,Montgomery,,,,,,
IL,17,137,Morgan,,27300.0,"Jacksonville, IL MicroSA","Jacksonville, IL Micro Area",No,No
IL,17,139,Moultrie,,,,,,
IL,17,141,Ogle,,40300.0,"Rochelle, IL MicroSA","Rochelle, IL Micro Area",No,No
IL,17,143,Peoria,,37900.0,"Peoria, IL MSA","Peoria, IL Metro Area",No,No
IL,17,145,Perry,,,,,,
IL,17,147,Piatt,,16580.0,"Champaign-Urbana, IL MSA","Champaign-Urbana, IL Metro Area",No,No
IL,17,149,Pike,,,,,,
IL,17,151,Pope,,,,,,
IL,17,153,Pulaski,,,,,,
IL,17,155,Putnam,,36860.0,"Ottawa, IL MicroSA",,,No
IL,17,157,Randolph,,,,,,
IL,17,159,Richland,,,,,,
IL,17,161,Rock Island,,19340.0,"Davenport-Moline-Rock Island, IA-IL MSA","Davenport-Moline-Rock Island, IA-IL Metro Area",No,No
IL,17,163,St. Clair,,41180.0,"St. Louis, MO-IL MSA","St. Louis, MO-IL Metro Area",Yes,No
IL,17,165,Saline,,,,,,
IL,17,167,Sangamon,,44100.0,"Springfield, IL MSA","Springfield, IL Metro Area",No,No
IL,17,169,Schuyler,,,,,,
IL,17,171,Scott,,27300.0,"Jacksonville, IL MicroSA","Jacksonville, IL Micro Area",No,No
IL,17,173,Shelby,,,,,,
IL,17,175,Stark,,37900.0,"Peoria, IL MSA","Peoria, IL Metro Area",No,No
IL,17,177,Stephenson,,23300.0,"Freeport, IL MicroSA","Freeport, IL Micro Area",No,No
IL,17,179,Tazewell,,37900.0,"Peoria, IL MSA","Peoria, IL Metro Area",No,No
IL,17,181,Union,,,,,,
IL,17,183,Vermilion,,19180.0,"Danville, IL MicroSA","Danville, IL Metro Area",No,No
IL,17,185,Wabash,,,,,,
IL,17,187,Warren,,,,,,
IL,17,189,Washington,,,,,,
IL,17,191,Wayne,,,,,,
IL,17,193,White,,,,,,
IL,17,195,Whiteside,,44580.0,"Sterling, IL MicroSA","Sterling, IL Micro Area",No,No
IL,17,197,Will,,16980.0,"Chicago-Naperville-Elgin, IL-IN MSA","Chicago-Naperville-Elgin, IL-IN-WI Metro Area",No,No
IL,17,199,Williamson,,16060.0,"Marion-Herrin, IL MicroSA","Carbondale-Marion, IL Metro Area",No,No
IL,17,201,Winnebago,,40420.0,"Rockford, IL MSA","Rockford, IL Metro Area",No,No
IL,17,203,Woodford,,37900.0,"Peoria, IL MSA","Peoria, IL Metro Area",No,No
IN,18,001,Adams,,19540.0,"Decatur, IN MicroSA","Decatur, IN Micro Area",No,No
IN,18,003,Allen,,23060.0,"Fort Wayne, IN MSA","Fort Wayne, IN Metro Area",No,No
IN,18,005,Bartholomew,,18020.0,"Columbus, IN MSA","Columbus, IN Metro Area",No,No
IN,18,007,Benton,,29200.0,"Lafayette-West Lafayette, IN MSA","Lafayette-West Lafayette, IN Metro Area",No,No
IN,18,009,Blackford,,,,,,
IN,18,011,Boone,,26900.0,"Indianapolis-Carmel-Greenwood, IN MSA","Indianapolis-Carmel-Anderson, IN Metro Area",Yes,No
IN,18,013,Brown,,26900.0,"Indianapolis-Carmel-Greenwood, IN MSA","Indianapolis-Carmel-Anderson, IN Metro Area",Yes,No
IN,18,015,Carroll,,29200.0,"Lafayette-West Lafayette, IN MSA","Lafayette-West Lafayette, IN Metro Area",No,No
IN,18,017,Cass,,30900.0,"Logansport, IN MicroSA","Logansport, IN Micro Area",No,No
IN,18,019,Clark,,31140.0,"Louisville-Jefferson County, KY-IN MSA","Louisville\/Jefferson County, KY-IN Metro Area",No,No
IN,18,021,Clay,,45460.0,"Terre Haute, IN MSA","Terre Haute, IN Metro Area",No,No
IN,18,023,Clinton,,23140.0,"Frankfort, IN MicroSA","Frankfort, IN Micro Area",No,No
IN,18,025,Crawford,,,,,,
IN,18,027,Daviess,,47780.0,"Washington, IN MicroSA","Washington, IN Micro Area",No,No
IN,18,029,Dearborn,,17140.0,"Cincinnati, OH-KY-IN MSA","Cincinnati, OH-KY-IN Metro Area",Yes,No
IN,18,031,Decatur,,24700.0,"Greensburg, IN MicroSA","Greensburg, IN Micro Area",No,No
IN,18,033,DeKalb,,12140.0,"Auburn, IN MicroSA","Auburn, IN Micro Area",No,No
IN,18,035,Delaware,,34620.0,"Muncie, IN MSA","Muncie, IN Metro Area",No,No
IN,18,037,Dubois,,27540.0,"Jasper, IN MicroSA","Jasper, IN Micro Area",No,No
IN,18,039,Elkhart,,21140.0,"Elkhart-Goshen, IN MSA","Elkhart-Goshen, IN Metro Area",No,No
IN,18,041,Fayette,,18220.0,"Connersville, IN MicroSA","Connersville, IN Micro Area",No,No
IN,18,043,Floyd,,31140.0,"Louisville-Jefferson County, KY-IN MSA","Louisville\/Jefferson County, KY-IN Metro Area",No,No
IN,18,045,Fountain,,,,,,
IN,18,047,Franklin,,,,,,
IN,18,049,Fulton,,,,,,
IN,18,051,Gibson,,,,,,
IN,18,053,Grant,,31980.0,"Marion, IN MicroSA","Marion, IN Micro Area",No,No
IN,18,055,Greene,,,,,,
IN,18,057,Hamilton,,26900.0,"Indianapolis-Carmel-Greenwood, IN MSA","Indianapolis-Carmel-Anderson, IN Metro Area",Yes,No
IN,18,059,Hancock,,26900.0,"Indianapolis-Carmel-Greenwood, IN MSA","Indianapolis-Carmel-Anderson, IN Metro Area",Yes,No
IN,18,061,Harrison,,31140.0,"Louisville-Jefferson County, KY-IN MSA","Louisville\/Jefferson County, KY-IN Metro Area",No,No
IN,18,063,Hendricks,,26900.0,"Indianapolis-Carmel-Greenwood, IN MSA","Indianapolis-Carmel-Anderson, IN Metro Area",Yes,No
IN,18,065,Henry,,35220.0,"New Castle, IN MicroSA","New Castle, IN Micro Area",No,No
IN,18,067,Howard,,29020.0,"Kokomo, IN MSA","Kokomo, IN Metro Area",No,No
IN,18,069,Huntington,,26540.0,"Huntington, IN MicroSA","Huntington, IN Micro Area",No,No
IN,18,071,Jackson,,42980.0,"Seymour, IN MicroSA","Seymour, IN Micro Area",No,No
IN,18,073,Jasper,,16980.0,"Chicago-Naperville-Elgin, IL-IN MSA","Chicago-Naperville-Elgin, IL-IN-WI Metro Area",No,No
IN,18,075,Jay,,,,,,
IN,18,077,Jefferson,,31500.0,"Madison, IN MicroSA","Madison, IN Micro Area",No,No
IN,18,079,Jennings,,35860.0,,"North Vernon, IN Micro Area",No,No
IN,18,081,Johnson,,26900.0,"Indianapolis-Carmel-Greenwood, IN MSA","Indianapolis-Carmel-Anderson, IN Metro Area",Yes,No
IN,18,083,Knox,,47180.0,"Vincennes, IN MicroSA","Vincennes, IN Micro Area",No,No
IN,18,085,Kosciusko,,47700.0,"Warsaw, IN MicroSA","Warsaw, IN Micro Area",No,No
IN,18,087,LaGrange,,,,,,
IN,18,089,Lake,,16980.0,"Chicago-Naperville-Elgin, IL-IN MSA","Chicago-Naperville-Elgin, IL-IN-WI Metro Area",No,No
IN,18,091,LaPorte,,33140.0,"Michigan City-La Porte, IN MSA","Michigan City-La Porte, IN Metro Area",No,No
IN,18,093,Lawrence,,13260.0,"Bedford, IN MicroSA","Bedford, IN Micro Area",No,No
IN,18,095,Madison,,26900.0,"Indianapolis-Carmel-Greenwood, IN MSA","Indianapolis-Carmel-Anderson, IN Metro Area",Yes,No
IN,18,097,Marion,,26900.0,"Indianapolis-Carmel-Greenwood, IN MSA","Indianapolis-Carmel-Anderson, IN Metro Area",Yes,No
IN,18,099,Marshall,,38500.0,"Plymouth, IN MicroSA","Plymouth, IN Micro Area",No,No
IN,18,101,Martin,,,,,,
IN,18,103,Miami,,37940.0,"Peru, IN MicroSA","Peru, IN Micro Area",No,No
IN,18,105,Monroe,,14020.0,"Bloomington, IN MSA","Bloomington, IN Metro Area",No,No
IN,18,107,Montgomery,,18820.0,"Crawfordsville, IN MicroSA","Crawfordsville, IN Micro Area",No,No
IN,18,109,Morgan,,26900.0,"Indianapolis-Carmel-Greenwood, IN MSA","Indianapolis-Carmel-Anderson, IN Metro Area",Yes,No
IN,18,111,Newton,,16980.0,"Chicago-Naperville-Elgin, IL-IN MSA","Chicago-Naperville-Elgin, IL-IN-WI Metro Area",No,No
IN,18,113,Noble,,28340.0,"Kendallville, IN MicroSA","Kendallville, IN Micro Area",No,No
IN,18,115,Ohio,,17140.0,"Cincinnati, OH-KY-IN MSA","Cincinnati, OH-KY-IN Metro Area",Yes,No
IN,18,117,Orange,,,,,,
IN,18,119,Owen,,14020.0,"Bloomington, IN MSA","Bloomington, IN Metro Area",No,No
IN,18,121,Parke,,,,,,
IN,18,123,Perry,,,,,,
IN,18,125,Pike,,27540.0,,"Jasper, IN Micro Area",No,No
IN,18,127,Porter,,16980.0,"Chicago-Naperville-Elgin, IL-IN MSA","Chicago-Naperville-Elgin, IL-IN-WI Metro Area",No,No
IN,18,129,Posey,,21780.0,"Evansville, IN MSA","Evansville, IN-KY Metro Area",No,No
IN,18,131,Pulaski,,,,,,
IN,18,133,Putnam,,26900.0,"Greencastle, IN MicroSA","Indianapolis-Carmel-Anderson, IN Metro Area",Yes,No
IN,18,135,Randolph,,,,,,
IN,18,137,Ripley,,,,,,
IN,18,139,Rush,,,,,,
IN,18,141,St. Joseph,,43780.0,"South Bend-Mishawaka, IN-MI MSA","South Bend-Mishawaka, IN-MI Metro Area",No,No
IN,18,143,Scott,,31140.0,,"Louisville\/Jefferson County, KY-IN Metro Area",No,No
IN,18,145,Shelby,,26900.0,"Indianapolis-Carmel-Greenwood, IN MSA","Indianapolis-Carmel-Anderson, IN Metro Area",Yes,No
IN,18,147,Spencer,,,,,,
IN,18,149,Starke,,,,,,
IN,18,151,Steuben,,11420.0,"Angola, IN MicroSA","Angola, IN Micro Area",No,No
IN,18,153,Sullivan,,45460.0,"Terre Haute, IN MSA","Terre Haute, IN Metro Area",No,No
IN,18,155,Switzerland,,,,,,
IN,18,157,Tippecanoe,,29200.0,"Lafayette-West Lafayette, IN MSA","Lafayette-West Lafayette, IN Metro Area",No,No
IN,18,159,Tipton,,,,,,
IN,18,161,Union,,17140.0,,"Cincinnati, OH-KY-IN Metro Area",Yes,No
IN,18,163,Vanderburgh,,21780.0,"Evansville, IN MSA","Evansville, IN-KY Metro Area",No,No
IN,18,165,Vermillion,,45460.0,"Terre Haute, IN MSA","Terre Haute, IN Metro Area",No,No
IN,18,167,Vigo,,45460.0,"Terre Haute, IN MSA","Terre Haute, IN Metro Area",No,No
IN,18,169,Wabash,,47340.0,"Wabash, IN MicroSA","Wabash, IN Micro Area",No,No
IN,18,171,Warren,,,,,,
IN,18,173,Warrick,,21780.0,"Evansville, IN MSA","Evansville, IN-KY Metro Area",No,No
IN,18,175,Washington,,31140.0,"Louisville-Jefferson County, KY-IN MSA","Louisville\/Jefferson County, KY-IN Metro Area",No,No
IN,18,177,Wayne,,39980.0,"Richmond, IN MicroSA","Richmond, IN Micro Area",No,No
IN,18,179,Wells,,23060.0,"Fort Wayne, IN MSA","Fort Wayne, IN Metro Area",No,No
IN,18,181,White,,,,,,
IN,18,183,Whitley,,23060.0,"Fort Wayne, IN MSA","Fort Wayne, IN Metro Area",No,No
IA,19,001,Adair,,,,,,
IA,19,003,Adams,,,,,,
IA,19,005,Allamakee,,,,,,
IA,19,007,Appanoose,,,,,,
IA,19,009,Audubon,,,,,,
IA,19,011,Benton,,16300.0,"Cedar Rapids, IA MSA","Cedar Rapids, IA Metro Area",No,No
IA,19,013,Black Hawk,,47940.0,"Waterloo-Cedar Falls, IA MSA","Waterloo-Cedar Falls, IA Metro Area",No,No
IA,19,015,Boone,,14340.0,"Ames, IA MSA",,,No
IA,19,017,Bremer,,47940.0,"Waterloo-Cedar Falls, IA MSA","Waterloo-Cedar Falls, IA Metro Area",No,No
IA,19,019,Buchanan,,,,,,
IA,19,021,Buena Vista,,44740.0,"Storm Lake, IA MicroSA","Storm Lake, IA Micro Area",No,No
IA,19,023,Butler,,,,,,
IA,19,025,Calhoun,,,,,,
IA,19,027,Carroll,,,,,,
IA,19,029,Cass,,,,,,
IA,19,031,Cedar,,,,,,
IA,19,033,Cerro Gordo,,32380.0,"Mason City, IA MicroSA","Mason City, IA Micro Area",No,No
IA,19,035,Cherokee,,,,,,
IA,19,037,Chickasaw,,,,,,
IA,19,039,Clarke,,,,,,
IA,19,041,Clay,,43980.0,"Spencer, IA MicroSA","Spencer, IA Micro Area",No,No
IA,19,043,Clayton,,,,,,
IA,19,045,Clinton,,17540.0,"Clinton, IA MicroSA","Clinton, IA Micro Area",No,No
IA,19,047,Crawford,,,,,,
IA,19,049,Dallas,,19780.0,"Des Moines-West Des Moines, IA MSA","Des Moines-West Des Moines, IA Metro Area",No,No
IA,19,051,Davis,,36900.0,,"Ottumwa, IA Micro Area",No,No
IA,19,053,Decatur,,,,,,
IA,19,055,Delaware,,,,,,
IA,19,057,Des Moines,,15460.0,"Burlington, IA-IL MicroSA","Burlington, IA-IL Micro Area",No,No
IA,19,059,Dickinson,,44020.0,"Spirit Lake, IA MicroSA","Spirit Lake, IA Micro Area",No,No
IA,19,061,Dubuque,,20220.0,"Dubuque, IA MSA","Dubuque, IA Metro Area",No,No
IA,19,063,Emmet,,,,,,
IA,19,065,Fayette,,,,,,
IA,19,067,Floyd,,,,,,
IA,19,069,Franklin,,,,,,
IA,19,071,Fremont,,,,,,
IA,19,073,Greene,,,,,,
IA,19,075,Grundy,,47940.0,"Waterloo-Cedar Falls, IA MSA","Waterloo-Cedar Falls, IA Metro Area",No,No
IA,19,077,Guthrie,,19780.0,"Des Moines-West Des Moines, IA MSA","Des Moines-West Des Moines, IA Metro Area",No,No
IA,19,079,Hamilton,,,,,,
IA,19,081,Hancock,,,,,,
IA,19,083,Hardin,,,,,,
IA,19,085,Harrison,,36540.0,"Omaha, NE-IA MSA","Omaha-Council Bluffs, NE-IA Metro Area",No,No
IA,19,087,Henry,,,,,,
IA,19,089,Howard,,,,,,
IA,19,091,Humboldt,,,,,,
IA,19,093,Ida,,,,,,
IA,19,095,Iowa,,,,,,
IA,19,097,Jackson,,,,,,
IA,19,099,Jasper,,35500.0,"Des Moines-West Des Moines, IA MSA",,,No
IA,19,101,Jefferson,,21840.0,,"Fairfield, IA Micro Area",No,No
IA,19,103,Johnson,,26980.0,"Iowa City, IA MSA","Iowa City, IA Metro Area",No,No
IA,19,105,Jones,,16300.0,"Cedar Rapids, IA MSA","Cedar Rapids, IA Metro Area",No,No
IA,19,107,Keokuk,,,,,,
IA,19,109,Kossuth,,,,,,
IA,19,111,Lee,,22800.0,"Fort Madison, IA MicroSA","Fort Madison-Keokuk, IA-IL-MO Micro Area",No,No
IA,19,113,Linn,,16300.0,"Cedar Rapids, IA MSA","Cedar Rapids, IA Metro Area",No,No
IA,19,115,Louisa,,,,,,
IA,19,117,Lucas,,,,,,
IA,19,119,Lyon,,,,,,
IA,19,121,Madison,,19780.0,"Des Moines-West Des Moines, IA MSA","Des Moines-West Des Moines, IA Metro Area",No,No
IA,19,123,Mahaska,,36820.0,"Oskaloosa, IA MicroSA","Oskaloosa, IA Micro Area",No,No
IA,19,125,Marion,,,,,,
IA,19,127,Marshall,,32260.0,"Marshalltown, IA MicroSA","Marshalltown, IA Micro Area",No,No
IA,19,129,Mills,,36540.0,"Omaha, NE-IA MSA","Omaha-Council Bluffs, NE-IA Metro Area",No,No
IA,19,131,Mitchell,,,,,,
IA,19,133,Monona,,,,,,
IA,19,135,Monroe,,,,,,
IA,19,137,Montgomery,,,,,,
IA,19,139,Muscatine,,34700.0,"Muscatine, IA MicroSA","Muscatine, IA Micro Area",No,No
IA,19,141,O'Brien,,,,,,
IA,19,143,Osceola,,,,,,
IA,19,145,Page,,,,,,
IA,19,147,Palo Alto,,,,,,
IA,19,149,Plymouth,,43580.0,"Le Mars, IA MicroSA","Sioux City, IA-NE-SD Metro Area",No,No
IA,19,151,Pocahontas,,,,,,
IA,19,153,Polk,,19780.0,"Des Moines-West Des Moines, IA MSA","Des Moines-West Des Moines, IA Metro Area",No,No
IA,19,155,Pottawattamie,,36540.0,"Omaha, NE-IA MSA","Omaha-Council Bluffs, NE-IA Metro Area",No,No
IA,19,157,Poweshiek,,,,,,
IA,19,159,Ringgold,,,,,,
IA,19,161,Sac,,,,,,
IA,19,163,Scott,,19340.0,"Davenport-Moline-Rock Island, IA-IL MSA","Davenport-Moline-Rock Island, IA-IL Metro Area",No,No
IA,19,165,Shelby,,,,,,
IA,19,167,Sioux,,,,,,
IA,19,169,Story,,11180.0,"Ames, IA MSA","Ames, IA Metro Area",No,No
IA,19,171,Tama,,,,,,
IA,19,173,Taylor,,,,,,
IA,19,175,Union,,,,,,
IA,19,177,Van Buren,,,,,,
IA,19,179,Wapello,,36900.0,"Ottumwa, IA MicroSA","Ottumwa, IA Micro Area",No,No
IA,19,181,Warren,,19780.0,"Des Moines-West Des Moines, IA MSA","Des Moines-West Des Moines, IA Metro Area",No,No
IA,19,183,Washington,,26980.0,"Iowa City, IA MSA","Iowa City, IA Metro Area",No,No
IA,19,185,Wayne,,,,,,
IA,19,187,Webster,,22700.0,"Fort Dodge, IA MicroSA","Fort Dodge, IA Micro Area",No,No
IA,19,189,Winnebago,,,,,,
IA,19,191,Winneshiek,,,,,,
IA,19,193,Woodbury,,43580.0,"Sioux City, IA-NE-SD MSA","Sioux City, IA-NE-SD Metro Area",No,No
IA,19,195,Worth,,32380.0,"Mason City, IA MicroSA","Mason City, IA Micro Area",No,No
IA,19,197,Wright,,,,,,
KS,20,001,Allen,,,,,,
KS,20,003,Anderson,,,,,,
KS,20,005,Atchison,,11860.0,"Atchison, KS MicroSA","Atchison, KS Micro Area",No,No
KS,20,007,Barber,,,,,,
KS,20,009,Barton,,24460.0,"Great Bend, KS MicroSA","Great Bend, KS Micro Area",No,No
KS,20,011,Bourbon,,,,,,
KS,20,013,Brown,,,,,,
KS,20,015,Butler,,48620.0,"Wichita, KS MSA","Wichita, KS Metro Area",No,No
KS,20,017,Chase,,,,,,
KS,20,019,Chautauqua,,,,,,
KS,20,021,Cherokee,,,,,,
KS,20,023,Cheyenne,,,,,,
KS,20,025,Clark,,,,,,
KS,20,027,Clay,,,,,,
KS,20,029,Cloud,,,,,,
KS,20,031,Coffey,,,,,,
KS,20,033,Comanche,,,,,,
KS,20,035,Cowley,,11680.0,"Arkansas City-Winfield, KS MicroSA",,,No
KS,20,037,Crawford,,38260.0,"Pittsburg, KS MicroSA","Pittsburg, KS Micro Area",No,No
KS,20,039,Decatur,,,,,,
KS,20,041,Dickinson,,,,,,
KS,20,043,Doniphan,,41140.0,"St. Joseph, MO-KS MSA","St. Joseph, MO-KS Metro Area",No,No
KS,20,045,Douglas,,29940.0,"Lawrence, KS MSA","Lawrence, KS Metro Area",No,No
KS,20,047,Edwards,,,,,,
KS,20,049,Elk,,,,,,
KS,20,051,Ellis,,25700.0,"Hays, KS MicroSA","Hays, KS Micro Area",No,No
KS,20,053,Ellsworth,,,,,,
KS,20,055,Finney,,23780.0,"Garden City, KS MicroSA","Garden City, KS Micro Area",No,No
KS,20,057,Ford,,19980.0,"Dodge City, KS MicroSA","Dodge City, KS Micro Area",No,No
KS,20,059,Franklin,,36840.0,"Ottawa, KS MicroSA","Ottawa, KS Micro Area",No,No
KS,20,061,Geary,,27920.0,"Manhattan, KS MSA",,,No
KS,20,063,Gove,,,,,,
KS,20,065,Graham,,,,,,
KS,20,067,Grant,,,,,,
KS,20,069,Gray,,,,,,
KS,20,071,Greeley,,,,,,
KS,20,073,Greenwood,,,,,,
KS,20,075,Hamilton,,,,,,
KS,20,077,Harper,,,,,,
KS,20,079,Harvey,,48620.0,"Wichita, KS MSA","Wichita, KS Metro Area",No,No
KS,20,081,Haskell,,,,,,
KS,20,083,Hodgeman,,,,,,
KS,20,085,Jackson,,45820.0,"Topeka, KS MSA","Topeka, KS Metro Area",No,No
KS,20,087,Jefferson,,45820.0,"Topeka, KS MSA","Topeka, KS Metro Area",No,No
KS,20,089,Jewell,,,,,,
KS,20,091,Johnson,,28140.0,"Kansas City, MO-KS MSA","Kansas City, MO-KS Metro Area",Yes,Yes
KS,20,093,Kearny,,23780.0,,"Garden City, KS Micro Area",No,No
KS,20,095,Kingman,,48620.0,,"Wichita, KS Metro Area",No,No
KS,20,097,Kiowa,,,,,,
KS,20,099,Labette,,37660.0,,"Parsons, KS Micro Area",No,No
KS,20,101,Lane,,,,,,
KS,20,103,Leavenworth,,28140.0,"Kansas City, MO-KS MSA","Kansas City, MO-KS Metro Area",Yes,Yes
KS,20,105,Lincoln,,,,,,
KS,20,107,Linn,,28140.0,"Kansas City, MO-KS MSA","Kansas City, MO-KS Metro Area",Yes,Yes
KS,20,109,Logan,,,,,,
KS,20,111,Lyon,,21380.0,"Emporia, KS MicroSA","Emporia, KS Micro Area",No,No
KS,20,113,McPherson,,32700.0,"McPherson, KS MicroSA","McPherson, KS Micro Area",No,No
KS,20,115,Marion,,,,,,
KS,20,117,Marshall,,,,,,
KS,20,119,Meade,,,,,,
KS,20,121,Miami,,28140.0,"Kansas City, MO-KS MSA","Kansas City, MO-KS Metro Area",Yes,Yes
KS,20,123,Mitchell,,,,,,
KS,20,125,Montgomery,,17700.0,,"Coffeyville, KS Micro Area",No,No
KS,20,127,Morris,,,,,,
KS,20,129,Morton,,,,,,
KS,20,131,Nemaha,,,,,,
KS,20,133,Neosho,,,,,,
KS,20,135,Ness,,,,,,
KS,20,137,Norton,,,,,,
KS,20,139,Osage,,45820.0,"Topeka, KS MSA","Topeka, KS Metro Area",No,No
KS,20,141,Osborne,,,,,,
KS,20,143,Ottawa,,41460.0,"Salina, KS MicroSA","Salina, KS Micro Area",No,No
KS,20,145,Pawnee,,,,,,
KS,20,147,Phillips,,,,,,
KS,20,149,Pottawatomie,,31740.0,"Manhattan, KS MSA","Manhattan, KS Metro Area",No,No
KS,20,151,Pratt,,,,,,
KS,20,153,Rawlins,,,,,,
KS,20,155,Reno,,26740.0,"Hutchinson, KS MicroSA","Hutchinson, KS Micro Area",No,No
KS,20,157,Republic,,,,,,
KS,20,159,Rice,,,,,,
KS,20,161,Riley,,31740.0,"Manhattan, KS MSA","Manhattan, KS Metro Area",No,No
KS,20,163,Rooks,,,,,,
KS,20,165,Rush,,,,,,
KS,20,167,Russell,,,,,,
KS,20,169,Saline,,41460.0,"Salina, KS MicroSA","Salina, KS Micro Area",No,No
KS,20,171,Scott,,,,,,
KS,20,173,Sedgwick,,48620.0,"Wichita, KS MSA","Wichita, KS Metro Area",No,No
KS,20,175,Seward,,30580.0,"Liberal, KS MicroSA","Liberal, KS Micro Area",No,No
KS,20,177,Shawnee,,45820.0,"Topeka, KS MSA","Topeka, KS Metro Area",No,No
KS,20,179,Sheridan,,,,,,
KS,20,181,Sherman,,,,,,
KS,20,183,Smith,,,,,,
KS,20,185,Stafford,,,,,,
KS,20,187,Stanton,,,,,,
KS,20,189,Stevens,,,,,,
KS,20,191,Sumner,,48620.0,"Wichita, KS MSA","Wichita, KS Metro Area",No,No
KS,20,193,Thomas,,,,,,
KS,20,195,Trego,,,,,,
KS,20,197,Wabaunsee,,45820.0,"Topeka, KS MSA","Topeka, KS Metro Area",No,No
KS,20,199,Wallace,,,,,,
KS,20,201,Washington,,,,,,
KS,20,203,Wichita,,,,,,
KS,20,205,Wilson,,,,,,
KS,20,207,Woodson,,,,,,
KS,20,209,Wyandotte,,28140.0,"Kansas City, MO-KS MSA","Kansas City, MO-KS Metro Area",Yes,Yes
KY,21,001,Adair,,,,,,
KY,21,003,Allen,,14540.0,"Bowling Green, KY MSA","Bowling Green, KY Metro Area",No,No
KY,21,005,Anderson,,23180.0,"Frankfort, KY MicroSA","Frankfort, KY Micro Area",No,No
KY,21,007,Ballard,,37140.0,"Paducah, KY-IL MSA","Paducah, KY-IL Micro Area",No,No
KY,21,009,Barren,,23980.0,"Glasgow, KY MicroSA","Glasgow, KY Micro Area",No,No
KY,21,011,Bath,,34460.0,"Mount Sterling, KY MicroSA","Mount Sterling, KY Micro Area",No,No
KY,21,013,Bell,,33180.0,"Middlesborough, KY MicroSA","Middlesborough, KY Micro Area",No,No
KY,21,015,Boone,,17140.0,"Cincinnati, OH-KY-IN MSA","Cincinnati, OH-KY-IN Metro Area",Yes,No
KY,21,017,Bourbon,,30460.0,"Lexington-Fayette, KY MSA","Lexington-Fayette, KY Metro Area",No,No
KY,21,019,Boyd,,26580.0,"Huntington-Ashland, WV-KY-OH MSA","Huntington-Ashland, WV-KY-OH Metro Area",No,No
KY,21,021,Boyle,,19220.0,"Danville, KY MicroSA","Danville, KY Micro Area",No,No
KY,21,023,Bracken,,17140.0,"Cincinnati, OH-KY-IN MSA","Cincinnati, OH-KY-IN Metro Area",Yes,No
KY,21,025,Breathitt,,,,,,
KY,21,027,Breckinridge,,,,,,
KY,21,029,Bullitt,,31140.0,"Louisville-Jefferson County, KY-IN MSA","Louisville\/Jefferson County, KY-IN Metro Area",No,No
KY,21,031,Butler,,14540.0,"Bowling Green, KY MSA","Bowling Green, KY Metro Area",No,No
KY,21,033,Caldwell,,,,,,
KY,21,035,Calloway,,34660.0,"Murray, KY MicroSA","Murray, KY Micro Area",No,No
KY,21,037,Campbell,,17140.0,"Cincinnati, OH-KY-IN MSA","Cincinnati, OH-KY-IN Metro Area",Yes,No
KY,21,039,Carlisle,,,,,,
KY,21,041,Carroll,,,,,,
KY,21,043,Carter,,,,,,
KY,21,045,Casey,,,,,,
KY,21,047,Christian,,17300.0,"Clarksville, TN-KY MSA","Clarksville, TN-KY Metro Area",No,No
KY,21,049,Clark,,30460.0,"Lexington-Fayette, KY MSA","Lexington-Fayette, KY Metro Area",No,No
KY,21,051,Clay,,,,,,
KY,21,053,Clinton,,,,,,
KY,21,055,Crittenden,,,,,,
KY,21,057,Cumberland,,,,,,
KY,21,059,Daviess,,36980.0,"Owensboro, KY MSA","Owensboro, KY Metro Area",No,No
KY,21,061,Edmonson,,14540.0,"Bowling Green, KY MSA","Bowling Green, KY Metro Area",No,No
KY,21,063,Elliott,,,,,,
KY,21,065,Estill,,,,,,
KY,21,067,Fayette,,30460.0,"Lexington-Fayette, KY MSA","Lexington-Fayette, KY Metro Area",No,No
KY,21,069,Fleming,,,,,,
KY,21,071,Floyd,,,,,,
KY,21,073,Franklin,,23180.0,"Frankfort, KY MicroSA","Frankfort, KY Micro Area",No,No
KY,21,075,Fulton,,46460.0,,"Union City, TN Micro Area",No,No
KY,21,077,Gallatin,,17140.0,"Cincinnati, OH-KY-IN MSA","Cincinnati, OH-KY-IN Metro Area",Yes,No
KY,21,079,Garrard,,,,,,
KY,21,081,Grant,,17140.0,"Cincinnati, OH-KY-IN MSA","Cincinnati, OH-KY-IN Metro Area",Yes,No
KY,21,083,Graves,,32460.0,"Mayfield, KY MicroSA","Mayfield, KY Micro Area",No,No
KY,21,085,Grayson,,,,,,
KY,21,087,Green,,,,,,
KY,21,089,Greenup,,26580.0,"Huntington-Ashland, WV-KY-OH MSA","Huntington-Ashland, WV-KY-OH Metro Area",No,No
KY,21,091,Hancock,,36980.0,,"Owensboro, KY Metro Area",No,No
KY,21,093,Hardin,,21060.0,"Elizabethtown, KY MSA","Elizabethtown-Fort Knox, KY Metro Area",No,No
KY,21,095,Harlan,,,,,,
KY,21,097,Harrison,,,,,,
KY,21,099,Hart,,,,,,
KY,21,101,Henderson,,21780.0,"Henderson, KY MicroSA","Evansville, IN-KY Metro Area",No,No
KY,21,103,Henry,,31140.0,"Louisville-Jefferson County, KY-IN MSA","Louisville\/Jefferson County, KY-IN Metro Area",No,No
KY,21,105,Hickman,,,,,,
KY,21,107,Hopkins,,31580.0,"Madisonville, KY MicroSA","Madisonville, KY Micro Area",No,No
KY,21,109,Jackson,,,,,,
KY,21,111,Jefferson,,31140.0,"Louisville-Jefferson County, KY-IN MSA","Louisville\/Jefferson County, KY-IN Metro Area",No,No
KY,21,113,Jessamine,,30460.0,"Lexington-Fayette, KY MSA","Lexington-Fayette, KY Metro Area",No,No
KY,21,115,Johnson,,,,,,
KY,21,117,Kenton,,17140.0,"Cincinnati, OH-KY-IN MSA","Cincinnati, OH-KY-IN Metro Area",Yes,No
KY,21,119,Knott,,,,,,
KY,21,121,Knox,,30940.0,"Corbin, KY MicroSA","London, KY Micro Area",No,No
KY,21,123,Larue,,21060.0,"Elizabethtown, KY MSA","Elizabethtown-Fort Knox, KY Metro Area",No,No
KY,21,125,Laurel,,30940.0,"Corbin, KY MicroSA","London, KY Micro Area",No,No
KY,21,127,Lawrence,,,,,,
KY,21,129,Lee,,,,,,
KY,21,131,Leslie,,,,,,
KY,21,133,Letcher,,,,,,
KY,21,135,Lewis,,,,,,
KY,21,137,Lincoln,,19220.0,"Danville, KY MicroSA","Danville, KY Micro Area",No,No
KY,21,139,Livingston,,37140.0,"Paducah, KY-IL MSA","Paducah, KY-IL Micro Area",No,No
KY,21,141,Logan,,,,,,
KY,21,143,Lyon,,,,,,
KY,21,145,McCracken,,37140.0,"Paducah, KY-IL MSA","Paducah, KY-IL Micro Area",No,No
KY,21,147,McCreary,,,,,,
KY,21,149,McLean,,36980.0,"Owensboro, KY MSA","Owensboro, KY Metro Area",No,No
KY,21,151,Madison,,40080.0,"Richmond-Berea, KY MicroSA","Richmond-Berea, KY Micro Area",No,No
KY,21,153,Magoffin,,,,,,
KY,21,155,Marion,,,,,,
KY,21,157,Marshall,,,,,,
KY,21,159,Martin,,,,,,
KY,21,161,Mason,,32500.0,,"Maysville, KY Micro Area",No,No
KY,21,163,Meade,,21060.0,"Louisville-Jefferson County, KY-IN MSA","Elizabethtown-Fort Knox, KY Metro Area",No,No
KY,21,165,Menifee,,34460.0,"Mount Sterling, KY MicroSA","Mount Sterling, KY Micro Area",No,No
KY,21,167,Mercer,,,,,,
KY,21,169,Metcalfe,,23980.0,"Glasgow, KY MicroSA","Glasgow, KY Micro Area",No,No
KY,21,171,Monroe,,,,,,
KY,21,173,Montgomery,,34460.0,"Mount Sterling, KY MicroSA","Mount Sterling, KY Micro Area",No,No
KY,21,175,Morgan,,,,,,
KY,21,177,Muhlenberg,,,,,,
KY,21,179,Nelson,,12680.0,"Louisville-Jefferson County, KY-IN MSA","Bardstown, KY Micro Area",No,No
KY,21,181,Nicholas,,,,,,
KY,21,183,Ohio,,,,,,
KY,21,185,Oldham,,31140.0,"Louisville-Jefferson County, KY-IN MSA","Louisville\/Jefferson County, KY-IN Metro Area",No,No
KY,21,187,Owen,,,,,,
KY,21,189,Owsley,,,,,,
KY,21,191,Pendleton,,17140.0,"Cincinnati, OH-KY-IN MSA","Cincinnati, OH-KY-IN Metro Area",Yes,No
KY,21,193,Perry,,,,,,
KY,21,195,Pike,,,,,,
KY,21,197,Powell,,,,,,
KY,21,199,Pulaski,,43700.0,"Somerset, KY MicroSA","Somerset, KY Micro Area",No,No
KY,21,201,Robertson,,,,,,
KY,21,203,Rockcastle,,40080.0,"Richmond-Berea, KY MicroSA","Richmond-Berea, KY Micro Area",No,No
KY,21,205,Rowan,,,,,,
KY,21,207,Russell,,,,,,
KY,21,209,Scott,,30460.0,"Lexington-Fayette, KY MSA","Lexington-Fayette, KY Metro Area",No,No
KY,21,211,Shelby,,31140.0,"Louisville-Jefferson County, KY-IN MSA","Louisville\/Jefferson County, KY-IN Metro Area",No,No
KY,21,213,Simpson,,,,,,
KY,21,215,Spencer,,31140.0,"Louisville-Jefferson County, KY-IN MSA","Louisville\/Jefferson County, KY-IN Metro Area",No,No
KY,21,217,Taylor,,15820.0,"Campbellsville, KY MicroSA","Campbellsville, KY Micro Area",No,No
KY,21,219,Todd,,,,,,
KY,21,221,Trigg,,17300.0,"Clarksville, TN-KY MSA","Clarksville, TN-KY Metro Area",No,No
KY,21,223,Trimble,,31140.0,,"Louisville\/Jefferson County, KY-IN Metro Area",No,No
KY,21,225,Union,,,,,,
KY,21,227,Warren,,14540.0,"Bowling Green, KY MSA","Bowling Green, KY Metro Area",No,No
KY,21,229,Washington,,,,,,
KY,21,231,Wayne,,,,,,
KY,21,233,Webster,,,,,,
KY,21,235,Whitley,,30940.0,"Corbin, KY MicroSA","London, KY Micro Area",No,No
KY,21,237,Wolfe,,,,,,
KY,21,239,Woodford,,30460.0,"Lexington-Fayette, KY MSA","Lexington-Fayette, KY Metro Area",No,No
LA,22,001,Acadia Parish,,29180.0,"Lafayette, LA MSA","Lafayette, LA Metro Area",No,No
LA,22,003,Allen Parish,,,,,,
LA,22,005,Ascension Parish,,12940.0,"Baton Rouge, LA MSA","Baton Rouge, LA Metro Area",No,No
LA,22,007,Assumption Parish,,,,,,
LA,22,009,Avoyelles Parish,,,,,,
LA,22,011,Beauregard Parish,,19760.0,"DeRidder, LA MicroSA","DeRidder, LA Micro Area",No,No
LA,22,013,Bienville Parish,,,,,,
LA,22,015,Bossier Parish,,43340.0,"Shreveport-Bossier City, LA MSA","Shreveport-Bossier City, LA Metro Area",No,No
LA,22,017,Caddo Parish,,43340.0,"Shreveport-Bossier City, LA MSA","Shreveport-Bossier City, LA Metro Area",No,No
LA,22,019,Calcasieu Parish,,29340.0,"Lake Charles, LA MSA","Lake Charles, LA Metro Area",No,No
LA,22,021,Caldwell Parish,,,,,,
LA,22,023,Cameron Parish,,29340.0,"Lake Charles, LA MSA","Lake Charles, LA Metro Area",No,No
LA,22,025,Catahoula Parish,,,,,,
LA,22,027,Claiborne Parish,,,,,,
LA,22,029,Concordia Parish,,35020.0,"Natchez, MS-LA MicroSA","Natchez, MS-LA Micro Area",No,No
LA,22,031,De Soto Parish,,43340.0,"Shreveport-Bossier City, LA MSA","Shreveport-Bossier City, LA Metro Area",No,No
LA,22,033,East Baton Rouge Parish,,12940.0,"Baton Rouge, LA MSA","Baton Rouge, LA Metro Area",No,No
LA,22,035,East Carroll Parish,,,,,,
LA,22,037,East Feliciana Parish,,12940.0,"Baton Rouge, LA MSA","Baton Rouge, LA Metro Area",No,No
LA,22,039,Evangeline Parish,,,,,,
LA,22,041,Franklin Parish,,,,,,
LA,22,043,Grant Parish,,10780.0,"Alexandria, LA MSA","Alexandria, LA Metro Area",No,No
LA,22,045,Iberia Parish,,29180.0,"New Iberia, LA MicroSA","Lafayette, LA Metro Area",No,No
LA,22,047,Iberville Parish,,12940.0,"Baton Rouge, LA MSA","Baton Rouge, LA Metro Area",No,No
LA,22,049,Jackson Parish,,,,,,
LA,22,051,Jefferson Parish,,35380.0,"New Orleans-Metairie, LA MSA","New Orleans-Metairie, LA Metro Area",No,No
LA,22,053,Jefferson Davis Parish,,,,,,
LA,22,055,Lafayette Parish,,29180.0,"Lafayette, LA MSA","Lafayette, LA Metro Area",No,No
LA,22,057,Lafourche Parish,,26380.0,"Houma-Bayou Cane-Thibodaux, LA MSA","Houma-Thibodaux, LA Metro Area",No,No
LA,22,059,La Salle Parish,,,,,,
LA,22,061,Lincoln Parish,,40820.0,"Ruston, LA MicroSA","Ruston, LA Micro Area",No,No
LA,22,063,Livingston Parish,,12940.0,"Baton Rouge, LA MSA","Baton Rouge, LA Metro Area",No,No
LA,22,065,Madison Parish,,,,,,
LA,22,067,Morehouse Parish,,12820.0,"Monroe, LA MSA",,,No
LA,22,069,Natchitoches Parish,,35060.0,"Natchitoches, LA MicroSA","Natchitoches, LA Micro Area",No,No
LA,22,071,Orleans Parish,,35380.0,"New Orleans-Metairie, LA MSA","New Orleans-Metairie, LA Metro Area",No,No
LA,22,073,Ouachita Parish,,33740.0,"Monroe, LA MSA","Monroe, LA Metro Area",No,No
LA,22,075,Plaquemines Parish,,35380.0,"New Orleans-Metairie, LA MSA","New Orleans-Metairie, LA Metro Area",No,No
LA,22,077,Pointe Coupee Parish,,12940.0,"Baton Rouge, LA MSA","Baton Rouge, LA Metro Area",No,No
LA,22,079,Rapides Parish,,10780.0,"Alexandria, LA MSA","Alexandria, LA Metro Area",No,No
LA,22,081,Red River Parish,,,,,,
LA,22,083,Richland Parish,,,,,,
LA,22,085,Sabine Parish,,,,,,
LA,22,087,St. Bernard Parish,,35380.0,"New Orleans-Metairie, LA MSA","New Orleans-Metairie, LA Metro Area",No,No
LA,22,089,St. Charles Parish,,35380.0,"New Orleans-Metairie, LA MSA","New Orleans-Metairie, LA Metro Area",No,No
LA,22,091,St. Helena Parish,,12940.0,"Baton Rouge, LA MSA","Baton Rouge, LA Metro Area",No,No
LA,22,093,St. James Parish,,35380.0,"New Orleans-Metairie, LA MSA","New Orleans-Metairie, LA Metro Area",No,No
LA,22,095,St. John the Baptist Parish,,35380.0,"New Orleans-Metairie, LA MSA","New Orleans-Metairie, LA Metro Area",No,No
LA,22,097,St. Landry Parish,,36660.0,"Opelousas, LA MicroSA","Opelousas, LA Micro Area",No,No
LA,22,099,St. Martin Parish,,29180.0,"Lafayette, LA MSA","Lafayette, LA Metro Area",No,No
LA,22,101,St. Mary Parish,,34020.0,"Morgan City, LA MicroSA","Morgan City, LA Micro Area",No,No
LA,22,103,St. Tammany Parish,,35380.0,"Slidell-Mandeville-Covington, LA MSA","New Orleans-Metairie, LA Metro Area",No,No
LA,22,105,Tangipahoa Parish,,25220.0,"Hammond, LA MSA","Hammond, LA Metro Area",No,No
LA,22,107,Tensas Parish,,,,,,
LA,22,109,Terrebonne Parish,,26380.0,"Houma-Bayou Cane-Thibodaux, LA MSA","Houma-Thibodaux, LA Metro Area",No,No
LA,22,111,Union Parish,,33740.0,"Monroe, LA MSA","Monroe, LA Metro Area",No,No
LA,22,113,Vermilion Parish,,29180.0,"Lafayette, LA MSA","Lafayette, LA Metro Area",No,No
LA,22,115,Vernon Parish,,22860.0,,"Fort Polk South, LA Micro Area",No,No
LA,22,117,Washington Parish,,14220.0,"Bogalusa, LA MicroSA","Bogalusa, LA Micro Area",No,No
LA,22,119,Webster Parish,,43340.0,"Minden, LA MicroSA","Shreveport-Bossier City, LA Metro Area",No,No
LA,22,121,West Baton Rouge Parish,,12940.0,"Baton Rouge, LA MSA","Baton Rouge, LA Metro Area",No,No
LA,22,123,West Carroll Parish,,,,,,
LA,22,125,West Feliciana Parish,,12940.0,"Baton Rouge, LA MSA","Baton Rouge, LA Metro Area",No,No
LA,22,127,Winn Parish,,,,,,
ME,23,001,Androscoggin,,30340.0,"Lewiston-Auburn, ME MSA","Lewiston-Auburn, ME Metro Area",No,No
ME,23,003,Aroostook,,,,,,
ME,23,005,Cumberland,,38860.0,"Portland-South Portland, ME MSA","Portland-South Portland, ME Metro Area",No,No
ME,23,007,Franklin,,,,,,
ME,23,009,Hancock,,,,,,
ME,23,011,Kennebec,,12300.0,"Augusta-Waterville, ME MicroSA","Augusta-Waterville, ME Micro Area",No,No
ME,23,013,Knox,,,,,,
ME,23,015,Lincoln,,,,,,
ME,23,017,Oxford,,,,,,
ME,23,019,Penobscot,,12620.0,"Bangor, ME MSA","Bangor, ME Metro Area",No,No
ME,23,021,Piscataquis,,,,,,
ME,23,023,Sagadahoc,,38860.0,"Portland-South Portland, ME MSA","Portland-South Portland, ME Metro Area",No,No
ME,23,025,Somerset,,,,,,
ME,23,027,Waldo,,,,,,
ME,23,029,Washington,,,,,,
ME,23,031,York,,38860.0,"Portland-South Portland, ME MSA","Portland-South Portland, ME Metro Area",No,No
MD,24,001,Allegany,,19060.0,"Cumberland, MD-WV MicroSA","Cumberland, MD-WV Metro Area",No,No
MD,24,003,Anne Arundel,,12580.0,"Baltimore-Columbia-Towson, MD MSA","Baltimore-Columbia-Towson, MD Metro Area",No,No
MD,24,005,Baltimore,,12580.0,"Baltimore-Columbia-Towson, MD MSA","Baltimore-Columbia-Towson, MD Metro Area",No,No
MD,24,009,Calvert,,47900.0,"Lexington Park, MD MSA","Washington-Arlington-Alexandria, DC-VA-MD-WV Metro Area",No,No
MD,24,011,Caroline,,,,,,
MD,24,013,Carroll,,12580.0,"Baltimore-Columbia-Towson, MD MSA","Baltimore-Columbia-Towson, MD Metro Area",No,No
MD,24,015,Cecil,,37980.0,"Philadelphia-Camden-Wilmington, PA-NJ-DE-MD MSA","Philadelphia-Camden-Wilmington, PA-NJ-DE-MD Metro Area",No,No
MD,24,017,Charles,,47900.0,"Washington-Arlington-Alexandria, DC-VA-MD-WV MSA","Washington-Arlington-Alexandria, DC-VA-MD-WV Metro Area",No,No
MD,24,019,Dorchester,,15700.0,"Cambridge, MD MicroSA","Cambridge, MD Micro Area",No,No
MD,24,021,Frederick,,47900.0,"Washington-Arlington-Alexandria, DC-VA-MD-WV MSA","Washington-Arlington-Alexandria, DC-VA-MD-WV Metro Area",No,No
MD,24,023,Garrett,,,,,,
MD,24,025,Harford,,12580.0,"Baltimore-Columbia-Towson, MD MSA","Baltimore-Columbia-Towson, MD Metro Area",No,No
MD,24,027,Howard,,12580.0,"Baltimore-Columbia-Towson, MD MSA","Baltimore-Columbia-Towson, MD Metro Area",No,No
MD,24,029,Kent,,,,,,
MD,24,031,Montgomery,,47900.0,"Washington-Arlington-Alexandria, DC-VA-MD-WV MSA","Washington-Arlington-Alexandria, DC-VA-MD-WV Metro Area",No,No
MD,24,033,Prince George's,,47900.0,"Washington-Arlington-Alexandria, DC-VA-MD-WV MSA","Washington-Arlington-Alexandria, DC-VA-MD-WV Metro Area",No,No
MD,24,035,Queen Anne's,,12580.0,"Baltimore-Columbia-Towson, MD MSA","Baltimore-Columbia-Towson, MD Metro Area",No,No
MD,24,037,St. Mary's,,15680.0,"Lexington Park, MD MSA","California-Lexington Park, MD Metro Area",No,No
MD,24,039,Somerset,,41540.0,"Salisbury, MD MSA","Salisbury, MD-DE Metro Area",No,No
MD,24,041,Talbot,,20660.0,"Easton, MD MicroSA","Easton, MD Micro Area",No,No
MD,24,043,Washington,,25180.0,"Hagerstown-Martinsburg, MD-WV MSA","Hagerstown-Martinsburg, MD-WV Metro Area",No,No
MD,24,045,Wicomico,,41540.0,"Salisbury, MD MSA","Salisbury, MD-DE Metro Area",No,No
MD,24,047,Worcester,,41540.0,"Ocean Pines, MD MicroSA","Salisbury, MD-DE Metro Area",No,No
MD,24,510,Baltimore city,,12580.0,"Baltimore-Columbia-Towson, MD MSA","Baltimore-Columbia-Towson, MD Metro Area",No,No
MA,25,001,Barnstable,,12700.0,"Barnstable Town, MA MSA","Barnstable Town, MA Metro Area",No,No
MA,25,003,Berkshire,,38340.0,"Pittsfield, MA MSA","Pittsfield, MA Metro Area",No,No
MA,25,005,Bristol,,39300.0,"Providence-Warwick, RI-MA MSA","Providence-Warwick, RI-MA Metro Area",No,No
MA,25,007,Dukes,,47240.0,"Vineyard Haven, MA MicroSA","Vineyard Haven, MA Micro Area",No,No
MA,25,009,Essex,,14460.0,"Boston-Cambridge-Newton, MA-NH MSA","Boston-Cambridge-Newton, MA-NH Metro Area",No,Yes
MA,25,011,Franklin,,24640.0,"Greenfield, MA MicroSA",,,No
MA,25,013,Hampden,,44140.0,"Springfield, MA MSA","Springfield, MA Metro Area",No,No
MA,25,015,Hampshire,,44140.0,"Amherst Town-Northampton, MA MSA","Springfield, MA Metro Area",No,No
MA,25,017,Middlesex,,14460.0,"Boston-Cambridge-Newton, MA-NH MSA","Boston-Cambridge-Newton, MA-NH Metro Area",No,Yes
MA,25,019,Nantucket,,,,,,
MA,25,021,Norfolk,,14460.0,"Boston-Cambridge-Newton, MA-NH MSA","Boston-Cambridge-Newton, MA-NH Metro Area",No,Yes
MA,25,023,Plymouth,,14460.0,"Boston-Cambridge-Newton, MA-NH MSA","Boston-Cambridge-Newton, MA-NH Metro Area",No,Yes
MA,25,025,Suffolk,,14460.0,"Boston-Cambridge-Newton, MA-NH MSA","Boston-Cambridge-Newton, MA-NH Metro Area",No,Yes
MA,25,027,Worcester,,49340.0,"Worcester, MA MSA","Worcester, MA-CT Metro Area",No,No
MI,26,001,Alcona,,,,,,
MI,26,003,Alger,,,,,,
MI,26,005,Allegan,,26090.0,"Holland, MI MicroSA","Holland, MI Micro Area",No,No
MI,26,007,Alpena,,10980.0,"Alpena, MI MicroSA","Alpena, MI Micro Area",No,No
MI,26,009,Antrim,,,,,,
MI,26,011,Arenac,,,,,,
MI,26,013,Baraga,,,,,,
MI,26,015,Barry,,24340.0,"Grand Rapids-Wyoming-Kentwood, MI MSA","Grand Rapids-Kentwood, MI Metro Area",No,No
MI,26,017,Bay,,13020.0,"Bay City, MI MSA","Bay City, MI Metro Area",No,No
MI,26,019,Benzie,,45900.0,"Traverse City, MI MSA","Traverse City, MI Micro Area",No,No
MI,26,021,Berrien,,35660.0,"Niles, MI MSA","Niles, MI Metro Area",No,No
MI,26,023,Branch,,17740.0,"Coldwater, MI MicroSA","Coldwater, MI Micro Area",No,No
MI,26,025,Calhoun,,12980.0,"Battle Creek, MI MSA","Battle Creek, MI Metro Area",No,No
MI,26,027,Cass,,43780.0,"South Bend-Mishawaka, IN-MI MSA","South Bend-Mishawaka, IN-MI Metro Area",No,No
MI,26,029,Charlevoix,,,,,,
MI,26,031,Cheboygan,,,,,,
MI,26,033,Chippewa,,42300.0,"Sault Ste. Marie, MI MicroSA","Sault Ste. Marie, MI Micro Area",No,No
MI,26,035,Clare,,,,,,
MI,26,037,Clinton,,29620.0,"Lansing-East Lansing, MI MSA","Lansing-East Lansing, MI Metro Area",No,No
MI,26,039,Crawford,,,,,,
MI,26,041,Delta,,21540.0,"Escanaba, MI MicroSA","Escanaba, MI Micro Area",No,No
MI,26,043,Dickinson,,27020.0,"Iron Mountain, MI-WI MicroSA","Iron Mountain, MI-WI Micro Area",No,No
MI,26,045,Eaton,,29620.0,"Lansing-East Lansing, MI MSA","Lansing-East Lansing, MI Metro Area",No,No
MI,26,047,Emmet,,,,,,
MI,26,049,Genesee,,22420.0,"Flint, MI MSA","Flint, MI Metro Area",No,No
MI,26,051,Gladwin,,,,,,
MI,26,053,Gogebic,,,,,,
MI,26,055,Grand Traverse,,45900.0,"Traverse City, MI MSA","Traverse City, MI Micro Area",No,No
MI,26,057,Gratiot,,10940.0,"Alma, MI MicroSA","Alma, MI Micro Area",No,No
MI,26,059,Hillsdale,,25880.0,"Hillsdale, MI MicroSA","Hillsdale, MI Micro Area",No,No
MI,26,061,Houghton,,26340.0,"Houghton, MI MicroSA","Houghton, MI Micro Area",No,No
MI,26,063,Huron,,,,,,
MI,26,065,Ingham,,29620.0,"Lansing-East Lansing, MI MSA","Lansing-East Lansing, MI Metro Area",No,No
MI,26,067,Ionia,,26960.0,"Grand Rapids-Wyoming-Kentwood, MI MSA",,,No
MI,26,069,Iosco,,,,,,
MI,26,071,Iron,,,,,,
MI,26,073,Isabella,,34380.0,"Mount Pleasant, MI MicroSA","Mount Pleasant, MI Micro Area",No,No
MI,26,075,Jackson,,27100.0,"Jackson, MI MSA","Jackson, MI Metro Area",No,No
MI,26,077,Kalamazoo,,28020.0,"Kalamazoo-Portage, MI MSA","Kalamazoo-Portage, MI Metro Area",No,No
MI,26,079,Kalkaska,,45900.0,"Traverse City, MI MSA","Traverse City, MI Micro Area",No,No
MI,26,081,Kent,,24340.0,"Grand Rapids-Wyoming-Kentwood, MI MSA","Grand Rapids-Kentwood, MI Metro Area",No,No
MI,26,083,Keweenaw,,26340.0,"Houghton, MI MicroSA","Houghton, MI Micro Area",No,No
MI,26,085,Lake,,,,,,
MI,26,087,Lapeer,,19820.0,"Detroit-Warren-Dearborn, MI MSA","Detroit-Warren-Dearborn, MI Metro Area",Yes,No
MI,26,089,Leelanau,,45900.0,"Traverse City, MI MSA","Traverse City, MI Micro Area",No,No
MI,26,091,Lenawee,,10300.0,"Adrian, MI MicroSA","Adrian, MI Micro Area",No,No
MI,26,093,Livingston,,19820.0,"Detroit-Warren-Dearborn, MI MSA","Detroit-Warren-Dearborn, MI Metro Area",Yes,No
MI,26,095,Luce,,,,,,
MI,26,097,Mackinac,,,,,,
MI,26,099,Macomb,,19820.0,"Detroit-Warren-Dearborn, MI MSA","Detroit-Warren-Dearborn, MI Metro Area",Yes,No
MI,26,101,Manistee,,,,,,
MI,26,103,Marquette,,32100.0,"Marquette, MI MicroSA","Marquette, MI Micro Area",No,No
MI,26,105,Mason,,31220.0,"Ludington, MI MicroSA","Ludington, MI Micro Area",No,No
MI,26,107,Mecosta,,13660.0,"Big Rapids, MI MicroSA","Big Rapids, MI Micro Area",No,No
MI,26,109,Menominee,,31940.0,"Marinette, WI-MI MicroSA","Marinette, WI-MI Micro Area",No,No
MI,26,111,Midland,,33220.0,"Midland, MI MSA","Midland, MI Metro Area",No,No
MI,26,113,Missaukee,,15620.0,"Cadillac, MI MicroSA","Cadillac, MI Micro Area",No,No
MI,26,115,Monroe,,33780.0,"Monroe, MI MSA","Monroe, MI Metro Area",No,No
MI,26,117,Montcalm,,24340.0,"Grand Rapids-Wyoming-Kentwood, MI MSA","Grand Rapids-Kentwood, MI Metro Area",No,No
MI,26,119,Montmorency,,,,,,
MI,26,121,Muskegon,,34740.0,"Muskegon-Norton Shores, MI MSA","Muskegon, MI Metro Area",No,No
MI,26,123,Newaygo,,,,,,
MI,26,125,Oakland,,19820.0,"Detroit-Warren-Dearborn, MI MSA","Detroit-Warren-Dearborn, MI Metro Area",Yes,No
MI,26,127,Oceana,,,,,,
MI,26,129,Ogemaw,,,,,,
MI,26,131,Ontonagon,,,,,,
MI,26,133,Osceola,,,,,,
MI,26,135,Oscoda,,,,,,
MI,26,137,Otsego,,,,,,
MI,26,139,Ottawa,,24340.0,"Grand Rapids-Wyoming-Kentwood, MI MSA","Grand Rapids-Kentwood, MI Metro Area",No,No
MI,26,141,Presque Isle,,,,,,
MI,26,143,Roscommon,,,,,,
MI,26,145,Saginaw,,40980.0,"Saginaw, MI MSA","Saginaw, MI Metro Area",No,No
MI,26,147,St. Clair,,19820.0,"Detroit-Warren-Dearborn, MI MSA","Detroit-Warren-Dearborn, MI Metro Area",Yes,No
MI,26,149,St. Joseph,,44780.0,"Sturgis, MI MicroSA","Sturgis, MI Micro Area",No,No
MI,26,151,Sanilac,,,,,,
MI,26,153,Schoolcraft,,,,,,
MI,26,155,Shiawassee,,37020.0,"Owosso, MI MicroSA",,,No
MI,26,157,Tuscola,,,,,,
MI,26,159,Van Buren,,28020.0,,"Kalamazoo-Portage, MI Metro Area",No,No
MI,26,161,Washtenaw,,11460.0,"Ann Arbor, MI MSA","Ann Arbor, MI Metro Area",No,No
MI,26,163,Wayne,,19820.0,"Detroit-Warren-Dearborn, MI MSA","Detroit-Warren-Dearborn, MI Metro Area",Yes,No
MI,26,165,Wexford,,15620.0,"Cadillac, MI MicroSA","Cadillac, MI Micro Area",No,No
MN,27,001,Aitkin,,,,,,
MN,27,003,Anoka,,33460.0,"Minneapolis-St. Paul-Bloomington, MN-WI MSA","Minneapolis-St. Paul-Bloomington, MN-WI Metro Area",No,No
MN,27,005,Becker,,,,,,
MN,27,007,Beltrami,,13420.0,"Bemidji, MN MicroSA","Bemidji, MN Micro Area",No,No
MN,27,009,Benton,,41060.0,"St. Cloud, MN MSA","St. Cloud, MN Metro Area",No,No
MN,27,011,Big Stone,,,,,,
MN,27,013,Blue Earth,,31860.0,"Mankato, MN MSA","Mankato, MN Metro Area",No,No
MN,27,015,Brown,,35580.0,"New Ulm, MN MicroSA","New Ulm, MN Micro Area",No,No
MN,27,017,Carlton,,20260.0,"Duluth, MN-WI MSA","Duluth, MN-WI Metro Area",No,No
MN,27,019,Carver,,33460.0,"Minneapolis-St. Paul-Bloomington, MN-WI MSA","Minneapolis-St. Paul-Bloomington, MN-WI Metro Area",No,No
MN,27,021,Cass,,14660.0,"Brainerd, MN MicroSA","Brainerd, MN Micro Area",No,No
MN,27,023,Chippewa,,,,,,
MN,27,025,Chisago,,33460.0,"Minneapolis-St. Paul-Bloomington, MN-WI MSA","Minneapolis-St. Paul-Bloomington, MN-WI Metro Area",No,No
MN,27,027,Clay,,22020.0,"Fargo, ND-MN MSA","Fargo, ND-MN Metro Area",No,No
MN,27,029,Clearwater,,,,,,
MN,27,031,Cook,,,,,,
MN,27,033,Cottonwood,,,,,,
MN,27,035,Crow Wing,,14660.0,"Brainerd, MN MicroSA","Brainerd, MN Micro Area",No,No
MN,27,037,Dakota,,33460.0,"Minneapolis-St. Paul-Bloomington, MN-WI MSA","Minneapolis-St. Paul-Bloomington, MN-WI Metro Area",No,No
MN,27,039,Dodge,,40340.0,"Rochester, MN MSA","Rochester, MN Metro Area",No,No
MN,27,041,Douglas,,10820.0,"Alexandria, MN MicroSA","Alexandria, MN Micro Area",No,No
MN,27,043,Faribault,,,,,,
MN,27,045,Fillmore,,40340.0,"Rochester, MN MSA","Rochester, MN Metro Area",No,No
MN,27,047,Freeborn,,10660.0,"Albert Lea, MN MicroSA","Albert Lea, MN Micro Area",No,No
MN,27,049,Goodhue,,39860.0,"Red Wing, MN MicroSA","Red Wing, MN Micro Area",No,No
MN,27,051,Grant,,,,,,
MN,27,053,Hennepin,,33460.0,"Minneapolis-St. Paul-Bloomington, MN-WI MSA","Minneapolis-St. Paul-Bloomington, MN-WI Metro Area",No,No
MN,27,055,Houston,,29100.0,"La Crosse-Onalaska, WI-MN MSA","La Crosse-Onalaska, WI-MN Metro Area",No,No
MN,27,057,Hubbard,,,,,,
MN,27,059,Isanti,,33460.0,"Minneapolis-St. Paul-Bloomington, MN-WI MSA","Minneapolis-St. Paul-Bloomington, MN-WI Metro Area",No,No
MN,27,061,Itasca,,,,,,
MN,27,063,Jackson,,,,,,
MN,27,065,Kanabec,,,,,,
MN,27,067,Kandiyohi,,48820.0,"Willmar, MN MicroSA","Willmar, MN Micro Area",No,No
MN,27,069,Kittson,,,,,,
MN,27,071,Koochiching,,,,,,
MN,27,073,Lac qui Parle,,,,,,
MN,27,075,Lake,,,,,,
MN,27,077,Lake of the Woods,,,,,,
MN,27,079,Le Sueur,,33460.0,"Minneapolis-St. Paul-Bloomington, MN-WI MSA","Minneapolis-St. Paul-Bloomington, MN-WI Metro Area",No,No
MN,27,081,Lincoln,,,,,,
MN,27,083,Lyon,,32140.0,"Marshall, MN MicroSA","Marshall, MN Micro Area",No,No
MN,27,085,McLeod,,26780.0,"Hutchinson, MN MicroSA","Hutchinson, MN Micro Area",No,No
MN,27,087,Mahnomen,,,,,,
MN,27,089,Marshall,,,,,,
MN,27,091,Martin,,,,,,
MN,27,093,Meeker,,,,,,
MN,27,095,Mille Lacs,,33460.0,"Minneapolis-St. Paul-Bloomington, MN-WI MSA","Minneapolis-St. Paul-Bloomington, MN-WI Metro Area",No,No
MN,27,097,Morrison,,,,,,
MN,27,099,Mower,,12380.0,"Austin, MN MicroSA","Austin, MN Micro Area",No,No
MN,27,101,Murray,,,,,,
MN,27,103,Nicollet,,31860.0,"Mankato, MN MSA","Mankato, MN Metro Area",No,No
MN,27,105,Nobles,,49380.0,"Worthington, MN MicroSA","Worthington, MN Micro Area",No,No
MN,27,107,Norman,,,,,,
MN,27,109,Olmsted,,40340.0,"Rochester, MN MSA","Rochester, MN Metro Area",No,No
MN,27,111,Otter Tail,,22260.0,"Fergus Falls, MN MicroSA","Fergus Falls, MN Micro Area",No,No
MN,27,113,Pennington,,,,,,
MN,27,115,Pine,,,,,,
MN,27,117,Pipestone,,,,,,
MN,27,119,Polk,,24220.0,"Grand Forks, ND-MN MSA","Grand Forks, ND-MN Metro Area",No,No
MN,27,121,Pope,,,,,,
MN,27,123,Ramsey,,33460.0,"Minneapolis-St. Paul-Bloomington, MN-WI MSA","Minneapolis-St. Paul-Bloomington, MN-WI Metro Area",No,No
MN,27,125,Red Lake,,,,,,
MN,27,127,Redwood,,,,,,
MN,27,129,Renville,,,,,,
MN,27,131,Rice,,22060.0,"Faribault-Northfield, MN MicroSA","Faribault-Northfield, MN Micro Area",No,No
MN,27,133,Rock,,,,,,
MN,27,135,Roseau,,,,,,
MN,27,137,St. Louis,,20260.0,"Duluth, MN-WI MSA","Duluth, MN-WI Metro Area",No,No
MN,27,139,Scott,,33460.0,"Minneapolis-St. Paul-Bloomington, MN-WI MSA","Minneapolis-St. Paul-Bloomington, MN-WI Metro Area",No,No
MN,27,141,Sherburne,,33460.0,"Minneapolis-St. Paul-Bloomington, MN-WI MSA","Minneapolis-St. Paul-Bloomington, MN-WI Metro Area",No,No
MN,27,143,Sibley,,33460.0,,"Minneapolis-St. Paul-Bloomington, MN-WI Metro Area",No,No
MN,27,145,Stearns,,41060.0,"St. Cloud, MN MSA","St. Cloud, MN Metro Area",No,No
MN,27,147,Steele,,36940.0,"Owatonna, MN MicroSA","Owatonna, MN Micro Area",No,No
MN,27,149,Stevens,,,,,,
MN,27,151,Swift,,,,,,
MN,27,153,Todd,,,,,,
MN,27,155,Traverse,,,,,,
MN,27,157,Wabasha,,40340.0,"Rochester, MN MSA","Rochester, MN Metro Area",No,No
MN,27,159,Wadena,,,,,,
MN,27,161,Waseca,,,,,,
MN,27,163,Washington,,33460.0,"Minneapolis-St. Paul-Bloomington, MN-WI MSA","Minneapolis-St. Paul-Bloomington, MN-WI Metro Area",No,No
MN,27,165,Watonwan,,,,,,
MN,27,167,Wilkin,,47420.0,"Wahpeton, ND-MN MicroSA","Wahpeton, ND-MN Micro Area",No,No
MN,27,169,Winona,,49100.0,"Winona, MN MicroSA","Winona, MN Micro Area",No,No
MN,27,171,Wright,,33460.0,"Minneapolis-St. Paul-Bloomington, MN-WI MSA","Minneapolis-St. Paul-Bloomington, MN-WI Metro Area",No,No
MN,27,173,Yellow Medicine,,,,,,
MS,28,001,Adams,,35020.0,"Natchez, MS-LA MicroSA","Natchez, MS-LA Micro Area",No,No
MS,28,003,Alcorn,,18420.0,"Corinth, MS MicroSA","Corinth, MS Micro Area",No,No
MS,28,005,Amite,,32620.0,,"McComb, MS Micro Area",No,No
MS,28,007,Attala,,,,,,
MS,28,009,Benton,,32820.0,"Memphis, TN-MS-AR MSA","Memphis, TN-MS-AR Metro Area",No,No
MS,28,011,Bolivar,,17380.0,"Cleveland, MS MicroSA","Cleveland, MS Micro Area",No,No
MS,28,013,Calhoun,,,,,,
MS,28,015,Carroll,,24900.0,"Greenwood, MS MicroSA","Greenwood, MS Micro Area",No,No
MS,28,017,Chickasaw,,,,,,
MS,28,019,Choctaw,,,,,,
MS,28,021,Claiborne,,46980.0,,"Vicksburg, MS Micro Area",No,No
MS,28,023,Clarke,,32940.0,"Meridian, MS MicroSA","Meridian, MS Micro Area",No,No
MS,28,025,Clay,,,,,,
MS,28,027,Coahoma,,17260.0,"Clarksdale, MS MicroSA","Clarksdale, MS Micro Area",No,No
MS,28,029,Copiah,,27140.0,"Jackson, MS MSA","Jackson, MS Metro Area",No,No
MS,28,031,Covington,,,,,,
MS,28,033,DeSoto,,32820.0,"Memphis, TN-MS-AR MSA","Memphis, TN-MS-AR Metro Area",No,No
MS,28,035,Forrest,,25620.0,"Hattiesburg, MS MSA","Hattiesburg, MS Metro Area",No,No
MS,28,037,Franklin,,,,,,
MS,28,039,George,,,,,,
MS,28,041,Greene,,,,,,
MS,28,043,Grenada,,24980.0,"Grenada, MS MicroSA","Grenada, MS Micro Area",No,No
MS,28,045,Hancock,,25060.0,"Gulfport-Biloxi, MS MSA","Gulfport-Biloxi, MS Metro Area",No,No
MS,28,047,Harrison,,25060.0,"Gulfport-Biloxi, MS MSA","Gulfport-Biloxi, MS Metro Area",No,No
MS,28,049,Hinds,,27140.0,"Jackson, MS MSA","Jackson, MS Metro Area",No,No
MS,28,051,Holmes,,,,,,
MS,28,053,Humphreys,,,,,,
MS,28,055,Issaquena,,,,,,
MS,28,057,Itawamba,,46180.0,"Tupelo, MS MicroSA","Tupelo, MS Micro Area",No,No
MS,28,059,Jackson,,25060.0,"Gulfport-Biloxi, MS MSA","Gulfport-Biloxi, MS Metro Area",No,No
MS,28,061,Jasper,,29860.0,"Laurel, MS MicroSA","Laurel, MS Micro Area",No,No
MS,28,063,Jefferson,,,,,,
MS,28,065,Jefferson Davis,,,,,,
MS,28,067,Jones,,29860.0,"Laurel, MS MicroSA","Laurel, MS Micro Area",No,No
MS,28,069,Kemper,,32940.0,,"Meridian, MS Micro Area",No,No
MS,28,071,Lafayette,,37060.0,"Oxford, MS MicroSA","Oxford, MS Micro Area",No,No
MS,28,073,Lamar,,25620.0,"Hattiesburg, MS MSA","Hattiesburg, MS Metro Area",No,No
MS,28,075,Lauderdale,,32940.0,"Meridian, MS MicroSA","Meridian, MS Micro Area",No,No
MS,28,077,Lawrence,,,,,,
MS,28,079,Leake,,,,,,
MS,28,081,Lee,,46180.0,"Tupelo, MS MicroSA","Tupelo, MS Micro Area",No,No
MS,28,083,Leflore,,24900.0,"Greenwood, MS MicroSA","Greenwood, MS Micro Area",No,No
MS,28,085,Lincoln,,15020.0,"Brookhaven, MS MicroSA","Brookhaven, MS Micro Area",No,No
MS,28,087,Lowndes,,18060.0,"Columbus, MS MicroSA","Columbus, MS Micro Area",No,No
MS,28,089,Madison,,27140.0,"Jackson, MS MSA","Jackson, MS Metro Area",No,No
MS,28,091,Marion,,,,,,
MS,28,093,Marshall,,32820.0,"Memphis, TN-MS-AR MSA","Memphis, TN-MS-AR Metro Area",No,No
MS,28,095,Monroe,,,,,,
MS,28,097,Montgomery,,,,,,
MS,28,099,Neshoba,,,,,,
MS,28,101,Newton,,,,,,
MS,28,103,Noxubee,,,,,,
MS,28,105,Oktibbeha,,44260.0,"Starkville, MS MicroSA","Starkville, MS Micro Area",No,No
MS,28,107,Panola,,,,,,
MS,28,109,Pearl River,,38100.0,"Picayune, MS MicroSA","Picayune, MS Micro Area",No,No
MS,28,111,Perry,,25620.0,"Hattiesburg, MS MSA","Hattiesburg, MS Metro Area",No,No
MS,28,113,Pike,,32620.0,"McComb, MS MicroSA","McComb, MS Micro Area",No,No
MS,28,115,Pontotoc,,46180.0,,"Tupelo, MS Micro Area",No,No
MS,28,117,Prentiss,,,,,,
MS,28,119,Quitman,,,,,,
MS,28,121,Rankin,,27140.0,"Jackson, MS MSA","Jackson, MS Metro Area",No,No
MS,28,123,Scott,,,,,,
MS,28,125,Sharkey,,,,,,
MS,28,127,Simpson,,27140.0,"Jackson, MS MSA","Jackson, MS Metro Area",No,No
MS,28,129,Smith,,,,,,
MS,28,131,Stone,,,,,,
MS,28,133,Sunflower,,26940.0,,"Indianola, MS Micro Area",No,No
MS,28,135,Tallahatchie,,,,,,
MS,28,137,Tate,,32820.0,"Memphis, TN-MS-AR MSA","Memphis, TN-MS-AR Metro Area",No,No
MS,28,139,Tippah,,,,,,
MS,28,141,Tishomingo,,,,,,
MS,28,143,Tunica,,32820.0,"Memphis, TN-MS-AR MSA","Memphis, TN-MS-AR Metro Area",No,No
MS,28,145,Union,,,,,,
MS,28,147,Walthall,,,,,,
MS,28,149,Warren,,46980.0,"Vicksburg, MS MicroSA","Vicksburg, MS Micro Area",No,No
MS,28,151,Washington,,24740.0,"Greenville, MS MicroSA","Greenville, MS Micro Area",No,No
MS,28,153,Wayne,,,,,,
MS,28,155,Webster,,,,,,
MS,28,157,Wilkinson,,,,,,
MS,28,159,Winston,,,,,,
MS,28,161,Yalobusha,,,,,,
MS,28,163,Yazoo,,27140.0,"Jackson, MS MSA","Jackson, MS Metro Area",No,No
MO,29,001,Adair,,28860.0,"Kirksville, MO MicroSA","Kirksville, MO Micro Area",No,No
MO,29,003,Andrew,,41140.0,"St. Joseph, MO-KS MSA","St. Joseph, MO-KS Metro Area",No,No
MO,29,005,Atchison,,,,,,
MO,29,007,Audrain,,33020.0,"Mexico, MO MicroSA","Mexico, MO Micro Area",No,No
MO,29,009,Barry,,,,,,
MO,29,011,Barton,,,,,,
MO,29,013,Bates,,28140.0,"Kansas City, MO-KS MSA","Kansas City, MO-KS Metro Area",Yes,Yes
MO,29,015,Benton,,,,,,
MO,29,017,Bollinger,,16020.0,"Cape Girardeau, MO-IL MSA","Cape Girardeau, MO-IL Metro Area",No,No
MO,29,019,Boone,,17860.0,"Columbia, MO MSA","Columbia, MO Metro Area",No,No
MO,29,021,Buchanan,,41140.0,"St. Joseph, MO-KS MSA","St. Joseph, MO-KS Metro Area",No,No
MO,29,023,Butler,,38740.0,"Poplar Bluff, MO MicroSA","Poplar Bluff, MO Micro Area",No,No
MO,29,025,Caldwell,,28140.0,"Kansas City, MO-KS MSA","Kansas City, MO-KS Metro Area",Yes,Yes
MO,29,027,Callaway,,27620.0,"Jefferson City, MO MSA","Jefferson City, MO Metro Area",No,No
MO,29,029,Camden,,,,,,
MO,29,031,Cape Girardeau,,16020.0,"Cape Girardeau, MO-IL MSA","Cape Girardeau, MO-IL Metro Area",No,No
MO,29,033,Carroll,,,,,,
MO,29,035,Carter,,,,,,
MO,29,037,Cass,,28140.0,"Kansas City, MO-KS MSA","Kansas City, MO-KS Metro Area",Yes,Yes
MO,29,039,Cedar,,,,,,
MO,29,041,Chariton,,,,,,
MO,29,043,Christian,,44180.0,"Springfield, MO MSA","Springfield, MO Metro Area",No,No
MO,29,045,Clark,,22800.0,,"Fort Madison-Keokuk, IA-IL-MO Micro Area",No,No
MO,29,047,Clay,,28140.0,"Kansas City, MO-KS MSA","Kansas City, MO-KS Metro Area",Yes,Yes
MO,29,049,Clinton,,28140.0,"Kansas City, MO-KS MSA","Kansas City, MO-KS Metro Area",Yes,Yes
MO,29,051,Cole,,27620.0,"Jefferson City, MO MSA","Jefferson City, MO Metro Area",No,No
MO,29,053,Cooper,,,,,,
MO,29,055,Crawford,,,,,,
MO,29,057,Dade,,,,,,
MO,29,059,Dallas,,44180.0,"Springfield, MO MSA","Springfield, MO Metro Area",No,No
MO,29,061,Daviess,,,,,,
MO,29,063,DeKalb,,41140.0,"St. Joseph, MO-KS MSA","St. Joseph, MO-KS Metro Area",No,No
MO,29,065,Dent,,,,,,
MO,29,067,Douglas,,,,,,
MO,29,069,Dunklin,,28380.0,"Kennett, MO MicroSA","Kennett, MO Micro Area",No,No
MO,29,071,Franklin,,41180.0,"St. Louis, MO-IL MSA","St. Louis, MO-IL Metro Area",Yes,No
MO,29,073,Gasconade,,,,,,
MO,29,075,Gentry,,,,,,
MO,29,077,Greene,,44180.0,"Springfield, MO MSA","Springfield, MO Metro Area",No,No
MO,29,079,Grundy,,,,,,
MO,29,081,Harrison,,,,,,
MO,29,083,Henry,,,,,,
MO,29,085,Hickory,,,,,,
MO,29,087,Holt,,,,,,
MO,29,089,Howard,,,,,,
MO,29,091,Howell,,48460.0,"West Plains, MO MicroSA","West Plains, MO Micro Area",No,No
MO,29,093,Iron,,,,,,
MO,29,095,Jackson,,28140.0,"Kansas City, MO-KS MSA","Kansas City, MO-KS Metro Area",Yes,Yes
MO,29,097,Jasper,,27900.0,"Joplin, MO-KS MSA","Joplin, MO Metro Area",No,No
MO,29,099,Jefferson,,41180.0,"St. Louis, MO-IL MSA","St. Louis, MO-IL Metro Area",Yes,No
MO,29,101,Johnson,,47660.0,"Warrensburg, MO MicroSA","Warrensburg, MO Micro Area",No,No
MO,29,103,Knox,,,,,,
MO,29,105,Laclede,,30060.0,"Lebanon, MO MicroSA","Lebanon, MO Micro Area",No,No
MO,29,107,Lafayette,,28140.0,"Kansas City, MO-KS MSA","Kansas City, MO-KS Metro Area",Yes,Yes
MO,29,109,Lawrence,,,,,,
MO,29,111,Lewis,,39500.0,"Quincy, IL-MO MicroSA","Quincy, IL-MO Micro Area",No,No
MO,29,113,Lincoln,,41180.0,"St. Louis, MO-IL MSA","St. Louis, MO-IL Metro Area",Yes,No
MO,29,115,Linn,,,,,,
MO,29,117,Livingston,,,,,,
MO,29,119,McDonald,,22220.0,,"Fayetteville-Springdale-Rogers, AR Metro Area",No,No
MO,29,121,Macon,,,,,,
MO,29,123,Madison,,,,,,
MO,29,125,Maries,,,,,,
MO,29,127,Marion,,25300.0,"Hannibal, MO MicroSA","Hannibal, MO Micro Area",No,No
MO,29,129,Mercer,,,,,,
MO,29,131,Miller,,,,,,
MO,29,133,Mississippi,,,,,,
MO,29,135,Moniteau,,27620.0,"Jefferson City, MO MSA","Jefferson City, MO Metro Area",No,No
MO,29,137,Monroe,,,,,,
MO,29,139,Montgomery,,,,,,
MO,29,141,Morgan,,,,,,
MO,29,143,New Madrid,,,,,,
MO,29,145,Newton,,27900.0,"Joplin, MO-KS MSA","Joplin, MO Metro Area",No,No
MO,29,147,Nodaway,,32340.0,"Maryville, MO MicroSA","Maryville, MO Micro Area",No,No
MO,29,149,Oregon,,,,,,
MO,29,151,Osage,,27620.0,"Jefferson City, MO MSA","Jefferson City, MO Metro Area",No,No
MO,29,153,Ozark,,,,,,
MO,29,155,Pemiscot,,,,,,
MO,29,157,Perry,,,,,,
MO,29,159,Pettis,,42740.0,"Sedalia, MO MicroSA","Sedalia, MO Micro Area",No,No
MO,29,161,Phelps,,40620.0,"Rolla, MO MicroSA","Rolla, MO Micro Area",No,No
MO,29,163,Pike,,,,,,
MO,29,165,Platte,,28140.0,"Kansas City, MO-KS MSA","Kansas City, MO-KS Metro Area",Yes,Yes
MO,29,167,Polk,,44180.0,"Springfield, MO MSA","Springfield, MO Metro Area",No,No
MO,29,169,Pulaski,,22780.0,"Fort Leonard Wood, MO MicroSA","Fort Leonard Wood, MO Micro Area",No,No
MO,29,171,Putnam,,,,,,
MO,29,173,Ralls,,25300.0,"Hannibal, MO MicroSA","Hannibal, MO Micro Area",No,No
MO,29,175,Randolph,,33620.0,"Moberly, MO MicroSA","Moberly, MO Micro Area",No,No
MO,29,177,Ray,,28140.0,"Kansas City, MO-KS MSA","Kansas City, MO-KS Metro Area",Yes,Yes
MO,29,179,Reynolds,,,,,,
MO,29,181,Ripley,,,,,,
MO,29,183,St. Charles,,41180.0,"St. Louis, MO-IL MSA","St. Louis, MO-IL Metro Area",Yes,No
MO,29,185,St. Clair,,,,,,
MO,29,186,Ste. Genevieve,,,,,,
MO,29,187,St. Francois,,22100.0,"Farmington, MO MicroSA","Farmington, MO Micro Area",No,No
MO,29,189,St. Louis,,41180.0,"St. Louis, MO-IL MSA","St. Louis, MO-IL Metro Area",Yes,No
MO,29,195,Saline,,32180.0,"Marshall, MO MicroSA","Marshall, MO Micro Area",No,No
MO,29,197,Schuyler,,28860.0,"Kirksville, MO MicroSA","Kirksville, MO Micro Area",No,No
MO,29,199,Scotland,,,,,,
MO,29,201,Scott,,43460.0,"Sikeston, MO MicroSA","Sikeston, MO Micro Area",No,No
MO,29,203,Shannon,,,,,,
MO,29,205,Shelby,,,,,,
MO,29,207,Stoddard,,,,,,
MO,29,209,Stone,,14700.0,,"Branson, MO Micro Area",No,No
MO,29,211,Sullivan,,,,,,
MO,29,213,Taney,,14700.0,"Branson, MO MicroSA","Branson, MO Micro Area",No,No
MO,29,215,Texas,,,,,,
MO,29,217,Vernon,,,,,,
MO,29,219,Warren,,41180.0,"St. Louis, MO-IL MSA","St. Louis, MO-IL Metro Area",Yes,No
MO,29,221,Washington,,,,,,
MO,29,223,Wayne,,,,,,
MO,29,225,Webster,,44180.0,"Springfield, MO MSA","Springfield, MO Metro Area",No,No
MO,29,227,Worth,,,,,,
MO,29,229,Wright,,,,,,
MO,29,510,St. Louis city,,41180.0,"St. Louis, MO-IL MSA","St. Louis, MO-IL Metro Area",Yes,No
MT,30,001,Beaverhead,,,,,,
MT,30,003,Big Horn,,,,,,
MT,30,005,Blaine,,,,,,
MT,30,007,Broadwater,,,,,,
MT,30,009,Carbon,,13740.0,"Billings, MT MSA","Billings, MT Metro Area",No,No
MT,30,011,Carter,,,,,,
MT,30,013,Cascade,,24500.0,"Great Falls, MT MSA","Great Falls, MT Metro Area",No,No
MT,30,015,Chouteau,,,,,,
MT,30,017,Custer,,,,,,
MT,30,019,Daniels,,,,,,
MT,30,021,Dawson,,,,,,
MT,30,023,Deer Lodge,,,,,,
MT,30,025,Fallon,,,,,,
MT,30,027,Fergus,,,,,,
MT,30,029,Flathead,,28060.0,"Kalispell, MT MicroSA","Kalispell, MT Micro Area",No,No
MT,30,031,Gallatin,,14580.0,"Bozeman, MT MSA","Bozeman, MT Micro Area",No,No
MT,30,033,Garfield,,,,,,
MT,30,035,Glacier,,,,,,
MT,30,037,Golden Valley,,13740.0,,"Billings, MT Metro Area",No,No
MT,30,039,Granite,,,,,,
MT,30,041,Hill,,,,,,
MT,30,043,Jefferson,,25740.0,"Helena, MT MSA","Helena, MT Micro Area",No,No
MT,30,045,Judith Basin,,,,,,
MT,30,047,Lake,,,,,,
MT,30,049,Lewis and Clark,,25740.0,"Helena, MT MSA","Helena, MT Micro Area",No,No
MT,30,051,Liberty,,,,,,
MT,30,053,Lincoln,,,,,,
MT,30,055,McCone,,,,,,
MT,30,057,Madison,,,,,,
MT,30,059,Meagher,,,,,,
MT,30,061,Mineral,,,,,,
MT,30,063,Missoula,,33540.0,"Missoula, MT MSA","Missoula, MT Metro Area",No,No
MT,30,065,Musselshell,,,,,,
MT,30,067,Park,,,,,,
MT,30,069,Petroleum,,,,,,
MT,30,071,Phillips,,,,,,
MT,30,073,Pondera,,,,,,
MT,30,075,Powder River,,,,,,
MT,30,077,Powell,,,,,,
MT,30,079,Prairie,,,,,,
MT,30,081,Ravalli,,,,,,
MT,30,083,Richland,,,,,,
MT,30,085,Roosevelt,,,,,,
MT,30,087,Rosebud,,,,,,
MT,30,089,Sanders,,,,,,
MT,30,091,Sheridan,,,,,,
MT,30,093,Silver Bow,,15580.0,"Butte-Silver Bow, MT MicroSA","Butte-Silver Bow, MT Micro Area",No,No
MT,30,095,Stillwater,,,,,,
MT,30,097,Sweet Grass,,,,,,
MT,30,099,Teton,,,,,,
MT,30,101,Toole,,,,,,
MT,30,103,Treasure,,,,,,
MT,30,105,Valley,,,,,,
MT,30,107,Wheatland,,,,,,
MT,30,109,Wibaux,,,,,,
MT,30,111,Yellowstone,,13740.0,"Billings, MT MSA","Billings, MT Metro Area",No,No
NE,31,001,Adams,,25580.0,"Hastings, NE MicroSA","Hastings, NE Micro Area",No,No
NE,31,003,Antelope,,,,,,
NE,31,005,Arthur,,,,,,
NE,31,007,Banner,,42420.0,"Scottsbluff, NE MicroSA","Scottsbluff, NE Micro Area",No,No
NE,31,009,Blaine,,,,,,
NE,31,011,Boone,,,,,,
NE,31,013,Box Butte,,,,,,
NE,31,015,Boyd,,,,,,
NE,31,017,Brown,,,,,,
NE,31,019,Buffalo,,28260.0,"Kearney, NE MicroSA","Kearney, NE Micro Area",No,No
NE,31,021,Burt,,,,,,
NE,31,023,Butler,,,,,,
NE,31,025,Cass,,36540.0,"Omaha, NE-IA MSA","Omaha-Council Bluffs, NE-IA Metro Area",No,No
NE,31,027,Cedar,,,,,,
NE,31,029,Chase,,,,,,
NE,31,031,Cherry,,,,,,
NE,31,033,Cheyenne,,,,,,
NE,31,035,Clay,,,,,,
NE,31,037,Colfax,,,,,,
NE,31,039,Cuming,,,,,,
NE,31,041,Custer,,,,,,
NE,31,043,Dakota,,43580.0,"Sioux City, IA-NE-SD MSA","Sioux City, IA-NE-SD Metro Area",No,No
NE,31,045,Dawes,,,,,,
NE,31,047,Dawson,,30420.0,"Lexington, NE MicroSA","Lexington, NE Micro Area",No,No
NE,31,049,Deuel,,,,,,
NE,31,051,Dixon,,43580.0,,"Sioux City, IA-NE-SD Metro Area",No,No
NE,31,053,Dodge,,23340.0,"Fremont, NE MicroSA","Fremont, NE Micro Area",No,No
NE,31,055,Douglas,,36540.0,"Omaha, NE-IA MSA","Omaha-Council Bluffs, NE-IA Metro Area",No,No
NE,31,057,Dundy,,,,,,
NE,31,059,Fillmore,,,,,,
NE,31,061,Franklin,,,,,,
NE,31,063,Frontier,,,,,,
NE,31,065,Furnas,,,,,,
NE,31,067,Gage,,13100.0,"Beatrice, NE MicroSA","Beatrice, NE Micro Area",No,No
NE,31,069,Garden,,,,,,
NE,31,071,Garfield,,,,,,
NE,31,073,Gosper,,30420.0,"Lexington, NE MicroSA","Lexington, NE Micro Area",No,No
NE,31,075,Grant,,,,,,
NE,31,077,Greeley,,,,,,
NE,31,079,Hall,,24260.0,"Grand Island, NE MSA","Grand Island, NE Metro Area",No,No
NE,31,081,Hamilton,,24260.0,,"Grand Island, NE Metro Area",No,No
NE,31,083,Harlan,,,,,,
NE,31,085,Hayes,,,,,,
NE,31,087,Hitchcock,,,,,,
NE,31,089,Holt,,,,,,
NE,31,091,Hooker,,,,,,
NE,31,093,Howard,,24260.0,"Grand Island, NE MSA","Grand Island, NE Metro Area",No,No
NE,31,095,Jefferson,,,,,,
NE,31,097,Johnson,,,,,,
NE,31,099,Kearney,,28260.0,"Kearney, NE MicroSA","Kearney, NE Micro Area",No,No
NE,31,101,Keith,,,,,,
NE,31,103,Keya Paha,,,,,,
NE,31,105,Kimball,,,,,,
NE,31,107,Knox,,,,,,
NE,31,109,Lancaster,,30700.0,"Lincoln, NE MSA","Lincoln, NE Metro Area",No,No
NE,31,111,Lincoln,,35820.0,"North Platte, NE MicroSA","North Platte, NE Micro Area",No,No
NE,31,113,Logan,,35820.0,"North Platte, NE MicroSA","North Platte, NE Micro Area",No,No
NE,31,115,Loup,,,,,,
NE,31,117,McPherson,,35820.0,,"North Platte, NE Micro Area",No,No
NE,31,119,Madison,,35740.0,"Norfolk, NE MicroSA","Norfolk, NE Micro Area",No,No
NE,31,121,Merrick,,24260.0,"Grand Island, NE MSA","Grand Island, NE Metro Area",No,No
NE,31,123,Morrill,,,,,,
NE,31,125,Nance,,,,,,
NE,31,127,Nemaha,,,,,,
NE,31,129,Nuckolls,,,,,,
NE,31,131,Otoe,,,,,,
NE,31,133,Pawnee,,,,,,
NE,31,135,Perkins,,,,,,
NE,31,137,Phelps,,,,,,
NE,31,139,Pierce,,35740.0,"Norfolk, NE MicroSA","Norfolk, NE Micro Area",No,No
NE,31,141,Platte,,18100.0,"Columbus, NE MicroSA","Columbus, NE Micro Area",No,No
NE,31,143,Polk,,,,,,
NE,31,145,Red Willow,,,,,,
NE,31,147,Richardson,,,,,,
NE,31,149,Rock,,,,,,
NE,31,151,Saline,,,,,,
NE,31,153,Sarpy,,36540.0,"Omaha, NE-IA MSA","Omaha-Council Bluffs, NE-IA Metro Area",No,No
NE,31,155,Saunders,,36540.0,"Omaha, NE-IA MSA","Omaha-Council Bluffs, NE-IA Metro Area",No,No
NE,31,157,Scotts Bluff,,42420.0,"Scottsbluff, NE MicroSA","Scottsbluff, NE Micro Area",No,No
NE,31,159,Seward,,30700.0,"Lincoln, NE MSA","Lincoln, NE Metro Area",No,No
NE,31,161,Sheridan,,,,,,
NE,31,163,Sherman,,,,,,
NE,31,165,Sioux,,42420.0,,"Scottsbluff, NE Micro Area",No,No
NE,31,167,Stanton,,35740.0,"Norfolk, NE MicroSA","Norfolk, NE Micro Area",No,No
NE,31,169,Thayer,,,,,,
NE,31,171,Thomas,,,,,,
NE,31,173,Thurston,,,,,,
NE,31,175,Valley,,,,,,
NE,31,177,Washington,,36540.0,"Omaha, NE-IA MSA","Omaha-Council Bluffs, NE-IA Metro Area",No,No
NE,31,179,Wayne,,,,,,
NE,31,181,Webster,,,,,,
NE,31,183,Wheeler,,,,,,
NE,31,185,York,,,,,,
NV,32,001,Churchill,,21980.0,"Fallon, NV MicroSA","Fallon, NV Micro Area",No,No
NV,32,003,Clark,,29820.0,"Las Vegas-Henderson-North Las Vegas, NV MSA","Las Vegas-Henderson-Paradise, NV Metro Area",No,No
NV,32,005,Douglas,,23820.0,"Gardnerville Ranchos, NV-CA MicroSA","Gardnerville Ranchos, NV Micro Area",No,No
NV,32,007,Elko,,21220.0,"Elko, NV MicroSA","Elko, NV Micro Area",No,No
NV,32,009,Esmeralda,,,,,,
NV,32,011,Eureka,,21220.0,"Elko, NV MicroSA","Elko, NV Micro Area",No,No
NV,32,013,Humboldt,,49080.0,"Winnemucca, NV MicroSA","Winnemucca, NV Micro Area",No,No
NV,32,015,Lander,,,,,,
NV,32,017,Lincoln,,,,,,
NV,32,019,Lyon,,22280.0,"Reno, NV MSA","Fernley, NV Micro Area",No,No
NV,32,021,Mineral,,,,,,
NV,32,023,Nye,,37220.0,"Pahrump, NV MicroSA","Pahrump, NV Micro Area",No,No
NV,32,027,Pershing,,,,,,
NV,32,029,Storey,,39900.0,"Reno, NV MSA","Reno, NV Metro Area",No,No
NV,32,031,Washoe,,39900.0,"Reno, NV MSA","Reno, NV Metro Area",No,No
NV,32,033,White Pine,,,,,,
NV,32,510,Carson City,,16180.0,"Carson City, NV MSA","Carson City, NV Metro Area",No,No
NH,33,001,Belknap,,29060.0,"Laconia, NH MicroSA","Laconia, NH Micro Area",No,No
NH,33,003,Carroll,,,,,,
NH,33,005,Cheshire,,28300.0,"Keene, NH MicroSA","Keene, NH Micro Area",No,No
NH,33,007,Coos,,13620.0,,"Berlin, NH Micro Area",No,No
NH,33,009,Grafton,,17200.0,"Lebanon-Claremont, NH-VT MicroSA",,,No
NH,33,011,Hillsborough,,31700.0,"Manchester-Nashua, NH MSA","Manchester-Nashua, NH Metro Area",No,No
NH,33,013,Merrimack,,18180.0,"Concord, NH MicroSA","Concord, NH Micro Area",No,No
NH,33,015,Rockingham,,14460.0,"Boston-Cambridge-Newton, MA-NH MSA","Boston-Cambridge-Newton, MA-NH Metro Area",No,Yes
NH,33,017,Strafford,,14460.0,"Boston-Cambridge-Newton, MA-NH MSA","Boston-Cambridge-Newton, MA-NH Metro Area",No,Yes
NH,33,019,Sullivan,,17200.0,"Lebanon-Claremont, NH-VT MicroSA",,,No
NJ,34,001,Atlantic,,12100.0,"Atlantic City-Hammonton, NJ MSA","Atlantic City-Hammonton, NJ Metro Area",No,No
NJ,34,003,Bergen,,35620.0,"New York-Newark-Jersey City, NY-NJ MSA","New York-Newark-Jersey City, NY-NJ-PA Metro Area",No,No
NJ,34,005,Burlington,,37980.0,"Philadelphia-Camden-Wilmington, PA-NJ-DE-MD MSA","Philadelphia-Camden-Wilmington, PA-NJ-DE-MD Metro Area",No,No
NJ,34,007,Camden,,37980.0,"Philadelphia-Camden-Wilmington, PA-NJ-DE-MD MSA","Philadelphia-Camden-Wilmington, PA-NJ-DE-MD Metro Area",No,No
NJ,34,009,Cape May,,36140.0,"Atlantic City-Hammonton, NJ MSA","Ocean City, NJ Metro Area",No,No
NJ,34,011,Cumberland,,47220.0,"Vineland, NJ MSA","Vineland-Bridgeton, NJ Metro Area",No,No
NJ,34,013,Essex,,35620.0,"New York-Newark-Jersey City, NY-NJ MSA","New York-Newark-Jersey City, NY-NJ-PA Metro Area",No,No
NJ,34,015,Gloucester,,37980.0,"Philadelphia-Camden-Wilmington, PA-NJ-DE-MD MSA","Philadelphia-Camden-Wilmington, PA-NJ-DE-MD Metro Area",No,No
NJ,34,017,Hudson,,35620.0,"New York-Newark-Jersey City, NY-NJ MSA","New York-Newark-Jersey City, NY-NJ-PA Metro Area",No,No
NJ,34,019,Hunterdon,,35620.0,"New York-Newark-Jersey City, NY-NJ MSA","New York-Newark-Jersey City, NY-NJ-PA Metro Area",No,No
NJ,34,021,Mercer,,45940.0,"Trenton-Princeton, NJ MSA","Trenton-Princeton, NJ Metro Area",No,No
NJ,34,023,Middlesex,,35620.0,"New York-Newark-Jersey City, NY-NJ MSA","New York-Newark-Jersey City, NY-NJ-PA Metro Area",No,No
NJ,34,025,Monmouth,,35620.0,"New York-Newark-Jersey City, NY-NJ MSA","New York-Newark-Jersey City, NY-NJ-PA Metro Area",No,No
NJ,34,027,Morris,,35620.0,"New York-Newark-Jersey City, NY-NJ MSA","New York-Newark-Jersey City, NY-NJ-PA Metro Area",No,No
NJ,34,029,Ocean,,35620.0,"New York-Newark-Jersey City, NY-NJ MSA","New York-Newark-Jersey City, NY-NJ-PA Metro Area",No,No
NJ,34,031,Passaic,,35620.0,"New York-Newark-Jersey City, NY-NJ MSA","New York-Newark-Jersey City, NY-NJ-PA Metro Area",No,No
NJ,34,033,Salem,,37980.0,"Philadelphia-Camden-Wilmington, PA-NJ-DE-MD MSA","Philadelphia-Camden-Wilmington, PA-NJ-DE-MD Metro Area",No,No
NJ,34,035,Somerset,,35620.0,"New York-Newark-Jersey City, NY-NJ MSA","New York-Newark-Jersey City, NY-NJ-PA Metro Area",No,No
NJ,34,037,Sussex,,35620.0,"New York-Newark-Jersey City, NY-NJ MSA","New York-Newark-Jersey City, NY-NJ-PA Metro Area",No,No
NJ,34,039,Union,,35620.0,"New York-Newark-Jersey City, NY-NJ MSA","New York-Newark-Jersey City, NY-NJ-PA Metro Area",No,No
NJ,34,041,Warren,,10900.0,"Allentown-Bethlehem-Easton, PA-NJ MSA","Allentown-Bethlehem-Easton, PA-NJ Metro Area",No,No
NM,35,001,Bernalillo,,10740.0,"Albuquerque, NM MSA","Albuquerque, NM Metro Area",No,No
NM,35,003,Catron,,,,,,
NM,35,005,Chaves,,40740.0,"Roswell, NM MicroSA","Roswell, NM Micro Area",No,No
NM,35,006,Cibola,,24380.0,,"Grants, NM Micro Area",No,No
NM,35,007,Colfax,,,,,,
NM,35,009,Curry,,17580.0,"Clovis, NM MicroSA","Clovis, NM Micro Area",No,No
NM,35,011,De Baca,,,,,,
NM,35,013,Dona Ana,,29740.0,"Las Cruces, NM MSA","Las Cruces, NM Metro Area",No,No
NM,35,015,Eddy,,16100.0,"Carlsbad-Artesia, NM MicroSA","Carlsbad-Artesia, NM Micro Area",No,No
NM,35,017,Grant,,43500.0,"Silver City, NM MicroSA","Silver City, NM Micro Area",No,No
NM,35,019,Guadalupe,,,,,,
NM,35,021,Harding,,,,,,
NM,35,023,Hidalgo,,,,,,
NM,35,025,Lea,,26020.0,"Hobbs, NM MicroSA","Hobbs, NM Micro Area",No,No
NM,35,027,Lincoln,,,,,,
NM,35,028,Los Alamos,,31060.0,"Los Alamos, NM MicroSA","Los Alamos, NM Micro Area",No,No
NM,35,029,Luna,,19700.0,"Deming, NM MicroSA","Deming, NM Micro Area",No,No
NM,35,031,McKinley,,23700.0,"Gallup, NM MicroSA","Gallup, NM Micro Area",No,No
NM,35,033,Mora,,,,,,
NM,35,035,Otero,,10460.0,"Alamogordo, NM MicroSA","Alamogordo, NM Micro Area",No,No
NM,35,037,Quay,,,,,,
NM,35,039,Rio Arriba,,21580.0,"Espanola, NM MicroSA","Española, NM Micro Area",No,No
NM,35,041,Roosevelt,,38780.0,"Clovis, NM MicroSA","Portales, NM Micro Area",No,No
NM,35,043,Sandoval,,10740.0,"Albuquerque, NM MSA","Albuquerque, NM Metro Area",No,No
NM,35,045,San Juan,,22140.0,"Farmington, NM MSA","Farmington, NM Metro Area",No,No
NM,35,047,San Miguel,,29780.0,"Las Vegas, NM MicroSA","Las Vegas, NM Micro Area",No,No
NM,35,049,Santa Fe,,42140.0,"Santa Fe, NM MSA","Santa Fe, NM Metro Area",No,No
NM,35,051,Sierra,,,,,,
NM,35,053,Socorro,,,,,,
NM,35,055,Taos,,45340.0,"Taos, NM MicroSA","Taos, NM Micro Area",No,No
NM,35,057,Torrance,,10740.0,"Albuquerque, NM MSA","Albuquerque, NM Metro Area",No,No
NM,35,059,Union,,,,,,
NM,35,061,Valencia,,10740.0,"Albuquerque, NM MSA","Albuquerque, NM Metro Area",No,No
NY,36,001,Albany,,10580.0,"Albany-Schenectady-Troy, NY MSA","Albany-Schenectady-Troy, NY Metro Area",No,No
NY,36,003,Allegany,,,,,,
NY,36,005,Bronx,,35620.0,"New York-Newark-Jersey City, NY-NJ MSA","New York-Newark-Jersey City, NY-NJ-PA Metro Area",No,No
NY,36,007,Broome,,13780.0,"Binghamton, NY MSA","Binghamton, NY Metro Area",No,No
NY,36,009,Cattaraugus,,36460.0,"Olean, NY MicroSA","Olean, NY Micro Area",No,No
NY,36,011,Cayuga,,12180.0,"Auburn, NY MicroSA","Auburn, NY Micro Area",No,No
NY,36,013,Chautauqua,,27460.0,"Jamestown-Dunkirk, NY MicroSA","Jamestown-Dunkirk-Fredonia, NY Micro Area",No,No
NY,36,015,Chemung,,21300.0,"Elmira, NY MSA","Elmira, NY Metro Area",No,No
NY,36,017,Chenango,,,,,,
NY,36,019,Clinton,,38460.0,"Plattsburgh, NY MicroSA","Plattsburgh, NY Micro Area",No,No
NY,36,021,Columbia,,26460.0,"Hudson, NY MicroSA","Hudson, NY Micro Area",No,No
NY,36,023,Cortland,,18660.0,"Cortland, NY MicroSA","Cortland, NY Micro Area",No,No
NY,36,025,Delaware,,,,,,
NY,36,027,Dutchess,,35620.0,"Kiryas Joel-Poughkeepsie-Newburgh, NY MSA","New York-Newark-Jersey City, NY-NJ-PA Metro Area",No,No
NY,36,029,Erie,,15380.0,"Buffalo-Cheektowaga, NY MSA","Buffalo-Cheektowaga, NY Metro Area",No,No
NY,36,031,Essex,,,,,,
NY,36,033,Franklin,,31660.0,,"Malone, NY Micro Area",No,No
NY,36,035,Fulton,,24100.0,"Gloversville, NY MicroSA","Gloversville, NY Micro Area",No,No
NY,36,037,Genesee,,12860.0,"Batavia, NY MicroSA","Batavia, NY Micro Area",No,No
NY,36,039,Greene,,,,,,
NY,36,041,Hamilton,,,,,,
NY,36,043,Herkimer,,46540.0,"Utica-Rome, NY MSA","Utica-Rome, NY Metro Area",No,No
NY,36,045,Jefferson,,48060.0,"Watertown-Fort Drum, NY MSA","Watertown-Fort Drum, NY Metro Area",No,No
NY,36,047,Kings,,35620.0,"New York-Newark-Jersey City, NY-NJ MSA","New York-Newark-Jersey City, NY-NJ-PA Metro Area",No,No
NY,36,049,Lewis,,,,,,
NY,36,051,Livingston,,40380.0,"Rochester, NY MSA","Rochester, NY Metro Area",No,No
NY,36,053,Madison,,45060.0,"Syracuse, NY MSA","Syracuse, NY Metro Area",No,No
NY,36,055,Monroe,,40380.0,"Rochester, NY MSA","Rochester, NY Metro Area",No,No
NY,36,057,Montgomery,,11220.0,"Amsterdam, NY MicroSA","Amsterdam, NY Micro Area",No,No
NY,36,059,Nassau,,35620.0,"New York-Newark-Jersey City, NY-NJ MSA","New York-Newark-Jersey City, NY-NJ-PA Metro Area",No,No
NY,36,061,New York,,35620.0,"New York-Newark-Jersey City, NY-NJ MSA","New York-Newark-Jersey City, NY-NJ-PA Metro Area",No,No
NY,36,063,Niagara,,15380.0,"Buffalo-Cheektowaga, NY MSA","Buffalo-Cheektowaga, NY Metro Area",No,No
NY,36,065,Oneida,,46540.0,"Utica-Rome, NY MSA","Utica-Rome, NY Metro Area",No,No
NY,36,067,Onondaga,,45060.0,"Syracuse, NY MSA","Syracuse, NY Metro Area",No,No
NY,36,069,Ontario,,40380.0,"Rochester, NY MSA","Rochester, NY Metro Area",No,No
NY,36,071,Orange,,35620.0,"Kiryas Joel-Poughkeepsie-Newburgh, NY MSA","New York-Newark-Jersey City, NY-NJ-PA Metro Area",No,No
NY,36,073,Orleans,,40380.0,"Rochester, NY MSA","Rochester, NY Metro Area",No,No
NY,36,075,Oswego,,45060.0,"Syracuse, NY MSA","Syracuse, NY Metro Area",No,No
NY,36,077,Otsego,,36580.0,"Oneonta, NY MicroSA","Oneonta, NY Micro Area",No,No
NY,36,079,Putnam,,35620.0,"New York-Newark-Jersey City, NY-NJ MSA","New York-Newark-Jersey City, NY-NJ-PA Metro Area",No,No
NY,36,081,Queens,,35620.0,"New York-Newark-Jersey City, NY-NJ MSA","New York-Newark-Jersey City, NY-NJ-PA Metro Area",No,No
NY,36,083,Rensselaer,,10580.0,"Albany-Schenectady-Troy, NY MSA","Albany-Schenectady-Troy, NY Metro Area",No,No
NY,36,085,Richmond,,35620.0,"New York-Newark-Jersey City, NY-NJ MSA","New York-Newark-Jersey City, NY-NJ-PA Metro Area",No,No
NY,36,087,Rockland,,35620.0,"New York-Newark-Jersey City, NY-NJ MSA","New York-Newark-Jersey City, NY-NJ-PA Metro Area",No,No
NY,36,089,St. Lawrence,,36300.0,"Massena-Ogdensburg, NY MicroSA","Ogdensburg-Massena, NY Micro Area",No,No
NY,36,091,Saratoga,,10580.0,"Albany-Schenectady-Troy, NY MSA","Albany-Schenectady-Troy, NY Metro Area",No,No
NY,36,093,Schenectady,,10580.0,"Albany-Schenectady-Troy, NY MSA","Albany-Schenectady-Troy, NY Metro Area",No,No
NY,36,095,Schoharie,,10580.0,"Albany-Schenectady-Troy, NY MSA","Albany-Schenectady-Troy, NY Metro Area",No,No
NY,36,097,Schuyler,,,,,,
NY,36,099,Seneca,,42900.0,"Seneca Falls, NY MicroSA","Seneca Falls, NY Micro Area",No,No
NY,36,101,Steuben,,18500.0,"Corning, NY MicroSA","Corning, NY Micro Area",No,No
NY,36,103,Suffolk,,35620.0,"New York-Newark-Jersey City, NY-NJ MSA","New York-Newark-Jersey City, NY-NJ-PA Metro Area",No,No
NY,36,105,Sullivan,,,,,,
NY,36,107,Tioga,,13780.0,"Binghamton, NY MSA","Binghamton, NY Metro Area",No,No
NY,36,109,Tompkins,,27060.0,"Ithaca, NY MSA","Ithaca, NY Metro Area",No,No
NY,36,111,Ulster,,28740.0,"Kingston, NY MSA","Kingston, NY Metro Area",No,No
NY,36,113,Warren,,24020.0,"Glens Falls, NY MSA","Glens Falls, NY Metro Area",No,No
NY,36,115,Washington,,24020.0,"Glens Falls, NY MSA","Glens Falls, NY Metro Area",No,No
NY,36,117,Wayne,,40380.0,"Rochester, NY MSA","Rochester, NY Metro Area",No,No
NY,36,119,Westchester,,35620.0,"New York-Newark-Jersey City, NY-NJ MSA","New York-Newark-Jersey City, NY-NJ-PA Metro Area",No,No
NY,36,121,Wyoming,,,,,,
NY,36,123,Yates,,40380.0,,"Rochester, NY Metro Area",No,No
NC,37,001,Alamance,,15500.0,"Burlington, NC MSA","Burlington, NC Metro Area",No,No
NC,37,003,Alexander,,25860.0,"Hickory-Lenoir-Morganton, NC MSA","Hickory-Lenoir-Morganton, NC Metro Area",No,No
NC,37,005,Alleghany,,,,,,
NC,37,007,Anson,,,,,,
NC,37,009,Ashe,,,,,,
NC,37,011,Avery,,,,,,
NC,37,013,Beaufort,,47820.0,"Washington, NC MicroSA","Washington, NC Micro Area",No,No
NC,37,015,Bertie,,,,,,
NC,37,017,Bladen,,,,,,
NC,37,019,Brunswick,,34820.0,"Wilmington, NC MSA","Myrtle Beach-Conway-North Myrtle Beach, SC-NC Metro Area",No,No
NC,37,021,Buncombe,,11700.0,"Asheville, NC MSA","Asheville, NC Metro Area",No,No
NC,37,023,Burke,,25860.0,"Hickory-Lenoir-Morganton, NC MSA","Hickory-Lenoir-Morganton, NC Metro Area",No,No
NC,37,025,Cabarrus,,16740.0,"Charlotte-Concord-Gastonia, NC-SC MSA","Charlotte-Concord-Gastonia, NC-SC Metro Area",Yes,No
NC,37,027,Caldwell,,25860.0,"Hickory-Lenoir-Morganton, NC MSA","Hickory-Lenoir-Morganton, NC Metro Area",No,No
NC,37,029,Camden,,21020.0,"Virginia Beach-Chesapeake-Norfolk, VA-NC MSA","Elizabeth City, NC Micro Area",No,No
NC,37,031,Carteret,,33980.0,"Morehead City, NC MicroSA","Morehead City, NC Micro Area",No,No
NC,37,033,Caswell,,,,,,
NC,37,035,Catawba,,25860.0,"Hickory-Lenoir-Morganton, NC MSA","Hickory-Lenoir-Morganton, NC Metro Area",No,No
NC,37,037,Chatham,,20500.0,"Durham-Chapel Hill, NC MSA","Durham-Chapel Hill, NC Metro Area",No,No
NC,37,039,Cherokee,,,,,,
NC,37,041,Chowan,,,,,,
NC,37,043,Clay,,,,,,
NC,37,045,Cleveland,,43140.0,"Shelby-Kings Mountain, NC MicroSA","Shelby, NC Micro Area",No,No
NC,37,047,Columbus,,,,,,
NC,37,049,Craven,,35100.0,"New Bern, NC MicroSA","New Bern, NC Metro Area",No,No
NC,37,051,Cumberland,,22180.0,"Fayetteville, NC MSA","Fayetteville, NC Metro Area",No,No
NC,37,053,Currituck,,47260.0,"Virginia Beach-Chesapeake-Norfolk, VA-NC MSA","Virginia Beach-Norfolk-Newport News, VA-NC Metro Area",No,No
NC,37,055,Dare,,28620.0,"Kill Devil Hills, NC MicroSA","Kill Devil Hills, NC Micro Area",No,No
NC,37,057,Davidson,,49180.0,"Winston-Salem, NC MSA","Winston-Salem, NC Metro Area",No,No
NC,37,059,Davie,,49180.0,"Winston-Salem, NC MSA","Winston-Salem, NC Metro Area",No,No
NC,37,061,Duplin,,,,,,
NC,37,063,Durham,,20500.0,"Durham-Chapel Hill, NC MSA","Durham-Chapel Hill, NC Metro Area",No,No
NC,37,065,Edgecombe,,40580.0,"Rocky Mount, NC MSA","Rocky Mount, NC Metro Area",No,No
NC,37,067,Forsyth,,49180.0,"Winston-Salem, NC MSA","Winston-Salem, NC Metro Area",No,No
NC,37,069,Franklin,,39580.0,"Raleigh-Cary, NC MSA","Raleigh-Cary, NC Metro Area",No,No
NC,37,071,Gaston,,16740.0,"Charlotte-Concord-Gastonia, NC-SC MSA","Charlotte-Concord-Gastonia, NC-SC Metro Area",Yes,No
NC,37,073,Gates,,47260.0,"Virginia Beach-Chesapeake-Norfolk, VA-NC MSA","Virginia Beach-Norfolk-Newport News, VA-NC Metro Area",No,No
NC,37,075,Graham,,,,,,
NC,37,077,Granville,,37080.0,,,,No
NC,37,079,Greene,,,,,,
NC,37,081,Guilford,,24660.0,"Greensboro-High Point, NC MSA","Greensboro-High Point, NC Metro Area",No,No
NC,37,083,Halifax,,40260.0,"Roanoke Rapids, NC MicroSA","Roanoke Rapids, NC Micro Area",No,No
NC,37,085,Harnett,,20380.0,"Anderson Creek, NC MicroSA",,,No
NC,37,087,Haywood,,11700.0,"Waynesville, NC MicroSA","Asheville, NC Metro Area",No,No
NC,37,089,Henderson,,11700.0,"Asheville, NC MSA","Asheville, NC Metro Area",No,No
NC,37,091,Hertford,,,,,,
NC,37,093,Hoke,,22180.0,"Fayetteville, NC MSA","Fayetteville, NC Metro Area",No,No
NC,37,095,Hyde,,,,,,
NC,37,097,Iredell,,16740.0,"Charlotte-Concord-Gastonia, NC-SC MSA","Charlotte-Concord-Gastonia, NC-SC Metro Area",Yes,No
NC,37,099,Jackson,,19000.0,,"Cullowhee, NC Micro Area",No,No
NC,37,101,Johnston,,39580.0,"Raleigh-Cary, NC MSA","Raleigh-Cary, NC Metro Area",No,No
NC,37,103,Jones,,35100.0,"New Bern, NC MicroSA","New Bern, NC Metro Area",No,No
NC,37,105,Lee,,41820.0,"Sanford, NC MicroSA","Sanford, NC Micro Area",No,No
NC,37,107,Lenoir,,28820.0,"Kinston, NC MicroSA","Kinston, NC Micro Area",No,No
NC,37,109,Lincoln,,16740.0,"Charlotte-Concord-Gastonia, NC-SC MSA","Charlotte-Concord-Gastonia, NC-SC Metro Area",Yes,No
NC,37,111,McDowell,,32000.0,"Marion, NC MicroSA","Marion, NC Micro Area",No,No
NC,37,113,Macon,,,,,,
NC,37,115,Madison,,11700.0,"Asheville, NC MSA","Asheville, NC Metro Area",No,No
NC,37,117,Martin,,,,,,
NC,37,119,Mecklenburg,,16740.0,"Charlotte-Concord-Gastonia, NC-SC MSA","Charlotte-Concord-Gastonia, NC-SC Metro Area",Yes,No
NC,37,121,Mitchell,,,,,,
NC,37,123,Montgomery,,,,,,
NC,37,125,Moore,,38240.0,"Pinehurst-Southern Pines, NC MSA","Pinehurst-Southern Pines, NC Micro Area",No,No
NC,37,127,Nash,,40580.0,"Rocky Mount, NC MSA","Rocky Mount, NC Metro Area",No,No
NC,37,129,New Hanover,,48900.0,"Wilmington, NC MSA","Wilmington, NC Metro Area",No,No
NC,37,131,Northampton,,40260.0,"Roanoke Rapids, NC MicroSA","Roanoke Rapids, NC Micro Area",No,No
NC,37,133,Onslow,,27340.0,"Jacksonville, NC MSA","Jacksonville, NC Metro Area",No,No
NC,37,135,Orange,,20500.0,"Durham-Chapel Hill, NC MSA","Durham-Chapel Hill, NC Metro Area",No,No
NC,37,137,Pamlico,,35100.0,"New Bern, NC MicroSA","New Bern, NC Metro Area",No,No
NC,37,139,Pasquotank,,21020.0,"Elizabeth City, NC MicroSA","Elizabeth City, NC Micro Area",No,No
NC,37,141,Pender,,48900.0,"Wilmington, NC MSA","Wilmington, NC Metro Area",No,No
NC,37,143,Perquimans,,21020.0,,"Elizabeth City, NC Micro Area",No,No
NC,37,145,Person,,20500.0,"Durham-Chapel Hill, NC MSA","Durham-Chapel Hill, NC Metro Area",No,No
NC,37,147,Pitt,,24780.0,"Greenville, NC MSA","Greenville, NC Metro Area",No,No
NC,37,149,Polk,,,,,,
NC,37,151,Randolph,,24660.0,"Greensboro-High Point, NC MSA","Greensboro-High Point, NC Metro Area",No,No
NC,37,153,Richmond,,40460.0,"Rockingham, NC MicroSA","Rockingham, NC Micro Area",No,No
NC,37,155,Robeson,,31300.0,"Lumberton, NC MicroSA","Lumberton, NC Micro Area",No,No
NC,37,157,Rockingham,,24660.0,"Greensboro-High Point, NC MSA","Greensboro-High Point, NC Metro Area",No,No
NC,37,159,Rowan,,16740.0,"Charlotte-Concord-Gastonia, NC-SC MSA","Charlotte-Concord-Gastonia, NC-SC Metro Area",Yes,No
NC,37,161,Rutherford,,22580.0,"Forest City, NC MicroSA","Forest City, NC Micro Area",No,No
NC,37,163,Sampson,,,,,,
NC,37,165,Scotland,,29900.0,"Laurinburg, NC MicroSA","Laurinburg, NC Micro Area",No,No
NC,37,167,Stanly,,10620.0,"Albemarle, NC MicroSA","Albemarle, NC Micro Area",No,No
NC,37,169,Stokes,,49180.0,"Winston-Salem, NC MSA","Winston-Salem, NC Metro Area",No,No
NC,37,171,Surry,,34340.0,"Mount Airy, NC MicroSA","Mount Airy, NC Micro Area",No,No
NC,37,173,Swain,,,,,,
NC,37,175,Transylvania,,14820.0,"Brevard, NC MicroSA","Brevard, NC Micro Area",No,No
NC,37,177,Tyrrell,,28620.0,,"Kill Devil Hills, NC Micro Area",No,No
NC,37,179,Union,,16740.0,"Charlotte-Concord-Gastonia, NC-SC MSA","Charlotte-Concord-Gastonia, NC-SC Metro Area",Yes,No
NC,37,181,Vance,,25780.0,"Henderson, NC MicroSA","Henderson, NC Micro Area",No,No
NC,37,183,Wake,,39580.0,"Raleigh-Cary, NC MSA","Raleigh-Cary, NC Metro Area",No,No
NC,37,185,Warren,,,,,,
NC,37,187,Washington,,,,,,
NC,37,189,Watauga,,14380.0,"Boone, NC MicroSA","Boone, NC Micro Area",No,No
NC,37,191,Wayne,,24140.0,"Goldsboro, NC MSA","Goldsboro, NC Metro Area",No,No
NC,37,193,Wilkes,,35900.0,"North Wilkesboro, NC MicroSA","North Wilkesboro, NC Micro Area",No,No
NC,37,195,Wilson,,48980.0,"Wilson, NC MicroSA","Wilson, NC Micro Area",No,No
NC,37,197,Yadkin,,49180.0,"Winston-Salem, NC MSA","Winston-Salem, NC Metro Area",No,No
NC,37,199,Yancey,,,,,,
ND,38,001,Adams,,,,,,
ND,38,003,Barnes,,,,,,
ND,38,005,Benson,,,,,,
ND,38,007,Billings,,,,,,
ND,38,009,Bottineau,,,,,,
ND,38,011,Bowman,,,,,,
ND,38,013,Burke,,,,,,
ND,38,015,Burleigh,,13900.0,"Bismarck, ND MSA","Bismarck, ND Metro Area",No,No
ND,38,017,Cass,,22020.0,"Fargo, ND-MN MSA","Fargo, ND-MN Metro Area",No,No
ND,38,019,Cavalier,,,,,,
ND,38,021,Dickey,,,,,,
ND,38,023,Divide,,,,,,
ND,38,025,Dunn,,,,,,
ND,38,027,Eddy,,,,,,
ND,38,029,Emmons,,,,,,
ND,38,031,Foster,,,,,,
ND,38,033,Golden Valley,,,,,,
ND,38,035,Grand Forks,,24220.0,"Grand Forks, ND-MN MSA","Grand Forks, ND-MN Metro Area",No,No
ND,38,037,Grant,,,,,,
ND,38,039,Griggs,,,,,,
ND,38,041,Hettinger,,,,,,
ND,38,043,Kidder,,,,,,
ND,38,045,LaMoure,,,,,,
ND,38,047,Logan,,,,,,
ND,38,049,McHenry,,33500.0,"Minot, ND MSA","Minot, ND Micro Area",No,No
ND,38,051,McIntosh,,,,,,
ND,38,053,McKenzie,,,,,,
ND,38,055,McLean,,,,,,
ND,38,057,Mercer,,,,,,
ND,38,059,Morton,,13900.0,"Bismarck, ND MSA","Bismarck, ND Metro Area",No,No
ND,38,061,Mountrail,,,,,,
ND,38,063,Nelson,,,,,,
ND,38,065,Oliver,,13900.0,"Bismarck, ND MSA","Bismarck, ND Metro Area",No,No
ND,38,067,Pembina,,,,,,
ND,38,069,Pierce,,,,,,
ND,38,071,Ramsey,,,,,,
ND,38,073,Ransom,,,,,,
ND,38,075,Renville,,33500.0,"Minot, ND MSA","Minot, ND Micro Area",No,No
ND,38,077,Richland,,47420.0,"Wahpeton, ND-MN MicroSA","Wahpeton, ND-MN Micro Area",No,No
ND,38,079,Rolette,,,,,,
ND,38,081,Sargent,,,,,,
ND,38,083,Sheridan,,,,,,
ND,38,085,Sioux,,13900.0,,"Bismarck, ND Metro Area",No,No
ND,38,087,Slope,,,,,,
ND,38,089,Stark,,19860.0,"Dickinson, ND MicroSA","Dickinson, ND Micro Area",No,No
ND,38,091,Steele,,,,,,
ND,38,093,Stutsman,,27420.0,"Jamestown, ND MicroSA","Jamestown, ND Micro Area",No,No
ND,38,095,Towner,,,,,,
ND,38,097,Traill,,,,,,
ND,38,099,Walsh,,,,,,
ND,38,101,Ward,,33500.0,"Minot, ND MSA","Minot, ND Micro Area",No,No
ND,38,103,Wells,,,,,,
ND,38,105,Williams,,48780.0,"Williston, ND MicroSA","Williston, ND Micro Area",No,No
OH,39,001,Adams,,,,,,
OH,39,003,Allen,,30620.0,"Lima, OH MSA","Lima, OH Metro Area",No,No
OH,39,005,Ashland,,11740.0,"Ashland, OH MicroSA","Ashland, OH Micro Area",No,No
OH,39,007,Ashtabula,,11780.0,"Cleveland, OH MSA","Ashtabula, OH Micro Area",No,No
OH,39,009,Athens,,11900.0,"Athens, OH MicroSA","Athens, OH Micro Area",No,No
OH,39,011,Auglaize,,47540.0,"Wapakoneta, OH MicroSA","Wapakoneta, OH Micro Area",No,No
OH,39,013,Belmont,,48540.0,"Wheeling, WV-OH MSA","Wheeling, WV-OH Metro Area",No,No
OH,39,015,Brown,,17140.0,"Cincinnati, OH-KY-IN MSA","Cincinnati, OH-KY-IN Metro Area",Yes,No
OH,39,017,Butler,,17140.0,"Cincinnati, OH-KY-IN MSA","Cincinnati, OH-KY-IN Metro Area",Yes,No
OH,39,019,Carroll,,15940.0,"Canton-Massillon, OH MSA","Canton-Massillon, OH Metro Area",No,No
OH,39,021,Champaign,,46500.0,"Urbana, OH MicroSA","Urbana, OH Micro Area",No,No
OH,39,023,Clark,,44220.0,"Springfield, OH MSA","Springfield, OH Metro Area",No,No
OH,39,025,Clermont,,17140.0,"Cincinnati, OH-KY-IN MSA","Cincinnati, OH-KY-IN Metro Area",Yes,No
OH,39,027,Clinton,,48940.0,"Wilmington, OH MicroSA","Wilmington, OH Micro Area",No,No
OH,39,029,Columbiana,,41400.0,"Salem, OH MicroSA","Salem, OH Micro Area",No,No
OH,39,031,Coshocton,,18740.0,"Coshocton, OH MicroSA","Coshocton, OH Micro Area",No,No
OH,39,033,Crawford,,15340.0,"Bucyrus, OH MicroSA","Bucyrus-Galion, OH Micro Area",No,No
OH,39,035,Cuyahoga,,17460.0,"Cleveland, OH MSA","Cleveland-Elyria, OH Metro Area",Yes,No
OH,39,037,Darke,,24820.0,"Greenville, OH MicroSA","Greenville, OH Micro Area",No,No
OH,39,039,Defiance,,19580.0,"Defiance, OH MicroSA","Defiance, OH Micro Area",No,No
OH,39,041,Delaware,,18140.0,"Columbus, OH MSA","Columbus, OH Metro Area",Yes,Yes
OH,39,043,Erie,,41780.0,"Sandusky, OH MSA","Sandusky, OH Micro Area",No,No
OH,39,045,Fairfield,,18140.0,"Columbus, OH MSA","Columbus, OH Metro Area",Yes,Yes
OH,39,047,Fayette,,47920.0,"Washington Court House, OH MicroSA","Washington Court House, OH Micro Area",No,No
OH,39,049,Franklin,,18140.0,"Columbus, OH MSA","Columbus, OH Metro Area",Yes,Yes
OH,39,051,Fulton,,45780.0,"Toledo, OH MSA","Toledo, OH Metro Area",No,No
OH,39,053,Gallia,,38580.0,"Gallipolis, OH MicroSA","Point Pleasant, WV-OH Micro Area",No,No
OH,39,055,Geauga,,17460.0,"Cleveland, OH MSA","Cleveland-Elyria, OH Metro Area",Yes,No
OH,39,057,Greene,,19380.0,"Dayton-Kettering-Beavercreek, OH MSA",,,No
OH,39,059,Guernsey,,15740.0,"Cambridge, OH MicroSA","Cambridge, OH Micro Area",No,No
OH,39,061,Hamilton,,17140.0,"Cincinnati, OH-KY-IN MSA","Cincinnati, OH-KY-IN Metro Area",Yes,No
OH,39,063,Hancock,,22300.0,"Findlay, OH MicroSA","Findlay, OH Micro Area",No,No
OH,39,065,Hardin,,,,,,
OH,39,067,Harrison,,,,,,
OH,39,069,Henry,,,,,,
OH,39,071,Highland,,,,,,
OH,39,073,Hocking,,18140.0,"Columbus, OH MSA","Columbus, OH Metro Area",Yes,Yes
OH,39,075,Holmes,,,,,,
OH,39,077,Huron,,35940.0,"Norwalk, OH MicroSA","Norwalk, OH Micro Area",No,No
OH,39,079,Jackson,,27160.0,,"Jackson, OH Micro Area",No,No
OH,39,081,Jefferson,,48260.0,"Weirton-Steubenville, WV-OH MSA","Weirton-Steubenville, WV-OH Metro Area",No,No
OH,39,083,Knox,,34540.0,"Mount Vernon, OH MicroSA","Mount Vernon, OH Micro Area",No,No
OH,39,085,Lake,,17460.0,"Cleveland, OH MSA","Cleveland-Elyria, OH Metro Area",Yes,No
OH,39,087,Lawrence,,26580.0,"Huntington-Ashland, WV-KY-OH MSA","Huntington-Ashland, WV-KY-OH Metro Area",No,No
OH,39,089,Licking,,18140.0,"Columbus, OH MSA","Columbus, OH Metro Area",Yes,Yes
OH,39,091,Logan,,13340.0,"Bellefontaine, OH MicroSA","Bellefontaine, OH Micro Area",No,No
OH,39,093,Lorain,,17460.0,"Cleveland, OH MSA","Cleveland-Elyria, OH Metro Area",Yes,No
OH,39,095,Lucas,,45780.0,"Toledo, OH MSA","Toledo, OH Metro Area",No,No
OH,39,097,Madison,,18140.0,"Columbus, OH MSA","Columbus, OH Metro Area",Yes,Yes
OH,39,099,Mahoning,,49660.0,"Youngstown-Warren, OH MSA","Youngstown-Warren-Boardman, OH-PA Metro Area",No,No
OH,39,101,Marion,,32020.0,"Marion, OH MicroSA","Marion, OH Micro Area",No,No
OH,39,103,Medina,,17460.0,"Cleveland, OH MSA","Cleveland-Elyria, OH Metro Area",Yes,No
OH,39,105,Meigs,,,,,,
OH,39,107,Mercer,,16380.0,"Celina, OH MicroSA","Celina, OH Micro Area",No,No
OH,39,109,Miami,,19380.0,"Dayton-Kettering-Beavercreek, OH MSA",,,No
OH,39,111,Monroe,,,,,,
OH,39,113,Montgomery,,19380.0,"Dayton-Kettering-Beavercreek, OH MSA",,,No
OH,39,115,Morgan,,,,,,
OH,39,117,Morrow,,18140.0,"Columbus, OH MSA","Columbus, OH Metro Area",Yes,Yes
OH,39,119,Muskingum,,49780.0,"Zanesville, OH MicroSA","Zanesville, OH Micro Area",No,No
OH,39,121,Noble,,,,,,
OH,39,123,Ottawa,,38840.0,"Sandusky, OH MSA",,,No
OH,39,125,Paulding,,,,,,
OH,39,127,Perry,,18140.0,"Columbus, OH MSA","Columbus, OH Metro Area",Yes,Yes
OH,39,129,Pickaway,,18140.0,"Columbus, OH MSA","Columbus, OH Metro Area",Yes,Yes
OH,39,131,Pike,,,,,,
OH,39,133,Portage,,10420.0,"Akron, OH MSA","Akron, OH Metro Area",No,No
OH,39,135,Preble,,,,,,
OH,39,137,Putnam,,,,,,
OH,39,139,Richland,,31900.0,"Mansfield, OH MSA","Mansfield, OH Metro Area",No,No
OH,39,141,Ross,,17060.0,"Chillicothe, OH MicroSA","Chillicothe, OH Micro Area",No,No
OH,39,143,Sandusky,,23380.0,"Fremont, OH MicroSA","Fremont, OH Micro Area",No,No
OH,39,145,Scioto,,39020.0,"Portsmouth, OH MicroSA","Portsmouth, OH Micro Area",No,No
OH,39,147,Seneca,,45660.0,"Tiffin, OH MicroSA","Tiffin, OH Micro Area",No,No
OH,39,149,Shelby,,43380.0,"Sidney, OH MicroSA","Sidney, OH Micro Area",No,No
OH,39,151,Stark,,15940.0,"Canton-Massillon, OH MSA","Canton-Massillon, OH Metro Area",No,No
OH,39,153,Summit,,10420.0,"Akron, OH MSA","Akron, OH Metro Area",No,No
OH,39,155,Trumbull,,49660.0,"Youngstown-Warren, OH MSA","Youngstown-Warren-Boardman, OH-PA Metro Area",No,No
OH,39,157,Tuscarawas,,35420.0,"New Philadelphia-Dover, OH MicroSA","New Philadelphia-Dover, OH Micro Area",No,No
OH,39,159,Union,,18140.0,"Columbus, OH MSA","Columbus, OH Metro Area",Yes,Yes
OH,39,161,Van Wert,,46780.0,"Van Wert, OH MicroSA","Van Wert, OH Micro Area",No,No
OH,39,163,Vinton,,,,,,
OH,39,165,Warren,,17140.0,"Cincinnati, OH-KY-IN MSA","Cincinnati, OH-KY-IN Metro Area",Yes,No
OH,39,167,Washington,,31930.0,"Marietta, OH MicroSA","Marietta, OH Micro Area",No,No
OH,39,169,Wayne,,49300.0,"Wooster, OH MicroSA","Wooster, OH Micro Area",No,No
OH,39,171,Williams,,,,,,
OH,39,173,Wood,,45780.0,"Toledo, OH MSA","Toledo, OH Metro Area",No,No
OH,39,175,Wyandot,,,,,,
OK,40,001,Adair,,,,,,
OK,40,003,Alfalfa,,,,,,
OK,40,005,Atoka,,,,,,
OK,40,007,Beaver,,,,,,
OK,40,009,Beckham,,21120.0,"Elk City, OK MicroSA","Elk City, OK Micro Area",No,No
OK,40,011,Blaine,,,,,,
OK,40,013,Bryan,,20460.0,"Durant, OK MicroSA","Durant, OK Micro Area",No,No
OK,40,015,Caddo,,,,,,
OK,40,017,Canadian,,36420.0,"Oklahoma City, OK MSA","Oklahoma City, OK Metro Area",No,No
OK,40,019,Carter,,11620.0,"Ardmore, OK MicroSA","Ardmore, OK Micro Area",No,No
OK,40,021,Cherokee,,45140.0,"Tahlequah, OK MicroSA","Tahlequah, OK Micro Area",No,No
OK,40,023,Choctaw,,,,,,
OK,40,025,Cimarron,,,,,,
OK,40,027,Cleveland,,36420.0,"Oklahoma City, OK MSA","Oklahoma City, OK Metro Area",No,No
OK,40,029,Coal,,,,,,
OK,40,031,Comanche,,30020.0,"Lawton, OK MSA","Lawton, OK Metro Area",No,No
OK,40,033,Cotton,,30020.0,"Lawton, OK MSA","Lawton, OK Metro Area",No,No
OK,40,035,Craig,,,,,,
OK,40,037,Creek,,46140.0,"Tulsa, OK MSA","Tulsa, OK Metro Area",No,No
OK,40,039,Custer,,48220.0,"Weatherford, OK MicroSA","Weatherford, OK Micro Area",No,No
OK,40,041,Delaware,,,,,,
OK,40,043,Dewey,,,,,,
OK,40,045,Ellis,,,,,,
OK,40,047,Garfield,,21420.0,"Enid, OK MSA","Enid, OK Metro Area",No,No
OK,40,049,Garvin,,,,,,
OK,40,051,Grady,,36420.0,"Oklahoma City, OK MSA","Oklahoma City, OK Metro Area",No,No
OK,40,053,Grant,,,,,,
OK,40,055,Greer,,,,,,
OK,40,057,Harmon,,,,,,
OK,40,059,Harper,,,,,,
OK,40,061,Haskell,,,,,,
OK,40,063,Hughes,,,,,,
OK,40,065,Jackson,,11060.0,"Altus, OK MicroSA","Altus, OK Micro Area",No,No
OK,40,067,Jefferson,,,,,,
OK,40,069,Johnston,,,,,,
OK,40,071,Kay,,38620.0,"Ponca City, OK MicroSA","Ponca City, OK Micro Area",No,No
OK,40,073,Kingfisher,,,,,,
OK,40,075,Kiowa,,,,,,
OK,40,077,Latimer,,,,,,
OK,40,079,Le Flore,,22900.0,,"Fort Smith, AR-OK Metro Area",No,No
OK,40,081,Lincoln,,36420.0,"Oklahoma City, OK MSA","Oklahoma City, OK Metro Area",No,No
OK,40,083,Logan,,36420.0,"Oklahoma City, OK MSA","Oklahoma City, OK Metro Area",No,No
OK,40,085,Love,,,,,,
OK,40,087,McClain,,36420.0,"Oklahoma City, OK MSA","Oklahoma City, OK Metro Area",No,No
OK,40,089,McCurtain,,,,,,
OK,40,091,McIntosh,,,,,,
OK,40,093,Major,,,,,,
OK,40,095,Marshall,,,,,,
OK,40,097,Mayes,,,,,,
OK,40,099,Murray,,,,,,
OK,40,101,Muskogee,,34780.0,"Muskogee, OK MicroSA","Muskogee, OK Micro Area",No,No
OK,40,103,Noble,,,,,,
OK,40,105,Nowata,,,,,,
OK,40,107,Okfuskee,,,,,,
OK,40,109,Oklahoma,,36420.0,"Oklahoma City, OK MSA","Oklahoma City, OK Metro Area",No,No
OK,40,111,Okmulgee,,46140.0,"Tulsa, OK MSA","Tulsa, OK Metro Area",No,No
OK,40,113,Osage,,46140.0,"Tulsa, OK MSA","Tulsa, OK Metro Area",No,No
OK,40,115,Ottawa,,33060.0,"Miami, OK MicroSA","Miami, OK Micro Area",No,No
OK,40,117,Pawnee,,46140.0,"Tulsa, OK MSA","Tulsa, OK Metro Area",No,No
OK,40,119,Payne,,44660.0,"Stillwater, OK MicroSA","Stillwater, OK Micro Area",No,No
OK,40,121,Pittsburg,,32540.0,"McAlester, OK MicroSA","McAlester, OK Micro Area",No,No
OK,40,123,Pontotoc,,10220.0,"Ada, OK MicroSA","Ada, OK Micro Area",No,No
OK,40,125,Pottawatomie,,43060.0,"Shawnee, OK MicroSA","Shawnee, OK Micro Area",No,No
OK,40,127,Pushmataha,,,,,,
OK,40,129,Roger Mills,,,,,,
OK,40,131,Rogers,,46140.0,"Tulsa, OK MSA","Tulsa, OK Metro Area",No,No
OK,40,133,Seminole,,,,,,
OK,40,135,Sequoyah,,22900.0,"Fort Smith, AR-OK MSA","Fort Smith, AR-OK Metro Area",No,No
OK,40,137,Stephens,,20340.0,"Duncan, OK MicroSA","Duncan, OK Micro Area",No,No
OK,40,139,Texas,,25100.0,"Guymon, OK MicroSA","Guymon, OK Micro Area",No,No
OK,40,141,Tillman,,,,,,
OK,40,143,Tulsa,,46140.0,"Tulsa, OK MSA","Tulsa, OK Metro Area",No,No
OK,40,145,Wagoner,,46140.0,"Tulsa, OK MSA","Tulsa, OK Metro Area",No,No
OK,40,147,Washington,,12780.0,"Bartlesville, OK MicroSA","Bartlesville, OK Micro Area",No,No
OK,40,149,Washita,,,,,,
OK,40,151,Woods,,,,,,
OK,40,153,Woodward,,49260.0,"Woodward, OK MicroSA","Woodward, OK Micro Area",No,No
OR,41,001,Baker,,,,,,
OR,41,003,Benton,,18700.0,"Corvallis, OR MSA","Corvallis, OR Metro Area",No,No
OR,41,005,Clackamas,,38900.0,"Portland-Vancouver-Hillsboro, OR-WA MSA","Portland-Vancouver-Hillsboro, OR-WA Metro Area",Yes,No
OR,41,007,Clatsop,,11820.0,"Astoria, OR MicroSA","Astoria, OR Micro Area",No,No
OR,41,009,Columbia,,38900.0,"Portland-Vancouver-Hillsboro, OR-WA MSA","Portland-Vancouver-Hillsboro, OR-WA Metro Area",Yes,No
OR,41,011,Coos,,18300.0,"Coos Bay-North Bend, OR MicroSA","Coos Bay, OR Micro Area",No,No
OR,41,013,Crook,,39260.0,"Bend, OR MSA","Prineville, OR Micro Area",No,No
OR,41,015,Curry,,15060.0,"Brookings, OR MicroSA","Brookings, OR Micro Area",No,No
OR,41,017,Deschutes,,13460.0,"Bend, OR MSA","Bend, OR Metro Area",No,No
OR,41,019,Douglas,,40700.0,"Roseburg, OR MicroSA","Roseburg, OR Micro Area",No,No
OR,41,021,Gilliam,,,,,,
OR,41,023,Grant,,,,,,
OR,41,025,Harney,,,,,,
OR,41,027,Hood River,,26220.0,"Hood River, OR MicroSA","Hood River, OR Micro Area",No,No
OR,41,029,Jackson,,32780.0,"Medford, OR MSA","Medford, OR Metro Area",No,No
OR,41,031,Jefferson,,,,,,
OR,41,033,Josephine,,24420.0,"Grants Pass, OR MSA","Grants Pass, OR Metro Area",No,No
OR,41,035,Klamath,,28900.0,"Klamath Falls, OR MicroSA","Klamath Falls, OR Micro Area",No,No
OR,41,037,Lake,,,,,,
OR,41,039,Lane,,21660.0,"Eugene-Springfield, OR MSA","Eugene-Springfield, OR Metro Area",No,No
OR,41,041,Lincoln,,35440.0,"Newport, OR MicroSA","Newport, OR Micro Area",No,No
OR,41,043,Linn,,10540.0,"Albany, OR MSA","Albany-Lebanon, OR Metro Area",No,No
OR,41,045,Malheur,,36620.0,"Ontario, OR-ID MicroSA","Ontario, OR-ID Micro Area",No,No
OR,41,047,Marion,,41420.0,"Salem, OR MSA","Salem, OR Metro Area",No,No
OR,41,049,Morrow,,25840.0,"Hermiston-Pendleton, OR MicroSA","Hermiston-Pendleton, OR Micro Area",No,No
OR,41,051,Multnomah,,38900.0,"Portland-Vancouver-Hillsboro, OR-WA MSA","Portland-Vancouver-Hillsboro, OR-WA Metro Area",Yes,No
OR,41,053,Polk,,41420.0,"Salem, OR MSA","Salem, OR Metro Area",No,No
OR,41,055,Sherman,,,,,,
OR,41,057,Tillamook,,,,,,
OR,41,059,Umatilla,,25840.0,"Hermiston-Pendleton, OR MicroSA","Hermiston-Pendleton, OR Micro Area",No,No
OR,41,061,Union,,29260.0,"La Grande, OR MicroSA","La Grande, OR Micro Area",No,No
OR,41,063,Wallowa,,,,,,
OR,41,065,Wasco,,45520.0,"The Dalles, OR MicroSA","The Dalles, OR Micro Area",No,No
OR,41,067,Washington,,38900.0,"Portland-Vancouver-Hillsboro, OR-WA MSA","Portland-Vancouver-Hillsboro, OR-WA Metro Area",Yes,No
OR,41,069,Wheeler,,,,,,
OR,41,071,Yamhill,,38900.0,"Portland-Vancouver-Hillsboro, OR-WA MSA","Portland-Vancouver-Hillsboro, OR-WA Metro Area",Yes,No
PA,42,001,Adams,,23900.0,"Gettysburg, PA MSA","Gettysburg, PA Metro Area",No,No
PA,42,003,Allegheny,,38300.0,"Pittsburgh, PA MSA","Pittsburgh, PA Metro Area",Yes,Yes
PA,42,005,Armstrong,,38300.0,"Pittsburgh, PA MSA","Pittsburgh, PA Metro Area",Yes,Yes
PA,42,007,Beaver,,38300.0,"Pittsburgh, PA MSA","Pittsburgh, PA Metro Area",Yes,Yes
PA,42,009,Bedford,,,,,,
PA,42,011,Berks,,39740.0,"Reading, PA MSA","Reading, PA Metro Area",No,No
PA,42,013,Blair,,11020.0,"Altoona, PA MSA","Altoona, PA Metro Area",No,No
PA,42,015,Bradford,,42380.0,"Sayre, PA MicroSA","Sayre, PA Micro Area",No,No
PA,42,017,Bucks,,37980.0,"Philadelphia-Camden-Wilmington, PA-NJ-DE-MD MSA","Philadelphia-Camden-Wilmington, PA-NJ-DE-MD Metro Area",No,No
PA,42,019,Butler,,38300.0,"Pittsburgh, PA MSA","Pittsburgh, PA Metro Area",Yes,Yes
PA,42,021,Cambria,,27780.0,"Johnstown, PA MSA","Johnstown, PA Metro Area",No,No
PA,42,023,Cameron,,,,,,
PA,42,025,Carbon,,10900.0,"Allentown-Bethlehem-Easton, PA-NJ MSA","Allentown-Bethlehem-Easton, PA-NJ Metro Area",No,No
PA,42,027,Centre,,44300.0,"State College, PA MSA","State College, PA Metro Area",No,No
PA,42,029,Chester,,37980.0,"Philadelphia-Camden-Wilmington, PA-NJ-DE-MD MSA","Philadelphia-Camden-Wilmington, PA-NJ-DE-MD Metro Area",No,No
PA,42,031,Clarion,,,,,,
PA,42,033,Clearfield,,20180.0,"DuBois, PA MicroSA","DuBois, PA Micro Area",No,No
PA,42,035,Clinton,,30820.0,"Lock Haven, PA MicroSA","Lock Haven, PA Micro Area",No,No
PA,42,037,Columbia,,14100.0,"Bloomsburg-Berwick, PA MicroSA","Bloomsburg-Berwick, PA Metro Area",No,No
PA,42,039,Crawford,,32740.0,"Meadville, PA MicroSA","Meadville, PA Micro Area",No,No
PA,42,041,Cumberland,,25420.0,"Harrisburg-Carlisle, PA MSA","Harrisburg-Carlisle, PA Metro Area",No,No
PA,42,043,Dauphin,,25420.0,"Harrisburg-Carlisle, PA MSA","Harrisburg-Carlisle, PA Metro Area",No,No
PA,42,045,Delaware,,37980.0,"Philadelphia-Camden-Wilmington, PA-NJ-DE-MD MSA","Philadelphia-Camden-Wilmington, PA-NJ-DE-MD Metro Area",No,No
PA,42,047,Elk,,,,,,
PA,42,049,Erie,,21500.0,"Erie, PA MSA","Erie, PA Metro Area",No,No
PA,42,051,Fayette,,38300.0,"Pittsburgh, PA MSA","Pittsburgh, PA Metro Area",Yes,Yes
PA,42,053,Forest,,,,,,
PA,42,055,Franklin,,16540.0,"Chambersburg, PA MSA","Chambersburg-Waynesboro, PA Metro Area",No,No
PA,42,057,Fulton,,,,,,
PA,42,059,Greene,,,,,,
PA,42,061,Huntingdon,,26500.0,"Huntingdon, PA MicroSA","Huntingdon, PA Micro Area",No,No
PA,42,063,Indiana,,26860.0,"Indiana, PA MicroSA","Indiana, PA Micro Area",No,No
PA,42,065,Jefferson,,,,,,
PA,42,067,Juniata,,,,,,
PA,42,069,Lackawanna,,42540.0,"Scranton--Wilkes-Barre, PA MSA","Scranton--Wilkes-Barre, PA Metro Area",No,No
PA,42,071,Lancaster,,29540.0,"Lancaster, PA MSA","Lancaster, PA Metro Area",No,No
PA,42,073,Lawrence,,35260.0,"Pittsburgh, PA MSA","New Castle, PA Micro Area",No,No
PA,42,075,Lebanon,,30140.0,"Lebanon, PA MSA","Lebanon, PA Metro Area",No,No
PA,42,077,Lehigh,,10900.0,"Allentown-Bethlehem-Easton, PA-NJ MSA","Allentown-Bethlehem-Easton, PA-NJ Metro Area",No,No
PA,42,079,Luzerne,,42540.0,"Scranton--Wilkes-Barre, PA MSA","Scranton--Wilkes-Barre, PA Metro Area",No,No
PA,42,081,Lycoming,,48700.0,"Williamsport, PA MSA","Williamsport, PA Metro Area",No,No
PA,42,083,McKean,,14620.0,"Bradford, PA MicroSA","Bradford, PA Micro Area",No,No
PA,42,085,Mercer,,49660.0,"Hermitage, PA MicroSA","Youngstown-Warren-Boardman, OH-PA Metro Area",No,No
PA,42,087,Mifflin,,30380.0,"Lewistown, PA MicroSA","Lewistown, PA Micro Area",No,No
PA,42,089,Monroe,,20700.0,"East Stroudsburg, PA MicroSA","East Stroudsburg, PA Metro Area",No,No
PA,42,091,Montgomery,,37980.0,"Philadelphia-Camden-Wilmington, PA-NJ-DE-MD MSA","Philadelphia-Camden-Wilmington, PA-NJ-DE-MD Metro Area",No,No
PA,42,093,Montour,,14100.0,"Sunbury, PA MicroSA","Bloomsburg-Berwick, PA Metro Area",No,No
PA,42,095,Northampton,,10900.0,"Allentown-Bethlehem-Easton, PA-NJ MSA","Allentown-Bethlehem-Easton, PA-NJ Metro Area",No,No
PA,42,097,Northumberland,,44980.0,"Sunbury, PA MicroSA","Sunbury, PA Micro Area",No,No
PA,42,099,Perry,,25420.0,"Harrisburg-Carlisle, PA MSA","Harrisburg-Carlisle, PA Metro Area",No,No
PA,42,101,Philadelphia,,37980.0,"Philadelphia-Camden-Wilmington, PA-NJ-DE-MD MSA","Philadelphia-Camden-Wilmington, PA-NJ-DE-MD Metro Area",No,No
PA,42,103,Pike,,35620.0,"Hemlock Farms, PA MicroSA","New York-Newark-Jersey City, NY-NJ-PA Metro Area",No,No
PA,42,105,Potter,,,,,,
PA,42,107,Schuylkill,,39060.0,"Pottsville, PA MicroSA","Pottsville, PA Micro Area",No,No
PA,42,109,Snyder,,42780.0,"Selinsgrove, PA MicroSA","Selinsgrove, PA Micro Area",No,No
PA,42,111,Somerset,,43740.0,"Somerset, PA MicroSA","Somerset, PA Micro Area",No,No
PA,42,113,Sullivan,,,,,,
PA,42,115,Susquehanna,,,,,,
PA,42,117,Tioga,,,,,,
PA,42,119,Union,,30260.0,"Lewisburg, PA MicroSA","Lewisburg, PA Micro Area",No,No
PA,42,121,Venango,,36340.0,"Oil City, PA MicroSA","Oil City, PA Micro Area",No,No
PA,42,123,Warren,,47620.0,"Warren, PA MicroSA","Warren, PA Micro Area",No,No
PA,42,125,Washington,,38300.0,"Pittsburgh, PA MSA","Pittsburgh, PA Metro Area",Yes,Yes
PA,42,127,Wayne,,,,,,
PA,42,129,Westmoreland,,38300.0,"Pittsburgh, PA MSA","Pittsburgh, PA Metro Area",Yes,Yes
PA,42,131,Wyoming,,42540.0,"Scranton--Wilkes-Barre, PA MSA","Scranton--Wilkes-Barre, PA Metro Area",No,No
PA,42,133,York,,49620.0,"York-Hanover, PA MSA","York-Hanover, PA Metro Area",No,No
RI,44,001,Bristol,,39300.0,"Providence-Warwick, RI-MA MSA","Providence-Warwick, RI-MA Metro Area",No,No
RI,44,003,Kent,,39300.0,"Providence-Warwick, RI-MA MSA","Providence-Warwick, RI-MA Metro Area",No,No
RI,44,005,Newport,,39300.0,"Providence-Warwick, RI-MA MSA","Providence-Warwick, RI-MA Metro Area",No,No
RI,44,007,Providence,,39300.0,"Providence-Warwick, RI-MA MSA","Providence-Warwick, RI-MA Metro Area",No,No
RI,44,009,Washington,,39300.0,"Providence-Warwick, RI-MA MSA","Providence-Warwick, RI-MA Metro Area",No,No
SC,45,001,Abbeville,,24940.0,"Greenwood, SC MicroSA","Greenwood, SC Micro Area",No,No
SC,45,003,Aiken,,12260.0,"Augusta-Richmond County, GA-SC MSA","Augusta-Richmond County, GA-SC Metro Area",No,No
SC,45,005,Allendale,,,,,,
SC,45,007,Anderson,,24860.0,"Greenville-Anderson-Greer, SC MSA","Greenville-Anderson, SC Metro Area",No,No
SC,45,009,Bamberg,,,,,,
SC,45,011,Barnwell,,,,,,
SC,45,013,Beaufort,,25940.0,"Hilton Head Island-Bluffton-Port Royal, SC MSA","Hilton Head Island-Bluffton, SC Metro Area",No,No
SC,45,015,Berkeley,,16700.0,"Charleston-North Charleston, SC MSA","Charleston-North Charleston, SC Metro Area",No,No
SC,45,017,Calhoun,,17900.0,"Columbia, SC MSA","Columbia, SC Metro Area",No,No
SC,45,019,Charleston,,16700.0,"Charleston-North Charleston, SC MSA","Charleston-North Charleston, SC Metro Area",No,No
SC,45,021,Cherokee,,23500.0,"Gaffney, SC MicroSA","Gaffney, SC Micro Area",No,No
SC,45,023,Chester,,16740.0,"Charlotte-Concord-Gastonia, NC-SC MSA","Charlotte-Concord-Gastonia, NC-SC Metro Area",Yes,No
SC,45,025,Chesterfield,,,,,,
SC,45,027,Clarendon,,,,,,
SC,45,029,Colleton,,,,,,
SC,45,031,Darlington,,22500.0,"Florence, SC MSA","Florence, SC Metro Area",No,No
SC,45,033,Dillon,,,,,,
SC,45,035,Dorchester,,16700.0,"Charleston-North Charleston, SC MSA","Charleston-North Charleston, SC Metro Area",No,No
SC,45,037,Edgefield,,12260.0,"Augusta-Richmond County, GA-SC MSA","Augusta-Richmond County, GA-SC Metro Area",No,No
SC,45,039,Fairfield,,17900.0,"Columbia, SC MSA","Columbia, SC Metro Area",No,No
SC,45,041,Florence,,22500.0,"Florence, SC MSA","Florence, SC Metro Area",No,No
SC,45,043,Georgetown,,23860.0,"Murrells Inlet, SC MicroSA","Georgetown, SC Micro Area",No,No
SC,45,045,Greenville,,24860.0,"Greenville-Anderson-Greer, SC MSA","Greenville-Anderson, SC Metro Area",No,No
SC,45,047,Greenwood,,24940.0,"Greenwood, SC MicroSA","Greenwood, SC Micro Area",No,No
SC,45,049,Hampton,,,,,,
SC,45,051,Horry,,34820.0,"Myrtle Beach-Conway-North Myrtle Beach, SC MSA","Myrtle Beach-Conway-North Myrtle Beach, SC-NC Metro Area",No,No
SC,45,053,Jasper,,25940.0,"Hilton Head Island-Bluffton-Port Royal, SC MSA","Hilton Head Island-Bluffton, SC Metro Area",No,No
SC,45,055,Kershaw,,17900.0,"Columbia, SC MSA","Columbia, SC Metro Area",No,No
SC,45,057,Lancaster,,16740.0,"Charlotte-Concord-Gastonia, NC-SC MSA","Charlotte-Concord-Gastonia, NC-SC Metro Area",Yes,No
SC,45,059,Laurens,,24860.0,"Greenville-Anderson-Greer, SC MSA","Greenville-Anderson, SC Metro Area",No,No
SC,45,061,Lee,,,,,,
SC,45,063,Lexington,,17900.0,"Columbia, SC MSA","Columbia, SC Metro Area",No,No
SC,45,065,McCormick,,,,,,
SC,45,067,Marion,,,,,,
SC,45,069,Marlboro,,13500.0,,"Bennettsville, SC Micro Area",No,No
SC,45,071,Newberry,,35140.0,"Newberry, SC MicroSA","Newberry, SC Micro Area",No,No
SC,45,073,Oconee,,42860.0,"Seneca, SC MicroSA","Seneca, SC Micro Area",No,No
SC,45,075,Orangeburg,,36700.0,"Orangeburg, SC MicroSA","Orangeburg, SC Micro Area",No,No
SC,45,077,Pickens,,24860.0,"Greenville-Anderson-Greer, SC MSA","Greenville-Anderson, SC Metro Area",No,No
SC,45,079,Richland,,17900.0,"Columbia, SC MSA","Columbia, SC Metro Area",No,No
SC,45,081,Saluda,,17900.0,"Columbia, SC MSA","Columbia, SC Metro Area",No,No
SC,45,083,Spartanburg,,43900.0,"Spartanburg, SC MSA","Spartanburg, SC Metro Area",No,No
SC,45,085,Sumter,,44940.0,"Sumter, SC MSA","Sumter, SC Metro Area",No,No
SC,45,087,Union,,43900.0,"Spartanburg, SC MSA","Spartanburg, SC Metro Area",No,No
SC,45,089,Williamsburg,,,,,,
SC,45,091,York,,16740.0,"Charlotte-Concord-Gastonia, NC-SC MSA","Charlotte-Concord-Gastonia, NC-SC Metro Area",Yes,No
SD,46,003,Aurora,,,,,,
SD,46,005,Beadle,,26700.0,"Huron, SD MicroSA","Huron, SD Micro Area",No,No
SD,46,007,Bennett,,,,,,
SD,46,009,Bon Homme,,,,,,
SD,46,011,Brookings,,15100.0,"Brookings, SD MicroSA","Brookings, SD Micro Area",No,No
SD,46,013,Brown,,10100.0,"Aberdeen, SD MicroSA","Aberdeen, SD Micro Area",No,No
SD,46,015,Brule,,,,,,
SD,46,017,Buffalo,,,,,,
SD,46,019,Butte,,,,,,
SD,46,021,Campbell,,,,,,
SD,46,023,Charles Mix,,,,,,
SD,46,025,Clark,,,,,,
SD,46,027,Clay,,46820.0,"Vermillion, SD MicroSA","Vermillion, SD Micro Area",No,No
SD,46,029,Codington,,47980.0,"Watertown, SD MicroSA","Watertown, SD Micro Area",No,No
SD,46,031,Corson,,,,,,
SD,46,033,Custer,,39660.0,"Rapid City, SD MSA","Rapid City, SD Metro Area",No,No
SD,46,035,Davison,,33580.0,"Mitchell, SD MicroSA","Mitchell, SD Micro Area",No,No
SD,46,037,Day,,,,,,
SD,46,039,Deuel,,,,,,
SD,46,041,Dewey,,,,,,
SD,46,043,Douglas,,,,,,
SD,46,045,Edmunds,,10100.0,"Aberdeen, SD MicroSA","Aberdeen, SD Micro Area",No,No
SD,46,047,Fall River,,,,,,
SD,46,049,Faulk,,,,,,
SD,46,051,Grant,,,,,,
SD,46,053,Gregory,,,,,,
SD,46,055,Haakon,,,,,,
SD,46,057,Hamlin,,,,,,
SD,46,059,Hand,,,,,,
SD,46,061,Hanson,,33580.0,"Mitchell, SD MicroSA","Mitchell, SD Micro Area",No,No
SD,46,063,Harding,,,,,,
SD,46,065,Hughes,,38180.0,"Pierre, SD MicroSA","Pierre, SD Micro Area",No,No
SD,46,067,Hutchinson,,,,,,
SD,46,069,Hyde,,,,,,
SD,46,071,Jackson,,,,,,
SD,46,073,Jerauld,,,,,,
SD,46,075,Jones,,,,,,
SD,46,077,Kingsbury,,,,,,
SD,46,079,Lake,,,,,,
SD,46,081,Lawrence,,43940.0,"Spearfish, SD MicroSA","Spearfish, SD Micro Area",No,No
SD,46,083,Lincoln,,43620.0,"Sioux Falls, SD-MN MSA","Sioux Falls, SD Metro Area",No,No
SD,46,085,Lyman,,,,,,
SD,46,087,McCook,,43620.0,"Sioux Falls, SD-MN MSA","Sioux Falls, SD Metro Area",No,No
SD,46,089,McPherson,,,,,,
SD,46,091,Marshall,,,,,,
SD,46,093,Meade,,39660.0,"Rapid City, SD MSA","Rapid City, SD Metro Area",No,No
SD,46,095,Mellette,,,,,,
SD,46,097,Miner,,,,,,
SD,46,099,Minnehaha,,43620.0,"Sioux Falls, SD-MN MSA","Sioux Falls, SD Metro Area",No,No
SD,46,101,Moody,,,,,,
SD,46,103,Pennington,,39660.0,"Rapid City, SD MSA","Rapid City, SD Metro Area",No,No
SD,46,105,Perkins,,,,,,
SD,46,107,Potter,,,,,,
SD,46,109,Roberts,,,,,,
SD,46,111,Sanborn,,,,,,
SD,46,113,Shannon,,,,,,
SD,46,115,Spink,,,,,,
SD,46,117,Stanley,,38180.0,"Pierre, SD MicroSA","Pierre, SD Micro Area",No,No
SD,46,119,Sully,,38180.0,,"Pierre, SD Micro Area",No,No
SD,46,121,Todd,,,,,,
SD,46,123,Tripp,,,,,,
SD,46,125,Turner,,43620.0,"Sioux Falls, SD-MN MSA","Sioux Falls, SD Metro Area",No,No
SD,46,127,Union,,43580.0,"Sioux City, IA-NE-SD MSA","Sioux City, IA-NE-SD Metro Area",No,No
SD,46,129,Walworth,,,,,,
SD,46,135,Yankton,,49460.0,"Yankton, SD MicroSA","Yankton, SD Micro Area",No,No
SD,46,137,Ziebach,,,,,,
TN,47,001,Anderson,,28940.0,"Knoxville, TN MSA","Knoxville, TN Metro Area",No,Yes
TN,47,003,Bedford,,43180.0,"Shelbyville, TN MicroSA","Shelbyville, TN Micro Area",No,No
TN,47,005,Benton,,,,,,
TN,47,007,Bledsoe,,,,,,
TN,47,009,Blount,,28940.0,"Knoxville, TN MSA","Knoxville, TN Metro Area",No,Yes
TN,47,011,Bradley,,17420.0,"Cleveland, TN MSA","Cleveland, TN Metro Area",No,No
TN,47,013,Campbell,,28940.0,"Knoxville, TN MSA","Knoxville, TN Metro Area",No,Yes
TN,47,015,Cannon,,34980.0,"Nashville-Davidson--Murfreesboro--Franklin, TN MSA","Nashville-Davidson--Murfreesboro--Franklin, TN Metro Area",No,Yes
TN,47,017,Carroll,,,,,,
TN,47,019,Carter,,27740.0,"Johnson City, TN MSA","Johnson City, TN Metro Area",No,No
TN,47,021,Cheatham,,34980.0,"Nashville-Davidson--Murfreesboro--Franklin, TN MSA","Nashville-Davidson--Murfreesboro--Franklin, TN Metro Area",No,Yes
TN,47,023,Chester,,27180.0,"Jackson, TN MSA","Jackson, TN Metro Area",No,No
TN,47,025,Claiborne,,,,,,
TN,47,027,Clay,,,,,,
TN,47,029,Cocke,,35460.0,"Newport, TN MicroSA","Newport, TN Micro Area",No,No
TN,47,031,Coffee,,46100.0,"Tullahoma-Manchester, TN MicroSA","Tullahoma-Manchester, TN Micro Area",No,No
TN,47,033,Crockett,,27180.0,"Jackson, TN MSA","Jackson, TN Metro Area",No,No
TN,47,035,Cumberland,,18900.0,"Crossville, TN MicroSA","Crossville, TN Micro Area",No,No
TN,47,037,Davidson,,34980.0,"Nashville-Davidson--Murfreesboro--Franklin, TN MSA","Nashville-Davidson--Murfreesboro--Franklin, TN Metro Area",No,Yes
TN,47,039,Decatur,,,,,,
TN,47,041,DeKalb,,,,,,
TN,47,043,Dickson,,34980.0,"Nashville-Davidson--Murfreesboro--Franklin, TN MSA","Nashville-Davidson--Murfreesboro--Franklin, TN Metro Area",No,Yes
TN,47,045,Dyer,,20540.0,"Dyersburg, TN MicroSA","Dyersburg, TN Micro Area",No,No
TN,47,047,Fayette,,32820.0,"Memphis, TN-MS-AR MSA","Memphis, TN-MS-AR Metro Area",No,No
TN,47,049,Fentress,,,,,,
TN,47,051,Franklin,,46100.0,"Winchester, TN MicroSA","Tullahoma-Manchester, TN Micro Area",No,No
TN,47,053,Gibson,,,,,,
TN,47,055,Giles,,,,,,
TN,47,057,Grainger,,28940.0,"Knoxville, TN MSA","Knoxville, TN Metro Area",No,Yes
TN,47,059,Greene,,24620.0,"Greeneville, TN MicroSA","Greeneville, TN Micro Area",No,No
TN,47,061,Grundy,,,,,,
TN,47,063,Hamblen,,34100.0,"Morristown, TN MSA","Morristown, TN Metro Area",No,No
TN,47,065,Hamilton,,16860.0,"Chattanooga, TN-GA MSA","Chattanooga, TN-GA Metro Area",No,No
TN,47,067,Hancock,,,,,,
TN,47,069,Hardeman,,,,,,
TN,47,071,Hardin,,,,,,
TN,47,073,Hawkins,,28700.0,"Kingsport-Bristol, TN-VA MSA","Kingsport-Bristol, TN-VA Metro Area",No,No
TN,47,075,Haywood,,,,,,
TN,47,077,Henderson,,,,,,
TN,47,079,Henry,,37540.0,"Paris, TN MicroSA","Paris, TN Micro Area",No,No
TN,47,081,Hickman,,34980.0,"Nashville-Davidson--Murfreesboro--Franklin, TN MSA","Nashville-Davidson--Murfreesboro--Franklin, TN Metro Area",No,Yes
TN,47,083,Houston,,,,,,
TN,47,085,Humphreys,,,,,,
TN,47,087,Jackson,,18260.0,"Cookeville, TN MicroSA","Cookeville, TN Micro Area",No,No
TN,47,089,Jefferson,,34100.0,"Morristown, TN MSA","Morristown, TN Metro Area",No,No
TN,47,091,Johnson,,,,,,
TN,47,093,Knox,,28940.0,"Knoxville, TN MSA","Knoxville, TN Metro Area",No,Yes
TN,47,095,Lake,,,,,,
TN,47,097,Lauderdale,,,,,,
TN,47,099,Lawrence,,29980.0,"Lawrenceburg, TN MicroSA","Lawrenceburg, TN Micro Area",No,No
TN,47,101,Lewis,,,,,,
TN,47,103,Lincoln,,,,,,
TN,47,105,Loudon,,28940.0,"Knoxville, TN MSA","Knoxville, TN Metro Area",No,Yes
TN,47,107,McMinn,,11940.0,"Athens, TN MicroSA","Athens, TN Micro Area",No,No
TN,47,109,McNairy,,,,,,
TN,47,111,Macon,,34980.0,"Nashville-Davidson--Murfreesboro--Franklin, TN MSA","Nashville-Davidson--Murfreesboro--Franklin, TN Metro Area",No,Yes
TN,47,113,Madison,,27180.0,"Jackson, TN MSA","Jackson, TN Metro Area",No,No
TN,47,115,Marion,,16860.0,"Chattanooga, TN-GA MSA","Chattanooga, TN-GA Metro Area",No,No
TN,47,117,Marshall,,30280.0,"Lewisburg, TN MicroSA","Lewisburg, TN Micro Area",No,No
TN,47,119,Maury,,34980.0,"Nashville-Davidson--Murfreesboro--Franklin, TN MSA","Nashville-Davidson--Murfreesboro--Franklin, TN Metro Area",No,Yes
TN,47,121,Meigs,,,,,,
TN,47,123,Monroe,,,,,,
TN,47,125,Montgomery,,17300.0,"Clarksville, TN-KY MSA","Clarksville, TN-KY Metro Area",No,No
TN,47,127,Moore,,46100.0,"Tullahoma-Manchester, TN MicroSA","Tullahoma-Manchester, TN Micro Area",No,No
TN,47,129,Morgan,,28940.0,"Knoxville, TN MSA","Knoxville, TN Metro Area",No,Yes
TN,47,131,Obion,,46460.0,"Union City, TN MicroSA","Union City, TN Micro Area",No,No
TN,47,133,Overton,,18260.0,"Cookeville, TN MicroSA","Cookeville, TN Micro Area",No,No
TN,47,135,Perry,,,,,,
TN,47,137,Pickett,,,,,,
TN,47,139,Polk,,17420.0,"Cleveland, TN MSA","Cleveland, TN Metro Area",No,No
TN,47,141,Putnam,,18260.0,"Cookeville, TN MicroSA","Cookeville, TN Micro Area",No,No
TN,47,143,Rhea,,19420.0,,"Dayton, TN Micro Area",No,No
TN,47,145,Roane,,28940.0,"Knoxville, TN MSA","Knoxville, TN Metro Area",No,Yes
TN,47,147,Robertson,,34980.0,"Nashville-Davidson--Murfreesboro--Franklin, TN MSA","Nashville-Davidson--Murfreesboro--Franklin, TN Metro Area",No,Yes
TN,47,149,Rutherford,,34980.0,"Nashville-Davidson--Murfreesboro--Franklin, TN MSA","Nashville-Davidson--Murfreesboro--Franklin, TN Metro Area",No,Yes
TN,47,151,Scott,,,,,,
TN,47,153,Sequatchie,,16860.0,"Chattanooga, TN-GA MSA","Chattanooga, TN-GA Metro Area",No,No
TN,47,155,Sevier,,42940.0,"Sevierville, TN MicroSA","Sevierville, TN Micro Area",No,No
TN,47,157,Shelby,,32820.0,"Memphis, TN-MS-AR MSA","Memphis, TN-MS-AR Metro Area",No,No
TN,47,159,Smith,,34980.0,"Nashville-Davidson--Murfreesboro--Franklin, TN MSA","Nashville-Davidson--Murfreesboro--Franklin, TN Metro Area",No,Yes
TN,47,161,Stewart,,,,,,
TN,47,163,Sullivan,,28700.0,"Kingsport-Bristol, TN-VA MSA","Kingsport-Bristol, TN-VA Metro Area",No,No
TN,47,165,Sumner,,34980.0,"Nashville-Davidson--Murfreesboro--Franklin, TN MSA","Nashville-Davidson--Murfreesboro--Franklin, TN Metro Area",No,Yes
TN,47,167,Tipton,,32820.0,"Memphis, TN-MS-AR MSA","Memphis, TN-MS-AR Metro Area",No,No
TN,47,169,Trousdale,,34980.0,"Nashville-Davidson--Murfreesboro--Franklin, TN MSA","Nashville-Davidson--Murfreesboro--Franklin, TN Metro Area",No,Yes
TN,47,171,Unicoi,,27740.0,"Johnson City, TN MSA","Johnson City, TN Metro Area",No,No
TN,47,173,Union,,28940.0,"Knoxville, TN MSA","Knoxville, TN Metro Area",No,Yes
TN,47,175,Van Buren,,,,,,
TN,47,177,Warren,,32660.0,"McMinnville, TN MicroSA","McMinnville, TN Micro Area",No,No
TN,47,179,Washington,,27740.0,"Johnson City, TN MSA","Johnson City, TN Metro Area",No,No
TN,47,181,Wayne,,,,,,
TN,47,183,Weakley,,32280.0,"Martin, TN MicroSA","Martin, TN Micro Area",No,No
TN,47,185,White,,,,,,
TN,47,187,Williamson,,34980.0,"Nashville-Davidson--Murfreesboro--Franklin, TN MSA","Nashville-Davidson--Murfreesboro--Franklin, TN Metro Area",No,Yes
TN,47,189,Wilson,,34980.0,"Nashville-Davidson--Murfreesboro--Franklin, TN MSA","Nashville-Davidson--Murfreesboro--Franklin, TN Metro Area",No,Yes
TX,48,001,Anderson,,37300.0,"Palestine, TX MicroSA","Palestine, TX Micro Area",No,No
TX,48,003,Andrews,,11380.0,"Andrews, TX MicroSA","Andrews, TX Micro Area",No,No
TX,48,005,Angelina,,31260.0,"Lufkin, TX MicroSA","Lufkin, TX Micro Area",No,No
TX,48,007,Aransas,,18580.0,"Corpus Christi, TX MSA","Corpus Christi, TX Metro Area",No,No
TX,48,009,Archer,,48660.0,"Wichita Falls, TX MSA","Wichita Falls, TX Metro Area",No,No
TX,48,011,Armstrong,,11100.0,"Amarillo, TX MSA","Amarillo, TX Metro Area",No,No
TX,48,013,Atascosa,,41700.0,"San Antonio-New Braunfels, TX MSA","San Antonio-New Braunfels, TX Metro Area",Yes,No
TX,48,015,Austin,,26420.0,"Houston-Pasadena-The Woodlands, TX MSA","Houston-The Woodlands-Sugar Land, TX Metro Area",No,No
TX,48,017,Bailey,,,,,,
TX,48,019,Bandera,,41700.0,"San Antonio-New Braunfels, TX MSA","San Antonio-New Braunfels, TX Metro Area",Yes,No
TX,48,021,Bastrop,,12420.0,"Austin-Round Rock-San Marcos, TX MSA","Austin-Round Rock-Georgetown, TX Metro Area",Yes,No
TX,48,023,Baylor,,,,,,
TX,48,025,Bee,,13300.0,"Beeville, TX MicroSA","Beeville, TX Micro Area",No,No
TX,48,027,Bell,,28660.0,"Killeen-Temple, TX MSA","Killeen-Temple, TX Metro Area",No,No
TX,48,029,Bexar,,41700.0,"San Antonio-New Braunfels, TX MSA","San Antonio-New Braunfels, TX Metro Area",Yes,No
TX,48,031,Blanco,,,,,,
TX,48,033,Borden,,,,,,
TX,48,035,Bosque,,,,,,
TX,48,037,Bowie,,45500.0,"Texarkana, TX-AR MSA","Texarkana, TX-AR Metro Area",No,No
TX,48,039,Brazoria,,26420.0,"Houston-Pasadena-The Woodlands, TX MSA","Houston-The Woodlands-Sugar Land, TX Metro Area",No,No
TX,48,041,Brazos,,17780.0,"College Station-Bryan, TX MSA","College Station-Bryan, TX Metro Area",No,No
TX,48,043,Brewster,,,,,,
TX,48,045,Briscoe,,,,,,
TX,48,047,Brooks,,,,,,
TX,48,049,Brown,,15220.0,"Brownwood, TX MicroSA","Brownwood, TX Micro Area",No,No
TX,48,051,Burleson,,17780.0,"College Station-Bryan, TX MSA","College Station-Bryan, TX Metro Area",No,No
TX,48,053,Burnet,,,,,,
TX,48,055,Caldwell,,12420.0,"Austin-Round Rock-San Marcos, TX MSA","Austin-Round Rock-Georgetown, TX Metro Area",Yes,No
TX,48,057,Calhoun,,38920.0,"Port Lavaca, TX MicroSA","Port Lavaca, TX Micro Area",No,No
TX,48,059,Callahan,,10180.0,"Abilene, TX MSA","Abilene, TX Metro Area",No,No
TX,48,061,Cameron,,15180.0,"Brownsville-Harlingen, TX MSA","Brownsville-Harlingen, TX Metro Area",No,No
TX,48,063,Camp,,,,,,
TX,48,065,Carson,,11100.0,"Amarillo, TX MSA","Amarillo, TX Metro Area",No,No
TX,48,067,Cass,,,,,,
TX,48,069,Castro,,,,,,
TX,48,071,Chambers,,26420.0,"Houston-Pasadena-The Woodlands, TX MSA","Houston-The Woodlands-Sugar Land, TX Metro Area",No,No
TX,48,073,Cherokee,,27380.0,"Jacksonville, TX MicroSA","Jacksonville, TX Micro Area",No,No
TX,48,075,Childress,,,,,,
TX,48,077,Clay,,48660.0,"Wichita Falls, TX MSA","Wichita Falls, TX Metro Area",No,No
TX,48,079,Cochran,,,,,,
TX,48,081,Coke,,,,,,
TX,48,083,Coleman,,,,,,
TX,48,085,Collin,,19100.0,"Dallas-Fort Worth-Arlington, TX MSA","Dallas-Fort Worth-Arlington, TX Metro Area",No,Yes
TX,48,087,Collingsworth,,,,,,
TX,48,089,Colorado,,,,,,
TX,48,091,Comal,,41700.0,"San Antonio-New Braunfels, TX MSA","San Antonio-New Braunfels, TX Metro Area",Yes,No
TX,48,093,Comanche,,,,,,
TX,48,095,Concho,,,,,,
TX,48,097,Cooke,,23620.0,"Gainesville, TX MicroSA","Gainesville, TX Micro Area",No,No
TX,48,099,Coryell,,28660.0,"Killeen-Temple, TX MSA","Killeen-Temple, TX Metro Area",No,No
TX,48,101,Cottle,,,,,,
TX,48,103,Crane,,,,,,
TX,48,105,Crockett,,,,,,
TX,48,107,Crosby,,31180.0,"Lubbock, TX MSA","Lubbock, TX Metro Area",No,No
TX,48,109,Culberson,,,,,,
TX,48,111,Dallam,,,,,,
TX,48,113,Dallas,,19100.0,"Dallas-Fort Worth-Arlington, TX MSA","Dallas-Fort Worth-Arlington, TX Metro Area",No,Yes
TX,48,115,Dawson,,29500.0,,"Lamesa, TX Micro Area",No,No
TX,48,117,Deaf Smith,,25820.0,"Hereford, TX MicroSA","Hereford, TX Micro Area",No,No
TX,48,119,Delta,,,,,,
TX,48,121,Denton,,19100.0,"Dallas-Fort Worth-Arlington, TX MSA","Dallas-Fort Worth-Arlington, TX Metro Area",No,Yes
TX,48,123,DeWitt,,,,,,
TX,48,125,Dickens,,,,,,
TX,48,127,Dimmit,,,,,,
TX,48,129,Donley,,,,,,
TX,48,131,Duval,,,,,,
TX,48,133,Eastland,,,,,,
TX,48,135,Ector,,36220.0,"Odessa, TX MSA","Odessa, TX Metro Area",No,No
TX,48,137,Edwards,,,,,,
TX,48,139,Ellis,,19100.0,"Dallas-Fort Worth-Arlington, TX MSA","Dallas-Fort Worth-Arlington, TX Metro Area",No,Yes
TX,48,141,El Paso,,21340.0,"El Paso, TX MSA","El Paso, TX Metro Area",No,No
TX,48,143,Erath,,44500.0,"Stephenville, TX MicroSA","Stephenville, TX Micro Area",No,No
TX,48,145,Falls,,47380.0,"Waco, TX MSA","Waco, TX Metro Area",No,No
TX,48,147,Fannin,,,,,,
TX,48,149,Fayette,,,,,,
TX,48,151,Fisher,,,,,,
TX,48,153,Floyd,,,,,,
TX,48,155,Foard,,,,,,
TX,48,157,Fort Bend,,26420.0,"Houston-Pasadena-The Woodlands, TX MSA","Houston-The Woodlands-Sugar Land, TX Metro Area",No,No
TX,48,159,Franklin,,,,,,
TX,48,161,Freestone,,,,,,
TX,48,163,Frio,,,,,,
TX,48,165,Gaines,,,,,,
TX,48,167,Galveston,,26420.0,"Houston-Pasadena-The Woodlands, TX MSA","Houston-The Woodlands-Sugar Land, TX Metro Area",No,No
TX,48,169,Garza,,,,,,
TX,48,171,Gillespie,,23240.0,"Fredericksburg, TX MicroSA","Fredericksburg, TX Micro Area",No,No
TX,48,173,Glasscock,,13700.0,,"Big Spring, TX Micro Area",No,No
TX,48,175,Goliad,,47020.0,"Victoria, TX MSA","Victoria, TX Metro Area",No,No
TX,48,177,Gonzales,,,,,,
TX,48,179,Gray,,37420.0,"Pampa, TX MicroSA","Pampa, TX Micro Area",No,No
TX,48,181,Grayson,,43300.0,"Sherman-Denison, TX MSA","Sherman-Denison, TX Metro Area",No,No
TX,48,183,Gregg,,30980.0,"Longview, TX MSA","Longview, TX Metro Area",No,No
TX,48,185,Grimes,,,,,,
TX,48,187,Guadalupe,,41700.0,"San Antonio-New Braunfels, TX MSA","San Antonio-New Braunfels, TX Metro Area",Yes,No
TX,48,189,Hale,,38380.0,"Plainview, TX MicroSA","Plainview, TX Micro Area",No,No
TX,48,191,Hall,,,,,,
TX,48,193,Hamilton,,,,,,
TX,48,195,Hansford,,,,,,
TX,48,197,Hardeman,,,,,,
TX,48,199,Hardin,,13140.0,"Beaumont-Port Arthur, TX MSA","Beaumont-Port Arthur, TX Metro Area",No,No
TX,48,201,Harris,,26420.0,"Houston-Pasadena-The Woodlands, TX MSA","Houston-The Woodlands-Sugar Land, TX Metro Area",No,No
TX,48,203,Harrison,,32220.0,"Longview, TX MSA",,,No
TX,48,205,Hartley,,,,,,
TX,48,207,Haskell,,,,,,
TX,48,209,Hays,,12420.0,"Austin-Round Rock-San Marcos, TX MSA","Austin-Round Rock-Georgetown, TX Metro Area",Yes,No
TX,48,211,Hemphill,,,,,,
TX,48,213,Henderson,,11980.0,"Athens, TX MicroSA","Athens, TX Micro Area",No,No
TX,48,215,Hidalgo,,32580.0,"McAllen-Edinburg-Mission, TX MSA","McAllen-Edinburg-Mission, TX Metro Area",No,No
TX,48,217,Hill,,,,,,
TX,48,219,Hockley,,30220.0,"Lubbock, TX MSA","Levelland, TX Micro Area",No,No
TX,48,221,Hood,,19100.0,"Granbury, TX MicroSA","Dallas-Fort Worth-Arlington, TX Metro Area",No,Yes
TX,48,223,Hopkins,,44860.0,"Sulphur Springs, TX MicroSA","Sulphur Springs, TX Micro Area",No,No
TX,48,225,Houston,,,,,,
TX,48,227,Howard,,13700.0,"Big Spring, TX MicroSA","Big Spring, TX Micro Area",No,No
TX,48,229,Hudspeth,,21340.0,"El Paso, TX MSA","El Paso, TX Metro Area",No,No
TX,48,231,Hunt,,19100.0,"Dallas-Fort Worth-Arlington, TX MSA","Dallas-Fort Worth-Arlington, TX Metro Area",No,Yes
TX,48,233,Hutchinson,,14420.0,"Borger, TX MicroSA","Borger, TX Micro Area",No,No
TX,48,235,Irion,,41660.0,"San Angelo, TX MSA","San Angelo, TX Metro Area",No,No
TX,48,237,Jack,,,,,,
TX,48,239,Jackson,,,,,,
TX,48,241,Jasper,,,,,,
TX,48,243,Jeff Davis,,,,,,
TX,48,245,Jefferson,,13140.0,"Beaumont-Port Arthur, TX MSA","Beaumont-Port Arthur, TX Metro Area",No,No
TX,48,247,Jim Hogg,,,,,,
TX,48,249,Jim Wells,,10860.0,"Alice, TX MicroSA","Alice, TX Micro Area",No,No
TX,48,251,Johnson,,19100.0,"Dallas-Fort Worth-Arlington, TX MSA","Dallas-Fort Worth-Arlington, TX Metro Area",No,Yes
TX,48,253,Jones,,10180.0,"Abilene, TX MSA","Abilene, TX Metro Area",No,No
TX,48,255,Karnes,,,,,,
TX,48,257,Kaufman,,19100.0,"Dallas-Fort Worth-Arlington, TX MSA","Dallas-Fort Worth-Arlington, TX Metro Area",No,Yes
TX,48,259,Kendall,,41700.0,"San Antonio-New Braunfels, TX MSA","San Antonio-New Braunfels, TX Metro Area",Yes,No
TX,48,261,Kenedy,,28780.0,,"Kingsville, TX Micro Area",No,No
TX,48,263,Kent,,,,,,
TX,48,265,Kerr,,28500.0,"Kerrville, TX MicroSA","Kerrville, TX Micro Area",No,No
TX,48,267,Kimble,,,,,,
TX,48,269,King,,,,,,
TX,48,271,Kinney,,,,,,
TX,48,273,Kleberg,,28780.0,"Kingsville, TX MicroSA","Kingsville, TX Micro Area",No,No
TX,48,275,Knox,,,,,,
TX,48,277,Lamar,,37580.0,"Paris, TX MicroSA","Paris, TX Micro Area",No,No
TX,48,279,Lamb,,,,,,
TX,48,281,Lampasas,,28660.0,"Killeen-Temple, TX MSA","Killeen-Temple, TX Metro Area",No,No
TX,48,283,La Salle,,,,,,
TX,48,285,Lavaca,,,,,,
TX,48,287,Lee,,,,,,
TX,48,289,Leon,,,,,,
TX,48,291,Liberty,,26420.0,"Houston-Pasadena-The Woodlands, TX MSA","Houston-The Woodlands-Sugar Land, TX Metro Area",No,No
TX,48,293,Limestone,,,,,,
TX,48,295,Lipscomb,,,,,,
TX,48,297,Live Oak,,,,,,
TX,48,299,Llano,,,,,,
TX,48,301,Loving,,,,,,
TX,48,303,Lubbock,,31180.0,"Lubbock, TX MSA","Lubbock, TX Metro Area",No,No
TX,48,305,Lynn,,31180.0,"Lubbock, TX MSA","Lubbock, TX Metro Area",No,No
TX,48,307,McCulloch,,,,,,
TX,48,309,McLennan,,47380.0,"Waco, TX MSA","Waco, TX Metro Area",No,No
TX,48,311,McMullen,,,,,,
TX,48,313,Madison,,,,,,
TX,48,315,Marion,,,,,,
TX,48,317,Martin,,33260.0,"Midland, TX MSA","Midland, TX Metro Area",No,No
TX,48,319,Mason,,,,,,
TX,48,321,Matagorda,,13060.0,"Bay City, TX MicroSA","Bay City, TX Micro Area",No,No
TX,48,323,Maverick,,20580.0,"Eagle Pass, TX MSA","Eagle Pass, TX Micro Area",No,No
TX,48,325,Medina,,41700.0,"San Antonio-New Braunfels, TX MSA","San Antonio-New Braunfels, TX Metro Area",Yes,No
TX,48,327,Menard,,,,,,
TX,48,329,Midland,,33260.0,"Midland, TX MSA","Midland, TX Metro Area",No,No
TX,48,331,Milam,,,,,,
TX,48,333,Mills,,,,,,
TX,48,335,Mitchell,,,,,,
TX,48,337,Montague,,,,,,
TX,48,339,Montgomery,,26420.0,"Houston-Pasadena-The Woodlands, TX MSA","Houston-The Woodlands-Sugar Land, TX Metro Area",No,No
TX,48,341,Moore,,20300.0,"Dumas, TX MicroSA","Dumas, TX Micro Area",No,No
TX,48,343,Morris,,,,,,
TX,48,345,Motley,,,,,,
TX,48,347,Nacogdoches,,34860.0,"Nacogdoches, TX MicroSA","Nacogdoches, TX Micro Area",No,No
TX,48,349,Navarro,,18620.0,"Corsicana, TX MicroSA","Corsicana, TX Micro Area",No,No
TX,48,351,Newton,,13140.0,,"Beaumont-Port Arthur, TX Metro Area",No,No
TX,48,353,Nolan,,45020.0,"Sweetwater, TX MicroSA","Sweetwater, TX Micro Area",No,No
TX,48,355,Nueces,,18580.0,"Corpus Christi, TX MSA","Corpus Christi, TX Metro Area",No,No
TX,48,357,Ochiltree,,,,,,
TX,48,359,Oldham,,11100.0,"Amarillo, TX MSA","Amarillo, TX Metro Area",No,No
TX,48,361,Orange,,13140.0,"Beaumont-Port Arthur, TX MSA","Beaumont-Port Arthur, TX Metro Area",No,No
TX,48,363,Palo Pinto,,33420.0,"Mineral Wells, TX MicroSA","Mineral Wells, TX Micro Area",No,No
TX,48,365,Panola,,,,,,
TX,48,367,Parker,,19100.0,"Dallas-Fort Worth-Arlington, TX MSA","Dallas-Fort Worth-Arlington, TX Metro Area",No,Yes
TX,48,369,Parmer,,,,,,
TX,48,371,Pecos,,,,,,
TX,48,373,Polk,,,,,,
TX,48,375,Potter,,11100.0,"Amarillo, TX MSA","Amarillo, TX Metro Area",No,No
TX,48,377,Presidio,,,,,,
TX,48,379,Rains,,,,,,
TX,48,381,Randall,,11100.0,"Amarillo, TX MSA","Amarillo, TX Metro Area",No,No
TX,48,383,Reagan,,,,,,
TX,48,385,Real,,,,,,
TX,48,387,Red River,,,,,,
TX,48,389,Reeves,,37780.0,"Town of Pecos, TX MicroSA","Pecos, TX Micro Area",No,No
TX,48,391,Refugio,,,,,,
TX,48,393,Roberts,,,,,,
TX,48,395,Robertson,,17780.0,"College Station-Bryan, TX MSA","College Station-Bryan, TX Metro Area",No,No
TX,48,397,Rockwall,,19100.0,"Dallas-Fort Worth-Arlington, TX MSA","Dallas-Fort Worth-Arlington, TX Metro Area",No,Yes
TX,48,399,Runnels,,,,,,
TX,48,401,Rusk,,30980.0,"Longview, TX MSA","Longview, TX Metro Area",No,No
TX,48,403,Sabine,,,,,,
TX,48,405,San Augustine,,,,,,
TX,48,407,San Jacinto,,,,,,
TX,48,409,San Patricio,,18580.0,"Corpus Christi, TX MSA","Corpus Christi, TX Metro Area",No,No
TX,48,411,San Saba,,,,,,
TX,48,413,Schleicher,,,,,,
TX,48,415,Scurry,,43660.0,"Snyder, TX MicroSA","Snyder, TX Micro Area",No,No
TX,48,417,Shackelford,,,,,,
TX,48,419,Shelby,,,,,,
TX,48,421,Sherman,,,,,,
TX,48,423,Smith,,46340.0,"Tyler, TX MSA","Tyler, TX Metro Area",No,No
TX,48,425,Somervell,,19100.0,,"Dallas-Fort Worth-Arlington, TX Metro Area",No,Yes
TX,48,427,Starr,,40100.0,"Rio Grande City-Roma, TX MicroSA","Rio Grande City-Roma, TX Micro Area",No,No
TX,48,429,Stephens,,,,,,
TX,48,431,Sterling,,,,,,
TX,48,433,Stonewall,,,,,,
TX,48,435,Sutton,,,,,,
TX,48,437,Swisher,,,,,,
TX,48,439,Tarrant,,19100.0,"Dallas-Fort Worth-Arlington, TX MSA","Dallas-Fort Worth-Arlington, TX Metro Area",No,Yes
TX,48,441,Taylor,,10180.0,"Abilene, TX MSA","Abilene, TX Metro Area",No,No
TX,48,443,Terrell,,,,,,
TX,48,445,Terry,,,,,,
TX,48,447,Throckmorton,,,,,,
TX,48,449,Titus,,34420.0,"Mount Pleasant, TX MicroSA","Mount Pleasant, TX Micro Area",No,No
TX,48,451,Tom Green,,41660.0,"San Angelo, TX MSA","San Angelo, TX Metro Area",No,No
TX,48,453,Travis,,12420.0,"Austin-Round Rock-San Marcos, TX MSA","Austin-Round Rock-Georgetown, TX Metro Area",Yes,No
TX,48,455,Trinity,,26660.0,,"Huntsville, TX Micro Area",No,No
TX,48,457,Tyler,,,,,,
TX,48,459,Upshur,,30980.0,"Longview, TX MSA","Longview, TX Metro Area",No,No
TX,48,461,Upton,,,,,,
TX,48,463,Uvalde,,46620.0,"Uvalde, TX MicroSA","Uvalde, TX Micro Area",No,No
TX,48,465,Val Verde,,19620.0,"Del Rio, TX MicroSA","Del Rio, TX Micro Area",No,No
TX,48,467,Van Zandt,,,,,,
TX,48,469,Victoria,,47020.0,"Victoria, TX MSA","Victoria, TX Metro Area",No,No
TX,48,471,Walker,,26660.0,"Huntsville, TX MicroSA","Huntsville, TX Micro Area",No,No
TX,48,473,Waller,,26420.0,"Houston-Pasadena-The Woodlands, TX MSA","Houston-The Woodlands-Sugar Land, TX Metro Area",No,No
TX,48,475,Ward,,,,,,
TX,48,477,Washington,,14780.0,"Brenham, TX MicroSA","Brenham, TX Micro Area",No,No
TX,48,479,Webb,,29700.0,"Laredo, TX MSA","Laredo, TX Metro Area",No,No
TX,48,481,Wharton,,20900.0,"El Campo, TX MicroSA","El Campo, TX Micro Area",No,No
TX,48,483,Wheeler,,,,,,
TX,48,485,Wichita,,48660.0,"Wichita Falls, TX MSA","Wichita Falls, TX Metro Area",No,No
TX,48,487,Wilbarger,,46900.0,"Vernon, TX MicroSA","Vernon, TX Micro Area",No,No
TX,48,489,Willacy,,39700.0,"Raymondville, TX MicroSA","Raymondville, TX Micro Area",No,No
TX,48,491,Williamson,,12420.0,"Austin-Round Rock-San Marcos, TX MSA","Austin-Round Rock-Georgetown, TX Metro Area",Yes,No
TX,48,493,Wilson,,41700.0,"San Antonio-New Braunfels, TX MSA","San Antonio-New Braunfels, TX Metro Area",Yes,No
TX,48,495,Winkler,,,,,,
TX,48,497,Wise,,19100.0,"Dallas-Fort Worth-Arlington, TX MSA","Dallas-Fort Worth-Arlington, TX Metro Area",No,Yes
TX,48,499,Wood,,,,,,
TX,48,501,Yoakum,,,,,,
TX,48,503,Young,,,,,,
TX,48,505,Zapata,,49820.0,"Zapata, TX MicroSA","Zapata, TX Micro Area",No,No
TX,48,507,Zavala,,,,,,
UT,49,001,Beaver,,,,,,
UT,49,003,Box Elder,,36260.0,"Brigham City, UT-ID MicroSA","Ogden-Clearfield, UT Metro Area",No,No
UT,49,005,Cache,,30860.0,"Logan, UT-ID MSA","Logan, UT-ID Metro Area",No,No
UT,49,007,Carbon,,39220.0,"Price, UT MicroSA","Price, UT Micro Area",No,No
UT,49,009,Daggett,,,,,,
UT,49,011,Davis,,36260.0,"Ogden, UT MSA","Ogden-Clearfield, UT Metro Area",No,No
UT,49,013,Duchesne,,,,,,
UT,49,015,Emery,,,,,,
UT,49,017,Garfield,,,,,,
UT,49,019,Grand,,,,,,
UT,49,021,Iron,,16260.0,"Cedar City, UT MicroSA","Cedar City, UT Micro Area",No,No
UT,49,023,Juab,,39340.0,"Provo-Orem-Lehi, UT MSA","Provo-Orem, UT Metro Area",No,No
UT,49,025,Kane,,,,,,
UT,49,027,Millard,,,,,,
UT,49,029,Morgan,,36260.0,"Ogden, UT MSA","Ogden-Clearfield, UT Metro Area",No,No
UT,49,031,Piute,,,,,,
UT,49,033,Rich,,,,,,
UT,49,035,Salt Lake,,41620.0,"Salt Lake City-Murray, UT MSA","Salt Lake City, UT Metro Area",Yes,No
UT,49,037,San Juan,,,,,,
UT,49,039,Sanpete,,,,,,
UT,49,041,Sevier,,,,,,
UT,49,043,Summit,,44920.0,"Heber, UT MicroSA",,,No
UT,49,045,Tooele,,41620.0,"Salt Lake City-Murray, UT MSA","Salt Lake City, UT Metro Area",Yes,No
UT,49,047,Uintah,,46860.0,"Vernal, UT MicroSA","Vernal, UT Micro Area",No,No
UT,49,049,Utah,,39340.0,"Provo-Orem-Lehi, UT MSA","Provo-Orem, UT Metro Area",No,No
UT,49,051,Wasatch,,25720.0,"Heber, UT MicroSA","Heber, UT Micro Area",No,No
UT,49,053,Washington,,41100.0,"St. George, UT MSA","St. George, UT Metro Area",No,No
UT,49,055,Wayne,,,,,,
UT,49,057,Weber,,36260.0,"Ogden, UT MSA","Ogden-Clearfield, UT Metro Area",No,No
VT,50,001,Addison,,,,,,
VT,50,003,Bennington,,13540.0,"Bennington, VT MicroSA","Bennington, VT Micro Area",No,No
VT,50,005,Caledonia,,,,,,
VT,50,007,Chittenden,,15540.0,"Burlington-South Burlington, VT MSA","Burlington-South Burlington, VT Metro Area",No,No
VT,50,009,Essex,,13620.0,,"Berlin, NH Micro Area",No,No
VT,50,011,Franklin,,15540.0,"Burlington-South Burlington, VT MSA","Burlington-South Burlington, VT Metro Area",No,No
VT,50,013,Grand Isle,,15540.0,"Burlington-South Burlington, VT MSA","Burlington-South Burlington, VT Metro Area",No,No
VT,50,015,Lamoille,,,,,,
VT,50,017,Orange,,17200.0,"Lebanon-Claremont, NH-VT MicroSA",,,No
VT,50,019,Orleans,,,,,,
VT,50,021,Rutland,,40860.0,"Rutland, VT MicroSA","Rutland, VT Micro Area",No,No
VT,50,023,Washington,,12740.0,"Barre, VT MicroSA","Barre, VT Micro Area",No,No
VT,50,025,Windham,,,,,,
VT,50,027,Windsor,,17200.0,"Lebanon-Claremont, NH-VT MicroSA",,,No
VA,51,001,Accomack,,,,,,
VA,51,003,Albemarle,,16820.0,"Charlottesville, VA MSA","Charlottesville, VA Metro Area",No,No
VA,51,005,Alleghany,,,,,,
VA,51,007,Amelia,,40060.0,"Richmond, VA MSA","Richmond, VA Metro Area",No,No
VA,51,009,Amherst,,31340.0,"Lynchburg, VA MSA","Lynchburg, VA Metro Area",No,No
VA,51,011,Appomattox,,31340.0,"Lynchburg, VA MSA","Lynchburg, VA Metro Area",No,No
VA,51,013,Arlington,,47900.0,"Washington-Arlington-Alexandria, DC-VA-MD-WV MSA","Washington-Arlington-Alexandria, DC-VA-MD-WV Metro Area",No,No
VA,51,015,Augusta,,44420.0,"Staunton-Stuarts Draft, VA MSA","Staunton, VA Metro Area",No,No
VA,51,017,Bath,,,,,,
VA,51,019,Bedford,,31340.0,"Lynchburg, VA MSA","Lynchburg, VA Metro Area",No,No
VA,51,021,Bland,,,,,,
VA,51,023,Botetourt,,40220.0,"Roanoke, VA MSA","Roanoke, VA Metro Area",No,No
VA,51,025,Brunswick,,,,,,
VA,51,027,Buchanan,,,,,,
VA,51,029,Buckingham,,16820.0,,"Charlottesville, VA Metro Area",No,No
VA,51,031,Campbell,,31340.0,"Lynchburg, VA MSA","Lynchburg, VA Metro Area",No,No
VA,51,033,Caroline,,40060.0,,"Richmond, VA Metro Area",No,No
VA,51,035,Carroll,,,,,,
VA,51,036,Charles City,,40060.0,"Richmond, VA MSA","Richmond, VA Metro Area",No,No
VA,51,037,Charlotte,,,,,,
VA,51,041,Chesterfield,,40060.0,"Richmond, VA MSA","Richmond, VA Metro Area",No,No
VA,51,043,Clarke,,47900.0,"Washington-Arlington-Alexandria, DC-VA-MD-WV MSA","Washington-Arlington-Alexandria, DC-VA-MD-WV Metro Area",No,No
VA,51,045,Craig,,40220.0,"Roanoke, VA MSA","Roanoke, VA Metro Area",No,No
VA,51,047,Culpeper,,47900.0,"Washington-Arlington-Alexandria, DC-VA-MD-WV MSA","Washington-Arlington-Alexandria, DC-VA-MD-WV Metro Area",No,No
VA,51,049,Cumberland,,,,,,
VA,51,051,Dickenson,,13720.0,,"Big Stone Gap, VA Micro Area",No,No
VA,51,053,Dinwiddie,,40060.0,"Richmond, VA MSA","Richmond, VA Metro Area",No,No
VA,51,057,Essex,,,,,,
VA,51,059,Fairfax,,47900.0,"Washington-Arlington-Alexandria, DC-VA-MD-WV MSA","Washington-Arlington-Alexandria, DC-VA-MD-WV Metro Area",No,No
VA,51,061,Fauquier,,47900.0,"Washington-Arlington-Alexandria, DC-VA-MD-WV MSA","Washington-Arlington-Alexandria, DC-VA-MD-WV Metro Area",No,No
VA,51,063,Floyd,,13980.0,"Blacksburg-Christiansburg-Radford, VA MSA","Blacksburg-Christiansburg, VA Metro Area",No,No
VA,51,065,Fluvanna,,16820.0,"Charlottesville, VA MSA","Charlottesville, VA Metro Area",No,No
VA,51,067,Franklin,,40220.0,"Roanoke, VA MSA","Roanoke, VA Metro Area",No,No
VA,51,069,Frederick,,49020.0,"Winchester, VA-WV MSA","Winchester, VA-WV Metro Area",No,No
VA,51,071,Giles,,13980.0,"Blacksburg-Christiansburg-Radford, VA MSA","Blacksburg-Christiansburg, VA Metro Area",No,No
VA,51,073,Gloucester,,47260.0,"Virginia Beach-Chesapeake-Norfolk, VA-NC MSA","Virginia Beach-Norfolk-Newport News, VA-NC Metro Area",No,No
VA,51,075,Goochland,,40060.0,"Richmond, VA MSA","Richmond, VA Metro Area",No,No
VA,51,077,Grayson,,,,,,
VA,51,079,Greene,,16820.0,"Charlottesville, VA MSA","Charlottesville, VA Metro Area",No,No
VA,51,081,Greensville,,,,,,
VA,51,083,Halifax,,,,,,
VA,51,085,Hanover,,40060.0,"Richmond, VA MSA","Richmond, VA Metro Area",No,No
VA,51,087,Henrico,,40060.0,"Richmond, VA MSA","Richmond, VA Metro Area",No,No
VA,51,089,Henry,,32300.0,"Martinsville, VA MicroSA","Martinsville, VA Micro Area",No,No
VA,51,091,Highland,,,,,,
VA,51,093,Isle of Wight,,47260.0,"Virginia Beach-Chesapeake-Norfolk, VA-NC MSA","Virginia Beach-Norfolk-Newport News, VA-NC Metro Area",No,No
VA,51,095,James City,,47260.0,"Virginia Beach-Chesapeake-Norfolk, VA-NC MSA","Virginia Beach-Norfolk-Newport News, VA-NC Metro Area",No,No
VA,51,097,King and Queen,,,,,,
VA,51,099,King George,,,,,,
VA,51,101,King William,,40060.0,"Richmond, VA MSA","Richmond, VA Metro Area",No,No
VA,51,103,Lancaster,,,,,,
VA,51,105,Lee,,,,,,
VA,51,107,Loudoun,,47900.0,"Washington-Arlington-Alexandria, DC-VA-MD-WV MSA","Washington-Arlington-Alexandria, DC-VA-MD-WV Metro Area",No,No
VA,51,109,Louisa,,,,,,
VA,51,111,Lunenburg,,,,,,
VA,51,113,Madison,,,,,,
VA,51,115,Mathews,,47260.0,"Virginia Beach-Chesapeake-Norfolk, VA-NC MSA","Virginia Beach-Norfolk-Newport News, VA-NC Metro Area",No,No
VA,51,117,Mecklenburg,,,,,,
VA,51,119,Middlesex,,,,,,
VA,51,121,Montgomery,,13980.0,"Blacksburg-Christiansburg-Radford, VA MSA","Blacksburg-Christiansburg, VA Metro Area",No,No
VA,51,125,Nelson,,16820.0,"Charlottesville, VA MSA","Charlottesville, VA Metro Area",No,No
VA,51,127,New Kent,,40060.0,"Richmond, VA MSA","Richmond, VA Metro Area",No,No
VA,51,131,Northampton,,,,,,
VA,51,133,Northumberland,,,,,,
VA,51,135,Nottoway,,,,,,
VA,51,137,Orange,,,,,,
VA,51,139,Page,,,,,,
VA,51,141,Patrick,,,,,,
VA,51,143,Pittsylvania,,19260.0,"Danville, VA MicroSA","Danville, VA Micro Area",No,No
VA,51,145,Powhatan,,40060.0,"Richmond, VA MSA","Richmond, VA Metro Area",No,No
VA,51,147,Prince Edward,,,,,,
VA,51,149,Prince George,,40060.0,"Richmond, VA MSA","Richmond, VA Metro Area",No,No
VA,51,153,Prince William,,47900.0,"Washington-Arlington-Alexandria, DC-VA-MD-WV MSA","Washington-Arlington-Alexandria, DC-VA-MD-WV Metro Area",No,No
VA,51,155,Pulaski,,13980.0,"Blacksburg-Christiansburg-Radford, VA MSA","Blacksburg-Christiansburg, VA Metro Area",No,No
VA,51,157,Rappahannock,,47900.0,"Washington-Arlington-Alexandria, DC-VA-MD-WV MSA","Washington-Arlington-Alexandria, DC-VA-MD-WV Metro Area",No,No
VA,51,159,Richmond,,,,,,
VA,51,161,Roanoke,,40220.0,"Roanoke, VA MSA","Roanoke, VA Metro Area",No,No
VA,51,163,Rockbridge,,,,,,
VA,51,165,Rockingham,,25500.0,"Harrisonburg, VA MSA","Harrisonburg, VA Metro Area",No,No
VA,51,167,Russell,,,,,,
VA,51,169,Scott,,28700.0,"Kingsport-Bristol, TN-VA MSA","Kingsport-Bristol, TN-VA Metro Area",No,No
VA,51,171,Shenandoah,,,,,,
VA,51,173,Smyth,,,,,,
VA,51,175,Southampton,,,,,,
VA,51,177,Spotsylvania,,47900.0,"Washington-Arlington-Alexandria, DC-VA-MD-WV MSA","Washington-Arlington-Alexandria, DC-VA-MD-WV Metro Area",No,No
VA,51,179,Stafford,,47900.0,"Washington-Arlington-Alexandria, DC-VA-MD-WV MSA","Washington-Arlington-Alexandria, DC-VA-MD-WV Metro Area",No,No
VA,51,181,Surry,,,,,,
VA,51,183,Sussex,,40060.0,"Richmond, VA MSA","Richmond, VA Metro Area",No,No
VA,51,185,Tazewell,,14140.0,"Bluefield, WV-VA MicroSA","Bluefield, WV-VA Micro Area",No,No
VA,51,187,Warren,,47900.0,"Washington-Arlington-Alexandria, DC-VA-MD-WV MSA","Washington-Arlington-Alexandria, DC-VA-MD-WV Metro Area",No,No
VA,51,191,Washington,,28700.0,"Kingsport-Bristol, TN-VA MSA","Kingsport-Bristol, TN-VA Metro Area",No,No
VA,51,193,Westmoreland,,,,,,
VA,51,195,Wise,,13720.0,,"Big Stone Gap, VA Micro Area",No,No
VA,51,197,Wythe,,,,,,
VA,51,199,York,,47260.0,"Virginia Beach-Chesapeake-Norfolk, VA-NC MSA","Virginia Beach-Norfolk-Newport News, VA-NC Metro Area",No,No
VA,51,510,Alexandria city,,47900.0,"Washington-Arlington-Alexandria, DC-VA-MD-WV MSA","Washington-Arlington-Alexandria, DC-VA-MD-WV Metro Area",No,No
VA,51,515,Bedford city,,31340.0,,"Lynchburg, VA Metro Area",No,No
VA,51,520,Bristol city,,28700.0,"Kingsport-Bristol, TN-VA MSA","Kingsport-Bristol, TN-VA Metro Area",No,No
VA,51,530,Buena Vista city,,,,,,
VA,51,540,Charlottesville city,,16820.0,"Charlottesville, VA MSA","Charlottesville, VA Metro Area",No,No
VA,51,550,Chesapeake city,,47260.0,"Virginia Beach-Chesapeake-Norfolk, VA-NC MSA","Virginia Beach-Norfolk-Newport News, VA-NC Metro Area",No,No
VA,51,570,Colonial Heights city,,40060.0,"Richmond, VA MSA","Richmond, VA Metro Area",No,No
VA,51,580,Covington city,,,,,,
VA,51,590,Danville city,,19260.0,"Danville, VA MicroSA","Danville, VA Micro Area",No,No
VA,51,595,Emporia city,,,,,,
VA,51,600,Fairfax city,,47900.0,"Washington-Arlington-Alexandria, DC-VA-MD-WV MSA","Washington-Arlington-Alexandria, DC-VA-MD-WV Metro Area",No,No
VA,51,610,Falls Church city,,47900.0,"Washington-Arlington-Alexandria, DC-VA-MD-WV MSA","Washington-Arlington-Alexandria, DC-VA-MD-WV Metro Area",No,No
VA,51,620,Franklin city,,,,,,
VA,51,630,Fredericksburg city,,47900.0,"Washington-Arlington-Alexandria, DC-VA-MD-WV MSA","Washington-Arlington-Alexandria, DC-VA-MD-WV Metro Area",No,No
VA,51,640,Galax city,,,,,,
VA,51,650,Hampton city,,47260.0,"Virginia Beach-Chesapeake-Norfolk, VA-NC MSA","Virginia Beach-Norfolk-Newport News, VA-NC Metro Area",No,No
VA,51,660,Harrisonburg city,,25500.0,"Harrisonburg, VA MSA","Harrisonburg, VA Metro Area",No,No
VA,51,670,Hopewell city,,40060.0,"Richmond, VA MSA","Richmond, VA Metro Area",No,No
VA,51,678,Lexington city,,,,,,
VA,51,680,Lynchburg city,,31340.0,"Lynchburg, VA MSA","Lynchburg, VA Metro Area",No,No
VA,51,683,Manassas city,,47900.0,"Washington-Arlington-Alexandria, DC-VA-MD-WV MSA","Washington-Arlington-Alexandria, DC-VA-MD-WV Metro Area",No,No
VA,51,685,Manassas Park city,,47900.0,"Washington-Arlington-Alexandria, DC-VA-MD-WV MSA","Washington-Arlington-Alexandria, DC-VA-MD-WV Metro Area",No,No
VA,51,690,Martinsville city,,32300.0,"Martinsville, VA MicroSA","Martinsville, VA Micro Area",No,No
VA,51,700,Newport News city,,47260.0,"Virginia Beach-Chesapeake-Norfolk, VA-NC MSA","Virginia Beach-Norfolk-Newport News, VA-NC Metro Area",No,No
VA,51,710,Norfolk city,,47260.0,"Virginia Beach-Chesapeake-Norfolk, VA-NC MSA","Virginia Beach-Norfolk-Newport News, VA-NC Metro Area",No,No
VA,51,720,Norton city,,13720.0,,"Big Stone Gap, VA Micro Area",No,No
VA,51,730,Petersburg city,,40060.0,"Richmond, VA MSA","Richmond, VA Metro Area",No,No
VA,51,735,Poquoson city,,47260.0,"Virginia Beach-Chesapeake-Norfolk, VA-NC MSA","Virginia Beach-Norfolk-Newport News, VA-NC Metro Area",No,No
VA,51,740,Portsmouth city,,47260.0,"Virginia Beach-Chesapeake-Norfolk, VA-NC MSA","Virginia Beach-Norfolk-Newport News, VA-NC Metro Area",No,No
VA,51,750,Radford city,,13980.0,"Blacksburg-Christiansburg-Radford, VA MSA","Blacksburg-Christiansburg, VA Metro Area",No,No
VA,51,760,Richmond city,,40060.0,"Richmond, VA MSA","Richmond, VA Metro Area",No,No
VA,51,770,Roanoke city,,40220.0,"Roanoke, VA MSA","Roanoke, VA Metro Area",No,No
VA,51,775,Salem city,,40220.0,"Roanoke, VA MSA","Roanoke, VA Metro Area",No,No
VA,51,790,Staunton city,,44420.0,"Staunton-Stuarts Draft, VA MSA","Staunton, VA Metro Area",No,No
VA,51,800,Suffolk city,,47260.0,"Virginia Beach-Chesapeake-Norfolk, VA-NC MSA","Virginia Beach-Norfolk-Newport News, VA-NC Metro Area",No,No
VA,51,810,Virginia Beach city,,47260.0,"Virginia Beach-Chesapeake-Norfolk, VA-NC MSA","Virginia Beach-Norfolk-Newport News, VA-NC Metro Area",No,No
VA,51,820,Waynesboro city,,44420.0,"Staunton-Stuarts Draft, VA MSA","Staunton, VA Metro Area",No,No
VA,51,830,Williamsburg city,,47260.0,"Virginia Beach-Chesapeake-Norfolk, VA-NC MSA","Virginia Beach-Norfolk-Newport News, VA-NC Metro Area",No,No
VA,51,840,Winchester city,,49020.0,"Winchester, VA-WV MSA","Winchester, VA-WV Metro Area",No,No
WA,53,001,Adams,,36830.0,"Othello, WA MicroSA","Othello, WA Micro Area",No,No
WA,53,003,Asotin,,30300.0,"Lewiston, ID-WA MSA","Lewiston, ID-WA Metro Area",No,No
WA,53,005,Benton,,28420.0,"Kennewick-Richland, WA MSA","Kennewick-Richland, WA Metro Area",No,No
WA,53,007,Chelan,,48300.0,"Wenatchee-East Wenatchee, WA MSA","Wenatchee, WA Metro Area",No,No
WA,53,009,Clallam,,38820.0,"Port Angeles, WA MicroSA","Port Angeles, WA Micro Area",No,No
WA,53,011,Clark,,38900.0,"Portland-Vancouver-Hillsboro, OR-WA MSA","Portland-Vancouver-Hillsboro, OR-WA Metro Area",Yes,No
WA,53,013,Columbia,,47460.0,,"Walla Walla, WA Metro Area",No,No
WA,53,015,Cowlitz,,31020.0,"Longview-Kelso, WA MSA","Longview, WA Metro Area",No,No
WA,53,017,Douglas,,48300.0,"Wenatchee-East Wenatchee, WA MSA","Wenatchee, WA Metro Area",No,No
WA,53,019,Ferry,,,,,,
WA,53,021,Franklin,,28420.0,"Kennewick-Richland, WA MSA","Kennewick-Richland, WA Metro Area",No,No
WA,53,023,Garfield,,,,,,
WA,53,025,Grant,,34180.0,"Moses Lake, WA MicroSA","Moses Lake, WA Micro Area",No,No
WA,53,027,Grays Harbor,,10140.0,"Aberdeen, WA MicroSA","Aberdeen, WA Micro Area",No,No
WA,53,029,Island,,36020.0,"Oak Harbor, WA MicroSA","Oak Harbor, WA Micro Area",No,No
WA,53,031,Jefferson,,,,,,
WA,53,033,King,,42660.0,"Seattle-Tacoma-Bellevue, WA MSA","Seattle-Tacoma-Bellevue, WA Metro Area",No,No
WA,53,035,Kitsap,,14740.0,"Bremerton-Silverdale-Port Orchard, WA MSA","Bremerton-Silverdale-Port Orchard, WA Metro Area",No,No
WA,53,037,Kittitas,,21260.0,"Ellensburg, WA MicroSA","Ellensburg, WA Micro Area",No,No
WA,53,039,Klickitat,,,,,,
WA,53,041,Lewis,,16500.0,"Centralia, WA MicroSA","Centralia, WA Micro Area",No,No
WA,53,043,Lincoln,,,,,,
WA,53,045,Mason,,43220.0,"Shelton, WA MicroSA","Shelton, WA Micro Area",No,No
WA,53,047,Okanogan,,,,,,
WA,53,049,Pacific,,,,,,
WA,53,051,Pend Oreille,,44060.0,,"Spokane-Spokane Valley, WA Metro Area",No,No
WA,53,053,Pierce,,42660.0,"Seattle-Tacoma-Bellevue, WA MSA","Seattle-Tacoma-Bellevue, WA Metro Area",No,No
WA,53,055,San Juan,,,,,,
WA,53,057,Skagit,,34580.0,"Mount Vernon-Anacortes, WA MSA","Mount Vernon-Anacortes, WA Metro Area",No,No
WA,53,059,Skamania,,38900.0,"Portland-Vancouver-Hillsboro, OR-WA MSA","Portland-Vancouver-Hillsboro, OR-WA Metro Area",Yes,No
WA,53,061,Snohomish,,42660.0,"Seattle-Tacoma-Bellevue, WA MSA","Seattle-Tacoma-Bellevue, WA Metro Area",No,No
WA,53,063,Spokane,,44060.0,"Spokane-Spokane Valley, WA MSA","Spokane-Spokane Valley, WA Metro Area",No,No
WA,53,065,Stevens,,44060.0,"Spokane-Spokane Valley, WA MSA","Spokane-Spokane Valley, WA Metro Area",No,No
WA,53,067,Thurston,,36500.0,"Olympia-Lacey-Tumwater, WA MSA","Olympia-Lacey-Tumwater, WA Metro Area",No,No
WA,53,069,Wahkiakum,,,,,,
WA,53,071,Walla Walla,,47460.0,"Walla Walla, WA MSA","Walla Walla, WA Metro Area",No,No
WA,53,073,Whatcom,,13380.0,"Bellingham, WA MSA","Bellingham, WA Metro Area",No,No
WA,53,075,Whitman,,39420.0,"Pullman, WA MicroSA","Pullman, WA Micro Area",No,No
WA,53,077,Yakima,,49420.0,"Yakima, WA MSA","Yakima, WA Metro Area",No,No
WV,54,001,Barbour,,,,,,
WV,54,003,Berkeley,,25180.0,"Hagerstown-Martinsburg, MD-WV MSA","Hagerstown-Martinsburg, MD-WV Metro Area",No,No
WV,54,005,Boone,,16620.0,"Charleston, WV MSA","Charleston, WV Metro Area",No,No
WV,54,007,Braxton,,,,,,
WV,54,009,Brooke,,48260.0,"Weirton-Steubenville, WV-OH MSA","Weirton-Steubenville, WV-OH Metro Area",No,No
WV,54,011,Cabell,,26580.0,"Huntington-Ashland, WV-KY-OH MSA","Huntington-Ashland, WV-KY-OH Metro Area",No,No
WV,54,013,Calhoun,,,,,,
WV,54,015,Clay,,16620.0,"Charleston, WV MSA","Charleston, WV Metro Area",No,No
WV,54,017,Doddridge,,17220.0,"Clarksburg, WV MicroSA","Clarksburg, WV Micro Area",No,No
WV,54,019,Fayette,,13220.0,"Beckley, WV MSA","Beckley, WV Metro Area",No,No
WV,54,021,Gilmer,,,,,,
WV,54,023,Grant,,,,,,
WV,54,025,Greenbrier,,,,,,
WV,54,027,Hampshire,,49020.0,"Winchester, VA-WV MSA","Winchester, VA-WV Metro Area",No,No
WV,54,029,Hancock,,48260.0,"Weirton-Steubenville, WV-OH MSA","Weirton-Steubenville, WV-OH Metro Area",No,No
WV,54,031,Hardy,,,,,,
WV,54,033,Harrison,,17220.0,"Clarksburg, WV MicroSA","Clarksburg, WV Micro Area",No,No
WV,54,035,Jackson,,,,,,
WV,54,037,Jefferson,,47900.0,"Washington-Arlington-Alexandria, DC-VA-MD-WV MSA","Washington-Arlington-Alexandria, DC-VA-MD-WV Metro Area",No,No
WV,54,039,Kanawha,,16620.0,"Charleston, WV MSA","Charleston, WV Metro Area",No,No
WV,54,041,Lewis,,,,,,
WV,54,043,Lincoln,,26580.0,,"Huntington-Ashland, WV-KY-OH Metro Area",No,No
WV,54,045,Logan,,30880.0,,,,No
WV,54,047,McDowell,,,,,,
WV,54,049,Marion,,21900.0,"Fairmont, WV MicroSA","Fairmont, WV Micro Area",No,No
WV,54,051,Marshall,,48540.0,"Wheeling, WV-OH MSA","Wheeling, WV-OH Metro Area",No,No
WV,54,053,Mason,,38580.0,,"Point Pleasant, WV-OH Micro Area",No,No
WV,54,055,Mercer,,14140.0,"Bluefield, WV-VA MicroSA","Bluefield, WV-VA Micro Area",No,No
WV,54,057,Mineral,,19060.0,"Cumberland, MD-WV MicroSA","Cumberland, MD-WV Metro Area",No,No
WV,54,059,Mingo,,,,,,
WV,54,061,Monongalia,,34060.0,"Morgantown, WV MSA","Morgantown, WV Metro Area",No,No
WV,54,063,Monroe,,,,,,
WV,54,065,Morgan,,,,,,
WV,54,067,Nicholas,,,,,,
WV,54,069,Ohio,,48540.0,"Wheeling, WV-OH MSA","Wheeling, WV-OH Metro Area",No,No
WV,54,071,Pendleton,,,,,,
WV,54,073,Pleasants,,,,,,
WV,54,075,Pocahontas,,,,,,
WV,54,077,Preston,,34060.0,"Morgantown, WV MSA","Morgantown, WV Metro Area",No,No
WV,54,079,Putnam,,26580.0,"Huntington-Ashland, WV-KY-OH MSA","Huntington-Ashland, WV-KY-OH Metro Area",No,No
WV,54,081,Raleigh,,13220.0,"Beckley, WV MSA","Beckley, WV Metro Area",No,No
WV,54,083,Randolph,,21180.0,"Elkins, WV MicroSA","Elkins, WV Micro Area",No,No
WV,54,085,Ritchie,,,,,,
WV,54,087,Roane,,,,,,
WV,54,089,Summers,,,,,,
WV,54,091,Taylor,,17220.0,"Clarksburg, WV MicroSA","Clarksburg, WV Micro Area",No,No
WV,54,093,Tucker,,,,,,
WV,54,095,Tyler,,,,,,
WV,54,097,Upshur,,,,,,
WV,54,099,Wayne,,26580.0,"Huntington-Ashland, WV-KY-OH MSA","Huntington-Ashland, WV-KY-OH Metro Area",No,No
WV,54,101,Webster,,,,,,
WV,54,103,Wetzel,,,,,,
WV,54,105,Wirt,,37620.0,"Parkersburg-Vienna, WV MSA","Parkersburg-Vienna, WV Metro Area",No,No
WV,54,107,Wood,,37620.0,"Parkersburg-Vienna, WV MSA","Parkersburg-Vienna, WV Metro Area",No,No
WV,54,109,Wyoming,,,,,,
WI,55,001,Adams,,,,,,
WI,55,003,Ashland,,,,,,
WI,55,005,Barron,,,,,,
WI,55,007,Bayfield,,,,,,
WI,55,009,Brown,,24580.0,"Green Bay, WI MSA","Green Bay, WI Metro Area",No,No
WI,55,011,Buffalo,,,,,,
WI,55,013,Burnett,,,,,,
WI,55,015,Calumet,,11540.0,"Appleton, WI MSA","Appleton, WI Metro Area",No,No
WI,55,017,Chippewa,,20740.0,"Eau Claire, WI MSA","Eau Claire, WI Metro Area",No,No
WI,55,019,Clark,,,,,,
WI,55,021,Columbia,,31540.0,"Madison, WI MSA","Madison, WI Metro Area",No,Yes
WI,55,023,Crawford,,,,,,
WI,55,025,Dane,,31540.0,"Madison, WI MSA","Madison, WI Metro Area",No,Yes
WI,55,027,Dodge,,13180.0,"Beaver Dam, WI MicroSA","Beaver Dam, WI Micro Area",No,No
WI,55,029,Door,,,,,,
WI,55,031,Douglas,,20260.0,"Duluth, MN-WI MSA","Duluth, MN-WI Metro Area",No,No
WI,55,033,Dunn,,32860.0,"Menomonie, WI MicroSA","Menomonie, WI Micro Area",No,No
WI,55,035,Eau Claire,,20740.0,"Eau Claire, WI MSA","Eau Claire, WI Metro Area",No,No
WI,55,037,Florence,,27020.0,"Iron Mountain, MI-WI MicroSA","Iron Mountain, MI-WI Micro Area",No,No
WI,55,039,Fond du Lac,,22540.0,"Fond du Lac, WI MSA","Fond du Lac, WI Metro Area",No,No
WI,55,041,Forest,,,,,,
WI,55,043,Grant,,38420.0,"Platteville, WI MicroSA","Platteville, WI Micro Area",No,No
WI,55,045,Green,,31540.0,"Madison, WI MSA","Madison, WI Metro Area",No,Yes
WI,55,047,Green Lake,,,,,,
WI,55,049,Iowa,,31540.0,"Madison, WI MSA","Madison, WI Metro Area",No,Yes
WI,55,051,Iron,,,,,,
WI,55,053,Jackson,,,,,,
WI,55,055,Jefferson,,48020.0,"Watertown-Fort Atkinson, WI MicroSA","Watertown-Fort Atkinson, WI Micro Area",No,No
WI,55,057,Juneau,,,,,,
WI,55,059,Kenosha,,16980.0,"Kenosha, WI MSA","Chicago-Naperville-Elgin, IL-IN-WI Metro Area",No,No
WI,55,061,Kewaunee,,24580.0,"Green Bay, WI MSA","Green Bay, WI Metro Area",No,No
WI,55,063,La Crosse,,29100.0,"La Crosse-Onalaska, WI-MN MSA","La Crosse-Onalaska, WI-MN Metro Area",No,No
WI,55,065,Lafayette,,,,,,
WI,55,067,Langlade,,,,,,
WI,55,069,Lincoln,,32980.0,,,,No
WI,55,071,Manitowoc,,31820.0,"Manitowoc, WI MicroSA","Manitowoc, WI Micro Area",No,No
WI,55,073,Marathon,,48140.0,"Wausau, WI MSA","Wausau-Weston, WI Metro Area",No,No
WI,55,075,Marinette,,31940.0,"Marinette, WI-MI MicroSA","Marinette, WI-MI Micro Area",No,No
WI,55,077,Marquette,,,,,,
WI,55,078,Menominee,,43020.0,"Shawano, WI MicroSA","Shawano, WI Micro Area",No,No
WI,55,079,Milwaukee,,33340.0,"Milwaukee-Waukesha, WI MSA","Milwaukee-Waukesha, WI Metro Area",No,No
WI,55,081,Monroe,,,,,,
WI,55,083,Oconto,,24580.0,"Green Bay, WI MSA","Green Bay, WI Metro Area",No,No
WI,55,085,Oneida,,,,,,
WI,55,087,Outagamie,,11540.0,"Appleton, WI MSA","Appleton, WI Metro Area",No,No
WI,55,089,Ozaukee,,33340.0,"Milwaukee-Waukesha, WI MSA","Milwaukee-Waukesha, WI Metro Area",No,No
WI,55,091,Pepin,,,,,,
WI,55,093,Pierce,,33460.0,"Minneapolis-St. Paul-Bloomington, MN-WI MSA","Minneapolis-St. Paul-Bloomington, MN-WI Metro Area",No,No
WI,55,095,Polk,,,,,,
WI,55,097,Portage,,44620.0,"Stevens Point-Plover, WI MicroSA","Stevens Point, WI Micro Area",No,No
WI,55,099,Price,,,,,,
WI,55,101,Racine,,39540.0,"Racine-Mount Pleasant, WI MSA","Racine, WI Metro Area",No,No
WI,55,103,Richland,,,,,,
WI,55,105,Rock,,27500.0,"Janesville-Beloit, WI MSA","Janesville-Beloit, WI Metro Area",No,No
WI,55,107,Rusk,,,,,,
WI,55,109,St. Croix,,33460.0,"Minneapolis-St. Paul-Bloomington, MN-WI MSA","Minneapolis-St. Paul-Bloomington, MN-WI Metro Area",No,No
WI,55,111,Sauk,,12660.0,"Baraboo, WI MicroSA","Baraboo, WI Micro Area",No,No
WI,55,113,Sawyer,,,,,,
WI,55,115,Shawano,,43020.0,"Shawano, WI MicroSA","Shawano, WI Micro Area",No,No
WI,55,117,Sheboygan,,43100.0,"Sheboygan, WI MSA","Sheboygan, WI Metro Area",No,No
WI,55,119,Taylor,,,,,,
WI,55,121,Trempealeau,,,,,,
WI,55,123,Vernon,,,,,,
WI,55,125,Vilas,,,,,,
WI,55,127,Walworth,,48580.0,"Whitewater-Elkhorn, WI MicroSA","Whitewater, WI Micro Area",No,No
WI,55,129,Washburn,,,,,,
WI,55,131,Washington,,33340.0,"Milwaukee-Waukesha, WI MSA","Milwaukee-Waukesha, WI Metro Area",No,No
WI,55,133,Waukesha,,33340.0,"Milwaukee-Waukesha, WI MSA","Milwaukee-Waukesha, WI Metro Area",No,No
WI,55,135,Waupaca,,,,,,
WI,55,137,Waushara,,,,,,
WI,55,139,Winnebago,,36780.0,"Oshkosh-Neenah, WI MSA","Oshkosh-Neenah, WI Metro Area",No,No
WI,55,141,Wood,,49220.0,"Wisconsin Rapids-Marshfield, WI MicroSA","Wisconsin Rapids-Marshfield, WI Micro Area",No,No
WY,56,001,Albany,,29660.0,"Laramie, WY MicroSA","Laramie, WY Micro Area",No,No
WY,56,003,Big Horn,,,,,,
WY,56,005,Campbell,,23940.0,"Gillette, WY MicroSA","Gillette, WY Micro Area",No,No
WY,56,007,Carbon,,,,,,
WY,56,009,Converse,,,,,,
WY,56,011,Crook,,,,,,
WY,56,013,Fremont,,40180.0,"Riverton, WY MicroSA","Riverton, WY Micro Area",No,No
WY,56,015,Goshen,,,,,,
WY,56,017,Hot Springs,,,,,,
WY,56,019,Johnson,,,,,,
WY,56,021,Laramie,,16940.0,"Cheyenne, WY MSA","Cheyenne, WY Metro Area",No,No
WY,56,023,Lincoln,,,,,,
WY,56,025,Natrona,,16220.0,"Casper, WY MSA","Casper, WY Metro Area",No,No
WY,56,027,Niobrara,,,,,,
WY,56,029,Park,,,,,,
WY,56,031,Platte,,,,,,
WY,56,033,Sheridan,,43260.0,"Sheridan, WY MicroSA","Sheridan, WY Micro Area",No,No
WY,56,035,Sublette,,,,,,
WY,56,037,Sweetwater,,40540.0,"Rock Springs, WY MicroSA","Rock Springs, WY Micro Area",No,No
WY,56,039,Teton,,27220.0,"Jackson, WY-ID MicroSA","Jackson, WY-ID Micro Area",No,No
WY,56,041,Uinta,,21740.0,"Evanston, WY-UT MicroSA","Evanston, WY Micro Area",No,No
WY,56,043,Washakie,,,,,,
WY,56,045,Weston,,,,,,
AS,60,010,Eastern District,,,,,,
AS,60,020,Manu'a District,,,,,,
AS,60,030,Rose Island,,,,,,
AS,60,040,Swains Island,,,,,,
AS,60,050,Western District,,,,,,
GU,66,010,Guam,,,,,,
MP,69,085,Northern Islands Municipality,,,,,,
MP,69,100,Rota Municipality,,,,,,
MP,69,110,Saipan Municipality,,,,,,
MP,69,120,Tinian Municipality,,,,,,
PR,72,001,Adjuntas Municipio,,,,,,
PR,72,003,Aguada Municipio,,,,,,
PR,72,005,Aguadilla Municipio,,,,,,
PR,72,007,Aguas Buenas Municipio,,,,,,
PR,72,009,Aibonito Municipio,,,,,,
PR,72,011,Anasco Municipio,,,,,,
PR,72,013,Arecibo Municipio,,,,,,
PR,72,015,Arroyo Municipio,,,,,,
PR,72,017,Barceloneta Municipio,,,,,,
PR,72,019,Barranquitas Municipio,,,,,,
PR,72,021,Bayamon Municipio,,,,,,
PR,72,023,Cabo Rojo Municipio,,,,,,
PR,72,025,Caguas Municipio,,,,,,
PR,72,027,Camuy Municipio,,,,,,
PR,72,029,Canovanas Municipio,,,,,,
PR,72,031,Carolina Municipio,,,,,,
PR,72,033,Catano Municipio,,,,,,
PR,72,035,Cayey Municipio,,,,,,
PR,72,037,Ceiba Municipio,,,,,,
PR,72,039,Ciales Municipio,,,,,,
PR,72,041,Cidra Municipio,,,,,,
PR,72,043,Coamo Municipio,,,,,,
PR,72,045,Comerio Municipio,,,,,,
PR,72,047,Corozal Municipio,,,,,,
PR,72,049,Culebra Municipio,,,,,,
PR,72,051,Dorado Municipio,,,,,,
PR,72,053,Fajardo Municipio,,,,,,
PR,72,054,Florida Municipio,,,,,,
PR,72,055,Guanica Municipio,,,,,,
PR,72,057,Guayama Municipio,,,,,,
PR,72,059,Guayanilla Municipio,,,,,,
PR,72,061,Guaynabo Municipio,,,,,,
PR,72,063,Gurabo Municipio,,,,,,
PR,72,065,Hatillo Municipio,,,,,,
PR,72,067,Hormigueros Municipio,,,,,,
PR,72,069,Humacao Municipio,,,,,,
PR,72,071,Isabela Municipio,,,,,,
PR,72,073,Jayuya Municipio,,,,,,
PR,72,075,Juana Diaz Municipio,,,,,,
PR,72,077,Juncos Municipio,,,,,,
PR,72,079,Lajas Municipio,,,,,,
PR,72,081,Lares Municipio,,,,,,
PR,72,083,Las Marias Municipio,,,,,,
PR,72,085,Las Piedras Municipio,,,,,,
PR,72,087,Loiza Municipio,,,,,,
PR,72,089,Luquillo Municipio,,,,,,
PR,72,091,Manati Municipio,,,,,,
PR,72,093,Maricao Municipio,,,,,,
PR,72,095,Maunabo Municipio,,,,,,
PR,72,097,Mayaguez Municipio,,,,,,
PR,72,099,Moca Municipio,,,,,,
PR,72,101,Morovis Municipio,,,,,,
PR,72,103,Naguabo Municipio,,,,,,
PR,72,105,Naranjito Municipio,,,,,,
PR,72,107,Orocovis Municipio,,,,,,
PR,72,109,Patillas Municipio,,,,,,
PR,72,111,Penuelas Municipio,,,,,,
PR,72,113,Ponce Municipio,,,,,,
PR,72,115,Quebradillas Municipio,,,,,,
PR,72,117,Rincon Municipio,,,,,,
PR,72,119,Rio Grande Municipio,,,,,,
PR,72,121,Sabana Grande Municipio,,,,,,
PR,72,123,Salinas Municipio,,,,,,
PR,72,125,San German Municipio,,,,,,
PR,72,127,San Juan Municipio,,,,,,
PR,72,129,San Lorenzo Municipio,,,,,,
PR,72,131,San Sebastian Municipio,,,,,,
PR,72,133,Santa Isabel Municipio,,,,,,
PR,72,135,Toa Alta Municipio,,,,,,
PR,72,137,Toa Baja Municipio,,,,,,
PR,72,139,Trujillo Alto Municipio,,,,,,
PR,72,141,Utuado Municipio,,,,,,
PR,72,143,Vega Alta Municipio,,,,,,
PR,72,145,Vega Baja Municipio,,,,,,
PR,72,147,Vieques Municipio,,,,,,
PR,72,149,Villalba Municipio,,,,,,
PR,72,151,Yabucoa Municipio,,,,,,
PR,72,153,Yauco Municipio,,,,,,
UM,74,300,Midway Islands,,,,,,
VI,78,010,St. Croix Island,,,,,,
VI,78,020,St. John Island,,,,,,
VI,78,030,St. Thomas Island,,,,,,
